frame_index,timestamp_s,ball_x,ball_y,raw_ball_x,raw_ball_y,radius_px,circularity,v_at_center,raw_confidence,bbox_x0,bbox_y0,bbox_x1,bbox_y1,tracking_backend,confidence,n_candidates
0,0.0,,,,,,,,0.0,,,,,ultralytics,0.0,0
1,0.0167,960.63,493.46,1365.98,709.14,13.47,,,0.886,1352.51,694.92,1379.46,723.36,ultralytics,0.886,1
2,0.0334,1299.28,659.05,1373.65,698.15,13.5,,,0.855,1360.16,684.09,1387.15,712.21,ultralytics,0.855,1
3,0.05,1380.32,687.81,1380.28,687.43,13.92,,,0.813,1366.28,673.51,1394.29,701.35,ultralytics,0.813,1
4,0.0667,1387.16,678.16,1387.16,677.5,13.7,,,0.88,1373.46,663.64,1400.86,691.36,ultralytics,0.88,1
5,0.0834,1393.63,669.51,1394.13,669.08,13.46,,,0.827,1380.67,655.27,1407.59,682.89,ultralytics,0.827,1
6,0.1001,1394.07,655.73,1400.18,662.17,13.73,,,0.917,1386.46,648.36,1413.91,675.97,ultralytics,0.917,1
7,0.1168,1374.19,621.46,1402.97,651.78,13.87,,,0.842,1388.65,637.91,1417.29,665.65,ultralytics,0.842,1
8,0.1335,,,,,,,,0.0,,,,,ultralytics,0.0,0
9,0.1501,,,,,,,,0.0,,,,,ultralytics,0.0,0
10,0.1668,,,,,,,,0.0,,,,,ultralytics,0.0,0
11,0.1835,,,,,,,,0.0,,,,,ultralytics,0.0,0
12,0.2002,,,,,,,,0.0,,,,,ultralytics,0.0,0
13,0.2169,1332.31,567.08,1315.75,544.29,13.25,,,0.836,1301.36,531.04,1330.14,557.54,ultralytics,0.836,1
14,0.2336,,,,,,,,0.0,,,,,ultralytics,0.0,0
15,0.2502,1295.36,524.32,1287.04,513.29,12.7,,,0.854,1272.88,500.59,1301.2,525.99,ultralytics,0.854,1
16,0.2669,1268.58,499.84,1273.09,501.84,13.48,,,0.795,1258.75,488.37,1287.42,515.32,ultralytics,0.795,1
17,0.2836,1229.81,474.17,1257.57,489.58,13.98,,,0.853,1243.59,475.41,1271.56,503.76,ultralytics,0.853,1
18,0.3003,,,,,,,,0.0,,,,,ultralytics,0.0,0
19,0.317,,,,,,,,0.0,,,,,ultralytics,0.0,0
20,0.3337,,,,,,,,0.0,,,,,ultralytics,0.0,0
21,0.3503,,,,,,,,0.0,,,,,ultralytics,0.0,0
22,0.367,,,,,,,,0.0,,,,,ultralytics,0.0,0
23,0.3837,,,,,,,,0.0,,,,,ultralytics,0.0,0
24,0.4004,1172.27,441.35,1154.62,426.33,12.91,,,0.81,1139.2,413.42,1170.04,439.24,ultralytics,0.81,1
25,0.4171,,,,,,,,0.0,,,,,ultralytics,0.0,0
26,0.4337,,,,,,,,0.0,,,,,ultralytics,0.0,0
27,0.4504,1121.94,418.4,1110.5,411.63,12.87,,,0.67,1095.16,398.77,1125.84,424.5,ultralytics,0.67,1
28,0.4671,1084.07,409.3,1096.46,408.93,12.64,,,0.737,1081.23,396.29,1111.69,421.57,ultralytics,0.737,1
29,0.4838,,,,,,,,0.0,,,,,ultralytics,0.0,0
30,0.5005,,,,,,,,0.0,,,,,ultralytics,0.0,0
31,0.5172,,,,,,,,0.0,,,,,ultralytics,0.0,0
32,0.5338,1045.05,407.36,1038.49,404.12,13.23,,,0.203,1023.78,390.89,1053.2,417.35,ultralytics,0.203,1
33,0.5505,,,,,,,,0.0,,,,,ultralytics,0.0,0
34,0.5672,1005.61,410.58,1007.87,407.82,12.24,,,0.582,992.44,395.58,1023.3,420.05,ultralytics,0.582,1
35,0.5839,,,,,,,,0.0,,,,,ultralytics,0.0,0
36,0.6006,,,,,,,,0.0,,,,,ultralytics,0.0,0
37,0.6173,968.91,418.74,964.29,417.87,13.24,,,0.226,950.15,404.63,978.42,431.11,ultralytics,0.226,1
38,0.6339,,,,,,,,0.0,,,,,ultralytics,0.0,0
39,0.6506,934.13,432.14,935.92,428.9,12.83,,,0.856,920.89,416.07,950.96,441.73,ultralytics,0.856,1
40,0.6673,,,,,,,,0.0,,,,,ultralytics,0.0,0
41,0.684,894.71,454.34,906.77,443.21,13.5,,,0.407,892.06,429.71,921.48,456.71,ultralytics,0.407,1
42,0.7007,,,,,,,,0.0,,,,,ultralytics,0.0,0
43,0.7173,,,,,,,,0.0,,,,,ultralytics,0.0,0
44,0.734,,,,,,,,0.0,,,,,ultralytics,0.0,0
45,0.7507,,,,,,,,0.0,,,,,ultralytics,0.0,0
46,0.7674,852.1,483.41,834.58,494.7,13.47,,,0.55,820.84,481.23,848.32,508.17,ultralytics,0.55,1
47,0.7841,819.11,509.43,820.74,506.26,13.76,,,0.456,806.78,492.5,834.69,520.03,ultralytics,0.456,1
48,0.8008,,,,,,,,0.0,,,,,ultralytics,0.0,0
49,0.8174,774.09,528.11,793.34,532.19,13.85,,,0.641,779.49,518.19,807.18,546.18,ultralytics,0.641,1
50,0.8341,,,,,,,,0.0,,,,,ultralytics,0.0,0
51,0.8508,666.4,525.33,765.53,563.17,13.1,,,0.547,751.46,550.07,779.6,576.26,ultralytics,0.547,1
52,0.8675,,,,,,,,0.0,,,,,ultralytics,0.0,0
53,0.8842,,,,,,,,0.0,,,,,ultralytics,0.0,0
54,0.9009,,,,,,,,0.0,,,,,ultralytics,0.0,0
55,0.9175,,,,,,,,0.0,,,,,ultralytics,0.0,0
56,0.9342,,,,,,,,0.0,,,,,ultralytics,0.0,0
57,0.9509,,,,,,,,0.0,,,,,ultralytics,0.0,0
58,0.9676,,,,,,,,0.0,,,,,ultralytics,0.0,0
59,0.9843,,,,,,,,0.0,,,,,ultralytics,0.0,0
60,1.001,,,,,,,,0.0,,,,,ultralytics,0.0,0
61,1.0176,,,,,,,,0.0,,,,,ultralytics,0.0,0
62,1.0343,,,,,,,,0.0,,,,,ultralytics,0.0,0
63,1.051,,,,,,,,0.0,,,,,ultralytics,0.0,0
64,1.0677,,,,,,,,0.0,,,,,ultralytics,0.0,0
65,1.0844,,,,,,,,0.0,,,,,ultralytics,0.0,0
66,1.101,,,,,,,,0.0,,,,,ultralytics,0.0,0
67,1.1177,,,,,,,,0.0,,,,,ultralytics,0.0,0
68,1.1344,511.39,497.67,400.74,472.2,4.41,,,0.051,395.84,467.8,405.64,476.61,ultralytics,0.051,1
69,1.1511,,,,,,,,0.0,,,,,ultralytics,0.0,0
70,1.1678,421.06,477.11,401.33,472.15,4.26,,,0.061,396.45,467.9,406.21,476.41,ultralytics,0.061,1
71,1.1845,401.46,472.13,401.3,472.1,4.29,,,0.08,396.14,467.81,406.47,476.39,ultralytics,0.08,1
72,1.2011,401.73,472.13,401.93,472.13,4.37,,,0.168,396.54,467.75,407.33,476.5,ultralytics,0.168,1
73,1.2178,401.89,472.14,401.9,472.13,4.4,,,0.156,396.54,467.73,407.25,476.53,ultralytics,0.156,1
74,1.2345,401.98,472.15,401.89,472.16,4.52,,,0.15,396.5,467.64,407.29,476.68,ultralytics,0.15,1
75,1.2512,402.1,472.18,402.17,472.14,4.43,,,0.125,396.49,467.7,407.84,476.57,ultralytics,0.125,1
76,1.2679,402.2,472.23,402.22,472.24,4.47,,,0.219,396.64,467.77,407.81,476.71,ultralytics,0.219,1
77,1.2846,402.23,472.3,402.26,472.28,4.42,,,0.197,396.63,467.85,407.89,476.7,ultralytics,0.197,1
78,1.3012,402.24,472.36,402.22,472.38,4.37,,,0.157,396.65,468.01,407.8,476.75,ultralytics,0.157,1
79,1.3179,402.28,472.39,402.21,472.44,4.33,,,0.156,396.65,468.11,407.77,476.77,ultralytics,0.156,1
80,1.3346,402.36,472.37,402.44,472.33,4.37,,,0.181,396.77,467.96,408.11,476.71,ultralytics,0.181,1
81,1.3513,402.46,472.35,402.36,472.36,4.34,,,0.199,396.8,468.02,407.91,476.7,ultralytics,0.199,1
82,1.368,402.58,472.33,402.65,472.35,4.24,,,0.131,397.24,468.11,408.06,476.59,ultralytics,0.131,2
83,1.3846,402.61,472.23,402.73,472.35,4.17,,,0.117,397.29,468.18,408.18,476.53,ultralytics,0.117,2
84,1.4013,402.52,472.12,402.48,471.93,4.72,,,0.096,396.83,467.21,408.12,476.65,ultralytics,0.096,2
85,1.418,402.42,472.13,402.4,472.11,4.59,,,0.146,396.73,467.52,408.06,476.7,ultralytics,0.146,1
86,1.4347,402.34,472.2,402.36,472.3,4.46,,,0.143,396.71,467.84,408.01,476.76,ultralytics,0.143,1
87,1.4514,402.28,472.15,402.24,472.24,4.33,,,0.211,396.7,467.9,407.78,476.57,ultralytics,0.211,1
88,1.4681,402.24,472.02,402.24,471.9,4.61,,,0.243,396.51,467.29,407.97,476.52,ultralytics,0.243,1
89,1.4847,402.25,471.99,402.22,471.93,4.5,,,0.321,396.73,467.43,407.71,476.43,ultralytics,0.321,1
90,1.5014,402.32,472.04,402.23,472.1,4.45,,,0.221,396.78,467.65,407.68,476.55,ultralytics,0.221,1
91,1.5181,402.35,472.01,402.58,472.13,4.62,,,0.216,397.55,467.51,407.61,476.74,ultralytics,0.216,1
92,1.5348,402.11,471.84,402.35,471.79,4.21,,,0.111,397.37,467.58,407.32,475.99,ultralytics,0.111,1
93,1.5515,,,,,,,,0.0,,,,,ultralytics,0.0,0
94,1.5682,,,,,,,,0.0,,,,,ultralytics,0.0,0
95,1.5848,,,,,,,,0.0,,,,,ultralytics,0.0,0
96,1.6015,,,,,,,,0.0,,,,,ultralytics,0.0,0
97,1.6182,,,,,,,,0.0,,,,,ultralytics,0.0,0
98,1.6349,,,,,,,,0.0,,,,,ultralytics,0.0,0
99,1.6516,401.73,471.53,401.28,471.74,4.27,,,0.064,395.97,467.47,406.58,476.01,ultralytics,0.064,1
100,1.6683,401.53,471.05,401.75,471.04,4.33,,,0.168,396.5,466.71,407.01,475.37,ultralytics,0.168,1
101,1.6849,401.36,470.51,401.32,470.45,4.82,,,0.261,396.06,465.62,406.59,475.27,ultralytics,0.261,1
102,1.7016,401.19,470.01,401.12,470.04,5.0,,,0.442,396.12,464.78,406.12,475.31,ultralytics,0.442,1
103,1.7183,401.11,469.59,401.07,469.48,5.24,,,0.374,395.84,463.72,406.31,475.25,ultralytics,0.374,1
104,1.735,401.02,469.39,401.19,469.15,5.04,,,0.202,396.15,463.05,406.24,475.25,ultralytics,0.202,1
105,1.7517,400.85,469.23,400.76,469.57,4.83,,,0.096,395.93,463.87,405.58,475.27,ultralytics,0.096,1
106,1.7683,435.99,466.88,400.67,469.39,4.74,,,0.096,395.93,463.58,405.42,475.2,ultralytics,0.096,1
107,1.785,,,,,,,,0.0,,,,,ultralytics,0.0,0
108,1.8017,,,,,,,,0.0,,,,,ultralytics,0.0,0
109,1.8184,,,,,,,,0.0,,,,,ultralytics,0.0,0
110,1.8351,,,,,,,,0.0,,,,,ultralytics,0.0,0
111,1.8518,,,,,,,,0.0,,,,,ultralytics,0.0,0
112,1.8684,,,,,,,,0.0,,,,,ultralytics,0.0,0
113,1.8851,,,,,,,,0.0,,,,,ultralytics,0.0,0
114,1.9018,,,,,,,,0.0,,,,,ultralytics,0.0,0
115,1.9185,,,,,,,,0.0,,,,,ultralytics,0.0,0
116,1.9352,,,,,,,,0.0,,,,,ultralytics,0.0,0
117,1.9519,,,,,,,,0.0,,,,,ultralytics,0.0,0
118,1.9685,,,,,,,,0.0,,,,,ultralytics,0.0,0
119,1.9852,,,,,,,,0.0,,,,,ultralytics,0.0,0
120,2.0019,,,,,,,,0.0,,,,,ultralytics,0.0,0
121,2.0186,,,,,,,,0.0,,,,,ultralytics,0.0,0
122,2.0353,,,,,,,,0.0,,,,,ultralytics,0.0,0
123,2.0519,,,,,,,,0.0,,,,,ultralytics,0.0,0
124,2.0686,,,,,,,,0.0,,,,,ultralytics,0.0,0
125,2.0853,,,,,,,,0.0,,,,,ultralytics,0.0,0
126,2.102,,,,,,,,0.0,,,,,ultralytics,0.0,0
127,2.1187,,,,,,,,0.0,,,,,ultralytics,0.0,0
128,2.1354,,,,,,,,0.0,,,,,ultralytics,0.0,0
129,2.152,,,,,,,,0.0,,,,,ultralytics,0.0,0
130,2.1687,,,,,,,,0.0,,,,,ultralytics,0.0,0
131,2.1854,,,,,,,,0.0,,,,,ultralytics,0.0,0
132,2.2021,,,,,,,,0.0,,,,,ultralytics,0.0,0
133,2.2188,,,,,,,,0.0,,,,,ultralytics,0.0,0
134,2.2355,,,,,,,,0.0,,,,,ultralytics,0.0,0
135,2.2521,554.18,472.84,400.65,466.12,4.94,,,0.052,395.72,460.71,405.59,471.54,ultralytics,0.052,1
136,2.2688,,,,,,,,0.0,,,,,ultralytics,0.0,0
137,2.2855,,,,,,,,0.0,,,,,ultralytics,0.0,0
138,2.3022,,,,,,,,0.0,,,,,ultralytics,0.0,0
139,2.3189,,,,,,,,0.0,,,,,ultralytics,0.0,0
140,2.3356,,,,,,,,0.0,,,,,ultralytics,0.0,0
141,2.3522,,,,,,,,0.0,,,,,ultralytics,0.0,0
142,2.3689,,,,,,,,0.0,,,,,ultralytics,0.0,0
143,2.3856,,,,,,,,0.0,,,,,ultralytics,0.0,0
144,2.4023,,,,,,,,0.0,,,,,ultralytics,0.0,0
145,2.419,,,,,,,,0.0,,,,,ultralytics,0.0,0
146,2.4356,,,,,,,,0.0,,,,,ultralytics,0.0,0
147,2.4523,,,,,,,,0.0,,,,,ultralytics,0.0,0
148,2.469,,,,,,,,0.0,,,,,ultralytics,0.0,0
149,2.4857,,,,,,,,0.0,,,,,ultralytics,0.0,0
150,2.5024,,,,,,,,0.0,,,,,ultralytics,0.0,0
151,2.5191,635.38,523.81,1048.11,437.5,11.24,,,0.066,1032.67,426.26,1063.55,448.73,ultralytics,0.066,1
152,2.5357,,,,,,,,0.0,,,,,ultralytics,0.0,0
153,2.5524,,,,,,,,0.0,,,,,ultralytics,0.0,0
154,2.5691,,,,,,,,0.0,,,,,ultralytics,0.0,0
155,2.5858,,,,,,,,0.0,,,,,ultralytics,0.0,0
156,2.6025,,,,,,,,0.0,,,,,ultralytics,0.0,0
157,2.6192,,,,,,,,0.0,,,,,ultralytics,0.0,0
158,2.6358,,,,,,,,0.0,,,,,ultralytics,0.0,0
159,2.6525,,,,,,,,0.0,,,,,ultralytics,0.0,0
160,2.6692,,,,,,,,0.0,,,,,ultralytics,0.0,0
161,2.6859,,,,,,,,0.0,,,,,ultralytics,0.0,0
162,2.7026,,,,,,,,0.0,,,,,ultralytics,0.0,0
163,2.7192,,,,,,,,0.0,,,,,ultralytics,0.0,0
164,2.7359,,,,,,,,0.0,,,,,ultralytics,0.0,0
165,2.7526,,,,,,,,0.0,,,,,ultralytics,0.0,0
166,2.7693,,,,,,,,0.0,,,,,ultralytics,0.0,0
167,2.786,,,,,,,,0.0,,,,,ultralytics,0.0,0
168,2.8027,,,,,,,,0.0,,,,,ultralytics,0.0,0
169,2.8193,,,,,,,,0.0,,,,,ultralytics,0.0,0
170,2.836,,,,,,,,0.0,,,,,ultralytics,0.0,0
171,2.8527,,,,,,,,0.0,,,,,ultralytics,0.0,0
172,2.8694,,,,,,,,0.0,,,,,ultralytics,0.0,0
173,2.8861,,,,,,,,0.0,,,,,ultralytics,0.0,0
174,2.9028,,,,,,,,0.0,,,,,ultralytics,0.0,0
175,2.9194,,,,,,,,0.0,,,,,ultralytics,0.0,0
176,2.9361,,,,,,,,0.0,,,,,ultralytics,0.0,0
177,2.9528,,,,,,,,0.0,,,,,ultralytics,0.0,0
178,2.9695,,,,,,,,0.0,,,,,ultralytics,0.0,0
179,2.9862,,,,,,,,0.0,,,,,ultralytics,0.0,0
180,3.0029,,,,,,,,0.0,,,,,ultralytics,0.0,0
181,3.0195,,,,,,,,0.0,,,,,ultralytics,0.0,0
182,3.0362,,,,,,,,0.0,,,,,ultralytics,0.0,0
183,3.0529,,,,,,,,0.0,,,,,ultralytics,0.0,0
184,3.0696,,,,,,,,0.0,,,,,ultralytics,0.0,0
185,3.0863,,,,,,,,0.0,,,,,ultralytics,0.0,0
186,3.1029,,,,,,,,0.0,,,,,ultralytics,0.0,0
187,3.1196,,,,,,,,0.0,,,,,ultralytics,0.0,0
188,3.1363,,,,,,,,0.0,,,,,ultralytics,0.0,0
189,3.153,,,,,,,,0.0,,,,,ultralytics,0.0,0
190,3.1697,,,,,,,,0.0,,,,,ultralytics,0.0,0
191,3.1864,,,,,,,,0.0,,,,,ultralytics,0.0,0
192,3.203,,,,,,,,0.0,,,,,ultralytics,0.0,0
193,3.2197,,,,,,,,0.0,,,,,ultralytics,0.0,0
194,3.2364,491.24,614.61,316.44,699.54,13.02,,,0.865,301.8,686.52,331.08,712.56,ultralytics,0.865,1
195,3.2531,394.46,642.91,301.87,686.99,13.9,,,0.762,287.64,673.1,316.09,700.89,ultralytics,0.762,1
196,3.2698,,,,,,,,0.0,,,,,ultralytics,0.0,0
197,3.2865,638.38,580.43,226.49,604.96,9.86,,,0.053,216.63,586.69,236.35,623.23,ultralytics,0.053,1
198,3.3031,,,,,,,,0.0,,,,,ultralytics,0.0,0
199,3.3198,,,,,,,,0.0,,,,,ultralytics,0.0,0
200,3.3365,,,,,,,,0.0,,,,,ultralytics,0.0,0
201,3.3532,,,,,,,,0.0,,,,,ultralytics,0.0,0
202,3.3699,,,,,,,,0.0,,,,,ultralytics,0.0,0
203,3.3866,,,,,,,,0.0,,,,,ultralytics,0.0,0
204,3.4032,,,,,,,,0.0,,,,,ultralytics,0.0,0
205,3.4199,,,,,,,,0.0,,,,,ultralytics,0.0,0
206,3.4366,,,,,,,,0.0,,,,,ultralytics,0.0,0
207,3.4533,,,,,,,,0.0,,,,,ultralytics,0.0,0
208,3.47,,,,,,,,0.0,,,,,ultralytics,0.0,0
209,3.4866,,,,,,,,0.0,,,,,ultralytics,0.0,0
210,3.5033,,,,,,,,0.0,,,,,ultralytics,0.0,0
211,3.52,,,,,,,,0.0,,,,,ultralytics,0.0,0
212,3.5367,,,,,,,,0.0,,,,,ultralytics,0.0,0
213,3.5534,,,,,,,,0.0,,,,,ultralytics,0.0,0
214,3.5701,,,,,,,,0.0,,,,,ultralytics,0.0,0
215,3.5867,,,,,,,,0.0,,,,,ultralytics,0.0,0
216,3.6034,,,,,,,,0.0,,,,,ultralytics,0.0,0
217,3.6201,,,,,,,,0.0,,,,,ultralytics,0.0,0
218,3.6368,,,,,,,,0.0,,,,,ultralytics,0.0,0
219,3.6535,,,,,,,,0.0,,,,,ultralytics,0.0,0
220,3.6702,,,,,,,,0.0,,,,,ultralytics,0.0,0
221,3.6868,,,,,,,,0.0,,,,,ultralytics,0.0,0
222,3.7035,,,,,,,,0.0,,,,,ultralytics,0.0,0
223,3.7202,,,,,,,,0.0,,,,,ultralytics,0.0,0
224,3.7369,,,,,,,,0.0,,,,,ultralytics,0.0,0
225,3.7536,,,,,,,,0.0,,,,,ultralytics,0.0,0
226,3.7702,,,,,,,,0.0,,,,,ultralytics,0.0,0
227,3.7869,,,,,,,,0.0,,,,,ultralytics,0.0,0
228,3.8036,,,,,,,,0.0,,,,,ultralytics,0.0,0
229,3.8203,,,,,,,,0.0,,,,,ultralytics,0.0,0
230,3.837,,,,,,,,0.0,,,,,ultralytics,0.0,0
231,3.8537,,,,,,,,0.0,,,,,ultralytics,0.0,0
232,3.8703,,,,,,,,0.0,,,,,ultralytics,0.0,0
233,3.887,,,,,,,,0.0,,,,,ultralytics,0.0,0
234,3.9037,,,,,,,,0.0,,,,,ultralytics,0.0,0
235,3.9204,,,,,,,,0.0,,,,,ultralytics,0.0,0
236,3.9371,,,,,,,,0.0,,,,,ultralytics,0.0,0
237,3.9538,,,,,,,,0.0,,,,,ultralytics,0.0,0
238,3.9704,,,,,,,,0.0,,,,,ultralytics,0.0,0
239,3.9871,,,,,,,,0.0,,,,,ultralytics,0.0,0
240,4.0038,,,,,,,,0.0,,,,,ultralytics,0.0,0
241,4.0205,,,,,,,,0.0,,,,,ultralytics,0.0,0
242,4.0372,,,,,,,,0.0,,,,,ultralytics,0.0,0
243,4.0539,,,,,,,,0.0,,,,,ultralytics,0.0,0
244,4.0705,,,,,,,,0.0,,,,,ultralytics,0.0,0
245,4.0872,1143.07,492.28,1527.33,438.9,10.3,,,0.066,1516.29,428.6,1538.37,449.21,ultralytics,0.066,1
246,4.1039,1394.95,448.63,1527.98,436.83,10.42,,,0.064,1517.01,426.4,1538.96,447.25,ultralytics,0.064,1
247,4.1206,1188.5,449.98,1527.77,435.43,10.5,,,0.053,1516.91,424.93,1538.64,445.93,ultralytics,0.053,1
248,4.1373,,,,,,,,0.0,,,,,ultralytics,0.0,0
249,4.1539,,,,,,,,0.0,,,,,ultralytics,0.0,0
250,4.1706,,,,,,,,0.0,,,,,ultralytics,0.0,0
251,4.1873,,,,,,,,0.0,,,,,ultralytics,0.0,0
252,4.204,,,,,,,,0.0,,,,,ultralytics,0.0,0
253,4.2207,730.97,468.45,391.98,482.32,4.63,,,0.051,387.35,477.42,396.61,487.21,ultralytics,0.051,1
254,4.2374,453.19,479.92,391.1,482.54,4.65,,,0.067,386.45,477.75,395.75,487.32,ultralytics,0.067,1
255,4.254,390.97,482.57,390.92,482.5,4.86,,,0.077,386.02,477.64,395.81,487.36,ultralytics,0.077,1
256,4.2707,390.84,482.75,390.71,482.66,4.69,,,0.077,385.87,477.97,395.56,487.35,ultralytics,0.077,1
257,4.2874,390.81,483.03,390.98,483.04,4.68,,,0.101,386.29,478.36,395.67,487.72,ultralytics,0.101,2
258,4.3041,390.74,483.34,390.62,483.36,4.48,,,0.114,385.75,478.88,395.49,487.83,ultralytics,0.114,1
259,4.3208,390.69,483.63,390.73,483.62,4.36,,,0.068,385.95,479.26,395.52,487.99,ultralytics,0.068,1
260,4.3375,390.64,483.92,390.68,483.91,4.43,,,0.131,385.48,479.47,395.88,488.34,ultralytics,0.131,1
261,4.3541,390.61,484.21,390.47,484.23,4.2,,,0.121,385.28,480.03,395.67,488.42,ultralytics,0.121,1
262,4.3708,390.69,484.51,390.72,484.46,4.28,,,0.091,385.53,480.18,395.91,488.74,ultralytics,0.091,1
263,4.3875,390.88,484.83,390.71,484.89,4.76,,,0.091,385.33,480.13,396.09,489.65,ultralytics,0.091,1
264,4.4042,391.14,485.1,391.31,485.1,4.77,,,0.123,386.07,480.33,396.54,489.88,ultralytics,0.123,1
265,4.4209,391.34,485.33,391.3,485.38,4.93,,,0.125,386.09,480.45,396.5,490.31,ultralytics,0.125,2
266,4.4375,391.51,485.55,391.49,485.44,4.73,,,0.11,386.49,480.72,396.5,490.17,ultralytics,0.11,1
267,4.4542,391.7,485.83,391.68,485.88,4.9,,,0.106,386.73,480.98,396.62,490.79,ultralytics,0.106,1
268,4.4709,391.86,486.19,392.0,486.03,4.73,,,0.111,387.26,481.3,396.74,490.76,ultralytics,0.111,1
269,4.4876,391.9,486.67,391.92,486.71,4.46,,,0.106,387.46,481.87,396.39,491.54,ultralytics,0.106,1
270,4.5043,391.88,487.14,391.81,487.24,4.59,,,0.076,387.22,482.62,396.41,491.86,ultralytics,0.076,1
271,4.521,391.96,487.57,391.85,487.45,4.43,,,0.056,387.25,483.02,396.45,491.88,ultralytics,0.056,1
272,4.5376,392.12,487.98,392.28,488.13,4.32,,,0.112,387.52,483.81,397.05,492.45,ultralytics,0.112,1
273,4.5543,392.71,488.7,392.1,488.3,4.21,,,0.06,387.41,484.09,396.78,492.51,ultralytics,0.06,1
274,4.571,394.95,490.78,392.47,488.5,4.0,,,0.058,387.76,484.5,397.18,492.5,ultralytics,0.058,1
275,4.5877,,,,,,,,0.0,,,,,ultralytics,0.0,0
276,4.6044,,,,,,,,0.0,,,,,ultralytics,0.0,0
277,4.6211,,,,,,,,0.0,,,,,ultralytics,0.0,0
278,4.6377,,,,,,,,0.0,,,,,ultralytics,0.0,0
279,4.6544,,,,,,,,0.0,,,,,ultralytics,0.0,0
280,4.6711,,,,,,,,0.0,,,,,ultralytics,0.0,0
281,4.6878,,,,,,,,0.0,,,,,ultralytics,0.0,0
282,4.7045,,,,,,,,0.0,,,,,ultralytics,0.0,0
283,4.7212,,,,,,,,0.0,,,,,ultralytics,0.0,0
284,4.7378,,,,,,,,0.0,,,,,ultralytics,0.0,0
285,4.7545,,,,,,,,0.0,,,,,ultralytics,0.0,0
286,4.7712,,,,,,,,0.0,,,,,ultralytics,0.0,0
287,4.7879,,,,,,,,0.0,,,,,ultralytics,0.0,0
288,4.8046,,,,,,,,0.0,,,,,ultralytics,0.0,0
289,4.8212,,,,,,,,0.0,,,,,ultralytics,0.0,0
290,4.8379,,,,,,,,0.0,,,,,ultralytics,0.0,0
291,4.8546,,,,,,,,0.0,,,,,ultralytics,0.0,0
292,4.8713,,,,,,,,0.0,,,,,ultralytics,0.0,0
293,4.888,,,,,,,,0.0,,,,,ultralytics,0.0,0
294,4.9047,,,,,,,,0.0,,,,,ultralytics,0.0,0
295,4.9213,,,,,,,,0.0,,,,,ultralytics,0.0,0
296,4.938,,,,,,,,0.0,,,,,ultralytics,0.0,0
297,4.9547,,,,,,,,0.0,,,,,ultralytics,0.0,0
298,4.9714,,,,,,,,0.0,,,,,ultralytics,0.0,0
299,4.9881,,,,,,,,0.0,,,,,ultralytics,0.0,0
300,5.0048,,,,,,,,0.0,,,,,ultralytics,0.0,0
301,5.0214,398.57,494.05,401.03,496.35,3.74,,,0.066,396.13,492.61,405.93,500.09,ultralytics,0.066,1
302,5.0381,,,,,,,,0.0,,,,,ultralytics,0.0,0
303,5.0548,400.8,496.1,401.47,496.47,4.13,,,0.068,396.64,492.34,406.29,500.6,ultralytics,0.068,1
304,5.0715,401.31,496.69,401.21,496.76,4.29,,,0.087,396.19,492.46,406.23,501.05,ultralytics,0.087,1
305,5.0882,401.34,496.78,401.32,496.83,4.06,,,0.095,396.29,492.76,406.35,500.89,ultralytics,0.095,1
306,5.1048,401.36,496.81,401.48,496.8,4.11,,,0.113,396.48,492.69,406.49,500.92,ultralytics,0.113,1
307,5.1215,401.32,496.84,401.24,496.77,4.24,,,0.07,396.33,492.53,406.15,501.02,ultralytics,0.07,1
308,5.1382,401.28,496.92,401.29,496.97,4.27,,,0.116,396.43,492.69,406.14,501.24,ultralytics,0.116,1
309,5.1549,401.29,496.99,401.26,496.98,4.08,,,0.111,396.12,492.9,406.39,501.06,ultralytics,0.111,1
310,5.1716,401.32,497.08,401.33,497.04,4.03,,,0.132,396.4,493.01,406.27,501.07,ultralytics,0.132,1
311,5.1883,401.36,497.19,401.35,497.2,4.02,,,0.125,396.5,493.18,406.21,501.22,ultralytics,0.125,1
312,5.2049,401.49,497.3,401.36,497.33,4.47,,,0.202,396.12,492.86,406.6,501.8,ultralytics,0.202,1
313,5.2216,401.78,497.31,401.72,497.44,4.51,,,0.19,396.67,492.93,406.76,501.95,ultralytics,0.19,1
314,5.2383,463.13,486.58,402.27,497.2,4.31,,,0.26,397.36,492.9,407.18,501.51,ultralytics,0.26,1
315,5.255,738.62,438.65,402.39,496.89,4.45,,,0.093,397.22,492.44,407.56,501.34,ultralytics,0.093,1
316,5.2717,,,,,,,,0.0,,,,,ultralytics,0.0,0
317,5.2884,,,,,,,,0.0,,,,,ultralytics,0.0,0
318,5.305,,,,,,,,0.0,,,,,ultralytics,0.0,0
319,5.3217,,,,,,,,0.0,,,,,ultralytics,0.0,0
320,5.3384,,,,,,,,0.0,,,,,ultralytics,0.0,0
321,5.3551,,,,,,,,0.0,,,,,ultralytics,0.0,0
322,5.3718,,,,,,,,0.0,,,,,ultralytics,0.0,0
323,5.3885,1197.99,359.05,1522.04,302.47,7.03,,,0.051,1512.6,295.44,1531.48,309.5,ultralytics,0.051,1
324,5.4051,,,,,,,,0.0,,,,,ultralytics,0.0,0
325,5.4218,,,,,,,,0.0,,,,,ultralytics,0.0,0
326,5.4385,,,,,,,,0.0,,,,,ultralytics,0.0,0
327,5.4552,,,,,,,,0.0,,,,,ultralytics,0.0,0
328,5.4719,,,,,,,,0.0,,,,,ultralytics,0.0,0
329,5.4885,,,,,,,,0.0,,,,,ultralytics,0.0,0
330,5.5052,,,,,,,,0.0,,,,,ultralytics,0.0,0
331,5.5219,,,,,,,,0.0,,,,,ultralytics,0.0,0
332,5.5386,,,,,,,,0.0,,,,,ultralytics,0.0,0
333,5.5553,,,,,,,,0.0,,,,,ultralytics,0.0,0
334,5.572,1486.15,309.45,1556.24,297.48,6.56,,,0.07,1548.2,290.92,1564.27,304.04,ultralytics,0.07,1
335,5.5886,1557.72,297.43,1559.44,297.13,7.14,,,0.055,1551.69,289.99,1567.2,304.27,ultralytics,0.055,1
336,5.6053,1562.43,296.88,1562.64,296.92,6.09,,,0.141,1555.26,290.83,1570.03,303.01,ultralytics,0.141,1
337,5.622,1565.29,296.53,1565.21,296.58,6.42,,,0.096,1557.8,290.16,1572.62,303.01,ultralytics,0.096,1
338,5.6387,1568.16,296.09,1568.1,296.12,6.22,,,0.11,1561.88,289.72,1574.32,302.53,ultralytics,0.11,1
339,5.6554,1571.2,295.64,1571.05,295.59,6.99,,,0.086,1563.2,288.59,1578.91,302.58,ultralytics,0.086,1
340,5.6721,1575.01,295.25,1574.34,295.11,6.5,,,0.081,1567.4,288.61,1581.28,301.61,ultralytics,0.081,1
341,5.6887,1515.97,305.75,1578.19,295.31,6.21,,,0.122,1571.2,289.1,1585.18,301.52,ultralytics,0.122,1
342,5.7054,,,,,,,,0.0,,,,,ultralytics,0.0,0
343,5.7221,,,,,,,,0.0,,,,,ultralytics,0.0,0
344,5.7388,,,,,,,,0.0,,,,,ultralytics,0.0,0
345,5.7555,1293.28,351.06,1590.4,293.64,6.39,,,0.061,1583.91,287.25,1596.89,300.03,ultralytics,0.061,1
346,5.7722,,,,,,,,0.0,,,,,ultralytics,0.0,0
347,5.7888,,,,,,,,0.0,,,,,ultralytics,0.0,0
348,5.8055,,,,,,,,0.0,,,,,ultralytics,0.0,0
349,5.8222,,,,,,,,0.0,,,,,ultralytics,0.0,0
350,5.8389,,,,,,,,0.0,,,,,ultralytics,0.0,0
351,5.8556,,,,,,,,0.0,,,,,ultralytics,0.0,0
352,5.8722,,,,,,,,0.0,,,,,ultralytics,0.0,0
353,5.8889,1030.15,420.1,406.01,495.06,4.45,,,0.054,400.2,490.61,411.83,499.51,ultralytics,0.054,1
354,5.9056,,,,,,,,0.0,,,,,ultralytics,0.0,0
355,5.9223,916.95,457.97,1516.39,435.79,12.16,,,0.064,1503.41,423.63,1529.38,447.95,ultralytics,0.064,1
356,5.939,,,,,,,,0.0,,,,,ultralytics,0.0,1
357,5.9557,,,,,,,,0.0,,,,,ultralytics,0.0,0
358,5.9723,,,,,,,,0.0,,,,,ultralytics,0.0,0
359,5.989,,,,,,,,0.0,,,,,ultralytics,0.0,0
360,6.0057,,,,,,,,0.0,,,,,ultralytics,0.0,0
361,6.0224,,,,,,,,0.0,,,,,ultralytics,0.0,0
362,6.0391,,,,,,,,0.0,,,,,ultralytics,0.0,0
363,6.0558,,,,,,,,0.0,,,,,ultralytics,0.0,0
364,6.0724,,,,,,,,0.0,,,,,ultralytics,0.0,0
365,6.0891,,,,,,,,0.0,,,,,ultralytics,0.0,0
366,6.1058,,,,,,,,0.0,,,,,ultralytics,0.0,0
367,6.1225,,,,,,,,0.0,,,,,ultralytics,0.0,0
368,6.1392,,,,,,,,0.0,,,,,ultralytics,0.0,0
369,6.1558,,,,,,,,0.0,,,,,ultralytics,0.0,0
370,6.1725,,,,,,,,0.0,,,,,ultralytics,0.0,0
371,6.1892,,,,,,,,0.0,,,,,ultralytics,0.0,0
372,6.2059,,,,,,,,0.0,,,,,ultralytics,0.0,0
373,6.2226,,,,,,,,0.0,,,,,ultralytics,0.0,0
374,6.2393,,,,,,,,0.0,,,,,ultralytics,0.0,0
375,6.2559,,,,,,,,0.0,,,,,ultralytics,0.0,0
376,6.2726,,,,,,,,0.0,,,,,ultralytics,0.0,0
377,6.2893,,,,,,,,0.0,,,,,ultralytics,0.0,0
378,6.306,675.56,475.3,403.9,487.51,4.37,,,0.058,399.36,483.14,408.43,491.88,ultralytics,0.058,1
379,6.3227,,,,,,,,0.0,,,,,ultralytics,0.0,0
380,6.3394,464.24,484.62,403.43,487.6,4.43,,,0.083,398.58,483.17,408.27,492.03,ultralytics,0.083,1
381,6.356,403.5,487.16,403.64,487.24,4.58,,,0.051,398.73,482.66,408.55,491.82,ultralytics,0.051,1
382,6.3727,403.24,486.76,403.46,486.71,4.63,,,0.066,398.45,482.08,408.47,491.34,ultralytics,0.066,1
383,6.3894,402.84,486.42,402.57,486.35,4.71,,,0.065,397.53,481.65,407.62,491.06,ultralytics,0.065,1
384,6.4061,402.53,486.22,402.6,486.06,4.86,,,0.185,397.49,481.21,407.72,490.92,ultralytics,0.185,1
385,6.4228,402.3,486.1,402.27,486.36,4.77,,,0.185,397.36,481.59,407.18,491.13,ultralytics,0.185,1
386,6.4395,402.06,485.87,402.13,485.75,4.62,,,0.083,397.15,481.13,407.12,490.37,ultralytics,0.083,1
387,6.4561,401.78,485.63,401.76,485.64,4.52,,,0.085,396.87,481.12,406.66,490.15,ultralytics,0.085,1
388,6.4728,401.53,485.43,401.46,485.42,4.21,,,0.072,396.63,481.21,406.29,489.63,ultralytics,0.072,1
389,6.4895,401.39,485.19,401.3,485.31,4.22,,,0.057,396.52,481.09,406.08,489.53,ultralytics,0.057,1
390,6.5062,401.38,484.87,401.38,484.83,4.16,,,0.053,396.4,480.67,406.37,488.99,ultralytics,0.053,1
391,6.5229,401.31,484.55,401.45,484.5,4.3,,,0.058,396.69,480.2,406.22,488.8,ultralytics,0.058,1
392,6.5395,400.29,494.65,401.28,484.38,4.37,,,0.051,396.63,480.01,405.93,488.74,ultralytics,0.051,1
393,6.5562,,,,,,,,0.0,,,,,ultralytics,0.0,0
394,6.5729,,,,,,,,0.0,,,,,ultralytics,0.0,0
395,6.5896,,,,,,,,0.0,,,,,ultralytics,0.0,0
396,6.6063,395.69,539.94,400.07,483.71,4.17,,,0.066,395.22,479.53,404.92,487.88,ultralytics,0.066,1
397,6.623,,,,,,,,0.0,,,,,ultralytics,0.0,0
398,6.6396,,,,,,,,0.0,,,,,ultralytics,0.0,0
399,6.6563,,,,,,,,0.0,,,,,ultralytics,0.0,0
400,6.673,,,,,,,,0.0,,,,,ultralytics,0.0,0
401,6.6897,,,,,,,,0.0,,,,,ultralytics,0.0,0
402,6.7064,,,,,,,,0.0,,,,,ultralytics,0.0,0
403,6.7231,,,,,,,,0.0,,,,,ultralytics,0.0,0
404,6.7397,,,,,,,,0.0,,,,,ultralytics,0.0,0
405,6.7564,,,,,,,,0.0,,,,,ultralytics,0.0,0
406,6.7731,,,,,,,,0.0,,,,,ultralytics,0.0,0
407,6.7898,,,,,,,,0.0,,,,,ultralytics,0.0,0
408,6.8065,,,,,,,,0.0,,,,,ultralytics,0.0,0
409,6.8231,,,,,,,,0.0,,,,,ultralytics,0.0,0
410,6.8398,,,,,,,,0.0,,,,,ultralytics,0.0,0
411,6.8565,,,,,,,,0.0,,,,,ultralytics,0.0,0
412,6.8732,,,,,,,,0.0,,,,,ultralytics,0.0,0
413,6.8899,,,,,,,,0.0,,,,,ultralytics,0.0,0
414,6.9066,,,,,,,,0.0,,,,,ultralytics,0.0,0
415,6.9232,386.99,602.24,387.68,674.87,13.15,,,0.898,372.83,661.71,402.54,688.02,ultralytics,0.898,1
416,6.9399,,,,,,,,0.0,,,,,ultralytics,0.0,0
417,6.9566,382.01,597.58,368.32,655.15,12.34,,,0.572,354.2,642.8,382.44,667.49,ultralytics,0.572,1
418,6.9733,,,,,,,,0.0,,,,,ultralytics,0.0,0
419,6.99,,,,,,,,0.0,,,,,ultralytics,0.0,0
420,7.0067,,,,,,,,0.0,,,,,ultralytics,0.0,0
421,7.0233,,,,,,,,0.0,,,,,ultralytics,0.0,0
422,7.04,,,,,,,,0.0,,,,,ultralytics,0.0,0
423,7.0567,,,,,,,,0.0,,,,,ultralytics,0.0,0
424,7.0734,,,,,,,,0.0,,,,,ultralytics,0.0,0
425,7.0901,,,,,,,,0.0,,,,,ultralytics,0.0,0
426,7.1068,386.28,531.62,392.62,477.61,4.46,,,0.079,387.77,473.15,397.46,482.07,ultralytics,0.079,1
427,7.1234,390.98,486.96,392.14,477.37,4.57,,,0.132,387.37,472.81,396.91,481.94,ultralytics,0.132,1
428,7.1401,392.17,477.01,392.19,476.89,4.38,,,0.196,387.49,472.52,396.89,481.27,ultralytics,0.196,1
429,7.1568,391.87,476.85,392.28,476.64,4.4,,,0.133,387.52,472.24,397.05,481.04,ultralytics,0.133,1
430,7.1735,391.26,476.51,391.15,477.39,5.38,,,0.146,385.77,471.64,396.53,483.15,ultralytics,0.146,1
431,7.1902,,,,,,,,0.0,,,,,ultralytics,0.0,0
432,7.2068,,,,,,,,0.0,,,,,ultralytics,0.0,0
433,7.2235,,,,,,,,0.0,,,,,ultralytics,0.0,0
434,7.2402,,,,,,,,0.0,,,,,ultralytics,0.0,0
435,7.2569,,,,,,,,0.0,,,,,ultralytics,0.0,0
436,7.2736,,,,,,,,0.0,,,,,ultralytics,0.0,0
437,7.2903,390.65,475.67,390.43,475.27,4.85,,,0.098,385.1,470.43,395.77,480.12,ultralytics,0.098,1
438,7.3069,390.27,474.93,390.29,474.65,5.29,,,0.308,384.78,469.37,395.79,479.94,ultralytics,0.308,1
439,7.3236,390.05,474.62,389.97,474.61,5.16,,,0.442,384.61,469.45,395.33,479.77,ultralytics,0.442,1
440,7.3403,389.87,474.49,389.93,474.51,4.98,,,0.391,384.67,469.53,395.19,479.49,ultralytics,0.391,1
441,7.357,389.7,474.32,389.64,474.39,4.9,,,0.429,384.5,469.49,394.78,479.3,ultralytics,0.429,1
442,7.3737,389.6,474.07,389.56,474.06,4.93,,,0.369,384.44,469.14,394.69,478.99,ultralytics,0.369,1
443,7.3904,389.58,473.77,389.51,473.84,4.91,,,0.341,384.37,468.93,394.64,478.75,ultralytics,0.341,1
444,7.407,389.56,473.48,389.77,473.31,4.61,,,0.238,384.6,468.7,394.94,477.93,ultralytics,0.238,1
445,7.4237,389.45,473.23,389.32,473.41,4.83,,,0.239,384.31,468.58,394.32,478.24,ultralytics,0.239,1
446,7.4404,389.35,472.99,389.34,472.8,4.7,,,0.206,384.17,468.1,394.52,477.49,ultralytics,0.206,1
447,7.4571,389.29,472.85,389.34,472.83,4.69,,,0.224,384.11,468.14,394.56,477.52,ultralytics,0.224,1
448,7.4738,389.25,472.77,389.16,472.87,4.75,,,0.231,384.03,468.11,394.29,477.62,ultralytics,0.231,1
449,7.4904,389.25,472.65,389.29,472.6,4.62,,,0.169,384.17,467.98,394.4,477.21,ultralytics,0.169,1
450,7.5071,389.23,472.56,389.27,472.48,4.63,,,0.191,384.07,467.85,394.47,477.12,ultralytics,0.191,1
451,7.5238,389.14,472.55,389.16,472.59,4.37,,,0.185,384.13,468.23,394.18,476.96,ultralytics,0.185,1
452,7.5405,389.01,472.57,388.99,472.54,4.35,,,0.144,384.09,468.19,393.88,476.88,ultralytics,0.144,1
453,7.5572,388.88,472.57,388.88,472.63,4.45,,,0.161,383.99,468.18,393.77,477.08,ultralytics,0.161,1
454,7.5739,388.76,472.53,388.75,472.5,4.45,,,0.158,383.79,468.05,393.71,476.95,ultralytics,0.158,1
455,7.5905,388.65,472.47,388.64,472.52,4.48,,,0.138,383.69,468.04,393.6,477.0,ultralytics,0.138,1
456,7.6072,388.56,472.37,388.54,472.35,4.38,,,0.146,383.71,467.97,393.37,476.73,ultralytics,0.146,2
457,7.6239,388.49,472.28,388.52,472.28,4.36,,,0.201,383.7,467.92,393.33,476.65,ultralytics,0.201,2
458,7.6406,388.43,472.25,388.38,472.16,4.46,,,0.212,383.39,467.7,393.38,476.61,ultralytics,0.212,2
459,7.6573,388.39,472.29,388.39,472.29,4.27,,,0.16,383.36,468.03,393.42,476.56,ultralytics,0.16,1
460,7.674,388.37,472.34,388.39,472.42,4.21,,,0.254,383.46,468.22,393.33,476.63,ultralytics,0.254,1
461,7.6906,388.3,472.32,388.36,472.28,4.14,,,0.28,383.38,468.14,393.34,476.42,ultralytics,0.28,2
462,7.7073,436.02,478.38,388.13,472.34,4.22,,,0.131,383.28,468.13,392.99,476.56,ultralytics,0.131,1
463,7.724,650.32,505.59,388.04,472.19,4.6,,,0.103,383.06,467.59,393.01,476.79,ultralytics,0.103,1
464,7.7407,,,,,,,,0.0,,,,,ultralytics,0.0,0
465,7.7574,,,,,,,,0.0,,,,,ultralytics,0.0,0
466,7.7741,,,,,,,,0.0,,,,,ultralytics,0.0,0
467,7.7907,,,,,,,,0.0,,,,,ultralytics,0.0,0
468,7.8074,1003.64,550.35,1266.2,583.97,12.53,,,0.112,1253.68,570.06,1278.73,597.88,ultralytics,0.112,1
469,7.8241,1218.04,577.07,1265.1,583.47,11.99,,,0.088,1252.8,571.48,1277.4,595.46,ultralytics,0.088,1
470,7.8408,1218.72,576.56,1266.22,581.71,11.04,,,0.222,1253.88,570.68,1278.56,592.75,ultralytics,0.222,1
471,7.8575,1005.12,549.39,1268.51,582.93,9.16,,,0.08,1257.13,573.77,1279.89,592.09,ultralytics,0.08,2
472,7.8741,,,,,,,,0.0,,,,,ultralytics,0.0,1
473,7.8908,651.73,504.77,389.18,471.52,5.22,,,0.252,383.97,466.24,394.4,476.81,ultralytics,0.252,1
474,7.9075,437.17,477.68,389.28,471.68,5.27,,,0.188,384.01,466.38,394.55,476.98,ultralytics,0.188,1
475,7.9242,389.3,471.64,389.29,471.56,5.23,,,0.163,384.07,466.1,394.52,477.03,ultralytics,0.163,1
476,7.9409,389.36,471.67,389.36,471.75,5.45,,,0.197,383.9,466.3,394.82,477.19,ultralytics,0.197,1
477,7.9576,389.41,471.67,389.4,471.63,5.23,,,0.332,384.06,466.39,394.75,476.86,ultralytics,0.332,1
478,7.9742,389.46,471.69,389.49,471.69,4.92,,,0.263,384.23,466.78,394.76,476.61,ultralytics,0.263,1
479,7.9909,389.49,471.78,389.5,471.67,5.09,,,0.254,384.17,466.58,394.83,476.75,ultralytics,0.254,1
480,8.0076,389.58,471.97,389.45,472.0,4.2,,,0.191,384.22,467.8,394.68,476.2,ultralytics,0.191,1
481,8.0243,389.8,472.14,389.75,472.2,4.0,,,0.133,384.42,468.2,395.07,476.2,ultralytics,0.133,1
482,8.041,419.39,465.07,390.15,472.3,4.45,,,0.143,384.51,467.85,395.79,476.74,ultralytics,0.143,1
483,8.0577,521.59,450.84,390.55,472.13,4.42,,,0.069,385.02,467.71,396.08,476.56,ultralytics,0.069,1
484,8.0743,,,,,,,,0.0,,,,,ultralytics,0.0,0
485,8.091,606.73,477.17,927.44,341.04,11.95,,,0.314,910.89,329.09,943.99,352.98,ultralytics,0.314,1
486,8.1077,,,,,,,,0.0,,,,,ultralytics,0.0,0
487,8.1244,,,,,,,,0.0,,,,,ultralytics,0.0,0
488,8.1411,,,,,,,,0.0,,,,,ultralytics,0.0,0
489,8.1577,,,,,,,,0.0,,,,,ultralytics,0.0,0
490,8.1744,,,,,,,,0.0,,,,,ultralytics,0.0,0
491,8.1911,,,,,,,,0.0,,,,,ultralytics,0.0,0
492,8.2078,,,,,,,,0.0,,,,,ultralytics,0.0,0
493,8.2245,,,,,,,,0.0,,,,,ultralytics,0.0,0
494,8.2412,,,,,,,,0.0,,,,,ultralytics,0.0,0
495,8.2578,,,,,,,,0.0,,,,,ultralytics,0.0,0
496,8.2745,,,,,,,,0.0,,,,,ultralytics,0.0,0
497,8.2912,,,,,,,,0.0,,,,,ultralytics,0.0,0
498,8.3079,,,,,,,,0.0,,,,,ultralytics,0.0,0
499,8.3246,,,,,,,,0.0,,,,,ultralytics,0.0,0
500,8.3413,,,,,,,,0.0,,,,,ultralytics,0.0,0
501,8.3579,,,,,,,,0.0,,,,,ultralytics,0.0,0
502,8.3746,,,,,,,,0.0,,,,,ultralytics,0.0,0
503,8.3913,,,,,,,,0.0,,,,,ultralytics,0.0,0
504,8.408,,,,,,,,0.0,,,,,ultralytics,0.0,0
505,8.4247,,,,,,,,0.0,,,,,ultralytics,0.0,0
506,8.4414,,,,,,,,0.0,,,,,ultralytics,0.0,0
507,8.458,,,,,,,,0.0,,,,,ultralytics,0.0,0
508,8.4747,,,,,,,,0.0,,,,,ultralytics,0.0,0
509,8.4914,,,,,,,,0.0,,,,,ultralytics,0.0,0
510,8.5081,,,,,,,,0.0,,,,,ultralytics,0.0,0
511,8.5248,,,,,,,,0.0,,,,,ultralytics,0.0,0
512,8.5414,,,,,,,,0.0,,,,,ultralytics,0.0,0
513,8.5581,,,,,,,,0.0,,,,,ultralytics,0.0,0
514,8.5748,,,,,,,,0.0,,,,,ultralytics,0.0,0
515,8.5915,,,,,,,,0.0,,,,,ultralytics,0.0,0
516,8.6082,,,,,,,,0.0,,,,,ultralytics,0.0,0
517,8.6249,,,,,,,,0.0,,,,,ultralytics,0.0,0
518,8.6415,,,,,,,,0.0,,,,,ultralytics,0.0,0
519,8.6582,,,,,,,,0.0,,,,,ultralytics,0.0,0
520,8.6749,,,,,,,,0.0,,,,,ultralytics,0.0,0
521,8.6916,,,,,,,,0.0,,,,,ultralytics,0.0,0
522,8.7083,,,,,,,,0.0,,,,,ultralytics,0.0,0
523,8.725,,,,,,,,0.0,,,,,ultralytics,0.0,0
524,8.7416,,,,,,,,0.0,,,,,ultralytics,0.0,0
525,8.7583,,,,,,,,0.0,,,,,ultralytics,0.0,0
526,8.775,,,,,,,,0.0,,,,,ultralytics,0.0,0
527,8.7917,,,,,,,,0.0,,,,,ultralytics,0.0,0
528,8.8084,520.29,572.91,391.83,668.06,13.48,,,0.8,378.34,654.39,405.31,681.73,ultralytics,0.8,1
529,8.8251,414.13,636.83,385.59,654.99,12.97,,,0.758,372.62,640.73,398.56,669.26,ultralytics,0.758,1
530,8.8417,378.87,644.05,378.11,642.01,11.81,,,0.689,366.19,630.2,390.04,653.83,ultralytics,0.689,1
531,8.8584,372.92,634.66,373.05,635.17,13.84,,,0.813,359.15,621.33,386.95,649.01,ultralytics,0.813,1
532,8.8751,366.92,626.05,367.5,625.81,13.55,,,0.703,353.87,612.26,381.12,639.36,ultralytics,0.703,1
533,8.8918,360.42,617.89,360.32,617.28,12.93,,,0.671,347.39,603.89,373.25,630.67,ultralytics,0.671,1
534,8.9085,353.88,610.61,353.52,610.22,13.36,,,0.828,338.91,596.86,368.12,623.58,ultralytics,0.828,1
535,8.9251,347.67,604.25,347.68,604.02,12.68,,,0.731,333.52,591.34,361.84,616.7,ultralytics,0.731,1
536,8.9418,341.49,598.78,341.78,598.01,12.24,,,0.759,327.08,585.77,356.49,610.25,ultralytics,0.759,1
537,8.9585,335.01,594.36,335.09,594.12,12.75,,,0.681,321.0,581.37,349.18,606.87,ultralytics,0.681,1
538,8.9752,328.46,590.72,328.25,590.47,11.08,,,0.786,314.71,579.39,341.8,601.54,ultralytics,0.786,1
539,8.9919,322.3,587.6,321.75,587.51,11.61,,,0.789,307.65,575.89,335.85,599.12,ultralytics,0.789,1
540,9.0086,316.46,584.99,317.13,584.49,11.69,,,0.751,303.77,572.8,330.49,596.18,ultralytics,0.751,1
541,9.0252,310.45,583.19,310.12,582.78,12.57,,,0.82,296.26,570.21,323.98,595.35,ultralytics,0.82,1
542,9.0419,304.52,582.21,304.4,581.88,11.94,,,0.85,290.54,569.95,318.27,593.82,ultralytics,0.85,1
543,9.0586,304.67,575.91,298.75,581.88,12.24,,,0.775,285.52,569.65,311.98,594.12,ultralytics,0.775,1
544,9.0753,325.34,549.41,293.64,581.31,12.37,,,0.624,280.25,568.94,307.03,593.68,ultralytics,0.624,1
545,9.092,364.02,506.03,393.63,473.94,5.23,,,0.059,388.36,468.71,398.9,479.17,ultralytics,0.059,1
546,9.1087,,,,,,,,0.0,,,,,ultralytics,0.0,0
547,9.1253,388.12,479.75,393.6,473.93,5.02,,,0.054,388.34,468.9,398.87,478.95,ultralytics,0.054,1
548,9.142,393.51,473.84,393.44,473.85,5.1,,,0.067,388.27,468.75,398.61,478.95,ultralytics,0.067,1
549,9.1587,393.49,473.79,393.5,473.7,4.92,,,0.081,388.14,468.78,398.86,478.62,ultralytics,0.081,1
550,9.1754,393.46,473.71,393.49,473.9,4.99,,,0.133,388.34,468.92,398.65,478.89,ultralytics,0.133,1
551,9.1921,393.22,473.54,393.56,473.48,4.54,,,0.06,388.13,468.94,398.99,478.02,ultralytics,0.06,1
552,9.2087,,,,,,,,0.0,,,,,ultralytics,0.0,0
553,9.2254,,,,,,,,0.0,,,,,ultralytics,0.0,0
554,9.2421,,,,,,,,0.0,,,,,ultralytics,0.0,0
555,9.2588,,,,,,,,0.0,,,,,ultralytics,0.0,0
556,9.2755,,,,,,,,0.0,,,,,ultralytics,0.0,0
557,9.2922,,,,,,,,0.0,,,,,ultralytics,0.0,0
558,9.3088,,,,,,,,0.0,,,,,ultralytics,0.0,0
559,9.3255,,,,,,,,0.0,,,,,ultralytics,0.0,0
560,9.3422,,,,,,,,0.0,,,,,ultralytics,0.0,0
561,9.3589,,,,,,,,0.0,,,,,ultralytics,0.0,0
562,9.3756,392.75,473.31,392.59,473.3,4.87,,,0.097,387.67,468.43,397.51,478.17,ultralytics,0.097,1
563,9.3923,392.38,473.04,392.13,473.22,4.71,,,0.141,387.43,468.49,396.84,477.95,ultralytics,0.141,1
564,9.4089,392.34,472.76,392.3,472.49,4.79,,,0.142,387.5,467.46,397.09,477.53,ultralytics,0.142,1
565,9.4256,392.45,472.66,392.48,472.66,4.83,,,0.23,387.66,467.68,397.31,477.64,ultralytics,0.23,1
566,9.4423,392.51,472.72,392.61,472.66,4.75,,,0.202,387.61,467.92,397.61,477.41,ultralytics,0.202,1
567,9.459,392.41,472.8,392.51,472.92,4.64,,,0.221,387.88,468.28,397.15,477.56,ultralytics,0.221,1
568,9.4757,392.16,472.8,392.16,472.8,4.33,,,0.126,387.84,468.35,396.49,477.26,ultralytics,0.126,1
569,9.4924,391.82,472.73,391.86,472.73,4.45,,,0.09,387.19,468.28,396.52,477.18,ultralytics,0.09,1
570,9.509,391.48,472.64,391.42,472.63,4.31,,,0.075,386.71,468.32,396.13,476.95,ultralytics,0.075,2
571,9.5257,391.16,472.55,391.19,472.59,4.5,,,0.187,386.09,468.09,396.3,477.1,ultralytics,0.187,1
572,9.5424,390.84,472.4,390.86,472.46,4.25,,,0.141,385.85,468.21,395.86,476.71,ultralytics,0.141,1
573,9.5591,390.55,472.15,390.43,472.2,4.46,,,0.194,385.19,467.74,395.67,476.66,ultralytics,0.194,1
574,9.5758,390.38,471.91,390.38,471.76,4.93,,,0.219,385.02,466.83,395.74,476.69,ultralytics,0.219,1
575,9.5924,390.34,471.84,390.2,471.74,4.75,,,0.175,384.95,467.0,395.45,476.49,ultralytics,0.175,1
576,9.6091,390.38,471.81,390.49,472.0,4.47,,,0.136,385.54,467.53,395.44,476.47,ultralytics,0.136,2
577,9.6258,390.38,471.56,390.4,471.77,4.33,,,0.129,385.4,467.44,395.41,476.1,ultralytics,0.129,1
578,9.6425,390.31,471.11,390.32,470.89,4.99,,,0.203,385.03,465.9,395.61,475.88,ultralytics,0.203,1
579,9.6592,390.15,470.74,390.26,470.79,5.07,,,0.175,384.82,465.72,395.69,475.85,ultralytics,0.175,1
580,9.6759,389.83,470.6,389.96,470.29,5.34,,,0.301,384.25,464.95,395.66,475.63,ultralytics,0.301,1
581,9.6925,426.01,471.13,389.22,470.7,4.98,,,0.408,383.45,465.72,394.99,475.68,ultralytics,0.408,1
582,9.7092,552.95,472.21,389.27,471.39,4.84,,,0.215,383.3,466.55,395.23,476.24,ultralytics,0.215,1
583,9.7259,,,,,,,,0.0,,,,,ultralytics,0.0,0
584,9.7426,,,,,,,,0.0,,,,,ultralytics,0.0,0
585,9.7593,,,,,,,,0.0,,,,,ultralytics,0.0,0
586,9.776,,,,,,,,0.0,,,,,ultralytics,0.0,0
587,9.7926,,,,,,,,0.0,,,,,ultralytics,0.0,0
588,9.8093,,,,,,,,0.0,,,,,ultralytics,0.0,0
589,9.826,,,,,,,,0.0,,,,,ultralytics,0.0,0
590,9.8427,,,,,,,,0.0,,,,,ultralytics,0.0,0
591,9.8594,,,,,,,,0.0,,,,,ultralytics,0.0,0
592,9.876,,,,,,,,0.0,,,,,ultralytics,0.0,0
593,9.8927,,,,,,,,0.0,,,,,ultralytics,0.0,0
594,9.9094,,,,,,,,0.0,,,,,ultralytics,0.0,0
595,9.9261,658.77,471.59,1059.82,477.29,10.21,,,0.064,1046.18,467.08,1073.46,487.51,ultralytics,0.064,1
596,9.9428,,,,,,,,0.0,,,,,ultralytics,0.0,0
597,9.9595,,,,,,,,0.0,,,,,ultralytics,0.0,0
598,9.9761,,,,,,,,0.0,,,,,ultralytics,0.0,0
599,9.9928,,,,,,,,0.0,,,,,ultralytics,0.0,0
600,10.0095,,,,,,,,0.0,,,,,ultralytics,0.0,0
601,10.0262,,,,,,,,0.0,,,,,ultralytics,0.0,0
602,10.0429,,,,,,,,0.0,,,,,ultralytics,0.0,0
603,10.0596,,,,,,,,0.0,,,,,ultralytics,0.0,0
604,10.0762,,,,,,,,0.0,,,,,ultralytics,0.0,0
605,10.0929,,,,,,,,0.0,,,,,ultralytics,0.0,0
606,10.1096,,,,,,,,0.0,,,,,ultralytics,0.0,0
607,10.1263,,,,,,,,0.0,,,,,ultralytics,0.0,0
608,10.143,,,,,,,,0.0,,,,,ultralytics,0.0,0
609,10.1597,,,,,,,,0.0,,,,,ultralytics,0.0,0
610,10.1763,,,,,,,,0.0,,,,,ultralytics,0.0,0
611,10.193,,,,,,,,0.0,,,,,ultralytics,0.0,0
612,10.2097,,,,,,,,0.0,,,,,ultralytics,0.0,0
613,10.2264,,,,,,,,0.0,,,,,ultralytics,0.0,0
614,10.2431,,,,,,,,0.0,,,,,ultralytics,0.0,0
615,10.2597,,,,,,,,0.0,,,,,ultralytics,0.0,0
616,10.2764,,,,,,,,0.0,,,,,ultralytics,0.0,0
617,10.2931,,,,,,,,0.0,,,,,ultralytics,0.0,0
618,10.3098,,,,,,,,0.0,,,,,ultralytics,0.0,0
619,10.3265,,,,,,,,0.0,,,,,ultralytics,0.0,0
620,10.3432,,,,,,,,0.0,,,,,ultralytics,0.0,0
621,10.3598,,,,,,,,0.0,,,,,ultralytics,0.0,0
622,10.3765,,,,,,,,0.0,,,,,ultralytics,0.0,0
623,10.3932,,,,,,,,0.0,,,,,ultralytics,0.0,0
624,10.4099,,,,,,,,0.0,,,,,ultralytics,0.0,0
625,10.4266,,,,,,,,0.0,,,,,ultralytics,0.0,0
626,10.4433,,,,,,,,0.0,,,,,ultralytics,0.0,0
627,10.4599,552.03,467.85,387.53,464.23,4.5,,,0.073,381.56,459.73,393.5,468.74,ultralytics,0.073,1
628,10.4766,424.73,465.06,388.28,464.33,4.74,,,0.077,382.24,459.59,394.32,469.08,ultralytics,0.077,1
629,10.4933,388.39,464.42,388.37,464.49,4.76,,,0.146,382.5,459.73,394.25,469.26,ultralytics,0.146,1
630,10.51,388.58,464.41,388.65,464.47,4.92,,,0.137,383.08,459.55,394.22,469.39,ultralytics,0.137,1
631,10.5267,388.72,464.3,388.67,464.31,4.95,,,0.146,382.98,459.36,394.37,469.26,ultralytics,0.146,1
632,10.5433,388.89,464.13,388.87,464.19,5.1,,,0.15,383.25,459.09,394.49,469.29,ultralytics,0.15,1
633,10.56,389.08,463.93,389.12,463.85,5.31,,,0.196,383.54,458.53,394.7,469.16,ultralytics,0.196,1
634,10.5767,389.27,463.73,389.25,463.82,5.36,,,0.194,383.74,458.46,394.75,469.18,ultralytics,0.194,1
635,10.5934,389.49,463.48,389.44,463.49,5.66,,,0.204,383.79,457.73,395.1,469.25,ultralytics,0.204,1
636,10.6101,389.75,463.29,389.78,463.11,5.69,,,0.27,384.09,457.42,395.47,468.8,ultralytics,0.27,1
637,10.6268,390.0,463.25,390.01,463.24,5.74,,,0.307,384.27,457.39,395.75,469.09,ultralytics,0.307,1
638,10.6434,390.26,463.31,390.23,463.34,5.39,,,0.322,384.84,457.8,395.62,468.87,ultralytics,0.322,1
639,10.6601,390.54,463.37,390.51,463.36,5.36,,,0.276,385.1,458.0,395.92,468.73,ultralytics,0.276,1
640,10.6768,390.79,463.43,390.92,463.4,5.08,,,0.236,385.6,458.32,396.24,468.48,ultralytics,0.236,1
641,10.6935,390.96,463.5,390.94,463.53,4.98,,,0.246,385.85,458.55,396.02,468.5,ultralytics,0.246,1
642,10.7102,391.12,463.54,391.05,463.57,5.04,,,0.277,385.75,458.53,396.35,468.61,ultralytics,0.277,1
643,10.7269,391.35,463.55,391.35,463.56,4.93,,,0.155,386.11,458.63,396.6,468.49,ultralytics,0.155,1
644,10.7435,391.65,463.58,391.56,463.48,5.05,,,0.174,386.31,458.43,396.82,468.53,ultralytics,0.174,1
645,10.7602,391.99,463.7,392.11,463.71,4.87,,,0.099,386.85,458.84,397.37,468.58,ultralytics,0.099,1
646,10.7769,392.23,463.84,392.27,463.84,4.66,,,0.082,386.96,459.18,397.58,468.5,ultralytics,0.082,2
647,10.7936,392.37,463.93,392.38,464.05,4.5,,,0.116,387.09,459.54,397.67,468.55,ultralytics,0.116,1
648,10.8103,392.53,463.94,392.4,463.86,4.45,,,0.102,387.43,459.42,397.38,468.31,ultralytics,0.102,1
649,10.827,392.8,463.96,392.81,464.0,4.5,,,0.061,387.62,459.5,397.99,468.5,ultralytics,0.061,1
650,10.8436,393.11,464.01,393.15,463.93,4.53,,,0.069,387.95,459.4,398.36,468.46,ultralytics,0.069,1
651,10.8603,393.47,464.13,393.31,464.13,4.6,,,0.065,388.16,459.53,398.47,468.72,ultralytics,0.065,1
652,10.877,,,,,,,,0.0,,,,,ultralytics,0.0,0
653,10.8937,393.98,464.32,393.92,464.22,4.53,,,0.065,388.19,459.69,399.66,468.75,ultralytics,0.065,1
654,10.9104,,,,,,,,0.0,,,,,ultralytics,0.0,0
655,10.927,394.88,464.82,394.7,464.68,4.63,,,0.057,388.75,460.04,400.65,469.31,ultralytics,0.057,1
656,10.9437,396.81,466.13,395.05,464.75,4.76,,,0.055,388.92,459.98,401.17,469.51,ultralytics,0.055,1
657,10.9604,,,,,,,,0.0,,,,,ultralytics,0.0,0
658,10.9771,,,,,,,,0.0,,,,,ultralytics,0.0,0
659,10.9938,,,,,,,,0.0,,,,,ultralytics,0.0,0
660,11.0105,,,,,,,,0.0,,,,,ultralytics,0.0,0
661,11.0271,,,,,,,,0.0,,,,,ultralytics,0.0,0
662,11.0438,,,,,,,,0.0,,,,,ultralytics,0.0,0
663,11.0605,,,,,,,,0.0,,,,,ultralytics,0.0,0
664,11.0772,,,,,,,,0.0,,,,,ultralytics,0.0,0
665,11.0939,,,,,,,,0.0,,,,,ultralytics,0.0,0
666,11.1106,,,,,,,,0.0,,,,,ultralytics,0.0,0
667,11.1272,,,,,,,,0.0,,,,,ultralytics,0.0,0
668,11.1439,,,,,,,,0.0,,,,,ultralytics,0.0,0
669,11.1606,,,,,,,,0.0,,,,,ultralytics,0.0,0
670,11.1773,,,,,,,,0.0,,,,,ultralytics,0.0,0
671,11.194,,,,,,,,0.0,,,,,ultralytics,0.0,0
672,11.2107,,,,,,,,0.0,,,,,ultralytics,0.0,0
673,11.2273,,,,,,,,0.0,,,,,ultralytics,0.0,0
674,11.244,,,,,,,,0.0,,,,,ultralytics,0.0,0
675,11.2607,,,,,,,,0.0,,,,,ultralytics,0.0,0
676,11.2774,393.91,465.73,401.38,469.53,5.1,,,0.116,396.29,463.88,406.48,475.17,ultralytics,0.116,1
677,11.2941,370.18,456.46,401.66,469.5,4.95,,,0.102,396.71,464.01,406.62,475.0,ultralytics,0.102,1
678,11.3107,,,,,,,,0.0,,,,,ultralytics,0.0,0
679,11.3274,,,,,,,,0.0,,,,,ultralytics,0.0,0
680,11.3441,,,,,,,,0.0,,,,,ultralytics,0.0,0
681,11.3608,332.52,439.89,298.02,426.13,11.96,,,0.064,286.06,413.7,309.98,438.56,ultralytics,0.064,1
682,11.3775,324.96,430.7,296.22,429.08,10.22,,,0.074,285.99,416.49,306.44,441.67,ultralytics,0.074,1
683,11.3942,351.57,433.03,371.46,427.6,11.41,,,0.068,356.82,416.18,386.09,439.01,ultralytics,0.068,2
684,11.4108,379.51,445.95,373.03,438.24,10.28,,,0.108,362.75,427.09,383.32,449.39,ultralytics,0.108,1
685,11.4275,,,,,,,,0.0,,,,,ultralytics,0.0,1
686,11.4442,,,,,,,,0.0,,,,,ultralytics,0.0,0
687,11.4609,,,,,,,,0.0,,,,,ultralytics,0.0,0
688,11.4776,,,,,,,,0.0,,,,,ultralytics,0.0,0
689,11.4943,,,,,,,,0.0,,,,,ultralytics,0.0,0
690,11.5109,,,,,,,,0.0,,,,,ultralytics,0.0,0
691,11.5276,,,,,,,,0.0,,,,,ultralytics,0.0,0
692,11.5443,,,,,,,,0.0,,,,,ultralytics,0.0,0
693,11.561,,,,,,,,0.0,,,,,ultralytics,0.0,0
694,11.5777,,,,,,,,0.0,,,,,ultralytics,0.0,0
695,11.5943,,,,,,,,0.0,,,,,ultralytics,0.0,0
696,11.611,,,,,,,,0.0,,,,,ultralytics,0.0,0
697,11.6277,398.92,463.01,410.02,474.46,4.78,,,0.1,403.93,469.68,416.1,479.24,ultralytics,0.1,1
698,11.6444,408.2,472.39,410.05,474.28,5.13,,,0.165,403.89,469.15,416.21,479.4,ultralytics,0.165,1
699,11.6611,410.55,474.45,410.53,474.32,5.09,,,0.185,404.59,469.22,416.47,479.41,ultralytics,0.185,1
700,11.6778,411.02,474.69,411.01,474.69,4.68,,,0.173,404.95,470.01,417.07,479.37,ultralytics,0.173,1
701,11.6944,411.52,475.02,411.49,475.01,4.69,,,0.223,405.75,470.32,417.24,479.7,ultralytics,0.223,1
702,11.7111,411.98,475.33,412.1,475.39,4.67,,,0.208,406.58,470.72,417.63,480.06,ultralytics,0.208,1
703,11.7278,412.3,475.59,412.37,475.58,4.71,,,0.215,406.91,470.87,417.83,480.3,ultralytics,0.215,1
704,11.7445,412.49,475.83,412.48,475.83,4.82,,,0.177,407.07,471.01,417.9,480.65,ultralytics,0.177,1
705,11.7612,412.66,476.1,412.63,476.06,4.76,,,0.234,407.2,471.3,418.06,480.82,ultralytics,0.234,1
706,11.7779,412.82,476.37,412.89,476.4,4.66,,,0.103,407.73,471.74,418.04,481.06,ultralytics,0.103,1
707,11.7945,412.92,476.59,412.95,476.69,4.79,,,0.072,407.61,471.89,418.3,481.48,ultralytics,0.072,1
708,11.8112,413.0,476.72,412.91,476.68,4.78,,,0.101,407.69,471.9,418.13,481.45,ultralytics,0.101,1
709,11.8279,413.18,476.84,413.14,476.83,4.76,,,0.089,407.98,472.06,418.3,481.59,ultralytics,0.089,1
710,11.8446,413.46,476.94,413.45,477.04,4.91,,,0.169,408.22,472.13,418.68,481.95,ultralytics,0.169,1
711,11.8613,413.71,477.03,413.79,476.87,4.54,,,0.086,408.4,472.33,419.19,481.4,ultralytics,0.086,1
712,11.878,413.81,477.21,413.95,477.21,4.59,,,0.056,408.52,472.61,419.39,481.8,ultralytics,0.056,1
713,11.8946,413.78,477.46,413.73,477.49,4.64,,,0.082,408.28,472.85,419.18,482.13,ultralytics,0.082,1
714,11.9113,450.64,475.44,413.62,477.72,4.76,,,0.057,407.94,472.96,419.31,482.48,ultralytics,0.057,1
715,11.928,,,,,,,,0.0,,,,,ultralytics,0.0,1
716,11.9447,613.96,465.97,414.1,477.8,4.65,,,0.052,408.55,473.15,419.65,482.45,ultralytics,0.052,1
717,11.9614,,,,,,,,0.0,,,,,ultralytics,0.0,0
718,11.978,,,,,,,,0.0,,,,,ultralytics,0.0,0
719,11.9947,,,,,,,,0.0,,,,,ultralytics,0.0,0
720,12.0114,,,,,,,,0.0,,,,,ultralytics,0.0,0
721,12.0281,,,,,,,,0.0,,,,,ultralytics,0.0,0
722,12.0448,,,,,,,,0.0,,,,,ultralytics,0.0,0
723,12.0615,,,,,,,,0.0,,,,,ultralytics,0.0,0
724,12.0781,,,,,,,,0.0,,,,,ultralytics,0.0,0
725,12.0948,,,,,,,,0.0,,,,,ultralytics,0.0,0
726,12.1115,,,,,,,,0.0,,,,,ultralytics,0.0,0
727,12.1282,,,,,,,,0.0,,,,,ultralytics,0.0,0
728,12.1449,,,,,,,,0.0,,,,,ultralytics,0.0,0
729,12.1616,,,,,,,,0.0,,,,,ultralytics,0.0,0
730,12.1782,,,,,,,,0.0,,,,,ultralytics,0.0,0
731,12.1949,,,,,,,,0.0,,,,,ultralytics,0.0,0
732,12.2116,,,,,,,,0.0,,,,,ultralytics,0.0,0
733,12.2283,,,,,,,,0.0,,,,,ultralytics,0.0,0
734,12.245,,,,,,,,0.0,,,,,ultralytics,0.0,0
735,12.2616,,,,,,,,0.0,,,,,ultralytics,0.0,0
736,12.2783,,,,,,,,0.0,,,,,ultralytics,0.0,0
737,12.295,,,,,,,,0.0,,,,,ultralytics,0.0,0
738,12.3117,,,,,,,,0.0,,,,,ultralytics,0.0,0
739,12.3284,,,,,,,,0.0,,,,,ultralytics,0.0,0
740,12.3451,841.99,464.5,1090.05,437.01,13.05,,,0.39,1075.95,423.97,1104.15,450.06,ultralytics,0.39,1
741,12.3617,833.87,505.51,1055.23,444.21,12.13,,,0.054,1039.06,432.08,1071.39,456.35,ultralytics,0.054,1
742,12.3784,,,,,,,,0.0,,,,,ultralytics,0.0,0
743,12.3951,,,,,,,,0.0,,,,,ultralytics,0.0,0
744,12.4118,,,,,,,,0.0,,,,,ultralytics,0.0,0
745,12.4285,,,,,,,,0.0,,,,,ultralytics,0.0,0
746,12.4452,,,,,,,,0.0,,,,,ultralytics,0.0,0
747,12.4618,,,,,,,,0.0,,,,,ultralytics,0.0,0
748,12.4785,,,,,,,,0.0,,,,,ultralytics,0.0,0
749,12.4952,,,,,,,,0.0,,,,,ultralytics,0.0,0
750,12.5119,,,,,,,,0.0,,,,,ultralytics,0.0,0
751,12.5286,,,,,,,,0.0,,,,,ultralytics,0.0,0
752,12.5453,,,,,,,,0.0,,,,,ultralytics,0.0,0
753,12.5619,,,,,,,,0.0,,,,,ultralytics,0.0,0
754,12.5786,,,,,,,,0.0,,,,,ultralytics,0.0,0
755,12.5953,,,,,,,,0.0,,,,,ultralytics,0.0,0
756,12.612,,,,,,,,0.0,,,,,ultralytics,0.0,0
757,12.6287,,,,,,,,0.0,,,,,ultralytics,0.0,0
758,12.6453,,,,,,,,0.0,,,,,ultralytics,0.0,0
759,12.662,,,,,,,,0.0,,,,,ultralytics,0.0,0
760,12.6787,,,,,,,,0.0,,,,,ultralytics,0.0,0
761,12.6954,,,,,,,,0.0,,,,,ultralytics,0.0,0
762,12.7121,,,,,,,,0.0,,,,,ultralytics,0.0,0
763,12.7288,,,,,,,,0.0,,,,,ultralytics,0.0,0
764,12.7454,,,,,,,,0.0,,,,,ultralytics,0.0,0
765,12.7621,,,,,,,,0.0,,,,,ultralytics,0.0,0
766,12.7788,,,,,,,,0.0,,,,,ultralytics,0.0,0
767,12.7955,,,,,,,,0.0,,,,,ultralytics,0.0,0
768,12.8122,,,,,,,,0.0,,,,,ultralytics,0.0,0
769,12.8289,,,,,,,,0.0,,,,,ultralytics,0.0,0
770,12.8455,,,,,,,,0.0,,,,,ultralytics,0.0,0
771,12.8622,,,,,,,,0.0,,,,,ultralytics,0.0,0
772,12.8789,,,,,,,,0.0,,,,,ultralytics,0.0,0
773,12.8956,,,,,,,,0.0,,,,,ultralytics,0.0,0
774,12.9123,,,,,,,,0.0,,,,,ultralytics,0.0,0
775,12.9289,,,,,,,,0.0,,,,,ultralytics,0.0,0
776,12.9456,,,,,,,,0.0,,,,,ultralytics,0.0,0
777,12.9623,,,,,,,,0.0,,,,,ultralytics,0.0,0
778,12.979,,,,,,,,0.0,,,,,ultralytics,0.0,0
779,12.9957,,,,,,,,0.0,,,,,ultralytics,0.0,0
780,13.0124,602.48,553.35,399.39,685.77,12.59,,,0.877,384.08,673.18,414.69,698.36,ultralytics,0.877,1
781,13.029,,,,,,,,0.0,,,,,ultralytics,0.0,0
782,13.0457,,,,,,,,0.0,,,,,ultralytics,0.0,0
783,13.0624,,,,,,,,0.0,,,,,ultralytics,0.0,0
784,13.0791,447.56,532.04,417.11,485.3,4.39,,,0.076,412.15,480.91,422.06,489.68,ultralytics,0.076,1
785,13.0958,416.1,496.24,417.17,485.39,4.53,,,0.075,412.03,480.86,422.32,489.93,ultralytics,0.075,1
786,13.1125,416.87,485.28,416.93,485.25,4.31,,,0.078,411.92,480.94,421.94,489.57,ultralytics,0.078,1
787,13.1291,416.55,485.25,416.57,485.22,4.3,,,0.083,411.81,480.92,421.32,489.52,ultralytics,0.083,1
788,13.1458,416.17,485.25,416.16,485.27,4.48,,,0.148,411.0,480.79,421.31,489.75,ultralytics,0.148,1
789,13.1625,415.71,485.24,415.85,485.27,4.48,,,0.204,410.81,480.79,420.9,489.74,ultralytics,0.204,1
790,13.1792,415.2,485.2,415.08,485.19,4.71,,,0.203,409.74,480.48,420.41,489.89,ultralytics,0.203,1
791,13.1959,414.83,485.22,414.68,485.1,4.49,,,0.204,409.28,480.61,420.07,489.59,ultralytics,0.204,1
792,13.2126,414.64,485.37,414.58,485.37,5.06,,,0.108,409.4,480.31,419.75,490.43,ultralytics,0.108,1
793,13.2292,414.3,485.54,414.93,485.57,5.53,,,0.29,409.3,480.04,420.56,491.11,ultralytics,0.29,1
794,13.2459,,,,,,,,0.0,,,,,ultralytics,0.0,0
795,13.2626,,,,,,,,0.0,,,,,ultralytics,0.0,0
796,13.2793,,,,,,,,0.0,,,,,ultralytics,0.0,0
797,13.296,413.61,485.56,413.2,485.82,3.87,,,0.081,407.64,481.95,418.76,489.69,ultralytics,0.081,1
798,13.3126,413.01,485.4,412.94,485.27,4.61,,,0.159,408.32,480.24,417.55,490.31,ultralytics,0.159,1
799,13.3293,412.56,485.32,412.69,485.11,4.56,,,0.131,407.62,480.55,417.75,489.67,ultralytics,0.131,1
800,13.346,412.01,485.4,412.1,485.59,4.74,,,0.166,406.62,480.85,417.58,490.32,ultralytics,0.166,1
801,13.3627,411.31,485.42,411.33,485.45,4.59,,,0.169,405.76,480.86,416.9,490.04,ultralytics,0.169,1
802,13.3794,410.59,485.34,410.49,485.28,4.84,,,0.129,404.36,480.44,416.62,490.12,ultralytics,0.129,1
803,13.3961,409.72,485.25,409.88,485.3,4.57,,,0.11,403.72,480.73,416.04,489.87,ultralytics,0.11,1
804,13.4127,407.9,485.06,409.71,485.26,5.01,,,0.058,403.76,480.25,415.65,490.26,ultralytics,0.058,1
805,13.4294,,,,,,,,0.0,,,,,ultralytics,0.0,0
806,13.4461,,,,,,,,0.0,,,,,ultralytics,0.0,0
807,13.4628,,,,,,,,0.0,,,,,ultralytics,0.0,0
808,13.4795,,,,,,,,0.0,,,,,ultralytics,0.0,0
809,13.4962,,,,,,,,0.0,,,,,ultralytics,0.0,0
810,13.5128,,,,,,,,0.0,,,,,ultralytics,0.0,0
811,13.5295,,,,,,,,0.0,,,,,ultralytics,0.0,0
812,13.5462,,,,,,,,0.0,,,,,ultralytics,0.0,0
813,13.5629,,,,,,,,0.0,,,,,ultralytics,0.0,0
814,13.5796,,,,,,,,0.0,,,,,ultralytics,0.0,0
815,13.5962,,,,,,,,0.0,,,,,ultralytics,0.0,0
816,13.6129,,,,,,,,0.0,,,,,ultralytics,0.0,0
817,13.6296,405.05,484.76,403.55,484.55,4.29,,,0.05,398.0,480.26,409.09,488.83,ultralytics,0.05,1
818,13.6463,,,,,,,,0.0,,,,,ultralytics,0.0,0
819,13.663,402.79,484.56,402.58,484.55,4.41,,,0.071,396.73,480.13,408.42,488.96,ultralytics,0.071,1
820,13.6797,,,,,,,,0.0,,,,,ultralytics,0.0,0
821,13.6963,,,,,,,,0.0,,,,,ultralytics,0.0,0
822,13.713,437.0,484.05,401.47,484.56,4.4,,,0.156,396.48,480.16,406.46,488.96,ultralytics,0.156,1
823,13.7297,558.82,482.31,399.97,483.99,4.93,,,0.065,394.86,479.06,405.09,488.92,ultralytics,0.065,1
824,13.7464,,,,,,,,0.0,,,,,ultralytics,0.0,0
825,13.7631,,,,,,,,0.0,,,,,ultralytics,0.0,0
826,13.7798,,,,,,,,0.0,,,,,ultralytics,0.0,0
827,13.7964,,,,,,,,0.0,,,,,ultralytics,0.0,0
828,13.8131,,,,,,,,0.0,,,,,ultralytics,0.0,0
829,13.8298,,,,,,,,0.0,,,,,ultralytics,0.0,0
830,13.8465,,,,,,,,0.0,,,,,ultralytics,0.0,0
831,13.8632,,,,,,,,0.0,,,,,ultralytics,0.0,0
832,13.8799,,,,,,,,0.0,,,,,ultralytics,0.0,0
833,13.8965,,,,,,,,0.0,,,,,ultralytics,0.0,0
834,13.9132,,,,,,,,0.0,,,,,ultralytics,0.0,0
835,13.9299,,,,,,,,0.0,,,,,ultralytics,0.0,0
836,13.9466,,,,,,,,0.0,,,,,ultralytics,0.0,0
837,13.9633,,,,,,,,0.0,,,,,ultralytics,0.0,0
838,13.9799,,,,,,,,0.0,,,,,ultralytics,0.0,0
839,13.9966,,,,,,,,0.0,,,,,ultralytics,0.0,0
840,14.0133,,,,,,,,0.0,,,,,ultralytics,0.0,0
841,14.03,,,,,,,,0.0,,,,,ultralytics,0.0,0
842,14.0467,,,,,,,,0.0,,,,,ultralytics,0.0,0
843,14.0634,,,,,,,,0.0,,,,,ultralytics,0.0,0
844,14.08,,,,,,,,0.0,,,,,ultralytics,0.0,0
845,14.0967,,,,,,,,0.0,,,,,ultralytics,0.0,0
846,14.1134,,,,,,,,0.0,,,,,ultralytics,0.0,0
847,14.1301,,,,,,,,0.0,,,,,ultralytics,0.0,0
848,14.1468,,,,,,,,0.0,,,,,ultralytics,0.0,0
849,14.1635,,,,,,,,0.0,,,,,ultralytics,0.0,0
850,14.1801,,,,,,,,0.0,,,,,ultralytics,0.0,0
851,14.1968,,,,,,,,0.0,,,,,ultralytics,0.0,0
852,14.2135,,,,,,,,0.0,,,,,ultralytics,0.0,0
853,14.2302,,,,,,,,0.0,,,,,ultralytics,0.0,0
854,14.2469,,,,,,,,0.0,,,,,ultralytics,0.0,0
855,14.2636,,,,,,,,0.0,,,,,ultralytics,0.0,0
856,14.2802,,,,,,,,0.0,,,,,ultralytics,0.0,0
857,14.2969,,,,,,,,0.0,,,,,ultralytics,0.0,0
858,14.3136,,,,,,,,0.0,,,,,ultralytics,0.0,0
859,14.3303,,,,,,,,0.0,,,,,ultralytics,0.0,0
860,14.347,,,,,,,,0.0,,,,,ultralytics,0.0,0
861,14.3636,,,,,,,,0.0,,,,,ultralytics,0.0,0
862,14.3803,,,,,,,,0.0,,,,,ultralytics,0.0,0
863,14.397,,,,,,,,0.0,,,,,ultralytics,0.0,0
864,14.4137,,,,,,,,0.0,,,,,ultralytics,0.0,0
865,14.4304,,,,,,,,0.0,,,,,ultralytics,0.0,0
866,14.4471,656.63,479.68,1053.14,477.77,9.87,,,0.066,1040.36,467.91,1065.92,487.64,ultralytics,0.066,2
867,14.4637,,,,,,,,0.0,,,,,ultralytics,0.0,1
868,14.4804,544.32,478.1,378.64,477.9,4.84,,,0.155,373.75,473.06,383.54,482.75,ultralytics,0.155,1
869,14.4971,414.88,477.62,378.02,477.62,4.67,,,0.311,372.98,472.95,383.06,482.29,ultralytics,0.311,1
870,14.5138,377.84,477.46,377.76,477.37,4.67,,,0.385,372.75,472.7,382.77,482.04,ultralytics,0.385,1
871,14.5305,377.63,477.33,377.68,477.42,4.92,,,0.44,372.65,472.5,382.71,482.35,ultralytics,0.44,1
872,14.5472,377.34,477.2,377.49,477.15,5.03,,,0.485,372.39,472.12,382.59,482.18,ultralytics,0.485,1
873,14.5638,376.91,477.08,376.89,477.09,5.08,,,0.546,371.65,472.0,382.13,482.17,ultralytics,0.546,1
874,14.5805,376.46,476.94,376.39,476.99,5.0,,,0.366,371.39,471.91,381.4,482.06,ultralytics,0.366,1
875,14.5972,375.57,476.61,376.1,476.77,4.88,,,0.371,371.22,471.55,380.97,481.99,ultralytics,0.371,1
876,14.6139,372.99,475.79,375.67,476.47,4.57,,,0.212,370.79,471.9,380.55,481.03,ultralytics,0.212,1
877,14.6306,,,,,,,,0.0,,,,,ultralytics,0.0,0
878,14.6472,,,,,,,,0.0,,,,,ultralytics,0.0,0
879,14.6639,,,,,,,,0.0,,,,,ultralytics,0.0,0
880,14.6806,,,,,,,,0.0,,,,,ultralytics,0.0,0
881,14.6973,,,,,,,,0.0,,,,,ultralytics,0.0,0
882,14.714,,,,,,,,0.0,,,,,ultralytics,0.0,0
883,14.7307,,,,,,,,0.0,,,,,ultralytics,0.0,0
884,14.7473,,,,,,,,0.0,,,,,ultralytics,0.0,0
885,14.764,,,,,,,,0.0,,,,,ultralytics,0.0,0
886,14.7807,,,,,,,,0.0,,,,,ultralytics,0.0,0
887,14.7974,,,,,,,,0.0,,,,,ultralytics,0.0,0
888,14.8141,,,,,,,,0.0,,,,,ultralytics,0.0,0
889,14.8308,369.01,474.69,366.25,473.84,4.34,,,0.094,360.9,469.5,371.6,478.18,ultralytics,0.094,1
890,14.8474,366.53,474.12,366.03,473.97,4.4,,,0.151,360.63,469.57,371.43,478.37,ultralytics,0.151,1
891,14.8641,365.79,474.02,365.86,474.19,4.61,,,0.166,360.29,469.58,371.42,478.8,ultralytics,0.166,1
892,14.8808,365.5,473.95,365.43,473.86,4.88,,,0.22,359.8,468.98,371.06,478.75,ultralytics,0.22,1
893,14.8975,365.2,473.82,365.26,473.95,4.81,,,0.233,359.85,469.14,370.67,478.76,ultralytics,0.233,1
894,14.9142,364.87,473.62,364.87,473.6,4.89,,,0.206,359.62,468.71,370.13,478.49,ultralytics,0.206,1
895,14.9309,364.45,473.39,364.54,473.37,5.0,,,0.115,359.54,468.32,369.54,478.42,ultralytics,0.115,2
896,14.9475,363.91,473.16,363.97,473.21,4.68,,,0.073,358.96,468.53,368.98,477.88,ultralytics,0.073,1
897,14.9642,363.24,472.95,363.29,472.87,4.81,,,0.101,357.73,468.06,368.84,477.68,ultralytics,0.101,1
898,14.9809,362.33,472.77,362.38,472.76,4.84,,,0.102,356.3,467.92,368.47,477.6,ultralytics,0.102,1
899,14.9976,360.65,472.51,362.11,472.79,5.02,,,0.105,355.72,467.76,368.49,477.81,ultralytics,0.105,1
900,15.0143,,,,,,,,0.0,,,,,ultralytics,0.0,1
901,15.0309,,,,,,,,0.0,,,,,ultralytics,0.0,0
902,15.0476,,,,,,,,0.0,,,,,ultralytics,0.0,0
903,15.0643,,,,,,,,0.0,,,,,ultralytics,0.0,0
904,15.081,,,,,,,,0.0,,,,,ultralytics,0.0,0
905,15.0977,,,,,,,,0.0,,,,,ultralytics,0.0,0
906,15.1144,,,,,,,,0.0,,,,,ultralytics,0.0,0
907,15.131,,,,,,,,0.0,,,,,ultralytics,0.0,0
908,15.1477,,,,,,,,0.0,,,,,ultralytics,0.0,0
909,15.1644,,,,,,,,0.0,,,,,ultralytics,0.0,0
910,15.1811,358.23,472.1,356.93,471.94,4.45,,,0.072,351.72,467.49,362.14,476.39,ultralytics,0.072,1
911,15.1978,356.48,471.76,356.07,471.6,4.38,,,0.08,350.78,467.22,361.37,475.98,ultralytics,0.08,1
912,15.2145,,,,,,,,0.0,,,,,ultralytics,0.0,0
913,15.2311,355.58,471.57,355.9,471.74,4.07,,,0.052,351.1,467.67,360.7,475.81,ultralytics,0.052,1
914,15.2478,,,,,,,,0.0,,,,,ultralytics,0.0,0
915,15.2645,354.87,471.39,354.51,471.28,4.52,,,0.078,349.39,466.77,359.64,475.8,ultralytics,0.078,1
916,15.2812,354.36,471.26,354.39,471.18,4.52,,,0.182,349.04,466.66,359.74,475.7,ultralytics,0.182,1
917,15.2979,354.08,471.22,353.92,471.28,4.33,,,0.215,348.38,466.94,359.47,475.61,ultralytics,0.215,1
918,15.3145,353.93,471.19,353.95,471.15,4.41,,,0.191,348.33,466.74,359.58,475.56,ultralytics,0.191,1
919,15.3312,353.76,471.12,353.96,471.2,4.36,,,0.099,348.31,466.84,359.61,475.57,ultralytics,0.099,2
920,15.3479,353.56,470.99,353.27,471.0,4.48,,,0.065,348.28,466.52,358.27,475.49,ultralytics,0.065,1
921,15.3646,353.49,470.82,353.55,470.8,4.68,,,0.092,348.47,466.12,358.62,475.47,ultralytics,0.092,1
922,15.3813,353.52,470.67,353.51,470.61,4.92,,,0.102,348.4,465.69,358.61,475.52,ultralytics,0.102,1
923,15.398,353.52,470.57,353.55,470.64,4.87,,,0.103,348.49,465.77,358.61,475.52,ultralytics,0.103,1
924,15.4146,353.45,470.47,353.51,470.41,5.07,,,0.12,348.39,465.33,358.62,475.48,ultralytics,0.12,1
925,15.4313,353.29,470.39,353.35,470.41,5.12,,,0.141,348.2,465.29,358.5,475.53,ultralytics,0.141,1
926,15.448,353.07,470.35,353.03,470.31,4.94,,,0.217,348.09,465.1,357.97,475.52,ultralytics,0.217,1
927,15.4647,352.84,470.32,352.85,470.34,4.87,,,0.264,347.98,465.17,357.72,475.51,ultralytics,0.264,1
928,15.4814,352.58,470.3,352.64,470.29,4.65,,,0.111,347.99,465.29,357.3,475.29,ultralytics,0.111,1
929,15.4981,352.2,470.28,352.23,470.3,4.62,,,0.06,347.61,465.43,356.84,475.16,ultralytics,0.06,1
930,15.5147,351.57,470.32,351.98,470.25,4.6,,,0.055,347.38,465.36,356.58,475.14,ultralytics,0.055,1
931,15.5314,,,,,,,,0.0,,,,,ultralytics,0.0,0
932,15.5481,,,,,,,,0.0,,,,,ultralytics,0.0,0
933,15.5648,,,,,,,,0.0,,,,,ultralytics,0.0,0
934,15.5815,,,,,,,,0.0,,,,,ultralytics,0.0,0
935,15.5982,,,,,,,,0.0,,,,,ultralytics,0.0,0
936,15.6148,350.74,470.61,350.35,470.2,5.0,,,0.065,344.93,465.2,355.76,475.2,ultralytics,0.065,1
937,15.6315,,,,,,,,0.0,,,,,ultralytics,0.0,0
938,15.6482,,,,,,,,0.0,,,,,ultralytics,0.0,0
939,15.6649,,,,,,,,0.0,,,,,ultralytics,0.0,0
940,15.6816,,,,,,,,0.0,,,,,ultralytics,0.0,0
941,15.6982,,,,,,,,0.0,,,,,ultralytics,0.0,0
942,15.7149,,,,,,,,0.0,,,,,ultralytics,0.0,0
943,15.7316,,,,,,,,0.0,,,,,ultralytics,0.0,0
944,15.7483,350.17,471.17,349.98,471.46,4.98,,,0.081,344.31,466.47,355.65,476.44,ultralytics,0.081,1
945,15.765,350.01,471.64,349.92,471.73,4.66,,,0.091,344.1,467.07,355.75,476.39,ultralytics,0.091,1
946,15.7817,350.02,471.9,350.08,471.84,4.68,,,0.145,344.41,467.16,355.75,476.52,ultralytics,0.145,1
947,15.7983,350.0,472.0,350.09,472.32,5.27,,,0.25,344.1,467.05,356.09,477.59,ultralytics,0.25,1
948,15.815,349.9,471.94,349.83,471.71,5.16,,,0.075,344.16,466.55,355.51,476.87,ultralytics,0.075,1
949,15.8317,349.8,471.94,349.85,471.94,4.73,,,0.134,344.11,467.2,355.58,476.67,ultralytics,0.134,1
950,15.8484,349.75,472.08,349.69,471.97,4.56,,,0.186,343.9,467.41,355.49,476.53,ultralytics,0.186,1
951,15.8651,349.95,472.3,349.48,472.4,4.63,,,0.091,343.56,467.77,355.4,477.03,ultralytics,0.091,1
952,15.8818,,,,,,,,0.0,,,,,ultralytics,0.0,0
953,15.8984,,,,,,,,0.0,,,,,ultralytics,0.0,0
954,15.9151,,,,,,,,0.0,,,,,ultralytics,0.0,0
955,15.9318,,,,,,,,0.0,,,,,ultralytics,0.0,0
956,15.9485,,,,,,,,0.0,,,,,ultralytics,0.0,0
957,15.9652,,,,,,,,0.0,,,,,ultralytics,0.0,0
958,15.9818,,,,,,,,0.0,,,,,ultralytics,0.0,0
959,15.9985,,,,,,,,0.0,,,,,ultralytics,0.0,0
960,16.0152,,,,,,,,0.0,,,,,ultralytics,0.0,0
961,16.0319,,,,,,,,0.0,,,,,ultralytics,0.0,0
962,16.0486,,,,,,,,0.0,,,,,ultralytics,0.0,0
963,16.0653,,,,,,,,0.0,,,,,ultralytics,0.0,0
964,16.0819,,,,,,,,0.0,,,,,ultralytics,0.0,0
965,16.0986,,,,,,,,0.0,,,,,ultralytics,0.0,0
966,16.1153,,,,,,,,0.0,,,,,ultralytics,0.0,0
967,16.132,,,,,,,,0.0,,,,,ultralytics,0.0,0
968,16.1487,,,,,,,,0.0,,,,,ultralytics,0.0,0
969,16.1654,,,,,,,,0.0,,,,,ultralytics,0.0,0
970,16.182,,,,,,,,0.0,,,,,ultralytics,0.0,0
971,16.1987,,,,,,,,0.0,,,,,ultralytics,0.0,0
972,16.2154,,,,,,,,0.0,,,,,ultralytics,0.0,0
973,16.2321,,,,,,,,0.0,,,,,ultralytics,0.0,0
974,16.2488,,,,,,,,0.0,,,,,ultralytics,0.0,0
975,16.2655,,,,,,,,0.0,,,,,ultralytics,0.0,0
976,16.2821,,,,,,,,0.0,,,,,ultralytics,0.0,0
977,16.2988,,,,,,,,0.0,,,,,ultralytics,0.0,0
978,16.3155,,,,,,,,0.0,,,,,ultralytics,0.0,0
979,16.3322,,,,,,,,0.0,,,,,ultralytics,0.0,0
980,16.3489,,,,,,,,0.0,,,,,ultralytics,0.0,0
981,16.3655,350.33,472.5,350.88,472.47,4.42,,,0.059,344.88,468.05,356.88,476.88,ultralytics,0.059,1
982,16.3822,350.37,472.74,350.52,472.56,4.11,,,0.178,344.58,468.45,356.47,476.68,ultralytics,0.178,1
983,16.3989,350.06,472.96,349.95,473.34,4.95,,,0.385,343.67,468.39,356.23,478.28,ultralytics,0.385,1
984,16.4156,349.82,472.92,349.67,472.91,5.03,,,0.094,343.8,467.88,355.54,477.94,ultralytics,0.094,1
985,16.4323,349.8,472.82,349.75,472.6,5.05,,,0.111,343.86,467.55,355.64,477.65,ultralytics,0.111,1
986,16.449,349.91,472.88,349.95,472.91,4.74,,,0.185,344.13,468.18,355.76,477.65,ultralytics,0.185,1
987,16.4656,350.01,472.99,350.02,473.06,4.81,,,0.194,344.01,468.26,356.02,477.87,ultralytics,0.194,1
988,16.4823,350.11,473.06,350.05,472.99,4.88,,,0.162,344.0,468.11,356.09,477.86,ultralytics,0.162,1
989,16.499,350.24,473.12,350.28,473.18,4.9,,,0.137,344.52,468.28,356.04,478.07,ultralytics,0.137,1
990,16.5157,350.37,473.16,350.34,473.14,4.7,,,0.151,344.48,468.44,356.2,477.85,ultralytics,0.151,1
991,16.5324,350.53,473.22,350.49,473.18,5.06,,,0.141,344.55,468.12,356.44,478.24,ultralytics,0.141,1
992,16.5491,350.73,473.3,350.74,473.37,4.97,,,0.142,344.82,468.4,356.66,478.35,ultralytics,0.142,1
993,16.5657,350.95,473.35,350.95,473.3,4.8,,,0.108,345.13,468.49,356.76,478.1,ultralytics,0.108,1
994,16.5824,351.23,473.43,351.09,473.43,4.76,,,0.122,345.37,468.67,356.82,478.19,ultralytics,0.122,1
995,16.5991,351.63,473.6,351.66,473.48,5.01,,,0.114,346.03,468.47,357.3,478.49,ultralytics,0.114,1
996,16.6158,352.07,473.89,352.11,473.92,5.1,,,0.165,346.76,468.81,357.46,479.02,ultralytics,0.165,1
997,16.6325,352.49,474.25,352.44,474.15,5.14,,,0.177,347.3,469.01,357.58,479.3,ultralytics,0.177,1
998,16.6492,352.94,474.62,352.94,474.78,5.19,,,0.1,347.73,469.6,358.15,479.97,ultralytics,0.1,1
999,16.6658,353.33,474.84,353.46,474.91,5.05,,,0.151,348.14,469.86,358.78,479.97,ultralytics,0.151,1
1000,16.6825,353.58,474.91,353.62,474.9,4.65,,,0.143,348.19,470.24,359.05,479.55,ultralytics,0.143,1
1001,16.6992,353.72,474.95,353.75,474.95,4.7,,,0.184,348.06,470.26,359.44,479.65,ultralytics,0.184,1
1002,16.7159,353.85,475.04,353.77,474.94,4.81,,,0.266,347.97,470.13,359.57,479.75,ultralytics,0.266,1
1003,16.7326,354.03,475.17,354.07,475.31,4.9,,,0.185,348.47,470.4,359.68,480.21,ultralytics,0.185,1
1004,16.7492,354.26,475.22,354.17,475.19,4.59,,,0.147,348.77,470.6,359.58,479.78,ultralytics,0.147,1
1005,16.7659,354.52,475.2,354.57,475.3,4.54,,,0.155,349.05,470.76,360.1,479.83,ultralytics,0.155,1
1006,16.7826,354.75,475.12,354.8,475.05,4.69,,,0.177,349.13,470.36,360.48,479.74,ultralytics,0.177,1
1007,16.7993,354.96,475.03,354.89,475.12,4.66,,,0.205,349.34,470.46,360.44,479.78,ultralytics,0.205,1
1008,16.816,355.29,474.92,355.12,474.85,4.8,,,0.147,349.77,470.05,360.48,479.65,ultralytics,0.147,1
1009,16.8327,391.29,473.28,355.93,474.76,4.67,,,0.074,350.52,470.09,361.33,479.42,ultralytics,0.074,1
1010,16.8493,515.95,467.64,355.91,475.19,4.79,,,0.062,350.82,470.39,360.99,479.98,ultralytics,0.062,1
1011,16.866,,,,,,,,0.0,,,,,ultralytics,0.0,0
1012,16.8827,,,,,,,,0.0,,,,,ultralytics,0.0,0
1013,16.8994,,,,,,,,0.0,,,,,ultralytics,0.0,0
1014,16.9161,,,,,,,,0.0,,,,,ultralytics,0.0,0
1015,16.9328,621.52,462.8,1009.65,444.89,10.55,,,0.351,996.04,434.34,1023.27,455.44,ultralytics,0.351,1
1016,16.9494,,,,,,,,0.0,,,,,ultralytics,0.0,0
1017,16.9661,,,,,,,,0.0,,,,,ultralytics,0.0,0
1018,16.9828,,,,,,,,0.0,,,,,ultralytics,0.0,0
1019,16.9995,,,,,,,,0.0,,,,,ultralytics,0.0,0
1020,17.0162,,,,,,,,0.0,,,,,ultralytics,0.0,0
1021,17.0328,,,,,,,,0.0,,,,,ultralytics,0.0,0
1022,17.0495,,,,,,,,0.0,,,,,ultralytics,0.0,0
1023,17.0662,,,,,,,,0.0,,,,,ultralytics,0.0,0
1024,17.0829,521.29,467.37,363.9,474.67,4.93,,,0.072,357.8,469.74,370.0,479.6,ultralytics,0.072,1
1025,17.0996,399.49,472.92,364.24,474.5,5.03,,,0.106,358.52,469.48,369.96,479.53,ultralytics,0.106,1
1026,17.1163,364.68,474.48,364.73,474.45,5.25,,,0.106,359.22,469.2,370.24,479.69,ultralytics,0.106,1
1027,17.1329,365.13,474.32,365.0,474.6,4.99,,,0.105,359.71,469.61,370.3,479.59,ultralytics,0.105,1
1028,17.1496,365.62,474.0,365.72,473.81,4.82,,,0.095,360.14,468.99,371.3,478.63,ultralytics,0.095,1
1029,17.1663,366.03,473.66,366.12,473.75,5.03,,,0.158,360.59,468.72,371.65,478.77,ultralytics,0.158,1
1030,17.183,366.29,473.34,366.32,473.36,5.03,,,0.117,360.7,468.33,371.94,478.39,ultralytics,0.117,1
1031,17.1997,365.12,482.42,366.44,472.81,4.84,,,0.099,360.87,467.97,372.01,477.65,ultralytics,0.099,1
1032,17.2164,422.62,516.16,366.8,473.24,4.54,,,0.125,361.17,468.7,372.43,477.79,ultralytics,0.125,1
1033,17.233,,,,,,,,0.0,,,,,ultralytics,0.0,0
1034,17.2497,,,,,,,,0.0,,,,,ultralytics,0.0,0
1035,17.2664,,,,,,,,0.0,,,,,ultralytics,0.0,0
1036,17.2831,,,,,,,,0.0,,,,,ultralytics,0.0,0
1037,17.2998,,,,,,,,0.0,,,,,ultralytics,0.0,0
1038,17.3165,,,,,,,,0.0,,,,,ultralytics,0.0,0
1039,17.3331,,,,,,,,0.0,,,,,ultralytics,0.0,0
1040,17.3498,,,,,,,,0.0,,,,,ultralytics,0.0,0
1041,17.3665,,,,,,,,0.0,,,,,ultralytics,0.0,0
1042,17.3832,,,,,,,,0.0,,,,,ultralytics,0.0,0
1043,17.3999,,,,,,,,0.0,,,,,ultralytics,0.0,0
1044,17.4165,,,,,,,,0.0,,,,,ultralytics,0.0,0
1045,17.4332,,,,,,,,0.0,,,,,ultralytics,0.0,0
1046,17.4499,,,,,,,,0.0,,,,,ultralytics,0.0,0
1047,17.4666,,,,,,,,0.0,,,,,ultralytics,0.0,0
1048,17.4833,,,,,,,,0.0,,,,,ultralytics,0.0,0
1049,17.5,,,,,,,,0.0,,,,,ultralytics,0.0,0
1050,17.5166,,,,,,,,0.0,,,,,ultralytics,0.0,0
1051,17.5333,,,,,,,,0.0,,,,,ultralytics,0.0,0
1052,17.55,,,,,,,,0.0,,,,,ultralytics,0.0,0
1053,17.5667,,,,,,,,0.0,,,,,ultralytics,0.0,0
1054,17.5834,696.75,549.14,341.53,643.87,12.43,,,0.585,325.61,631.43,357.45,656.3,ultralytics,0.585,1
1055,17.6001,,,,,,,,0.0,,,,,ultralytics,0.0,0
1056,17.6167,,,,,,,,0.0,,,,,ultralytics,0.0,0
1057,17.6334,,,,,,,,0.0,,,,,ultralytics,0.0,0
1058,17.6501,,,,,,,,0.0,,,,,ultralytics,0.0,0
1059,17.6668,,,,,,,,0.0,,,,,ultralytics,0.0,0
1060,17.6835,,,,,,,,0.0,,,,,ultralytics,0.0,0
1061,17.7001,,,,,,,,0.0,,,,,ultralytics,0.0,0
1062,17.7168,,,,,,,,0.0,,,,,ultralytics,0.0,0
1063,17.7335,,,,,,,,0.0,,,,,ultralytics,0.0,0
1064,17.7502,,,,,,,,0.0,,,,,ultralytics,0.0,0
1065,17.7669,,,,,,,,0.0,,,,,ultralytics,0.0,0
1066,17.7836,,,,,,,,0.0,,,,,ultralytics,0.0,0
1067,17.8002,,,,,,,,0.0,,,,,ultralytics,0.0,0
1068,17.8169,,,,,,,,0.0,,,,,ultralytics,0.0,0
1069,17.8336,,,,,,,,0.0,,,,,ultralytics,0.0,0
1070,17.8503,,,,,,,,0.0,,,,,ultralytics,0.0,0
1071,17.867,,,,,,,,0.0,,,,,ultralytics,0.0,0
1072,17.8837,,,,,,,,0.0,,,,,ultralytics,0.0,0
1073,17.9003,,,,,,,,0.0,,,,,ultralytics,0.0,0
1074,17.917,,,,,,,,0.0,,,,,ultralytics,0.0,0
1075,17.9337,,,,,,,,0.0,,,,,ultralytics,0.0,0
1076,17.9504,,,,,,,,0.0,,,,,ultralytics,0.0,0
1077,17.9671,,,,,,,,0.0,,,,,ultralytics,0.0,0
1078,17.9838,,,,,,,,0.0,,,,,ultralytics,0.0,0
1079,18.0004,,,,,,,,0.0,,,,,ultralytics,0.0,0
1080,18.0171,,,,,,,,0.0,,,,,ultralytics,0.0,0
1081,18.0338,1096.98,529.69,1506.59,498.0,12.34,,,0.186,1494.04,485.66,1519.14,510.34,ultralytics,0.186,1
1082,18.0505,1102.97,494.66,1501.07,494.88,12.58,,,0.114,1487.37,482.3,1514.77,507.46,ultralytics,0.114,1
1083,18.0672,,,,,,,,0.0,,,,,ultralytics,0.0,0
1084,18.0838,,,,,,,,0.0,,,,,ultralytics,0.0,0
1085,18.1005,,,,,,,,0.0,,,,,ultralytics,0.0,0
1086,18.1172,,,,,,,,0.0,,,,,ultralytics,0.0,0
1087,18.1339,,,,,,,,0.0,,,,,ultralytics,0.0,0
1088,18.1506,,,,,,,,0.0,,,,,ultralytics,0.0,0
1089,18.1673,,,,,,,,0.0,,,,,ultralytics,0.0,0
1090,18.1839,,,,,,,,0.0,,,,,ultralytics,0.0,0
1091,18.2006,711.92,473.59,375.18,464.5,4.92,,,0.078,369.59,459.58,380.76,469.42,ultralytics,0.078,1
1092,18.2173,436.87,465.78,375.69,463.97,5.07,,,0.175,369.92,458.9,381.46,469.04,ultralytics,0.175,1
1093,18.234,375.62,463.91,375.62,463.96,5.16,,,0.126,370.04,458.8,381.19,469.12,ultralytics,0.126,1
1094,18.2507,375.55,463.41,375.75,464.02,5.15,,,0.22,370.6,458.82,380.91,469.23,ultralytics,0.22,2
1095,18.2674,375.3,462.47,375.22,462.25,5.73,,,0.08,369.49,455.76,380.95,468.75,ultralytics,0.08,1
1096,18.284,,,,,,,,0.0,,,,,ultralytics,0.0,0
1097,18.3007,,,,,,,,0.0,,,,,ultralytics,0.0,0
1098,18.3174,,,,,,,,0.0,,,,,ultralytics,0.0,0
1099,18.3341,,,,,,,,0.0,,,,,ultralytics,0.0,0
1100,18.3508,,,,,,,,0.0,,,,,ultralytics,0.0,0
1101,18.3674,,,,,,,,0.0,,,,,ultralytics,0.0,0
1102,18.3841,,,,,,,,0.0,,,,,ultralytics,0.0,0
1103,18.4008,374.96,461.7,375.06,461.16,5.25,,,0.119,368.71,455.91,381.41,466.41,ultralytics,0.119,1
1104,18.4175,406.97,464.21,374.61,461.6,4.45,,,0.067,368.48,457.15,380.74,466.05,ultralytics,0.067,1
1105,18.4342,551.99,476.63,373.9,461.39,4.64,,,0.067,367.46,456.75,380.34,466.03,ultralytics,0.067,1
1106,18.4509,,,,,,,,0.0,,,,,ultralytics,0.0,0
1107,18.4675,,,,,,,,0.0,,,,,ultralytics,0.0,0
1108,18.4842,,,,,,,,0.0,,,,,ultralytics,0.0,0
1109,18.5009,,,,,,,,0.0,,,,,ultralytics,0.0,0
1110,18.5176,,,,,,,,0.0,,,,,ultralytics,0.0,0
1111,18.5343,,,,,,,,0.0,,,,,ultralytics,0.0,0
1112,18.551,,,,,,,,0.0,,,,,ultralytics,0.0,0
1113,18.5676,,,,,,,,0.0,,,,,ultralytics,0.0,0
1114,18.5843,,,,,,,,0.0,,,,,ultralytics,0.0,0
1115,18.601,,,,,,,,0.0,,,,,ultralytics,0.0,0
1116,18.6177,,,,,,,,0.0,,,,,ultralytics,0.0,0
1117,18.6344,,,,,,,,0.0,,,,,ultralytics,0.0,0
1118,18.6511,,,,,,,,0.0,,,,,ultralytics,0.0,0
1119,18.6677,,,,,,,,0.0,,,,,ultralytics,0.0,0
1120,18.6844,,,,,,,,0.0,,,,,ultralytics,0.0,0
1121,18.7011,,,,,,,,0.0,,,,,ultralytics,0.0,0
1122,18.7178,791.96,498.26,969.06,511.73,12.32,,,0.061,956.75,497.16,981.38,526.3,ultralytics,0.061,1
1123,18.7345,938.79,515.23,970.56,514.84,12.61,,,0.138,957.95,502.14,983.17,527.54,ultralytics,0.138,1
1124,18.7511,,,,,,,,0.0,,,,,ultralytics,0.0,0
1125,18.7678,973.65,526.64,973.84,526.34,12.62,,,0.147,961.22,511.34,986.46,541.34,ultralytics,0.147,1
1126,18.7845,,,,,,,,0.0,,,,,ultralytics,0.0,0
1127,18.8012,976.44,537.93,976.27,537.8,13.29,,,0.109,962.98,523.39,989.57,552.21,ultralytics,0.109,1
1128,18.8179,980.71,561.51,978.88,546.59,12.16,,,0.077,966.72,533.18,991.05,559.99,ultralytics,0.077,1
1129,18.8346,,,,,,,,0.0,,,,,ultralytics,0.0,0
1130,18.8512,,,,,,,,0.0,,,,,ultralytics,0.0,0
1131,18.8679,988.92,616.65,984.23,575.2,11.83,,,0.053,972.4,560.19,996.06,590.2,ultralytics,0.053,1
1132,18.8846,,,,,,,,0.0,,,,,ultralytics,0.0,0
1133,18.9013,,,,,,,,0.0,,,,,ultralytics,0.0,0
1134,18.918,,,,,,,,0.0,,,,,ultralytics,0.0,0
1135,18.9347,,,,,,,,0.0,,,,,ultralytics,0.0,0
1136,18.9513,,,,,,,,0.0,,,,,ultralytics,0.0,0
1137,18.968,,,,,,,,0.0,,,,,ultralytics,0.0,0
1138,18.9847,,,,,,,,0.0,,,,,ultralytics,0.0,0
1139,19.0014,,,,,,,,0.0,,,,,ultralytics,0.0,0
1140,19.0181,,,,,,,,0.0,,,,,ultralytics,0.0,0
1141,19.0347,,,,,,,,0.0,,,,,ultralytics,0.0,0
1142,19.0514,,,,,,,,0.0,,,,,ultralytics,0.0,0
1143,19.0681,999.62,684.63,1005.17,751.82,11.92,,,0.206,993.25,736.54,1017.1,767.1,ultralytics,0.206,1
1144,19.0848,,,,,,,,0.0,,,,,ultralytics,0.0,0
1145,19.1015,,,,,,,,0.0,,,,,ultralytics,0.0,0
1146,19.1182,,,,,,,,0.0,,,,,ultralytics,0.0,0
1147,19.1348,972.1,697.66,1008.31,709.89,12.24,,,0.097,996.07,693.71,1020.55,726.06,ultralytics,0.097,1
1148,19.1515,820.08,635.38,1009.37,703.34,11.94,,,0.064,997.43,690.11,1021.31,716.58,ultralytics,0.064,1
1149,19.1682,,,,,,,,0.0,,,,,ultralytics,0.0,0
1150,19.1849,,,,,,,,0.0,,,,,ultralytics,0.0,0
1151,19.2016,,,,,,,,0.0,,,,,ultralytics,0.0,0
1152,19.2183,,,,,,,,0.0,,,,,ultralytics,0.0,0
1153,19.2349,566.04,534.26,377.24,461.51,4.74,,,0.055,372.29,456.77,382.19,466.25,ultralytics,0.055,1
1154,19.2516,411.74,475.06,377.43,462.04,5.03,,,0.096,372.4,456.85,382.45,467.23,ultralytics,0.096,1
1155,19.2683,377.25,462.03,377.17,462.03,4.86,,,0.109,372.32,456.79,382.03,467.28,ultralytics,0.109,1
1156,19.285,377.22,462.11,377.21,462.1,4.88,,,0.091,372.33,456.97,382.08,467.24,ultralytics,0.091,1
1157,19.3017,377.23,462.15,377.26,462.21,4.94,,,0.096,372.31,457.05,382.2,467.36,ultralytics,0.096,1
1158,19.3184,377.23,462.15,377.21,462.11,5.01,,,0.11,372.2,456.78,382.22,467.44,ultralytics,0.11,2
1159,19.335,377.25,462.15,377.23,462.15,5.01,,,0.109,372.23,456.9,382.24,467.4,ultralytics,0.109,2
1160,19.3517,377.36,462.17,377.22,462.16,5.0,,,0.163,372.22,456.92,382.23,467.39,ultralytics,0.163,2
1161,19.3684,377.54,462.19,377.69,462.21,5.1,,,0.21,372.52,457.11,382.86,467.31,ultralytics,0.21,2
1162,19.3851,377.64,462.21,377.66,462.19,5.16,,,0.204,372.5,456.99,382.82,467.39,ultralytics,0.204,2
1163,19.4018,377.67,462.31,377.62,462.19,5.07,,,0.21,372.45,457.12,382.79,467.26,ultralytics,0.21,2
1164,19.4184,377.76,462.5,377.72,462.58,5.05,,,0.173,372.67,457.44,382.78,467.71,ultralytics,0.173,2
1165,19.4351,377.95,462.69,377.88,462.65,4.92,,,0.179,372.97,457.53,382.8,467.76,ultralytics,0.179,2
1166,19.4518,378.11,462.85,378.33,462.9,5.17,,,0.246,373.16,457.73,383.5,468.07,ultralytics,0.246,2
1167,19.4685,378.17,462.99,378.05,462.99,5.1,,,0.197,372.95,457.87,383.15,468.11,ultralytics,0.197,2
1168,19.4852,378.24,463.12,378.23,463.08,4.88,,,0.186,373.1,458.2,383.37,467.96,ultralytics,0.186,2
1169,19.5019,378.37,463.25,378.35,463.34,4.83,,,0.144,373.25,458.51,383.45,468.17,ultralytics,0.144,1
1170,19.5185,378.54,463.35,378.54,463.3,4.72,,,0.108,373.46,458.58,383.63,468.02,ultralytics,0.108,2
1171,19.5352,414.78,480.41,378.72,463.46,4.69,,,0.085,373.52,458.77,383.92,468.16,ultralytics,0.085,2
1172,19.5519,576.78,555.35,378.88,463.46,4.67,,,0.064,373.65,458.79,384.12,468.12,ultralytics,0.064,1
1173,19.5686,,,,,,,,0.0,,,,,ultralytics,0.0,0
1174,19.5853,,,,,,,,0.0,,,,,ultralytics,0.0,0
1175,19.602,,,,,,,,0.0,,,,,ultralytics,0.0,0
1176,19.6186,,,,,,,,0.0,,,,,ultralytics,0.0,0
1177,19.6353,844.33,674.89,1040.95,775.35,12.7,,,0.686,1028.25,761.3,1053.64,789.39,ultralytics,0.686,1
1178,19.652,,,,,,,,0.0,,,,,ultralytics,0.0,0
1179,19.6687,,,,,,,,0.0,,,,,ultralytics,0.0,0
1180,19.6854,1007.76,739.69,1044.67,752.15,12.8,,,0.407,1031.87,737.43,1057.47,766.88,ultralytics,0.407,1
1181,19.7021,1045.47,746.48,1045.3,745.24,12.95,,,0.505,1032.35,730.43,1058.24,760.04,ultralytics,0.505,1
1182,19.7187,1046.86,739.72,1046.94,739.12,13.01,,,0.506,1033.93,724.86,1059.95,753.39,ultralytics,0.506,1
1183,19.7354,1048.07,734.84,1048.29,734.42,12.97,,,0.594,1035.31,720.45,1061.26,748.38,ultralytics,0.594,1
1184,19.7521,1049.09,730.79,1049.04,730.66,12.44,,,0.719,1036.6,716.74,1061.47,744.57,ultralytics,0.719,1
1185,19.7688,1050.09,727.19,1049.94,727.18,13.05,,,0.731,1036.89,713.56,1063.0,740.8,ultralytics,0.731,1
1186,19.7855,1051.19,724.17,1051.31,723.32,13.67,,,0.672,1037.64,709.39,1064.99,737.25,ultralytics,0.672,1
1187,19.8021,1052.36,722.14,1052.17,721.87,12.89,,,0.78,1038.79,708.98,1065.55,734.76,ultralytics,0.78,1
1188,19.8188,1053.57,721.04,1053.73,720.71,12.7,,,0.807,1040.98,708.01,1066.49,733.41,ultralytics,0.807,1
1189,19.8355,1054.74,720.75,1054.68,720.24,12.51,,,0.818,1042.13,707.73,1067.24,732.75,ultralytics,0.818,1
1190,19.8522,1055.83,721.38,1055.93,721.0,12.44,,,0.759,1043.48,708.56,1068.39,733.44,ultralytics,0.759,1
1191,19.8689,1056.75,722.96,1056.93,722.47,12.45,,,0.734,1044.48,709.4,1069.37,735.55,ultralytics,0.734,1
1192,19.8856,1057.54,725.45,1057.36,725.14,12.84,,,0.767,1044.52,711.34,1070.2,738.95,ultralytics,0.767,1
1193,19.9022,1058.35,728.72,1058.43,728.36,12.54,,,0.845,1045.89,714.17,1070.97,742.54,ultralytics,0.845,1
1194,19.9189,1059.22,732.65,1059.16,732.51,12.11,,,0.804,1047.05,718.16,1071.27,746.86,ultralytics,0.804,1
1195,19.9356,1060.49,739.23,1060.07,736.72,13.17,,,0.694,1046.9,721.84,1073.24,751.6,ultralytics,0.694,1
1196,19.9523,1062.91,752.86,1061.3,742.23,12.32,,,0.654,1048.97,727.57,1073.62,756.89,ultralytics,0.654,1
1197,19.969,,,,,,,,0.0,,,,,ultralytics,0.0,0
1198,19.9857,,,,,,,,0.0,,,,,ultralytics,0.0,0
1199,20.0023,,,,,,,,0.0,,,,,ultralytics,0.0,0
1200,20.019,,,,,,,,0.0,,,,,ultralytics,0.0,0
1201,20.0357,,,,,,,,0.0,,,,,ultralytics,0.0,0
1202,20.0524,1066.11,769.82,1068.0,785.4,12.94,,,0.724,1055.06,770.01,1080.94,800.8,ultralytics,0.724,1
1203,20.0691,1068.15,776.32,1068.56,778.34,13.01,,,0.767,1055.55,763.67,1081.57,793.01,ultralytics,0.767,1
1204,20.0857,1068.95,773.53,1068.83,773.28,13.07,,,0.715,1055.76,758.7,1081.9,787.85,ultralytics,0.715,1
1205,20.1024,1069.44,768.86,1069.6,768.5,13.0,,,0.755,1056.6,754.19,1082.59,782.81,ultralytics,0.755,1
1206,20.1191,1070.09,764.88,1069.59,764.57,13.02,,,0.806,1056.57,750.17,1082.61,778.98,ultralytics,0.806,1
1207,20.1358,1093.58,742.2,1071.19,761.37,12.93,,,0.774,1058.26,747.03,1084.12,775.72,ultralytics,0.774,1
1208,20.1525,1135.18,656.82,1072.23,758.29,13.12,,,0.787,1059.06,745.17,1085.4,771.41,ultralytics,0.787,1
1209,20.1692,,,,,,,,0.0,,,,,ultralytics,0.0,0
1210,20.1858,,,,,,,,0.0,,,,,ultralytics,0.0,0
1211,20.2025,,,,,,,,0.0,,,,,ultralytics,0.0,0
1212,20.2192,,,,,,,,0.0,,,,,ultralytics,0.0,0
1213,20.2359,,,,,,,,0.0,,,,,ultralytics,0.0,0
1214,20.2526,,,,,,,,0.0,,,,,ultralytics,0.0,0
1215,20.2693,,,,,,,,0.0,,,,,ultralytics,0.0,0
1216,20.2859,,,,,,,,0.0,,,,,ultralytics,0.0,0
1217,20.3026,,,,,,,,0.0,,,,,ultralytics,0.0,0
1218,20.3193,,,,,,,,0.0,,,,,ultralytics,0.0,0
1219,20.336,,,,,,,,0.0,,,,,ultralytics,0.0,0
1220,20.3527,,,,,,,,0.0,,,,,ultralytics,0.0,0
1221,20.3694,,,,,,,,0.0,,,,,ultralytics,0.0,0
1222,20.386,,,,,,,,0.0,,,,,ultralytics,0.0,0
1223,20.4027,,,,,,,,0.0,,,,,ultralytics,0.0,0
1224,20.4194,,,,,,,,0.0,,,,,ultralytics,0.0,0
1225,20.4361,,,,,,,,0.0,,,,,ultralytics,0.0,0
1226,20.4528,,,,,,,,0.0,,,,,ultralytics,0.0,0
1227,20.4694,,,,,,,,0.0,,,,,ultralytics,0.0,0
1228,20.4861,,,,,,,,0.0,,,,,ultralytics,0.0,0
1229,20.5028,,,,,,,,0.0,,,,,ultralytics,0.0,0
1230,20.5195,,,,,,,,0.0,,,,,ultralytics,0.0,0
1231,20.5362,,,,,,,,0.0,,,,,ultralytics,0.0,0
1232,20.5529,,,,,,,,0.0,,,,,ultralytics,0.0,0
1233,20.5695,,,,,,,,0.0,,,,,ultralytics,0.0,0
1234,20.5862,,,,,,,,0.0,,,,,ultralytics,0.0,0
1235,20.6029,,,,,,,,0.0,,,,,ultralytics,0.0,0
1236,20.6196,,,,,,,,0.0,,,,,ultralytics,0.0,0
1237,20.6363,,,,,,,,0.0,,,,,ultralytics,0.0,0
1238,20.653,,,,,,,,0.0,,,,,ultralytics,0.0,0
1239,20.6696,,,,,,,,0.0,,,,,ultralytics,0.0,0
1240,20.6863,,,,,,,,0.0,,,,,ultralytics,0.0,0
1241,20.703,,,,,,,,0.0,,,,,ultralytics,0.0,0
1242,20.7197,,,,,,,,0.0,,,,,ultralytics,0.0,0
1243,20.7364,,,,,,,,0.0,,,,,ultralytics,0.0,0
1244,20.753,,,,,,,,0.0,,,,,ultralytics,0.0,0
1245,20.7697,,,,,,,,0.0,,,,,ultralytics,0.0,0
1246,20.7864,,,,,,,,0.0,,,,,ultralytics,0.0,0
1247,20.8031,,,,,,,,0.0,,,,,ultralytics,0.0,0
1248,20.8198,,,,,,,,0.0,,,,,ultralytics,0.0,0
1249,20.8365,,,,,,,,0.0,,,,,ultralytics,0.0,0
1250,20.8531,,,,,,,,0.0,,,,,ultralytics,0.0,0
1251,20.8698,,,,,,,,0.0,,,,,ultralytics,0.0,0
1252,20.8865,,,,,,,,0.0,,,,,ultralytics,0.0,0
1253,20.9032,,,,,,,,0.0,,,,,ultralytics,0.0,0
1254,20.9199,,,,,,,,0.0,,,,,ultralytics,0.0,0
1255,20.9366,,,,,,,,0.0,,,,,ultralytics,0.0,0
1256,20.9532,,,,,,,,0.0,,,,,ultralytics,0.0,0
1257,20.9699,,,,,,,,0.0,,,,,ultralytics,0.0,0
1258,20.9866,,,,,,,,0.0,,,,,ultralytics,0.0,0
1259,21.0033,,,,,,,,0.0,,,,,ultralytics,0.0,0
1260,21.02,,,,,,,,0.0,,,,,ultralytics,0.0,0
1261,21.0367,,,,,,,,0.0,,,,,ultralytics,0.0,0
1262,21.0533,,,,,,,,0.0,,,,,ultralytics,0.0,0
1263,21.07,,,,,,,,0.0,,,,,ultralytics,0.0,0
1264,21.0867,,,,,,,,0.0,,,,,ultralytics,0.0,0
1265,21.1034,,,,,,,,0.0,,,,,ultralytics,0.0,0
1266,21.1201,,,,,,,,0.0,,,,,ultralytics,0.0,0
1267,21.1367,,,,,,,,0.0,,,,,ultralytics,0.0,0
1268,21.1534,1031.87,529.82,1486.26,401.91,9.58,,,0.053,1472.91,392.33,1499.6,411.49,ultralytics,0.053,1
1269,21.1701,,,,,,,,0.0,,,,,ultralytics,0.0,0
1270,21.1868,,,,,,,,0.0,,,,,ultralytics,0.0,0
1271,21.2035,,,,,,,,0.0,,,,,ultralytics,0.0,0
1272,21.2202,,,,,,,,0.0,,,,,ultralytics,0.0,0
1273,21.2368,,,,,,,,0.0,,,,,ultralytics,0.0,0
1274,21.2535,,,,,,,,0.0,,,,,ultralytics,0.0,0
1275,21.2702,,,,,,,,0.0,,,,,ultralytics,0.0,0
1276,21.2869,,,,,,,,0.0,,,,,ultralytics,0.0,0
1277,21.3036,,,,,,,,0.0,,,,,ultralytics,0.0,0
1278,21.3203,,,,,,,,0.0,,,,,ultralytics,0.0,0
1279,21.3369,,,,,,,,0.0,,,,,ultralytics,0.0,0
1280,21.3536,,,,,,,,0.0,,,,,ultralytics,0.0,0
1281,21.3703,687.27,471.33,379.21,473.21,4.3,,,0.082,373.34,468.91,385.09,477.52,ultralytics,0.082,1
1282,21.387,439.26,469.39,379.21,473.15,4.53,,,0.075,373.11,468.61,385.3,477.68,ultralytics,0.075,1
1283,21.4037,,,,,,,,0.0,,,,,ultralytics,0.0,0
1284,21.4203,378.5,473.52,378.37,473.4,4.99,,,0.08,372.72,468.41,384.02,478.39,ultralytics,0.08,1
1285,21.437,378.06,473.92,378.05,473.98,4.84,,,0.156,372.81,469.14,383.29,478.81,ultralytics,0.156,1
1286,21.4537,377.68,474.37,377.65,474.29,4.94,,,0.208,372.55,469.36,382.75,479.23,ultralytics,0.208,1
1287,21.4704,377.32,474.78,377.38,474.95,4.95,,,0.181,372.38,470.0,382.39,479.9,ultralytics,0.181,1
1288,21.4871,377.0,475.04,376.87,475.08,4.86,,,0.159,372.01,469.8,381.73,480.36,ultralytics,0.159,1
1289,21.5038,376.8,475.22,376.76,475.19,5.06,,,0.114,371.71,469.74,381.82,480.63,ultralytics,0.114,1
1290,21.5204,376.64,475.48,376.73,475.28,5.28,,,0.193,371.45,469.68,382.01,480.88,ultralytics,0.193,1
1291,21.5371,376.42,475.87,376.43,476.05,4.99,,,0.247,371.29,471.07,381.56,481.04,ultralytics,0.247,1
1292,21.5538,376.09,476.2,376.19,476.15,4.98,,,0.168,370.82,471.17,381.56,481.12,ultralytics,0.168,1
1293,21.5705,375.28,476.82,375.64,476.58,4.57,,,0.061,370.32,472.01,380.97,481.15,ultralytics,0.061,1
1294,21.5872,373.02,478.77,375.28,476.43,4.44,,,0.054,369.8,471.98,380.76,480.87,ultralytics,0.054,2
1295,21.6039,,,,,,,,0.0,,,,,ultralytics,0.0,1
1296,21.6205,,,,,,,,0.0,,,,,ultralytics,0.0,0
1297,21.6372,,,,,,,,0.0,,,,,ultralytics,0.0,0
1298,21.6539,,,,,,,,0.0,,,,,ultralytics,0.0,0
1299,21.6706,,,,,,,,0.0,,,,,ultralytics,0.0,0
1300,21.6873,,,,,,,,0.0,,,,,ultralytics,0.0,0
1301,21.704,,,,,,,,0.0,,,,,ultralytics,0.0,0
1302,21.7206,,,,,,,,0.0,,,,,ultralytics,0.0,0
1303,21.7373,,,,,,,,0.0,,,,,ultralytics,0.0,0
1304,21.754,,,,,,,,0.0,,,,,ultralytics,0.0,0
1305,21.7707,,,,,,,,0.0,,,,,ultralytics,0.0,0
1306,21.7874,,,,,,,,0.0,,,,,ultralytics,0.0,0
1307,21.804,,,,,,,,0.0,,,,,ultralytics,0.0,0
1308,21.8207,,,,,,,,0.0,,,,,ultralytics,0.0,0
1309,21.8374,,,,,,,,0.0,,,,,ultralytics,0.0,0
1310,21.8541,,,,,,,,0.0,,,,,ultralytics,0.0,0
1311,21.8708,,,,,,,,0.0,,,,,ultralytics,0.0,0
1312,21.8875,,,,,,,,0.0,,,,,ultralytics,0.0,0
1313,21.9041,,,,,,,,0.0,,,,,ultralytics,0.0,0
1314,21.9208,,,,,,,,0.0,,,,,ultralytics,0.0,0
1315,21.9375,,,,,,,,0.0,,,,,ultralytics,0.0,0
1316,21.9542,,,,,,,,0.0,,,,,ultralytics,0.0,0
1317,21.9709,,,,,,,,0.0,,,,,ultralytics,0.0,0
1318,21.9876,,,,,,,,0.0,,,,,ultralytics,0.0,0
1319,22.0042,369.6,481.91,367.35,484.2,4.41,,,0.138,361.74,479.8,372.97,488.61,ultralytics,0.138,1
1320,22.0209,367.43,483.95,366.9,484.17,4.5,,,0.086,361.56,479.67,372.24,488.67,ultralytics,0.086,1
1321,22.0376,366.82,484.7,366.82,484.74,4.71,,,0.132,361.1,480.03,372.55,489.46,ultralytics,0.132,1
1322,22.0543,366.68,485.05,366.65,485.12,4.86,,,0.153,361.11,480.26,372.19,489.99,ultralytics,0.153,1
1323,22.071,366.51,485.35,366.63,485.32,5.27,,,0.281,360.92,480.05,372.34,490.59,ultralytics,0.281,1
1324,22.0876,366.23,485.79,366.26,485.54,5.17,,,0.292,361.09,480.03,371.43,491.05,ultralytics,0.292,1
1325,22.1043,365.86,486.54,365.86,486.44,5.27,,,0.362,360.59,480.81,371.12,492.07,ultralytics,0.362,1
1326,22.121,365.53,487.49,365.42,487.55,5.35,,,0.449,360.07,481.8,370.77,493.31,ultralytics,0.449,1
1327,22.1377,365.31,488.4,365.31,488.5,5.01,,,0.302,360.31,483.14,370.32,493.87,ultralytics,0.302,1
1328,22.1544,365.14,489.34,365.06,489.23,5.09,,,0.221,359.97,483.77,370.15,494.69,ultralytics,0.221,1
1329,22.1711,364.72,490.87,365.43,489.76,4.95,,,0.078,360.49,484.29,370.38,495.23,ultralytics,0.078,1
1330,22.1877,,,,,,,,0.0,,,,,ultralytics,0.0,0
1331,22.2044,,,,,,,,0.0,,,,,ultralytics,0.0,0
1332,22.2211,,,,,,,,0.0,,,,,ultralytics,0.0,0
1333,22.2378,,,,,,,,0.0,,,,,ultralytics,0.0,0
1334,22.2545,,,,,,,,0.0,,,,,ultralytics,0.0,0
1335,22.2712,,,,,,,,0.0,,,,,ultralytics,0.0,0
1336,22.2878,,,,,,,,0.0,,,,,ultralytics,0.0,0
1337,22.3045,,,,,,,,0.0,,,,,ultralytics,0.0,0
1338,22.3212,363.91,493.04,363.43,493.89,4.87,,,0.074,358.56,488.73,368.31,499.05,ultralytics,0.074,1
1339,22.3379,,,,,,,,0.0,,,,,ultralytics,0.0,0
1340,22.3546,,,,,,,,0.0,,,,,ultralytics,0.0,0
1341,22.3713,363.33,494.7,363.1,495.27,4.65,,,0.065,357.79,490.62,368.4,499.92,ultralytics,0.065,1
1342,22.3879,363.2,495.48,363.14,495.34,4.61,,,0.079,357.96,490.73,368.31,499.95,ultralytics,0.079,2
1343,22.4046,363.22,495.92,363.33,496.13,4.22,,,0.072,358.16,491.91,368.5,500.35,ultralytics,0.072,2
1344,22.4213,363.18,496.2,363.23,496.18,4.3,,,0.198,358.16,491.88,368.29,500.49,ultralytics,0.198,1
1345,22.438,363.16,496.42,362.91,496.38,4.31,,,0.21,357.63,492.07,368.19,500.69,ultralytics,0.21,2
1346,22.4547,363.26,496.62,363.42,496.74,4.18,,,0.137,358.29,492.55,368.55,500.92,ultralytics,0.137,1
1347,22.4713,363.33,496.75,363.35,496.69,4.4,,,0.128,358.12,492.29,368.58,501.09,ultralytics,0.128,1
1348,22.488,363.29,496.88,363.35,496.86,4.62,,,0.178,358.17,492.24,368.54,501.48,ultralytics,0.178,1
1349,22.5047,363.16,496.99,363.2,497.14,4.98,,,0.278,358.0,492.16,368.41,502.13,ultralytics,0.278,1
1350,22.5214,363.0,497.09,362.9,496.86,5.18,,,0.213,357.3,491.68,368.5,502.04,ultralytics,0.213,1
1351,22.5381,362.93,497.33,362.97,497.36,5.48,,,0.114,357.24,491.88,368.7,502.83,ultralytics,0.114,1
1352,22.5548,363.16,497.75,362.54,497.56,4.46,,,0.099,356.46,493.1,368.62,502.02,ultralytics,0.099,1
1353,22.5714,,,,,,,,0.0,,,,,ultralytics,0.0,0
1354,22.5881,,,,,,,,0.0,,,,,ultralytics,0.0,0
1355,22.6048,363.72,498.27,364.18,498.42,4.89,,,0.114,359.1,493.53,369.26,503.31,ultralytics,0.114,1
1356,22.6215,364.08,498.64,364.22,498.81,4.97,,,0.176,359.25,493.42,369.19,504.2,ultralytics,0.176,1
1357,22.6382,364.15,498.77,364.1,498.79,5.19,,,0.122,358.91,493.42,369.3,504.15,ultralytics,0.122,1
1358,22.6549,364.18,498.83,364.11,498.7,5.38,,,0.068,358.73,493.32,369.48,504.08,ultralytics,0.068,1
1359,22.6715,364.28,498.99,364.32,499.02,5.29,,,0.104,358.97,493.73,369.67,504.32,ultralytics,0.104,1
1360,22.6882,364.37,499.19,364.42,499.2,5.19,,,0.097,359.24,493.69,369.61,504.7,ultralytics,0.097,1
1361,22.7049,431.44,511.11,364.37,499.37,5.17,,,0.065,359.2,494.13,369.53,504.61,ultralytics,0.065,1
1362,22.7216,,,,,,,,0.0,,,,,ultralytics,0.0,0
1363,22.7383,732.85,562.32,364.43,499.57,5.13,,,0.052,359.07,494.44,369.78,504.71,ultralytics,0.052,1
1364,22.755,,,,,,,,0.0,,,,,ultralytics,0.0,0
1365,22.7716,,,,,,,,0.0,,,,,ultralytics,0.0,0
1366,22.7883,,,,,,,,0.0,,,,,ultralytics,0.0,0
1367,22.805,,,,,,,,0.0,,,,,ultralytics,0.0,0
1368,22.8217,,,,,,,,0.0,,,,,ultralytics,0.0,0
1369,22.8384,,,,,,,,0.0,,,,,ultralytics,0.0,0
1370,22.855,,,,,,,,0.0,,,,,ultralytics,0.0,0
1371,22.8717,,,,,,,,0.0,,,,,ultralytics,0.0,0
1372,22.8884,,,,,,,,0.0,,,,,ultralytics,0.0,0
1373,22.9051,,,,,,,,0.0,,,,,ultralytics,0.0,0
1374,22.9218,,,,,,,,0.0,,,,,ultralytics,0.0,0
1375,22.9385,1233.19,641.29,1594.77,714.96,11.98,,,0.807,1581.36,702.97,1608.17,726.94,ultralytics,0.807,1
1376,22.9551,,,,,,,,0.0,,,,,ultralytics,0.0,0
1377,22.9718,1544.36,677.55,1612.1,687.21,12.88,,,0.727,1599.22,673.28,1624.98,701.14,ultralytics,0.727,1
1378,22.9885,,,,,,,,0.0,,,,,ultralytics,0.0,0
1379,23.0052,1623.26,671.95,1625.62,668.2,13.2,,,0.758,1612.42,653.55,1638.82,682.86,ultralytics,0.758,1
1380,23.0219,1563.04,651.18,1633.62,658.43,13.62,,,0.645,1620.01,644.64,1647.24,672.22,ultralytics,0.645,1
1381,23.0386,1260.24,606.22,1637.85,648.8,12.66,,,0.636,1625.18,633.77,1650.51,663.82,ultralytics,0.636,1
1382,23.0552,,,,,,,,0.0,,,,,ultralytics,0.0,0
1383,23.0719,,,,,,,,0.0,,,,,ultralytics,0.0,0
1384,23.0886,,,,,,,,0.0,,,,,ultralytics,0.0,0
1385,23.1053,,,,,,,,0.0,,,,,ultralytics,0.0,0
1386,23.122,,,,,,,,0.0,,,,,ultralytics,0.0,0
1387,23.1386,,,,,,,,0.0,,,,,ultralytics,0.0,0
1388,23.1553,,,,,,,,0.0,,,,,ultralytics,0.0,0
1389,23.172,,,,,,,,0.0,,,,,ultralytics,0.0,0
1390,23.1887,798.14,538.81,376.68,495.92,4.18,,,0.062,369.54,491.74,383.83,500.1,ultralytics,0.062,1
1391,23.2054,,,,,,,,0.0,,,,,ultralytics,0.0,0
1392,23.2221,,,,,,,,0.0,,,,,ultralytics,0.0,0
1393,23.2387,,,,,,,,0.0,,,,,ultralytics,0.0,0
1394,23.2554,,,,,,,,0.0,,,,,ultralytics,0.0,0
1395,23.2721,,,,,,,,0.0,,,,,ultralytics,0.0,0
1396,23.2888,,,,,,,,0.0,,,,,ultralytics,0.0,0
1397,23.3055,,,,,,,,0.0,,,,,ultralytics,0.0,0
1398,23.3222,,,,,,,,0.0,,,,,ultralytics,0.0,0
1399,23.3388,,,,,,,,0.0,,,,,ultralytics,0.0,0
1400,23.3555,,,,,,,,0.0,,,,,ultralytics,0.0,0
1401,23.3722,,,,,,,,0.0,,,,,ultralytics,0.0,0
1402,23.3889,,,,,,,,0.0,,,,,ultralytics,0.0,0
1403,23.4056,,,,,,,,0.0,,,,,ultralytics,0.0,0
1404,23.4223,637.82,493.28,391.14,489.91,4.83,,,0.078,385.61,485.08,396.67,494.73,ultralytics,0.078,1
1405,23.4389,,,,,,,,0.0,,,,,ultralytics,0.0,0
1406,23.4556,690.89,479.01,1137.51,462.37,11.13,,,0.45,1122.52,451.24,1152.5,473.5,ultralytics,0.45,1
1407,23.4723,,,,,,,,0.0,,,,,ultralytics,0.0,0
1408,23.489,573.43,482.85,391.34,489.45,4.7,,,0.059,386.05,484.75,396.62,494.15,ultralytics,0.059,1
1409,23.5057,431.74,487.88,390.93,489.48,4.66,,,0.089,385.64,484.82,396.23,494.15,ultralytics,0.089,1
1410,23.5223,391.03,489.17,391.0,489.12,4.48,,,0.173,385.63,484.64,396.37,493.6,ultralytics,0.173,1
1411,23.539,391.06,489.01,391.08,488.94,4.4,,,0.137,385.54,484.53,396.62,493.34,ultralytics,0.137,1
1412,23.5557,391.09,488.95,391.09,488.93,4.35,,,0.131,385.64,484.59,396.54,493.28,ultralytics,0.131,1
1413,23.5724,391.08,488.94,391.12,488.96,4.23,,,0.128,385.71,484.72,396.53,493.19,ultralytics,0.128,1
1414,23.5891,391.03,488.9,391.0,488.94,4.16,,,0.118,385.63,484.78,396.37,493.1,ultralytics,0.118,1
1415,23.6058,390.95,488.83,391.04,488.79,4.19,,,0.099,385.88,484.6,396.2,492.99,ultralytics,0.099,1
1416,23.6224,390.85,488.76,390.72,488.77,4.33,,,0.082,385.59,484.44,395.85,493.11,ultralytics,0.082,1
1417,23.6391,390.81,488.69,390.88,488.71,4.28,,,0.089,385.73,484.43,396.03,492.99,ultralytics,0.089,1
1418,23.6558,390.76,488.62,390.75,488.59,4.37,,,0.1,385.47,484.21,396.03,492.96,ultralytics,0.1,1
1419,23.6725,390.72,488.52,390.7,488.58,4.4,,,0.169,385.2,484.18,396.2,492.99,ultralytics,0.169,1
1420,23.6892,390.78,488.35,390.63,488.44,4.23,,,0.192,385.3,484.21,395.97,492.66,ultralytics,0.192,1
1421,23.7059,390.9,488.13,391.06,488.01,4.33,,,0.149,385.92,483.68,396.2,492.34,ultralytics,0.149,1
1422,23.7225,390.96,487.97,390.95,487.97,4.45,,,0.159,385.99,483.52,395.9,492.42,ultralytics,0.159,1
1423,23.7392,390.99,487.81,390.95,487.89,4.71,,,0.228,385.87,483.18,396.02,492.6,ultralytics,0.228,1
1424,23.7559,391.04,487.55,391.03,487.66,4.75,,,0.172,385.91,482.91,396.16,492.41,ultralytics,0.172,1
1425,23.7726,391.11,487.23,391.16,487.04,4.56,,,0.123,386.04,482.48,396.28,491.61,ultralytics,0.123,1
1426,23.7893,391.16,487.0,391.12,487.07,4.59,,,0.117,386.04,482.48,396.2,491.65,ultralytics,0.117,1
1427,23.8059,391.21,486.79,391.25,486.84,4.96,,,0.096,386.05,481.88,396.46,491.8,ultralytics,0.096,1
1428,23.8226,391.23,486.5,391.21,486.44,4.92,,,0.106,386.1,481.52,396.32,491.37,ultralytics,0.106,1
1429,23.8393,391.24,485.95,391.3,486.5,4.91,,,0.062,385.89,481.59,396.72,491.42,ultralytics,0.062,1
1430,23.856,,,,,,,,0.0,,,,,ultralytics,0.0,0
1431,23.8727,,,,,,,,0.0,,,,,ultralytics,0.0,0
1432,23.8894,,,,,,,,0.0,,,,,ultralytics,0.0,0
1433,23.906,,,,,,,,0.0,,,,,ultralytics,0.0,0
1434,23.9227,,,,,,,,0.0,,,,,ultralytics,0.0,0
1435,23.9394,,,,,,,,0.0,,,,,ultralytics,0.0,0
1436,23.9561,,,,,,,,0.0,,,,,ultralytics,0.0,0
1437,23.9728,391.29,485.06,391.1,484.78,4.68,,,0.083,385.26,480.1,396.94,489.46,ultralytics,0.083,1
1438,23.9895,,,,,,,,0.0,,,,,ultralytics,0.0,0
1439,24.0061,391.36,484.3,391.64,484.02,4.66,,,0.056,385.96,479.36,397.32,488.68,ultralytics,0.056,1
1440,24.0228,,,,,,,,0.0,,,,,ultralytics,0.0,0
1441,24.0395,391.26,483.95,391.22,483.89,4.44,,,0.052,385.72,479.45,396.72,488.32,ultralytics,0.052,1
1442,24.0562,391.07,483.81,391.07,483.86,4.38,,,0.077,385.54,479.49,396.61,488.24,ultralytics,0.077,1
1443,24.0729,390.83,483.73,390.91,483.61,4.53,,,0.071,385.47,479.08,396.36,488.14,ultralytics,0.071,1
1444,24.0896,390.55,483.75,390.46,483.72,4.36,,,0.076,384.9,479.36,396.02,488.08,ultralytics,0.076,1
1445,24.1062,390.3,483.79,390.34,483.93,4.24,,,0.082,384.81,479.69,395.86,488.17,ultralytics,0.082,1
1446,24.1229,390.13,483.73,389.98,483.71,4.18,,,0.092,384.58,479.53,395.39,487.9,ultralytics,0.092,1
1447,24.1396,390.07,483.56,390.12,483.67,4.17,,,0.114,384.59,479.51,395.65,487.84,ultralytics,0.114,1
1448,24.1563,390.05,483.28,390.03,483.29,4.5,,,0.156,384.69,478.79,395.37,487.79,ultralytics,0.156,1
1449,24.173,390.06,482.97,390.03,482.89,4.57,,,0.14,384.74,478.32,395.33,487.47,ultralytics,0.14,2
1450,24.1896,390.04,482.72,390.13,482.73,4.59,,,0.181,384.92,478.14,395.34,487.33,ultralytics,0.181,2
1451,24.2063,389.94,482.54,390.0,482.44,4.72,,,0.16,384.94,477.72,395.06,487.16,ultralytics,0.16,2
1452,24.223,389.82,482.42,389.67,482.48,4.65,,,0.135,384.88,477.83,394.46,487.13,ultralytics,0.135,2
1453,24.2397,389.77,482.28,389.82,482.3,4.75,,,0.15,385.07,477.49,394.57,487.12,ultralytics,0.15,2
1454,24.2564,389.75,482.12,389.74,482.08,4.75,,,0.125,384.99,477.19,394.49,486.98,ultralytics,0.125,1
1455,24.2731,389.76,482.0,389.71,481.97,4.64,,,0.115,385.08,476.96,394.35,486.98,ultralytics,0.115,1
1456,24.2897,389.77,481.91,389.85,481.96,4.87,,,0.168,384.97,476.89,394.72,487.02,ultralytics,0.168,1
1457,24.3064,389.75,481.61,389.71,481.81,4.81,,,0.225,384.9,476.61,394.52,487.0,ultralytics,0.225,1
1458,24.3231,389.74,480.76,389.74,481.54,4.86,,,0.089,384.87,476.15,394.6,486.93,ultralytics,0.089,1
1459,24.3398,,,,,,,,0.0,,,,,ultralytics,0.0,0
1460,24.3565,,,,,,,,0.0,,,,,ultralytics,0.0,0
1461,24.3732,,,,,,,,0.0,,,,,ultralytics,0.0,0
1462,24.3898,,,,,,,,0.0,,,,,ultralytics,0.0,0
1463,24.4065,,,,,,,,0.0,,,,,ultralytics,0.0,0
1464,24.4232,,,,,,,,0.0,,,,,ultralytics,0.0,0
1465,24.4399,,,,,,,,0.0,,,,,ultralytics,0.0,0
1466,24.4566,,,,,,,,0.0,,,,,ultralytics,0.0,0
1467,24.4732,389.74,479.53,389.77,478.6,4.8,,,0.14,384.98,473.49,394.57,483.71,ultralytics,0.14,1
1468,24.4899,389.84,478.85,389.6,478.68,5.07,,,0.094,384.53,473.44,394.67,483.91,ultralytics,0.094,1
1469,24.5066,390.14,478.44,390.24,478.86,4.74,,,0.157,385.5,473.35,394.99,484.36,ultralytics,0.157,1
1470,24.5233,390.65,477.24,390.22,478.47,4.98,,,0.06,385.24,473.3,395.2,483.64,ultralytics,0.06,1
1471,24.54,,,,,,,,0.0,,,,,ultralytics,0.0,0
1472,24.5567,,,,,,,,0.0,,,,,ultralytics,0.0,0
1473,24.5733,,,,,,,,0.0,,,,,ultralytics,0.0,0
1474,24.59,,,,,,,,0.0,,,,,ultralytics,0.0,0
1475,24.6067,,,,,,,,0.0,,,,,ultralytics,0.0,0
1476,24.6234,,,,,,,,0.0,,,,,ultralytics,0.0,0
1477,24.6401,,,,,,,,0.0,,,,,ultralytics,0.0,0
1478,24.6568,,,,,,,,0.0,,,,,ultralytics,0.0,0
1479,24.6734,,,,,,,,0.0,,,,,ultralytics,0.0,0
1480,24.6901,,,,,,,,0.0,,,,,ultralytics,0.0,0
1481,24.7068,,,,,,,,0.0,,,,,ultralytics,0.0,0
1482,24.7235,,,,,,,,0.0,,,,,ultralytics,0.0,0
1483,24.7402,,,,,,,,0.0,,,,,ultralytics,0.0,0
1484,24.7569,,,,,,,,0.0,,,,,ultralytics,0.0,0
1485,24.7735,,,,,,,,0.0,,,,,ultralytics,0.0,0
1486,24.7902,,,,,,,,0.0,,,,,ultralytics,0.0,0
1487,24.8069,,,,,,,,0.0,,,,,ultralytics,0.0,0
1488,24.8236,,,,,,,,0.0,,,,,ultralytics,0.0,0
1489,24.8403,,,,,,,,0.0,,,,,ultralytics,0.0,0
1490,24.8569,,,,,,,,0.0,,,,,ultralytics,0.0,0
1491,24.8736,,,,,,,,0.0,,,,,ultralytics,0.0,0
1492,24.8903,,,,,,,,0.0,,,,,ultralytics,0.0,0
1493,24.907,,,,,,,,0.0,,,,,ultralytics,0.0,0
1494,24.9237,,,,,,,,0.0,,,,,ultralytics,0.0,0
1495,24.9404,,,,,,,,0.0,,,,,ultralytics,0.0,0
1496,24.957,,,,,,,,0.0,,,,,ultralytics,0.0,0
1497,24.9737,,,,,,,,0.0,,,,,ultralytics,0.0,0
1498,24.9904,391.27,475.31,391.78,474.02,5.1,,,0.065,386.52,468.93,397.04,479.12,ultralytics,0.065,1
1499,25.0071,391.59,474.12,391.61,473.84,5.15,,,0.06,386.15,468.69,397.07,479.0,ultralytics,0.06,1
1500,25.0238,391.63,473.81,391.67,473.79,5.2,,,0.061,386.22,468.59,397.11,478.99,ultralytics,0.061,1
1501,25.0405,391.56,473.77,391.59,473.77,5.21,,,0.073,386.25,468.56,396.92,478.97,ultralytics,0.073,1
1502,25.0571,391.43,473.75,391.46,473.73,5.27,,,0.111,386.02,468.45,396.9,479.0,ultralytics,0.111,1
1503,25.0738,391.23,473.72,391.25,473.81,5.1,,,0.109,385.63,468.71,396.87,478.91,ultralytics,0.109,1
1504,25.0905,391.03,473.67,390.97,473.56,5.19,,,0.107,385.49,468.37,396.46,478.75,ultralytics,0.107,1
1505,25.1072,390.9,473.64,390.85,473.72,5.14,,,0.15,385.37,468.58,396.32,478.86,ultralytics,0.15,1
1506,25.1239,390.82,473.58,390.88,473.59,5.1,,,0.095,385.34,468.49,396.42,478.7,ultralytics,0.095,1
1507,25.1406,390.71,473.49,390.73,473.48,5.09,,,0.102,385.09,468.39,396.37,478.56,ultralytics,0.102,1
1508,25.1572,390.57,473.39,390.55,473.39,4.98,,,0.127,384.96,468.41,396.14,478.37,ultralytics,0.127,1
1509,25.1739,390.44,473.33,390.41,473.29,5.05,,,0.155,384.71,468.24,396.11,478.34,ultralytics,0.155,1
1510,25.1906,390.34,473.3,390.37,473.3,5.03,,,0.15,384.87,468.27,395.86,478.33,ultralytics,0.15,1
1511,25.2073,390.22,473.29,390.26,473.31,4.87,,,0.232,384.84,468.45,395.69,478.18,ultralytics,0.232,1
1512,25.224,390.09,473.24,390.02,473.27,4.71,,,0.169,385.06,468.55,394.99,477.98,ultralytics,0.169,1
1513,25.2406,389.96,473.19,390.03,473.11,4.63,,,0.188,384.99,468.48,395.06,477.74,ultralytics,0.188,1
1514,25.2573,389.83,473.17,389.78,473.19,4.54,,,0.213,384.91,468.65,394.65,477.73,ultralytics,0.213,1
1515,25.274,389.74,473.13,389.68,473.22,4.54,,,0.208,384.85,468.67,394.51,477.76,ultralytics,0.208,1
1516,25.2907,389.69,473.04,389.74,472.98,4.56,,,0.208,384.73,468.42,394.75,477.54,ultralytics,0.208,1
1517,25.3074,389.64,472.95,389.63,472.98,4.5,,,0.264,384.52,468.47,394.74,477.48,ultralytics,0.264,1
1518,25.3241,389.56,472.86,389.57,472.84,4.48,,,0.25,384.5,468.36,394.63,477.31,ultralytics,0.25,1
1519,25.3407,389.47,472.78,389.49,472.79,4.67,,,0.289,384.32,468.12,394.67,477.47,ultralytics,0.289,1
1520,25.3574,389.38,472.71,389.34,472.68,4.68,,,0.249,384.34,468.0,394.33,477.35,ultralytics,0.249,1
1521,25.3741,389.31,472.65,389.33,472.67,4.71,,,0.232,384.39,467.96,394.26,477.38,ultralytics,0.232,1
1522,25.3908,389.26,472.61,389.24,472.57,4.89,,,0.222,384.32,467.68,394.17,477.46,ultralytics,0.222,1
1523,25.4075,389.19,472.55,389.24,472.67,4.56,,,0.219,384.31,468.11,394.17,477.22,ultralytics,0.219,1
1524,25.4242,389.11,472.43,389.07,472.35,4.6,,,0.195,383.87,467.75,394.26,476.94,ultralytics,0.195,1
1525,25.4408,389.07,472.33,389.05,472.34,4.64,,,0.239,383.89,467.7,394.2,476.98,ultralytics,0.239,1
1526,25.4575,389.06,472.27,389.04,472.23,4.51,,,0.217,383.91,467.72,394.17,476.74,ultralytics,0.217,1
1527,25.4742,389.07,472.22,389.1,472.3,4.58,,,0.299,383.96,467.72,394.23,476.87,ultralytics,0.299,1
1528,25.4909,389.03,472.15,389.06,472.09,4.58,,,0.226,384.09,467.51,394.04,476.67,ultralytics,0.226,1
1529,25.5076,388.9,472.07,388.99,472.13,4.69,,,0.254,384.01,467.44,393.97,476.81,ultralytics,0.254,1
1530,25.5242,388.68,471.97,388.64,471.98,4.65,,,0.298,383.74,467.32,393.53,476.63,ultralytics,0.298,1
1531,25.5409,388.43,471.83,388.47,471.78,4.79,,,0.322,383.68,466.69,393.26,476.86,ultralytics,0.322,1
1532,25.5576,388.09,471.65,388.23,471.83,4.74,,,0.363,383.49,466.82,392.97,476.84,ultralytics,0.363,1
1533,25.5743,,,,,,,,0.0,,,,,ultralytics,0.0,0
1534,25.591,,,,,,,,0.0,,,,,ultralytics,0.0,0
1535,25.6077,,,,,,,,0.0,,,,,ultralytics,0.0,0
1536,25.6243,,,,,,,,0.0,,,,,ultralytics,0.0,0
1537,25.641,,,,,,,,0.0,,,,,ultralytics,0.0,0
1538,25.6577,,,,,,,,0.0,,,,,ultralytics,0.0,0
1539,25.6744,,,,,,,,0.0,,,,,ultralytics,0.0,0
1540,25.6911,387.71,471.42,387.49,471.26,4.93,,,0.211,382.17,466.33,392.81,476.19,ultralytics,0.211,1
1541,25.7078,387.49,471.28,387.48,471.23,4.95,,,0.202,382.09,466.28,392.86,476.19,ultralytics,0.202,1
1542,25.7244,387.42,471.26,387.33,471.26,5.07,,,0.176,382.08,466.19,392.58,476.33,ultralytics,0.176,1
1543,25.7411,387.38,471.26,387.5,471.28,4.72,,,0.188,382.52,466.56,392.48,475.99,ultralytics,0.188,1
1544,25.7578,387.23,471.21,387.33,471.22,4.56,,,0.111,382.22,466.66,392.44,475.79,ultralytics,0.111,1
1545,25.7745,387.0,471.01,386.87,471.31,4.45,,,0.057,381.66,466.86,392.09,475.76,ultralytics,0.057,1
1546,25.7912,,,,,,,,0.0,,,,,ultralytics,0.0,0
1547,25.8079,,,,,,,,0.0,,,,,ultralytics,0.0,0
1548,25.8245,386.85,470.65,386.82,470.39,5.09,,,0.117,381.73,465.3,391.92,475.48,ultralytics,0.117,1
1549,25.8412,386.79,470.41,386.82,470.37,5.07,,,0.121,381.75,465.25,391.89,475.49,ultralytics,0.121,2
1550,25.8579,386.72,470.34,386.7,470.3,5.02,,,0.081,381.68,465.21,391.72,475.4,ultralytics,0.081,1
1551,25.8746,386.64,470.3,386.67,470.39,5.03,,,0.057,381.56,465.36,391.79,475.43,ultralytics,0.057,1
1552,25.8913,386.59,470.12,386.5,470.27,5.06,,,0.077,381.28,465.21,391.71,475.34,ultralytics,0.077,2
1553,25.9079,,,,,,,,0.0,,,,,ultralytics,0.0,0
1554,25.9246,,,,,,,,0.0,,,,,ultralytics,0.0,0
1555,25.9413,,,,,,,,0.0,,,,,ultralytics,0.0,0
1556,25.958,,,,,,,,0.0,,,,,ultralytics,0.0,0
1557,25.9747,,,,,,,,0.0,,,,,ultralytics,0.0,0
1558,25.9914,,,,,,,,0.0,,,,,ultralytics,0.0,0
1559,26.008,386.67,469.87,386.56,469.61,5.29,,,0.057,381.26,464.17,391.85,475.04,ultralytics,0.057,1
1560,26.0247,386.88,469.8,386.95,469.82,5.18,,,0.05,381.76,464.56,392.13,475.09,ultralytics,0.05,1
1561,26.0414,387.24,469.91,386.97,469.78,5.06,,,0.059,381.91,464.46,392.03,475.1,ultralytics,0.059,1
1562,26.0581,,,,,,,,0.0,,,,,ultralytics,0.0,0
1563,26.0748,,,,,,,,0.0,,,,,ultralytics,0.0,0
1564,26.0915,,,,,,,,0.0,,,,,ultralytics,0.0,0
1565,26.1081,,,,,,,,0.0,,,,,ultralytics,0.0,0
1566,26.1248,,,,,,,,0.0,,,,,ultralytics,0.0,0
1567,26.1415,,,,,,,,0.0,,,,,ultralytics,0.0,0
1568,26.1582,,,,,,,,0.0,,,,,ultralytics,0.0,0
1569,26.1749,,,,,,,,0.0,,,,,ultralytics,0.0,0
1570,26.1915,,,,,,,,0.0,,,,,ultralytics,0.0,0
1571,26.2082,,,,,,,,0.0,,,,,ultralytics,0.0,0
1572,26.2249,,,,,,,,0.0,,,,,ultralytics,0.0,0
1573,26.2416,,,,,,,,0.0,,,,,ultralytics,0.0,0
1574,26.2583,,,,,,,,0.0,,,,,ultralytics,0.0,0
1575,26.275,,,,,,,,0.0,,,,,ultralytics,0.0,0
1576,26.2916,,,,,,,,0.0,,,,,ultralytics,0.0,0
1577,26.3083,,,,,,,,0.0,,,,,ultralytics,0.0,0
1578,26.325,,,,,,,,0.0,,,,,ultralytics,0.0,0
1579,26.3417,,,,,,,,0.0,,,,,ultralytics,0.0,0
1580,26.3584,,,,,,,,0.0,,,,,ultralytics,0.0,0
1581,26.3751,,,,,,,,0.0,,,,,ultralytics,0.0,0
1582,26.3917,,,,,,,,0.0,,,,,ultralytics,0.0,0
1583,26.4084,,,,,,,,0.0,,,,,ultralytics,0.0,0
1584,26.4251,,,,,,,,0.0,,,,,ultralytics,0.0,0
1585,26.4418,,,,,,,,0.0,,,,,ultralytics,0.0,0
1586,26.4585,,,,,,,,0.0,,,,,ultralytics,0.0,0
1587,26.4752,,,,,,,,0.0,,,,,ultralytics,0.0,0
1588,26.4918,,,,,,,,0.0,,,,,ultralytics,0.0,0
1589,26.5085,,,,,,,,0.0,,,,,ultralytics,0.0,0
1590,26.5252,,,,,,,,0.0,,,,,ultralytics,0.0,0
1591,26.5419,,,,,,,,0.0,,,,,ultralytics,0.0,0
1592,26.5586,,,,,,,,0.0,,,,,ultralytics,0.0,0
1593,26.5752,,,,,,,,0.0,,,,,ultralytics,0.0,0
1594,26.5919,,,,,,,,0.0,,,,,ultralytics,0.0,0
1595,26.6086,,,,,,,,0.0,,,,,ultralytics,0.0,0
1596,26.6253,,,,,,,,0.0,,,,,ultralytics,0.0,0
1597,26.642,,,,,,,,0.0,,,,,ultralytics,0.0,0
1598,26.6587,,,,,,,,0.0,,,,,ultralytics,0.0,0
1599,26.6753,,,,,,,,0.0,,,,,ultralytics,0.0,0
1600,26.692,,,,,,,,0.0,,,,,ultralytics,0.0,0
1601,26.7087,,,,,,,,0.0,,,,,ultralytics,0.0,0
1602,26.7254,,,,,,,,0.0,,,,,ultralytics,0.0,0
1603,26.7421,,,,,,,,0.0,,,,,ultralytics,0.0,0
1604,26.7588,,,,,,,,0.0,,,,,ultralytics,0.0,0
1605,26.7754,,,,,,,,0.0,,,,,ultralytics,0.0,0
1606,26.7921,,,,,,,,0.0,,,,,ultralytics,0.0,0
1607,26.8088,,,,,,,,0.0,,,,,ultralytics,0.0,0
1608,26.8255,,,,,,,,0.0,,,,,ultralytics,0.0,0
1609,26.8422,,,,,,,,0.0,,,,,ultralytics,0.0,0
1610,26.8588,,,,,,,,0.0,,,,,ultralytics,0.0,0
1611,26.8755,,,,,,,,0.0,,,,,ultralytics,0.0,0
1612,26.8922,,,,,,,,0.0,,,,,ultralytics,0.0,0
1613,26.9089,,,,,,,,0.0,,,,,ultralytics,0.0,0
1614,26.9256,,,,,,,,0.0,,,,,ultralytics,0.0,0
1615,26.9423,,,,,,,,0.0,,,,,ultralytics,0.0,0
1616,26.9589,,,,,,,,0.0,,,,,ultralytics,0.0,0
1617,26.9756,,,,,,,,0.0,,,,,ultralytics,0.0,0
1618,26.9923,,,,,,,,0.0,,,,,ultralytics,0.0,0
1619,27.009,387.79,470.24,387.86,470.08,4.72,,,0.076,383.14,464.76,392.58,475.4,ultralytics,0.076,1
1620,27.0257,388.32,470.64,388.47,470.9,4.83,,,0.256,383.51,466.07,393.43,475.72,ultralytics,0.256,1
1621,27.0424,388.68,470.81,388.66,470.98,4.77,,,0.286,383.89,466.15,393.43,475.81,ultralytics,0.286,1
1622,27.059,388.89,470.75,389.04,470.65,4.87,,,0.267,384.17,465.45,393.91,475.85,ultralytics,0.267,1
1623,27.0757,388.98,470.68,388.92,470.68,4.86,,,0.25,384.05,465.53,393.78,475.83,ultralytics,0.25,1
1624,27.0924,389.06,470.67,389.03,470.65,4.79,,,0.286,384.24,465.46,393.81,475.84,ultralytics,0.286,1
1625,27.1091,389.19,470.69,389.16,470.7,4.95,,,0.307,384.21,465.57,394.1,475.83,ultralytics,0.307,1
1626,27.1258,389.33,470.73,389.4,470.69,5.01,,,0.273,384.39,465.35,394.41,476.03,ultralytics,0.273,1
1627,27.1425,389.43,470.82,389.42,470.76,5.18,,,0.251,384.24,465.46,394.6,476.07,ultralytics,0.251,1
1628,27.1591,389.47,470.95,389.5,471.03,5.15,,,0.308,384.26,465.88,394.75,476.17,ultralytics,0.308,1
1629,27.1758,389.47,471.06,389.51,470.99,5.1,,,0.272,384.32,465.89,394.71,476.09,ultralytics,0.272,1
1630,27.1925,389.41,471.18,389.4,471.25,4.8,,,0.241,384.36,466.45,394.44,476.05,ultralytics,0.241,1
1631,27.2092,389.35,471.32,389.35,471.18,4.9,,,0.288,384.33,466.28,394.36,476.07,ultralytics,0.288,1
1632,27.2259,389.32,471.52,389.28,471.61,4.79,,,0.513,384.33,466.81,394.24,476.4,ultralytics,0.513,1
1633,27.2425,389.3,471.68,389.33,471.72,4.68,,,0.519,384.37,467.05,394.28,476.4,ultralytics,0.519,1
1634,27.2592,389.29,471.72,389.28,471.79,4.53,,,0.515,384.26,467.25,394.3,476.32,ultralytics,0.515,1
1635,27.2759,389.28,471.66,389.27,471.65,4.63,,,0.575,384.21,467.02,394.33,476.28,ultralytics,0.575,1
1636,27.2926,389.29,471.56,389.28,471.57,4.73,,,0.56,384.18,466.84,394.37,476.3,ultralytics,0.56,1
1637,27.3093,389.31,471.47,389.3,471.45,4.88,,,0.594,384.22,466.56,394.38,476.33,ultralytics,0.594,1
1638,27.326,389.35,471.39,389.39,471.37,4.93,,,0.637,384.27,466.44,394.52,476.3,ultralytics,0.637,1
1639,27.3426,389.38,471.29,389.29,471.37,4.97,,,0.565,384.14,466.41,394.45,476.34,ultralytics,0.565,1
1640,27.3593,389.4,471.19,389.57,471.09,4.86,,,0.5,384.47,466.23,394.67,475.95,ultralytics,0.5,1
1641,27.376,389.35,471.15,389.3,471.11,5.03,,,0.428,384.2,466.08,394.4,476.14,ultralytics,0.428,1
1642,27.3927,420.08,475.04,389.15,471.26,5.26,,,0.065,383.89,465.96,394.4,476.57,ultralytics,0.065,1
1643,27.4094,557.85,492.93,389.71,471.04,4.89,,,0.115,384.82,465.53,394.6,476.54,ultralytics,0.115,1
1644,27.4261,,,,,,,,0.0,,,,,ultralytics,0.0,0
1645,27.4427,,,,,,,,0.0,,,,,ultralytics,0.0,0
1646,27.4594,,,,,,,,0.0,,,,,ultralytics,0.0,0
1647,27.4761,,,,,,,,0.0,,,,,ultralytics,0.0,0
1648,27.4928,,,,,,,,0.0,,,,,ultralytics,0.0,0
1649,27.5095,,,,,,,,0.0,,,,,ultralytics,0.0,0
1650,27.5261,,,,,,,,0.0,,,,,ultralytics,0.0,0
1651,27.5428,752.12,520.31,953.16,542.43,10.45,,,0.077,942.72,526.49,963.61,558.37,ultralytics,0.077,1
1652,27.5595,745.06,524.43,953.27,551.81,10.18,,,0.107,943.08,536.87,963.45,566.75,ultralytics,0.107,1
1653,27.5762,,,,,,,,0.0,,,,,ultralytics,0.0,0
1654,27.5929,,,,,,,,0.0,,,,,ultralytics,0.0,0
1655,27.6096,,,,,,,,0.0,,,,,ultralytics,0.0,0
1656,27.6262,,,,,,,,0.0,,,,,ultralytics,0.0,0
1657,27.6429,542.96,499.93,352.22,485.5,9.49,,,0.141,340.26,476.0,364.18,494.99,ultralytics,0.141,1
1658,27.6596,,,,,,,,0.0,,,,,ultralytics,0.0,0
1659,27.6763,,,,,,,,0.0,,,,,ultralytics,0.0,0
1660,27.693,,,,,,,,0.0,,,,,ultralytics,0.0,0
1661,27.7097,,,,,,,,0.0,,,,,ultralytics,0.0,0
1662,27.7263,,,,,,,,0.0,,,,,ultralytics,0.0,0
1663,27.743,411.26,477.63,389.84,469.25,4.87,,,0.124,384.97,462.79,394.71,475.71,ultralytics,0.124,1
1664,27.7597,387.61,469.92,389.51,468.99,4.65,,,0.182,384.86,462.91,394.16,475.08,ultralytics,0.182,1
1665,27.7764,432.25,469.42,389.67,468.89,4.74,,,0.067,384.93,462.95,394.41,474.84,ultralytics,0.067,1
1666,27.7931,589.64,485.72,389.67,468.83,4.73,,,0.053,384.94,462.86,394.39,474.8,ultralytics,0.053,1
1667,27.8098,,,,,,,,0.0,,,,,ultralytics,0.0,0
1668,27.8264,,,,,,,,0.0,,,,,ultralytics,0.0,0
1669,27.8431,,,,,,,,0.0,,,,,ultralytics,0.0,0
1670,27.8598,,,,,,,,0.0,,,,,ultralytics,0.0,0
1671,27.8765,,,,,,,,0.0,,,,,ultralytics,0.0,0
1672,27.8932,,,,,,,,0.0,,,,,ultralytics,0.0,0
1673,27.9098,,,,,,,,0.0,,,,,ultralytics,0.0,0
1674,27.9265,,,,,,,,0.0,,,,,ultralytics,0.0,0
1675,27.9432,,,,,,,,0.0,,,,,ultralytics,0.0,0
1676,27.9599,,,,,,,,0.0,,,,,ultralytics,0.0,0
1677,27.9766,,,,,,,,0.0,,,,,ultralytics,0.0,0
1678,27.9933,753.35,552.62,1171.64,478.15,6.97,,,0.054,1162.16,471.18,1181.11,485.11,ultralytics,0.054,1
1679,28.0099,,,,,,,,0.0,,,,,ultralytics,0.0,0
1680,28.0266,,,,,,,,0.0,,,,,ultralytics,0.0,0
1681,28.0433,,,,,,,,0.0,,,,,ultralytics,0.0,0
1682,28.06,,,,,,,,0.0,,,,,ultralytics,0.0,0
1683,28.0767,,,,,,,,0.0,,,,,ultralytics,0.0,0
1684,28.0934,,,,,,,,0.0,,,,,ultralytics,0.0,0
1685,28.11,,,,,,,,0.0,,,,,ultralytics,0.0,0
1686,28.1267,,,,,,,,0.0,,,,,ultralytics,0.0,0
1687,28.1434,,,,,,,,0.0,,,,,ultralytics,0.0,0
1688,28.1601,,,,,,,,0.0,,,,,ultralytics,0.0,0
1689,28.1768,,,,,,,,0.0,,,,,ultralytics,0.0,0
1690,28.1935,,,,,,,,0.0,,,,,ultralytics,0.0,0
1691,28.2101,,,,,,,,0.0,,,,,ultralytics,0.0,0
1692,28.2268,,,,,,,,0.0,,,,,ultralytics,0.0,0
1693,28.2435,,,,,,,,0.0,,,,,ultralytics,0.0,0
1694,28.2602,,,,,,,,0.0,,,,,ultralytics,0.0,0
1695,28.2769,,,,,,,,0.0,,,,,ultralytics,0.0,0
1696,28.2935,,,,,,,,0.0,,,,,ultralytics,0.0,0
1697,28.3102,,,,,,,,0.0,,,,,ultralytics,0.0,0
1698,28.3269,,,,,,,,0.0,,,,,ultralytics,0.0,0
1699,28.3436,692.83,659.15,555.23,736.67,12.31,,,0.841,539.06,724.35,571.41,748.98,ultralytics,0.841,1
1700,28.3603,571.27,723.37,544.16,737.26,13.15,,,0.843,529.03,724.1,559.3,750.41,ultralytics,0.843,1
1701,28.377,500.42,732.76,533.08,737.85,11.65,,,0.769,517.19,726.2,548.97,749.5,ultralytics,0.769,1
1702,28.3936,,,,,,,,0.0,,,,,ultralytics,0.0,0
1703,28.4103,,,,,,,,0.0,,,,,ultralytics,0.0,0
1704,28.427,,,,,,,,0.0,,,,,ultralytics,0.0,0
1705,28.4437,,,,,,,,0.0,,,,,ultralytics,0.0,0
1706,28.4604,,,,,,,,0.0,,,,,ultralytics,0.0,0
1707,28.4771,,,,,,,,0.0,,,,,ultralytics,0.0,0
1708,28.4937,,,,,,,,0.0,,,,,ultralytics,0.0,0
1709,28.5104,,,,,,,,0.0,,,,,ultralytics,0.0,0
1710,28.5271,,,,,,,,0.0,,,,,ultralytics,0.0,0
1711,28.5438,,,,,,,,0.0,,,,,ultralytics,0.0,0
1712,28.5605,444.53,706.92,414.33,741.49,12.38,,,0.723,399.01,729.11,429.66,753.87,ultralytics,0.723,1
1713,28.5771,,,,,,,,0.0,,,,,ultralytics,0.0,0
1714,28.5938,,,,,,,,0.0,,,,,ultralytics,0.0,0
1715,28.6105,,,,,,,,0.0,,,,,ultralytics,0.0,0
1716,28.6272,,,,,,,,0.0,,,,,ultralytics,0.0,0
1717,28.6439,,,,,,,,0.0,,,,,ultralytics,0.0,0
1718,28.6606,,,,,,,,0.0,,,,,ultralytics,0.0,0
1719,28.6772,,,,,,,,0.0,,,,,ultralytics,0.0,0
1720,28.6939,,,,,,,,0.0,,,,,ultralytics,0.0,0
1721,28.7106,,,,,,,,0.0,,,,,ultralytics,0.0,0
1722,28.7273,,,,,,,,0.0,,,,,ultralytics,0.0,0
1723,28.744,407.66,659.96,394.13,631.86,12.38,,,0.453,381.75,618.65,406.51,645.07,ultralytics,0.453,1
1724,28.7607,398.13,625.11,397.13,618.93,11.71,,,0.366,385.42,605.66,408.84,632.19,ultralytics,0.366,1
1725,28.7773,399.36,608.87,399.5,608.19,12.7,,,0.336,386.59,595.49,412.4,620.9,ultralytics,0.336,1
1726,28.794,402.04,598.27,401.08,600.02,12.87,,,0.523,388.2,585.85,413.95,614.19,ultralytics,0.523,1
1727,28.8107,,,,,,,,0.0,,,,,ultralytics,0.0,0
1728,28.8274,405.22,587.68,405.91,585.45,12.6,,,0.486,393.31,571.3,418.52,599.61,ultralytics,0.486,1
1729,28.8441,408.3,579.12,408.12,577.72,12.62,,,0.656,395.39,565.09,420.84,590.34,ultralytics,0.656,1
1730,28.8608,411.09,573.11,411.42,572.92,12.65,,,0.7,398.71,560.26,424.14,585.57,ultralytics,0.7,1
1731,28.8774,413.65,568.49,413.53,567.99,12.19,,,0.65,401.35,555.42,425.72,580.55,ultralytics,0.65,1
1732,28.8941,416.22,564.65,416.18,564.53,11.18,,,0.687,403.27,553.35,429.1,575.71,ultralytics,0.687,1
1733,28.9108,418.99,561.58,418.75,560.86,12.05,,,0.708,406.29,548.81,431.21,572.91,ultralytics,0.708,1
1734,28.9275,421.99,559.43,422.07,559.25,11.58,,,0.709,409.39,547.67,434.76,570.83,ultralytics,0.709,1
1735,28.9442,425.06,558.01,425.0,557.76,11.75,,,0.719,412.47,546.01,437.53,569.52,ultralytics,0.719,1
1736,28.9608,428.02,557.28,428.29,556.75,12.34,,,0.762,415.51,544.41,441.08,569.08,ultralytics,0.762,1
1737,28.9775,430.81,557.35,430.7,557.11,11.64,,,0.755,417.47,545.48,443.93,568.75,ultralytics,0.755,1
1738,28.9942,433.57,558.2,433.55,557.87,11.61,,,0.738,420.51,546.26,446.59,569.48,ultralytics,0.738,1
1739,29.0109,436.4,559.97,436.38,559.12,11.6,,,0.721,423.56,547.52,449.2,570.72,ultralytics,0.721,1
1740,29.0276,439.31,562.64,439.3,562.93,12.02,,,0.683,426.1,550.91,452.5,574.95,ultralytics,0.683,1
1741,29.0443,442.38,565.82,442.1,565.2,12.44,,,0.723,429.66,552.64,454.54,577.76,ultralytics,0.723,1
1742,29.0609,445.59,569.5,445.84,569.59,12.62,,,0.677,432.89,556.97,458.8,582.21,ultralytics,0.677,1
1743,29.0776,448.63,573.87,448.82,573.1,12.12,,,0.729,436.7,560.68,460.95,585.53,ultralytics,0.729,1
1744,29.0943,448.44,571.79,451.12,578.55,11.37,,,0.909,439.75,566.56,462.49,590.54,ultralytics,0.909,1
1745,29.111,437.25,543.83,455.11,586.41,11.81,,,0.453,443.3,573.75,466.92,599.07,ultralytics,0.453,1
1746,29.1277,,,,,,,,0.0,,,,,ultralytics,0.0,0
1747,29.1444,,,,,,,,0.0,,,,,ultralytics,0.0,0
1748,29.161,,,,,,,,0.0,,,,,ultralytics,0.0,0
1749,29.1777,,,,,,,,0.0,,,,,ultralytics,0.0,0
1750,29.1944,,,,,,,,0.0,,,,,ultralytics,0.0,0
1751,29.2111,416.22,492.31,399.57,452.59,5.01,,,0.053,394.41,447.58,404.73,457.6,ultralytics,0.053,1
1752,29.2278,403.33,460.22,400.48,453.26,4.85,,,0.156,395.62,448.19,405.33,458.32,ultralytics,0.156,1
1753,29.2444,400.76,452.81,400.64,452.9,4.72,,,0.259,395.56,448.18,405.72,457.61,ultralytics,0.259,1
1754,29.2611,401.09,452.52,401.44,452.4,4.33,,,0.157,396.03,448.07,406.84,456.73,ultralytics,0.157,1
1755,29.2778,401.12,452.15,401.03,452.24,4.4,,,0.055,395.75,447.84,406.31,456.64,ultralytics,0.055,1
1756,29.2945,,,,,,,,0.0,,,,,ultralytics,0.0,0
1757,29.3112,400.71,451.37,401.45,452.17,5.34,,,0.059,396.08,446.83,406.82,457.51,ultralytics,0.059,1
1758,29.3279,,,,,,,,0.0,,,,,ultralytics,0.0,0
1759,29.3445,,,,,,,,0.0,,,,,ultralytics,0.0,0
1760,29.3612,,,,,,,,0.0,,,,,ultralytics,0.0,0
1761,29.3779,,,,,,,,0.0,,,,,ultralytics,0.0,0
1762,29.3946,,,,,,,,0.0,,,,,ultralytics,0.0,0
1763,29.4113,,,,,,,,0.0,,,,,ultralytics,0.0,0
1764,29.428,,,,,,,,0.0,,,,,ultralytics,0.0,0
1765,29.4446,,,,,,,,0.0,,,,,ultralytics,0.0,0
1766,29.4613,,,,,,,,0.0,,,,,ultralytics,0.0,0
1767,29.478,,,,,,,,0.0,,,,,ultralytics,0.0,0
1768,29.4947,,,,,,,,0.0,,,,,ultralytics,0.0,0
1769,29.5114,,,,,,,,0.0,,,,,ultralytics,0.0,0
1770,29.5281,,,,,,,,0.0,,,,,ultralytics,0.0,0
1771,29.5447,,,,,,,,0.0,,,,,ultralytics,0.0,0
1772,29.5614,,,,,,,,0.0,,,,,ultralytics,0.0,0
1773,29.5781,,,,,,,,0.0,,,,,ultralytics,0.0,0
1774,29.5948,,,,,,,,0.0,,,,,ultralytics,0.0,0
1775,29.6115,,,,,,,,0.0,,,,,ultralytics,0.0,0
1776,29.6281,,,,,,,,0.0,,,,,ultralytics,0.0,0
1777,29.6448,,,,,,,,0.0,,,,,ultralytics,0.0,0
1778,29.6615,,,,,,,,0.0,,,,,ultralytics,0.0,0
1779,29.6782,,,,,,,,0.0,,,,,ultralytics,0.0,0
1780,29.6949,,,,,,,,0.0,,,,,ultralytics,0.0,0
1781,29.7116,,,,,,,,0.0,,,,,ultralytics,0.0,0
1782,29.7282,,,,,,,,0.0,,,,,ultralytics,0.0,0
1783,29.7449,,,,,,,,0.0,,,,,ultralytics,0.0,0
1784,29.7616,,,,,,,,0.0,,,,,ultralytics,0.0,0
1785,29.7783,,,,,,,,0.0,,,,,ultralytics,0.0,0
1786,29.795,,,,,,,,0.0,,,,,ultralytics,0.0,0
1787,29.8117,399.92,450.15,399.35,449.45,5.07,,,0.064,394.23,444.38,404.46,454.53,ultralytics,0.064,1
1788,29.8283,,,,,,,,0.0,,,,,ultralytics,0.0,0
1789,29.845,399.41,449.32,399.23,449.09,4.96,,,0.079,394.06,444.13,404.4,454.05,ultralytics,0.079,1
1790,29.8617,399.34,448.99,399.27,449.02,4.83,,,0.186,393.81,444.19,404.73,453.85,ultralytics,0.186,1
1791,29.8784,399.44,448.81,399.55,448.84,4.87,,,0.191,394.03,443.97,405.07,453.7,ultralytics,0.191,1
1792,29.8951,399.45,448.64,399.48,448.55,4.57,,,0.162,394.16,443.98,404.8,453.13,ultralytics,0.162,1
1793,29.9117,399.4,448.54,399.38,448.53,4.43,,,0.124,393.98,444.1,404.78,452.96,ultralytics,0.124,1
1794,29.9284,435.68,449.0,399.36,448.48,4.44,,,0.113,394.0,444.03,404.72,452.92,ultralytics,0.113,1
1795,29.9451,562.34,450.24,399.24,448.52,4.52,,,0.061,393.9,444.0,404.58,453.04,ultralytics,0.061,1
1796,29.9618,,,,,,,,0.0,,,,,ultralytics,0.0,0
1797,29.9785,,,,,,,,0.0,,,,,ultralytics,0.0,0
1798,29.9952,,,,,,,,0.0,,,,,ultralytics,0.0,0
1799,30.0118,,,,,,,,0.0,,,,,ultralytics,0.0,0
1800,30.0285,,,,,,,,0.0,,,,,ultralytics,0.0,0
1801,30.0452,,,,,,,,0.0,,,,,ultralytics,0.0,0
1802,30.0619,,,,,,,,0.0,,,,,ultralytics,0.0,0
1803,30.0786,,,,,,,,0.0,,,,,ultralytics,0.0,0
1804,30.0953,,,,,,,,0.0,,,,,ultralytics,0.0,0
1805,30.1119,,,,,,,,0.0,,,,,ultralytics,0.0,0
1806,30.1286,,,,,,,,0.0,,,,,ultralytics,0.0,0
1807,30.1453,,,,,,,,0.0,,,,,ultralytics,0.0,0
1808,30.162,,,,,,,,0.0,,,,,ultralytics,0.0,0
1809,30.1787,,,,,,,,0.0,,,,,ultralytics,0.0,0
1810,30.1954,,,,,,,,0.0,,,,,ultralytics,0.0,0
1811,30.212,,,,,,,,0.0,,,,,ultralytics,0.0,0
1812,30.2287,,,,,,,,0.0,,,,,ultralytics,0.0,0
1813,30.2454,,,,,,,,0.0,,,,,ultralytics,0.0,0
1814,30.2621,,,,,,,,0.0,,,,,ultralytics,0.0,0
1815,30.2788,,,,,,,,0.0,,,,,ultralytics,0.0,0
1816,30.2954,,,,,,,,0.0,,,,,ultralytics,0.0,0
1817,30.3121,,,,,,,,0.0,,,,,ultralytics,0.0,0
1818,30.3288,,,,,,,,0.0,,,,,ultralytics,0.0,0
1819,30.3455,,,,,,,,0.0,,,,,ultralytics,0.0,0
1820,30.3622,,,,,,,,0.0,,,,,ultralytics,0.0,0
1821,30.3789,,,,,,,,0.0,,,,,ultralytics,0.0,0
1822,30.3955,,,,,,,,0.0,,,,,ultralytics,0.0,0
1823,30.4122,668.77,449.62,1066.28,457.47,8.49,,,0.059,1056.16,448.98,1076.41,465.96,ultralytics,0.059,1
1824,30.4289,,,,,,,,0.0,,,,,ultralytics,0.0,0
1825,30.4456,,,,,,,,0.0,,,,,ultralytics,0.0,0
1826,30.4623,,,,,,,,0.0,,,,,ultralytics,0.0,0
1827,30.479,,,,,,,,0.0,,,,,ultralytics,0.0,0
1828,30.4956,,,,,,,,0.0,,,,,ultralytics,0.0,0
1829,30.5123,,,,,,,,0.0,,,,,ultralytics,0.0,0
1830,30.529,,,,,,,,0.0,,,,,ultralytics,0.0,0
1831,30.5457,,,,,,,,0.0,,,,,ultralytics,0.0,0
1832,30.5624,,,,,,,,0.0,,,,,ultralytics,0.0,0
1833,30.5791,,,,,,,,0.0,,,,,ultralytics,0.0,0
1834,30.5957,,,,,,,,0.0,,,,,ultralytics,0.0,0
1835,30.6124,,,,,,,,0.0,,,,,ultralytics,0.0,0
1836,30.6291,,,,,,,,0.0,,,,,ultralytics,0.0,0
1837,30.6458,,,,,,,,0.0,,,,,ultralytics,0.0,0
1838,30.6625,,,,,,,,0.0,,,,,ultralytics,0.0,0
1839,30.6791,,,,,,,,0.0,,,,,ultralytics,0.0,0
1840,30.6958,,,,,,,,0.0,,,,,ultralytics,0.0,0
1841,30.7125,,,,,,,,0.0,,,,,ultralytics,0.0,0
1842,30.7292,,,,,,,,0.0,,,,,ultralytics,0.0,0
1843,30.7459,,,,,,,,0.0,,,,,ultralytics,0.0,0
1844,30.7626,,,,,,,,0.0,,,,,ultralytics,0.0,0
1845,30.7792,,,,,,,,0.0,,,,,ultralytics,0.0,0
1846,30.7959,,,,,,,,0.0,,,,,ultralytics,0.0,0
1847,30.8126,,,,,,,,0.0,,,,,ultralytics,0.0,0
1848,30.8293,,,,,,,,0.0,,,,,ultralytics,0.0,0
1849,30.846,,,,,,,,0.0,,,,,ultralytics,0.0,0
1850,30.8627,,,,,,,,0.0,,,,,ultralytics,0.0,0
1851,30.8793,,,,,,,,0.0,,,,,ultralytics,0.0,0
1852,30.896,,,,,,,,0.0,,,,,ultralytics,0.0,0
1853,30.9127,,,,,,,,0.0,,,,,ultralytics,0.0,0
1854,30.9294,,,,,,,,0.0,,,,,ultralytics,0.0,0
1855,30.9461,,,,,,,,0.0,,,,,ultralytics,0.0,0
1856,30.9627,,,,,,,,0.0,,,,,ultralytics,0.0,0
1857,30.9794,,,,,,,,0.0,,,,,ultralytics,0.0,0
1858,30.9961,,,,,,,,0.0,,,,,ultralytics,0.0,0
1859,31.0128,,,,,,,,0.0,,,,,ultralytics,0.0,0
1860,31.0295,564.5,444.73,402.33,440.23,4.18,,,0.062,397.21,436.05,407.44,444.42,ultralytics,0.062,1
1861,31.0462,439.08,440.72,402.92,439.71,4.2,,,0.063,397.55,435.51,408.29,443.9,ultralytics,0.063,1
1862,31.0628,403.47,439.4,403.35,439.51,4.28,,,0.068,397.59,435.23,409.11,443.79,ultralytics,0.068,1
1863,31.0795,404.58,438.85,403.88,439.02,4.34,,,0.069,399.06,434.68,408.7,443.36,ultralytics,0.069,1
1864,31.0962,,,,,,,,0.0,,,,,ultralytics,0.0,0
1865,31.1129,,,,,,,,0.0,,,,,ultralytics,0.0,0
1866,31.1296,,,,,,,,0.0,,,,,ultralytics,0.0,0
1867,31.1463,,,,,,,,0.0,,,,,ultralytics,0.0,0
1868,31.1629,,,,,,,,0.0,,,,,ultralytics,0.0,0
1869,31.1796,,,,,,,,0.0,,,,,ultralytics,0.0,0
1870,31.1963,,,,,,,,0.0,,,,,ultralytics,0.0,0
1871,31.213,,,,,,,,0.0,,,,,ultralytics,0.0,0
1872,31.2297,,,,,,,,0.0,,,,,ultralytics,0.0,0
1873,31.2464,406.49,438.18,406.21,438.0,5.01,,,0.055,400.72,432.99,411.69,443.01,ultralytics,0.055,1
1874,31.263,,,,,,,,0.0,,,,,ultralytics,0.0,0
1875,31.2797,,,,,,,,0.0,,,,,ultralytics,0.0,0
1876,31.2964,,,,,,,,0.0,,,,,ultralytics,0.0,0
1877,31.3131,,,,,,,,0.0,,,,,ultralytics,0.0,0
1878,31.3298,,,,,,,,0.0,,,,,ultralytics,0.0,0
1879,31.3464,,,,,,,,0.0,,,,,ultralytics,0.0,0
1880,31.3631,,,,,,,,0.0,,,,,ultralytics,0.0,0
1881,31.3798,,,,,,,,0.0,,,,,ultralytics,0.0,0
1882,31.3965,,,,,,,,0.0,,,,,ultralytics,0.0,0
1883,31.4132,,,,,,,,0.0,,,,,ultralytics,0.0,0
1884,31.4299,,,,,,,,0.0,,,,,ultralytics,0.0,0
1885,31.4465,,,,,,,,0.0,,,,,ultralytics,0.0,0
1886,31.4632,408.47,437.71,409.55,437.52,4.98,,,0.061,403.48,432.54,415.61,442.5,ultralytics,0.061,1
1887,31.4799,409.52,437.52,409.67,437.46,4.97,,,0.082,403.43,432.49,415.91,442.42,ultralytics,0.082,1
1888,31.4966,409.89,437.5,409.85,437.54,5.21,,,0.107,403.65,432.33,416.05,442.75,ultralytics,0.107,1
1889,31.5133,410.24,437.5,410.06,437.44,5.07,,,0.145,403.72,432.36,416.4,442.51,ultralytics,0.145,1
1890,31.53,410.83,437.49,410.75,437.55,4.91,,,0.149,404.94,432.64,416.55,442.46,ultralytics,0.149,1
1891,31.5466,411.6,437.42,411.55,437.51,4.67,,,0.172,406.12,432.84,416.99,442.18,ultralytics,0.172,1
1892,31.5633,412.35,437.31,412.56,437.21,4.77,,,0.111,407.79,432.39,417.33,442.04,ultralytics,0.111,1
1893,31.58,412.89,437.27,412.97,437.16,4.9,,,0.115,407.94,432.26,418.01,442.06,ultralytics,0.115,1
1894,31.5967,413.3,437.28,413.19,437.51,4.64,,,0.172,408.05,432.88,418.33,442.15,ultralytics,0.172,1
1895,31.6134,413.76,437.19,413.76,437.09,4.45,,,0.111,408.65,432.64,418.87,441.54,ultralytics,0.111,1
1896,31.63,414.36,437.08,414.23,437.09,4.86,,,0.193,408.98,432.23,419.48,441.96,ultralytics,0.193,1
1897,31.6467,415.05,437.01,415.08,437.01,4.72,,,0.116,409.61,432.29,420.54,441.73,ultralytics,0.116,1
1898,31.6634,416.07,436.95,415.87,436.92,4.61,,,0.074,410.53,432.31,421.21,441.53,ultralytics,0.074,1
1899,31.6801,418.18,436.93,416.17,436.91,4.44,,,0.061,411.11,432.47,421.23,441.36,ultralytics,0.061,1
1900,31.6968,,,,,,,,0.0,,,,,ultralytics,0.0,0
1901,31.7135,,,,,,,,0.0,,,,,ultralytics,0.0,0
1902,31.7301,,,,,,,,0.0,,,,,ultralytics,0.0,0
1903,31.7468,,,,,,,,0.0,,,,,ultralytics,0.0,0
1904,31.7635,,,,,,,,0.0,,,,,ultralytics,0.0,0
1905,31.7802,,,,,,,,0.0,,,,,ultralytics,0.0,0
1906,31.7969,,,,,,,,0.0,,,,,ultralytics,0.0,0
1907,31.8136,,,,,,,,0.0,,,,,ultralytics,0.0,0
1908,31.8302,,,,,,,,0.0,,,,,ultralytics,0.0,0
1909,31.8469,,,,,,,,0.0,,,,,ultralytics,0.0,0
1910,31.8636,,,,,,,,0.0,,,,,ultralytics,0.0,0
1911,31.8803,,,,,,,,0.0,,,,,ultralytics,0.0,0
1912,31.897,,,,,,,,0.0,,,,,ultralytics,0.0,0
1913,31.9137,,,,,,,,0.0,,,,,ultralytics,0.0,0
1914,31.9303,,,,,,,,0.0,,,,,ultralytics,0.0,0
1915,31.947,,,,,,,,0.0,,,,,ultralytics,0.0,0
1916,31.9637,,,,,,,,0.0,,,,,ultralytics,0.0,0
1917,31.9804,,,,,,,,0.0,,,,,ultralytics,0.0,0
1918,31.9971,,,,,,,,0.0,,,,,ultralytics,0.0,0
1919,32.0137,,,,,,,,0.0,,,,,ultralytics,0.0,0
1920,32.0304,,,,,,,,0.0,,,,,ultralytics,0.0,0
1921,32.0471,,,,,,,,0.0,,,,,ultralytics,0.0,0
1922,32.0638,,,,,,,,0.0,,,,,ultralytics,0.0,0
1923,32.0805,,,,,,,,0.0,,,,,ultralytics,0.0,0
1924,32.0972,,,,,,,,0.0,,,,,ultralytics,0.0,0
1925,32.1138,,,,,,,,0.0,,,,,ultralytics,0.0,0
1926,32.1305,,,,,,,,0.0,,,,,ultralytics,0.0,0
1927,32.1472,,,,,,,,0.0,,,,,ultralytics,0.0,0
1928,32.1639,,,,,,,,0.0,,,,,ultralytics,0.0,0
1929,32.1806,,,,,,,,0.0,,,,,ultralytics,0.0,0
1930,32.1973,,,,,,,,0.0,,,,,ultralytics,0.0,0
1931,32.2139,,,,,,,,0.0,,,,,ultralytics,0.0,0
1932,32.2306,421.22,436.94,423.31,436.93,4.78,,,0.057,417.9,432.15,428.71,441.71,ultralytics,0.057,1
1933,32.2473,423.08,436.98,423.48,436.97,4.7,,,0.064,418.4,432.26,428.56,441.67,ultralytics,0.064,1
1934,32.264,423.57,437.02,423.63,437.02,4.66,,,0.117,418.82,432.36,428.43,441.69,ultralytics,0.117,1
1935,32.2807,423.69,437.06,423.54,437.09,4.59,,,0.104,418.76,432.5,428.32,441.67,ultralytics,0.104,2
1936,32.2973,423.92,437.11,423.91,437.03,4.68,,,0.107,419.24,432.35,428.59,441.72,ultralytics,0.107,1
1937,32.314,424.22,437.24,424.24,437.25,4.58,,,0.056,419.66,432.57,428.82,441.94,ultralytics,0.056,1
1938,32.3307,424.53,437.48,424.47,437.33,4.62,,,0.081,419.86,432.46,429.09,442.2,ultralytics,0.081,1
1939,32.3474,424.83,437.83,424.95,437.89,4.71,,,0.111,420.24,432.72,429.66,443.06,ultralytics,0.111,1
1940,32.3641,425.05,438.17,425.03,438.24,4.67,,,0.094,420.35,432.81,429.7,443.66,ultralytics,0.094,1
1941,32.3808,425.28,438.45,425.21,438.43,4.73,,,0.182,420.48,433.18,429.94,443.68,ultralytics,0.182,1
1942,32.3974,425.55,438.72,425.55,438.65,4.74,,,0.172,420.81,433.38,430.3,443.92,ultralytics,0.172,1
1943,32.4141,425.74,438.99,426.0,439.12,5.02,,,0.235,420.98,433.82,431.02,444.43,ultralytics,0.235,1
1944,32.4308,425.73,439.15,425.65,439.2,4.66,,,0.144,420.99,433.98,430.31,444.42,ultralytics,0.144,1
1945,32.4475,425.67,439.22,425.66,439.18,4.72,,,0.193,420.93,433.99,430.38,444.37,ultralytics,0.193,1
1946,32.4642,425.7,439.31,425.58,439.27,4.86,,,0.21,420.72,434.09,430.45,444.46,ultralytics,0.21,1
1947,32.4809,425.84,439.45,425.88,439.47,4.9,,,0.293,420.98,434.33,430.78,444.62,ultralytics,0.293,1
1948,32.4975,425.99,439.62,426.03,439.56,4.89,,,0.299,421.13,434.56,430.92,444.56,ultralytics,0.299,1
1949,32.5142,426.1,439.81,426.05,439.88,4.72,,,0.201,421.32,434.96,430.77,444.79,ultralytics,0.201,1
1950,32.5309,426.16,439.92,426.33,439.99,4.63,,,0.152,421.7,435.18,430.96,444.8,ultralytics,0.152,1
1951,32.5476,426.17,439.97,426.0,439.89,4.58,,,0.154,421.42,435.13,430.58,444.64,ultralytics,0.154,1
1952,32.5643,426.28,440.02,426.25,440.11,4.66,,,0.135,421.59,435.28,430.91,444.94,ultralytics,0.135,1
1953,32.581,426.52,440.01,426.47,440.0,4.66,,,0.157,421.81,435.13,431.13,444.88,ultralytics,0.157,1
1954,32.5976,426.78,439.99,426.89,439.97,4.68,,,0.11,422.05,435.29,431.73,444.64,ultralytics,0.11,1
1955,32.6143,426.92,439.96,426.99,439.98,4.7,,,0.101,422.06,435.28,431.92,444.68,ultralytics,0.101,1
1956,32.631,426.95,439.93,426.93,439.94,4.49,,,0.173,422.44,435.42,431.42,444.46,ultralytics,0.173,1
1957,32.6477,426.95,439.88,426.93,439.86,4.48,,,0.176,422.4,435.38,431.46,444.34,ultralytics,0.176,1
1958,32.6644,426.98,439.85,427.0,439.86,4.49,,,0.188,422.39,435.37,431.62,444.34,ultralytics,0.188,1
1959,32.681,426.97,439.82,427.01,439.79,4.47,,,0.19,422.37,435.32,431.65,444.26,ultralytics,0.19,1
1960,32.6977,426.95,439.83,426.91,439.82,4.41,,,0.094,422.17,435.41,431.65,444.23,ultralytics,0.094,1
1961,32.7144,426.98,439.87,426.91,439.88,4.41,,,0.068,422.13,435.46,431.69,444.29,ultralytics,0.068,1
1962,32.7311,427.08,439.92,427.13,439.91,4.39,,,0.092,422.54,435.52,431.72,444.3,ultralytics,0.092,1
1963,32.7478,493.87,443.5,427.15,440.0,4.38,,,0.086,422.61,435.62,431.68,444.38,ultralytics,0.086,1
1964,32.7645,806.9,470.15,427.34,439.89,4.26,,,0.07,422.84,435.64,431.83,444.15,ultralytics,0.07,1
1965,32.7811,,,,,,,,0.0,,,,,ultralytics,0.0,0
1966,32.7978,,,,,,,,0.0,,,,,ultralytics,0.0,0
1967,32.8145,,,,,,,,0.0,,,,,ultralytics,0.0,0
1968,32.8312,,,,,,,,0.0,,,,,ultralytics,0.0,0
1969,32.8479,,,,,,,,0.0,,,,,ultralytics,0.0,0
1970,32.8646,,,,,,,,0.0,,,,,ultralytics,0.0,0
1971,32.8812,,,,,,,,0.0,,,,,ultralytics,0.0,0
1972,32.8979,1363.17,544.26,1651.07,505.2,10.1,,,0.055,1639.07,495.1,1663.08,515.3,ultralytics,0.055,1
1973,32.9146,,,,,,,,0.0,,,,,ultralytics,0.0,0
1974,32.9313,1755.79,627.79,1909.87,702.08,9.71,,,0.86,1900.17,686.33,1919.58,717.83,ultralytics,0.86,1
1975,32.948,1839.73,629.9,1915.8,697.66,3.84,,,0.05,1911.96,685.81,1919.64,709.51,ultralytics,0.05,2
1976,32.9646,,,,,,,,0.0,,,,,ultralytics,0.0,0
1977,32.9813,1706.38,565.73,1697.93,503.03,11.55,,,0.054,1680.69,491.48,1715.18,514.57,ultralytics,0.054,1
1978,32.998,,,,,,,,0.0,,,,,ultralytics,0.0,0
1979,33.0147,,,,,,,,0.0,,,,,ultralytics,0.0,0
1980,33.0314,,,,,,,,0.0,,,,,ultralytics,0.0,0
1981,33.0481,,,,,,,,0.0,,,,,ultralytics,0.0,0
1982,33.0647,,,,,,,,0.0,,,,,ultralytics,0.0,0
1983,33.0814,,,,,,,,0.0,,,,,ultralytics,0.0,0
1984,33.0981,1402.0,529.36,1787.48,498.93,10.29,,,0.088,1769.27,488.64,1805.69,509.22,ultralytics,0.088,1
1985,33.1148,,,,,,,,0.0,,,,,ultralytics,0.0,1
1986,33.1315,,,,,,,,0.0,,,,,ultralytics,0.0,0
1987,33.1482,,,,,,,,0.0,,,,,ultralytics,0.0,0
1988,33.1648,,,,,,,,0.0,,,,,ultralytics,0.0,0
1989,33.1815,,,,,,,,0.0,,,,,ultralytics,0.0,0
1990,33.1982,,,,,,,,0.0,,,,,ultralytics,0.0,0
1991,33.2149,,,,,,,,0.0,,,,,ultralytics,0.0,0
1992,33.2316,,,,,,,,0.0,,,,,ultralytics,0.0,0
1993,33.2483,,,,,,,,0.0,,,,,ultralytics,0.0,0
1994,33.2649,,,,,,,,0.0,,,,,ultralytics,0.0,0
1995,33.2816,,,,,,,,0.0,,,,,ultralytics,0.0,0
1996,33.2983,,,,,,,,0.0,,,,,ultralytics,0.0,0
1997,33.315,,,,,,,,0.0,,,,,ultralytics,0.0,0
1998,33.3317,,,,,,,,0.0,,,,,ultralytics,0.0,0
1999,33.3483,,,,,,,,0.0,,,,,ultralytics,0.0,0
2000,33.365,,,,,,,,0.0,,,,,ultralytics,0.0,0
2001,33.3817,,,,,,,,0.0,,,,,ultralytics,0.0,0
2002,33.3984,,,,,,,,0.0,,,,,ultralytics,0.0,0
2003,33.4151,,,,,,,,0.0,,,,,ultralytics,0.0,0
2004,33.4318,,,,,,,,0.0,,,,,ultralytics,0.0,0
2005,33.4484,,,,,,,,0.0,,,,,ultralytics,0.0,0
2006,33.4651,,,,,,,,0.0,,,,,ultralytics,0.0,0
2007,33.4818,,,,,,,,0.0,,,,,ultralytics,0.0,0
2008,33.4985,1177.29,505.41,263.39,600.8,10.65,,,0.088,252.74,584.0,274.05,617.61,ultralytics,0.088,1
2009,33.5152,,,,,,,,0.0,,,,,ultralytics,0.0,0
2010,33.5319,,,,,,,,0.0,,,,,ultralytics,0.0,0
2011,33.5485,,,,,,,,0.0,,,,,ultralytics,0.0,0
2012,33.5652,,,,,,,,0.0,,,,,ultralytics,0.0,0
2013,33.5819,,,,,,,,0.0,,,,,ultralytics,0.0,0
2014,33.5986,1433.48,440.69,1816.46,383.81,12.21,,,0.1,1803.24,371.6,1829.68,396.02,ultralytics,0.1,1
2015,33.6153,1724.87,387.95,1810.22,377.04,11.94,,,0.162,1797.17,365.1,1823.26,388.98,ultralytics,0.162,1
2016,33.632,1800.85,367.29,1805.15,370.43,12.1,,,0.056,1791.67,358.33,1818.62,382.53,ultralytics,0.056,1
2017,33.6486,,,,,,,,0.0,,,,,ultralytics,0.0,0
2018,33.6653,,,,,,,,0.0,,,,,ultralytics,0.0,0
2019,33.682,1752.56,361.19,1785.47,352.76,11.11,,,0.104,1772.19,341.65,1798.74,363.87,ultralytics,0.104,1
2020,33.6987,1577.18,372.63,1780.38,348.91,10.21,,,0.087,1767.51,338.7,1793.25,359.12,ultralytics,0.087,1
2021,33.7154,,,,,,,,0.0,,,,,ultralytics,0.0,1
2022,33.732,1261.2,400.09,1091.42,421.27,8.36,,,0.053,1080.89,412.91,1101.96,429.64,ultralytics,0.053,1
2023,33.7487,930.26,418.69,1091.22,421.11,8.63,,,0.058,1080.85,412.48,1101.6,429.74,ultralytics,0.058,3
2024,33.7654,,,,,,,,0.0,,,,,ultralytics,0.0,2
2025,33.7821,624.99,424.52,426.48,426.08,4.97,,,0.154,420.83,421.11,432.13,431.05,ultralytics,0.154,2
2026,33.7988,462.6,425.47,426.28,425.94,5.11,,,0.221,420.68,420.83,431.87,431.05,ultralytics,0.221,2
2027,33.8155,426.4,425.27,426.41,425.21,4.99,,,0.091,420.66,420.22,432.16,430.2,ultralytics,0.091,2
2028,33.8321,426.62,424.67,426.37,424.78,4.52,,,0.133,420.34,420.26,432.4,429.29,ultralytics,0.133,1
2029,33.8488,427.28,423.98,426.91,424.02,4.58,,,0.135,420.82,419.44,432.99,428.6,ultralytics,0.135,2
2030,33.8655,428.5,423.3,428.4,423.1,4.69,,,0.127,422.06,418.41,434.73,427.8,ultralytics,0.127,1
2031,33.8822,430.23,422.69,429.96,422.84,4.96,,,0.442,420.75,417.88,439.18,427.8,ultralytics,0.442,1
2032,33.8989,501.5,414.37,431.94,422.11,4.91,,,0.223,424.29,417.2,439.58,427.01,ultralytics,0.223,2
2033,33.9156,,,,,,,,0.0,,,,,ultralytics,0.0,1
2034,33.9322,744.11,386.7,436.09,420.97,5.25,,,0.083,430.84,415.27,441.35,426.67,ultralytics,0.083,1
2035,33.9489,,,,,,,,0.0,,,,,ultralytics,0.0,0
2036,33.9656,,,,,,,,0.0,,,,,ultralytics,0.0,0
2037,33.9823,,,,,,,,0.0,,,,,ultralytics,0.0,0
2038,33.999,946.5,362.05,1702.31,280.93,11.56,,,0.184,1690.01,269.36,1714.61,292.49,ultralytics,0.184,2
2039,34.0156,,,,,,,,0.0,,,,,ultralytics,0.0,2
2040,34.0323,747.05,380.25,439.0,412.64,4.41,,,0.161,432.86,408.22,445.15,417.05,ultralytics,0.161,1
2041,34.049,506.26,402.78,438.38,410.66,5.09,,,0.289,432.18,405.57,444.58,415.75,ultralytics,0.289,1
2042,34.0657,433.85,404.77,436.44,409.04,5.66,,,0.054,428.84,403.37,444.03,414.7,ultralytics,0.054,1
2043,34.0824,,,,,,,,0.0,,,,,ultralytics,0.0,0
2044,34.0991,,,,,,,,0.0,,,,,ultralytics,0.0,0
2045,34.1157,428.16,394.37,426.14,394.16,5.85,,,0.073,420.29,386.11,431.98,402.22,ultralytics,0.073,1
2046,34.1324,422.42,378.1,423.89,386.59,5.62,,,0.085,418.27,378.81,429.5,394.38,ultralytics,0.085,1
2047,34.1491,,,,,,,,0.0,,,,,ultralytics,0.0,0
2048,34.1658,,,,,,,,0.0,,,,,ultralytics,0.0,0
2049,34.1825,,,,,,,,0.0,,,,,ultralytics,0.0,0
2050,34.1992,,,,,,,,0.0,,,,,ultralytics,0.0,0
2051,34.2158,417.55,358.66,414.96,348.83,5.59,,,0.072,409.37,342.04,420.55,355.62,ultralytics,0.072,1
2052,34.2325,414.91,345.38,414.3,343.69,5.99,,,0.123,408.3,336.76,420.29,350.61,ultralytics,0.123,1
2053,34.2492,391.54,320.84,414.16,337.71,5.8,,,0.316,408.35,330.11,419.96,345.32,ultralytics,0.316,1
2054,34.2659,290.25,236.28,413.64,335.5,5.52,,,0.261,408.12,327.81,419.16,343.19,ultralytics,0.261,1
