path,bundle_path,bytes,suffix,method,sha256
IMG_8144.MOV,repo_contents/IMG_8144.MOV,10812068,.mov,hardlink,e23e09216820b9a9c226ebe99d79552e5fd46a626674d6542b6cf2da707f32f0
yolov8x.pt,repo_contents/yolov8x.pt,136890692,.pt,hardlink,3df4ada6b4dad6d657868f2fdf7faecfb34dcfccf3a25c4b82079064718524c8
.DS_Store,repo_contents/.DS_Store,10244,,hardlink,b793cb342fa2ce2120ddf3f901aba1ab71f2a0baa8f1649c56a44319d1c92182
requirements.txt,repo_contents/requirements.txt,113,.txt,hardlink,9688d8434e2a90b0307e1bdbf65ce883ba6013914a465d2c7866d04a34f361a6
yolov8n.pt,repo_contents/yolov8n.pt,6549796,.pt,hardlink,f59b3d833e2ff32e194b5bb8e08d211dc7c5bdf144b90d2c8412c47ccfc83b36
.gitkeep,repo_contents/.gitkeep,0,,hardlink,e3b0c44298fc1c149afbf4c8996fb92427ae41e4649b934ca495991b7852b855
README.md,repo_contents/README.md,17525,.md,hardlink,af5dfd65650eb35e83f8548c233d1fa12ef1cdefe8d672e1d29f2daacff642f5
.gitignore,repo_contents/.gitignore,307,,hardlink,94856505a661eacfabb6697762eaaaf8f33d26ad3dfc6dd49e0ba9d63bf99cf2
TECHNICAL_SUMMARY.md,repo_contents/TECHNICAL_SUMMARY.md,17939,.md,hardlink,3d96df026432e9398d023c2ee05c4f479c50362b7528fb1951304d72af834f98
IMG_8166.MOV,repo_contents/IMG_8166.MOV,1040673191,.mov,hardlink,5a0ea83c7f1d1e571e4370f1f336edb41241f04f9c3c0cab1873b1f652f057dd
pickle_vid_1_frame00000.jpg,repo_contents/pickle_vid_1_frame00000.jpg,363430,.jpg,hardlink,e23063b9f7bcd93cfad323e7bf0cf6d42629c91efa0f0c5fae40a6d148afe79f
misc/demo_pipeline_active_side.yaml,repo_contents/misc/demo_pipeline_active_side.yaml,2129,.yaml,hardlink,7a6978595bd5725689c157cc937d9a17aa157038b1435127a0cb46bfdc068041
misc/demo_pipeline_foot_review.yaml,repo_contents/misc/demo_pipeline_foot_review.yaml,2129,.yaml,hardlink,6e87941b89ceef3b19e4395c257cdf2613c67ec4fd92c7d2ece1d846f45fd86b
photos_for_slides/05_uncertain_review_event.png,repo_contents/photos_for_slides/05_uncertain_review_event.png,1965506,.png,hardlink,ebf2c37a6af0be9b96f15af6d114466fb625b7051f134510bb2d164c78035736
photos_for_slides/01_registration_overlay.png,repo_contents/photos_for_slides/01_registration_overlay.png,1871239,.png,hardlink,82e2d47a9a5a0a879c1dccb203f80612aee0b2b093c5bada59a06f5f460350e6
photos_for_slides/03_detected_fault_event.png,repo_contents/photos_for_slides/03_detected_fault_event.png,2005795,.png,hardlink,ca82681f8a77b91c7d5bfbd54d192a9007a3755dbd140d68068e455e336587b9
photos_for_slides/court_reg_v3_summary_report.json,repo_contents/photos_for_slides/court_reg_v3_summary_report.json,5190,.json,hardlink,04319e3a8ca116335ef42f628baf95a9c765879877bb4a5d0ab54a5fb04de90b
photos_for_slides/registration_overlay_video.mp4,repo_contents/photos_for_slides/registration_overlay_video.mp4,11725186,.mp4,hardlink,8283dab8cc7ba62bdbf43ccc0558c0cd4a28bf1ebd674c491ade770de9259c3a
photos_for_slides/README.md,repo_contents/photos_for_slides/README.md,1249,.md,hardlink,7fae6a7cc488cc0d6664e103eb402a635c58dea4beccc29611e8c76e8e4e2802
photos_for_slides/04_uncertain_event.png,repo_contents/photos_for_slides/04_uncertain_event.png,1978753,.png,hardlink,d84acba2365fd46af3bf16f2acde671f662fb03a40768bd2833bb708267c461e
photos_for_slides/TECHNICAL_SUMMARY.md,repo_contents/photos_for_slides/TECHNICAL_SUMMARY.md,17939,.md,hardlink,3d96df026432e9398d023c2ee05c4f479c50362b7528fb1951304d72af834f98
photos_for_slides/demo_foot_fault_summary.json,repo_contents/photos_for_slides/demo_foot_fault_summary.json,212,.json,hardlink,deb98465e771c737986bf94fd6ca164c01d4849da9693b5a4389891fa699ff04
photos_for_slides/02_registration_comparison.png,repo_contents/photos_for_slides/02_registration_comparison.png,3863895,.png,hardlink,1da304a6440f3308fde65f2194c4371b7bec1a605cff7edf675d32e39fe39bbb
photos_for_slides/demo_foot_fault_events.csv,repo_contents/photos_for_slides/demo_foot_fault_events.csv,1306,.csv,hardlink,8f6e42ea511e745ed3f2aa33e538b4ce30dc88c2f2fd05fdf42dd5730f110f63
TotalPrompts/chat2.md,repo_contents/TotalPrompts/chat2.md,128188,.md,hardlink,2e9f67bf3fce22d79b8c37015c510c995551a23860105d5aa4c51fb45a8b072d
TotalPrompts/kitchenmaster_chat_1.md,repo_contents/TotalPrompts/kitchenmaster_chat_1.md,30612,.md,hardlink,dfb08fd35965a263462e94ae11acf6923cc2c7162200b6aebfe9023bfbd2dab7
TotalPrompts/chat6.md,repo_contents/TotalPrompts/chat6.md,0,.md,hardlink,e3b0c44298fc1c149afbf4c8996fb92427ae41e4649b934ca495991b7852b855
TotalPrompts/chat3.md,repo_contents/TotalPrompts/chat3.md,53105,.md,hardlink,e8a20814f25c7cb78144b241e6daeff86a9a40bf1af8470f0dd45cdae3d8b271
TotalPrompts/chat4.md,repo_contents/TotalPrompts/chat4.md,1806,.md,hardlink,530bcb850cb08bf472067d0a85b0628d61bca55b9d2cd11fdcbe6f92ff43aa66
TotalPrompts/kitchenmaster_chat_3.md,repo_contents/TotalPrompts/kitchenmaster_chat_3.md,29555,.md,hardlink,68d3b25d9968e0f142c55a9c87002e5b159abb30183a59a8f98a099d4c527f6b
TotalPrompts/chat1.md,repo_contents/TotalPrompts/chat1.md,11474,.md,hardlink,feff69042c9418fa48794c429169c8e9a91c9e4853484bd93ae249ad6f887fa0
TotalPrompts/kitchenmaster_chat_2.md,repo_contents/TotalPrompts/kitchenmaster_chat_2.md,8394,.md,hardlink,c3f9c4f7a29cff822d54b92d7312bfa77810cd459c319bb0c87c453bf5eb64ac
TotalPrompts/chat5.md,repo_contents/TotalPrompts/chat5.md,25313,.md,hardlink,30a691a4cb5e441edca934d36b0e326492bedb585225458e79fac7149ee5bf08
experiments/run_court_registration.py,repo_contents/experiments/run_court_registration.py,8686,.py,hardlink,704f486dc441e81c676db6a25768aac85e2da7442d98a9405e1f20046bb535c1
experiments/run_eval.py,repo_contents/experiments/run_eval.py,1699,.py,hardlink,12aedd7fdc1b85334ecc45a4493275cddfd599ed5b1fc2dfa449aec5a8e202de
experiments/run_demo_pipeline.py,repo_contents/experiments/run_demo_pipeline.py,55294,.py,hardlink,54c11bcce01d29bb1c40a4b607d2cc0e24bf9a102e7eb2933ea2ceb0a8cca48b
experiments/run_court_registration_v3.py,repo_contents/experiments/run_court_registration_v3.py,42011,.py,hardlink,819b2ea08f578239cc64612a36093cef5af042fd7526188434d1687c111ea8fb
experiments/run_court_registration_v2.py,repo_contents/experiments/run_court_registration_v2.py,21365,.py,hardlink,1f9a700cbe3d73a12327e3dffa7fda3712f29d2f28e86ed91cc82fa3e69db2f3
experiments/run_sim.py,repo_contents/experiments/run_sim.py,2734,.py,hardlink,0a2f0cd1ba765f6d13ea48348e26ae666fc8b28db156ece698a4d06dcc93ffad
experiments/run_real.py,repo_contents/experiments/run_real.py,3864,.py,hardlink,c890c1a101fce0a7b17fc2864310d3fb93fa4872e5e5bfc3d0932cbcd1cd3021
tests/test_sim_generator.py,repo_contents/tests/test_sim_generator.py,3502,.py,hardlink,d734b788157f9c62952fe298cfa916e1f7976507c3d5e2ee4979d6b005dd45bf
tests/test_detector.py,repo_contents/tests/test_detector.py,909,.py,hardlink,df017d84aef452f8fb776c59b1c5c0ad2afa25aef373d18c51628842bb326d97
tests/__init__.py,repo_contents/tests/__init__.py,0,.py,hardlink,e3b0c44298fc1c149afbf4c8996fb92427ae41e4649b934ca495991b7852b855
tests/test_evaluate.py,repo_contents/tests/test_evaluate.py,3639,.py,hardlink,4afb285bceb93302528710f92ddf5d38fadd8586ec07d3697f7c8166bcd15e75
models/yolov8n-pose.onnx,repo_contents/models/yolov8n-pose.onnx,13484153,.onnx,hardlink,04f6d2416266f2aba6c5ba8b26de33ed9eba3279f972ac02e33f9f1366547586
docs/problem.md,repo_contents/docs/problem.md,1985,.md,hardlink,6544ea9a1adce846e52ad235b55b8a473a22000c4e4741572040357e518ba5ea
docs/plan.md,repo_contents/docs/plan.md,3702,.md,hardlink,bb9c5ad54ad5f9f2116006b97f098dc0af229c92c778debdbb0cd384032b3d51
results/.DS_Store,repo_contents/results/.DS_Store,6148,,hardlink,8d494161252af70d75a634238b12caac8695191b2f66e447e12508d4dd70cf8f
scripts/annotate_reprojection_anchors.py,repo_contents/scripts/annotate_reprojection_anchors.py,8051,.py,hardlink,d1ccf84228e278e3b42d1beb2637d5c65257ccc9aa1ac3791df0deffd7f26d80
scripts/annotate_reference.py,repo_contents/scripts/annotate_reference.py,5416,.py,hardlink,980f590a5ac19850ba6c78165f2afb39a51bd7f7e3b79f4e858a0f9977f69bd8
scripts/extract_frames.py,repo_contents/scripts/extract_frames.py,2950,.py,hardlink,999b2cb8151042a83d878c21cb2c4a2723da8a65f6a1ed9727a9c8dab7ac71c4
scripts/__init__.py,repo_contents/scripts/__init__.py,0,.py,hardlink,e3b0c44298fc1c149afbf4c8996fb92427ae41e4649b934ca495991b7852b855
scripts/annotate_anchors.py,repo_contents/scripts/annotate_anchors.py,8516,.py,hardlink,0caa9101ae414a316228c65a3d06496506e3a3c174cc186e8b6b5215198a3c7e
Ultralytics/settings.json,repo_contents/Ultralytics/settings.json,635,.json,hardlink,085bedd12060e6c14d3aa31d3562bdd13f9ff9b98a8536a830bc65d872b67d61
Ultralytics/persistent_cache.json,repo_contents/Ultralytics/persistent_cache.json,23,.json,hardlink,842d8f1b8e3a4d2077cb4d7bdf026f46c38837a7093a3dc0404c5dc0889f7d8d
final_report_bundle/02_RESULTS_AND_FIGURES.md,repo_contents/final_report_bundle/02_RESULTS_AND_FIGURES.md,2197,.md,hardlink,42759fafe6bf22a38f3e681b064746c3e444ab84051dd85486dc54bb74360cde
final_report_bundle/01_FINAL_REPORT_BRIEF.md,repo_contents/final_report_bundle/01_FINAL_REPORT_BRIEF.md,4878,.md,hardlink,87712a3811699d9922bd163eadf82e7f2c7efcb6ca90eb009fdac55dbd814f70
final_report_bundle/04_REPRODUCIBILITY_AND_GAPS.md,repo_contents/final_report_bundle/04_REPRODUCIBILITY_AND_GAPS.md,1726,.md,hardlink,955d2f2755f8d9d7e9fc21a2c518ba80ae6791f7b5fca959039c89933b106a7b
final_report_bundle/CLAUDE_PASTE_CONTEXT.md,repo_contents/final_report_bundle/CLAUDE_PASTE_CONTEXT.md,2474,.md,hardlink,0bbde62e019bf1b10772f5aff2e61c05c7782b4c6634fea9dcb0fe1db2b40ef6
final_report_bundle/bundle_manifest.csv,repo_contents/final_report_bundle/bundle_manifest.csv,30371,.csv,hardlink,b28c6bd3855671b24afc4e7e6383dbe2fde07fdba48bc0a13bddac9c7b166ce5
final_report_bundle/00_START_HERE.md,repo_contents/final_report_bundle/00_START_HERE.md,1821,.md,hardlink,1ab78216b9bda0cfb575d530d889808b75466b4807bea7d091c661c160b2c13f
final_report_bundle/03_METHODS_CODE_INDEX.md,repo_contents/final_report_bundle/03_METHODS_CODE_INDEX.md,2278,.md,hardlink,dbbe92a771ded4162cda8c24506537e292890108905bf7e096fe0f751c525aaa
final_report_bundle/missing_or_regenerate.csv,repo_contents/final_report_bundle/missing_or_regenerate.csv,26,.csv,hardlink,d46122b0b0cca1b0d33db237946ef34d1235c35bf3fb9b8a58c158653ead61d1
data/.DS_Store,repo_contents/data/.DS_Store,6148,,hardlink,a63ca8ad50d4319dd9796c3fee294582d7fe28f780a0c252f88862bd39bd947d
src/sim_generator.py,repo_contents/src/sim_generator.py,4811,.py,hardlink,afb97c8ec86719d5fba749c7f2172e960dce74080dbe583a7759fdabcc0c341d
src/court_model.py,repo_contents/src/court_model.py,7133,.py,hardlink,2e1a67b34494383277c8dda53d185d78a9304e9045ecedbe8282ecbb12198b8d
src/config.py,repo_contents/src/config.py,931,.py,hardlink,aa878d2d3ce9bc125fe600dd7d7da6fd79ffb6e6f008b99d8bbac1270fe75d2b
src/ball_detector.py,repo_contents/src/ball_detector.py,7326,.py,hardlink,4fd28b8e9e4e3e863ce2f142d798f6e7a25724e25cccfcf019f556ac47ac858c
src/court_registration.py,repo_contents/src/court_registration.py,11895,.py,hardlink,865d071ef8bd2e84fa49d1af5f9ddd3e2a1869dce860a198548c41ce586cef93
src/event_detector.py,repo_contents/src/event_detector.py,695,.py,hardlink,1dbf90e476f78ff1ae56dcedf977578c9dd79a6c96b0528f57c19f5abdb55a11
src/__init__.py,repo_contents/src/__init__.py,0,.py,hardlink,e3b0c44298fc1c149afbf4c8996fb92427ae41e4649b934ca495991b7852b855
src/baseline_detector.py,repo_contents/src/baseline_detector.py,3208,.py,hardlink,45941e23ef222c5c165c3fa9a4c76656cf3deaa4e288fb5678d01e22e57be33e
src/volley_classifier.py,repo_contents/src/volley_classifier.py,20452,.py,hardlink,907433bb0c8c0651cdfeb1dd09eb8bf77f38c4903808fa09a808e1e02af0654d
src/ball_tracker.py,repo_contents/src/ball_tracker.py,22210,.py,hardlink,411af61f2c0dabd4f19ab8d4c79e9708fe67498b2c2968f663f3438ea83fe4ff
src/foot_localizer.py,repo_contents/src/foot_localizer.py,40286,.py,hardlink,f61a5013228e129460778e3e7699ef9c0df9412c9388ebc5a33b352e64b62fe2
src/evaluate.py,repo_contents/src/evaluate.py,7671,.py,hardlink,55c29376356f532d2764cbbc9e18b7c782c5d13d3d657246d4fa2f756d067ceb
src/foot_fault_pipeline.py,repo_contents/src/foot_fault_pipeline.py,34281,.py,hardlink,6cbe6896cafaab428f036d09e2a2fb9f53856f566819d054140992303c956483
src/viz.py,repo_contents/src/viz.py,8587,.py,hardlink,f1d090d46a5ddd953a880c1bec54f454b31fe3003ccf8c516d231397aa4a47b8
src/stabilizer.py,repo_contents/src/stabilizer.py,9228,.py,hardlink,f626a42f9e193d6468193f4d7c91b7dce9e8eefecca33e8f3fd232b3176a7da5
outputs/slides/kitchenmaster-prof-deck/output.pptx,repo_contents/outputs/slides/kitchenmaster-prof-deck/output.pptx,16197924,.pptx,hardlink,fcded2f966895d1c143877ca6b87964c36d3d763bc8089e9eec447e8933f15d9
outputs/slides/kitchenmaster-prof-deck/narrative_plan.md,repo_contents/outputs/slides/kitchenmaster-prof-deck/narrative_plan.md,2336,.md,hardlink,1e230519ddfec9c8c86cb6ca20d1e41c954cdb9d1238a3f68676361df8b76c96
tmp/slides/kitchenmaster-prof-deck/inspect.ndjson,repo_contents/tmp/slides/kitchenmaster-prof-deck/inspect.ndjson,59696,.ndjson,hardlink,8c246442350067a9d668ef1f613f1cb43c2b87a1c413cf7e39c41e8dab1c0c53
tmp/slides/kitchenmaster-prof-deck/verification/render_verify_loops.ndjson,repo_contents/tmp/slides/kitchenmaster-prof-deck/verification/render_verify_loops.ndjson,800,.ndjson,hardlink,d2d2892f364886c2235743726f199b5b57d639c648d58180efda946f45611ad7
tmp/slides/kitchenmaster-prof-deck/preview/slide-09.png,repo_contents/tmp/slides/kitchenmaster-prof-deck/preview/slide-09.png,366213,.png,hardlink,237f772a1a0e7fd8907d771b5c143493b5809a75cf26188300333a07dd797f35
tmp/slides/kitchenmaster-prof-deck/preview/slide-08.png,repo_contents/tmp/slides/kitchenmaster-prof-deck/preview/slide-08.png,361419,.png,hardlink,4c02b08e8d3cf379399f18c91b8c222163fc91404550b678b94b9e57739aec31
tmp/slides/kitchenmaster-prof-deck/preview/slide-03.png,repo_contents/tmp/slides/kitchenmaster-prof-deck/preview/slide-03.png,123536,.png,hardlink,5d213dd8846afcedeffaca91a381313a3b0861c9d7da4d7af2a194bbf2c921fe
tmp/slides/kitchenmaster-prof-deck/preview/slide-02.png,repo_contents/tmp/slides/kitchenmaster-prof-deck/preview/slide-02.png,360976,.png,hardlink,1545639338566a8fd5236606fbe21fcfe1a9f7f9eef886d4ed2d59a3949a2012
tmp/slides/kitchenmaster-prof-deck/preview/slide-01.png,repo_contents/tmp/slides/kitchenmaster-prof-deck/preview/slide-01.png,307550,.png,hardlink,b0b49d75968c6bbddb7b13700b83c50b66e8c9ce1fbda61057f8a1c0433c0af2
tmp/slides/kitchenmaster-prof-deck/preview/slide-05.png,repo_contents/tmp/slides/kitchenmaster-prof-deck/preview/slide-05.png,199336,.png,hardlink,9bce7f7f9d9cc400aba6d08a6b1a635de3e7034f86a8c075bee6a3a361db16be
tmp/slides/kitchenmaster-prof-deck/preview/slide-10.png,repo_contents/tmp/slides/kitchenmaster-prof-deck/preview/slide-10.png,401116,.png,hardlink,a2b227d8671cfad0646c9a87f79ede8e52e5dddc39cbf3f18488b53aa2651d51
tmp/slides/kitchenmaster-prof-deck/preview/slide-04.png,repo_contents/tmp/slides/kitchenmaster-prof-deck/preview/slide-04.png,359299,.png,hardlink,7527c9876aead20b1385b16ccf889601103853b8387c69537c09597acceef302
tmp/slides/kitchenmaster-prof-deck/preview/slide-06.png,repo_contents/tmp/slides/kitchenmaster-prof-deck/preview/slide-06.png,94567,.png,hardlink,4a79d5959a2005ca9975a0a7c698d20955139da8b6dd2dc3e874d2b789290c04
tmp/slides/kitchenmaster-prof-deck/preview/slide-07.png,repo_contents/tmp/slides/kitchenmaster-prof-deck/preview/slide-07.png,407580,.png,hardlink,2b4f6331bbea5f045372eb189086c80b345e998d8eaec3e3909b102bfcf1fe5c
tmp/slides/kitchenmaster-prof-deck/build/kitchenmaster_prof_deck.mjs,repo_contents/tmp/slides/kitchenmaster-prof-deck/build/kitchenmaster_prof_deck.mjs,30651,.mjs,hardlink,717e6b0e3432cac1cf8f2993308ae5e5533bc0fb92f5b32b2abbf39efc4f5072
tmp/slides/kitchenmaster-prof-deck/build/output.pptx,repo_contents/tmp/slides/kitchenmaster-prof-deck/build/output.pptx,16197924,.pptx,hardlink,fcded2f966895d1c143877ca6b87964c36d3d763bc8089e9eec447e8933f15d9
tmp/slides/kitchenmaster-prof-deck/build/package.json,repo_contents/tmp/slides/kitchenmaster-prof-deck/build/package.json,42,.json,hardlink,609158e6c5fbc237939fa3ddf7faab80ab690bdc0c8d584414a885130103c4e8
data/real/.DS_Store,repo_contents/data/real/.DS_Store,10244,,hardlink,d375a284fd8428d1e061df84137a3c8f9989ba537bc4dd8c418463d4d15c28dd
data/real/annotations.csv,repo_contents/data/real/annotations.csv,255,.csv,hardlink,1586ca8fc98a37cb586761f884dfdd096cff06f269a5b7c123944220795ace5b
data/real/frames/pickle_vid_1_frame01704.jpg,repo_contents/data/real/frames/pickle_vid_1_frame01704.jpg,305041,.jpg,hardlink,3637470416be5b29acfb7b6e07f8955777d446e027c6ba62c0687f61d596854c
data/real/frames/pickle_vid_1_frame00432.jpg,repo_contents/data/real/frames/pickle_vid_1_frame00432.jpg,276937,.jpg,hardlink,d1d759dfeea08e39c927eac90fae5e6c80c912fb65f07c711f0e04850db07edc
data/real/frames/pickle_vid_1_frame01260.jpg,repo_contents/data/real/frames/pickle_vid_1_frame01260.jpg,309675,.jpg,hardlink,80a603caf2239d2de5c58a3ebef29bdec6c4cbeda5039a0defba93d8a47ea52a
data/real/frames/pickle_vid_1_frame01512.jpg,repo_contents/data/real/frames/pickle_vid_1_frame01512.jpg,292490,.jpg,hardlink,5c282487591b96acb7dc1851f98f2b0ca3fd1516e5aa124f8229fc52747f841e
data/real/frames/pickle_vid_1_frame00624.jpg,repo_contents/data/real/frames/pickle_vid_1_frame00624.jpg,305338,.jpg,hardlink,b1144f7633b970882d59b879f7f974b95f0d6a0aa1e2b4ab4a656f8965c0b6e0
data/real/frames/pickle_vid_1_frame01248.jpg,repo_contents/data/real/frames/pickle_vid_1_frame01248.jpg,308511,.jpg,hardlink,5514afaca3541e78f7a98dfccfd18def1315bf378927d499cde824a85b5dbeaf
data/real/frames/pickle_vid_1_frame00156.jpg,repo_contents/data/real/frames/pickle_vid_1_frame00156.jpg,270005,.jpg,hardlink,383ea3be4770c56295d4302ba197b7a10aed55a16c4026fa365dcc5f3c92cfe2
data/real/frames/pickle_vid_1_frame02184.jpg,repo_contents/data/real/frames/pickle_vid_1_frame02184.jpg,282672,.jpg,hardlink,9617a79da68ce176efddb84a2d045c1afd9b0d801e3232b29fbace99c6ebe646
data/real/frames/pickle_vid_1_frame00036.jpg,repo_contents/data/real/frames/pickle_vid_1_frame00036.jpg,261980,.jpg,hardlink,2772e347468bc42dbabf6e521eabdaadf671ab77d6a4b0378ec78c204809db6c
data/real/frames/pickle_vid_1_frame00744.jpg,repo_contents/data/real/frames/pickle_vid_1_frame00744.jpg,307128,.jpg,hardlink,72fbe5caf23ad072a71420c618c1d8029896deb7f6fb4750a5db8bb13ff4d744
data/real/frames/pickle_vid_1_frame01116.jpg,repo_contents/data/real/frames/pickle_vid_1_frame01116.jpg,304464,.jpg,hardlink,ee41aefd8d42f2ac084a860bf7a4ec56523c4b842e5b74247e16075b141cb9e3
data/real/frames/pickle_vid_1_frame00552.jpg,repo_contents/data/real/frames/pickle_vid_1_frame00552.jpg,302236,.jpg,hardlink,6da5efa5b3e9240843ad58691bf0857b4d686daa10e19dd51ec9238978a4d9a0
data/real/frames/pickle_vid_1_frame02436.jpg,repo_contents/data/real/frames/pickle_vid_1_frame02436.jpg,301180,.jpg,hardlink,371b065aa8f7f8af0e3093e458bab99a4786060a7beb5c6791cc25cae1562aa9
data/real/frames/pickle_vid_1_frame00792.jpg,repo_contents/data/real/frames/pickle_vid_1_frame00792.jpg,302981,.jpg,hardlink,c175d0b14aacda54868bdba00b354b81b71ef41d9be01334f38a1c38b79a4f4c
data/real/frames/pickle_vid_1_frame00180.jpg,repo_contents/data/real/frames/pickle_vid_1_frame00180.jpg,263687,.jpg,hardlink,e04cf7b999d409f4512a4fcb75d112f56f29859625e69adfe2fff012b9b05ae0
data/real/frames/pickle_vid_1_frame00816.jpg,repo_contents/data/real/frames/pickle_vid_1_frame00816.jpg,306620,.jpg,hardlink,d06e7edd9e532d9b84c6d54583870101b4488f2e441ca8b46f2eaea88d171c51
data/real/frames/pickle_vid_1_frame00396.jpg,repo_contents/data/real/frames/pickle_vid_1_frame00396.jpg,269924,.jpg,hardlink,0dcd5b080e1ae49a41bc01ec0dad419cf68f51d57d1356ee1e7f7fc820859269
data/real/frames/pickle_vid_1_frame01908.jpg,repo_contents/data/real/frames/pickle_vid_1_frame01908.jpg,300143,.jpg,hardlink,a298dde0a4362c1a3f1f7b9d6825be3c4e6ca09c37ebe6259253ea2e2b6cf731
data/real/frames/pickle_vid_1_frame01920.jpg,repo_contents/data/real/frames/pickle_vid_1_frame01920.jpg,299742,.jpg,hardlink,13dcd65a602ef1e5085e878bd8eec61006da7c48df9f18212713f025fd942adf
data/real/frames/pickle_vid_1_frame02232.jpg,repo_contents/data/real/frames/pickle_vid_1_frame02232.jpg,302516,.jpg,hardlink,faa34ccf83ca278678bfdaec8ae0c768c8bff4b13725f6553206bc9fb8946f42
data/real/frames/pickle_vid_1_frame00828.jpg,repo_contents/data/real/frames/pickle_vid_1_frame00828.jpg,311156,.jpg,hardlink,cd01b54fbe0bf2adf14386ce8496d646a52748c9303e5fc094d9bdbd9fdd1b92
data/real/frames/pickle_vid_1_frame00960.jpg,repo_contents/data/real/frames/pickle_vid_1_frame00960.jpg,301011,.jpg,hardlink,b1b3379a55d09f87993e9a22692a1f03d2feb1064eda08dcea95a82e50922789
data/real/frames/pickle_vid_1_frame00948.jpg,repo_contents/data/real/frames/pickle_vid_1_frame00948.jpg,307868,.jpg,hardlink,a55de30ad598456c06b6c660932e078c006bf5039f56505df473d52125733b92
data/real/frames/pickle_vid_1_frame02352.jpg,repo_contents/data/real/frames/pickle_vid_1_frame02352.jpg,290144,.jpg,hardlink,6ce54bf24f549314b8d90f1223d35b645a6633b52913369ff2dc6c785440df1f
data/real/frames/pickle_vid_1_frame01128.jpg,repo_contents/data/real/frames/pickle_vid_1_frame01128.jpg,303959,.jpg,hardlink,42a3502eacf91c1c4451311c917e21b26777510adbfc62ea44d596f7efb414bc
data/real/frames/pickle_vid_1_frame01896.jpg,repo_contents/data/real/frames/pickle_vid_1_frame01896.jpg,301418,.jpg,hardlink,e1d4dcb21f7ee647301b82f30c01bd9b8890a7c52e7abe0e977b0ca6ef89e07d
data/real/frames/pickle_vid_1_frame01464.jpg,repo_contents/data/real/frames/pickle_vid_1_frame01464.jpg,303293,.jpg,hardlink,3995425fc0ca7f3831edcf55d7447f7f2bc4a49bc3dd3598d42accc4abeb92fb
data/real/frames/pickle_vid_1_frame00168.jpg,repo_contents/data/real/frames/pickle_vid_1_frame00168.jpg,260854,.jpg,hardlink,f5f8fcc036eceae5c26e745374eb46c5ab573a67c527a79f568d186f7150be66
data/real/frames/pickle_vid_1_frame00420.jpg,repo_contents/data/real/frames/pickle_vid_1_frame00420.jpg,274723,.jpg,hardlink,2cab065d9c66837f94ec1fc7d4b209046f2e42227a057396ed70a0087ce9475e
data/real/frames/pickle_vid_1_frame01716.jpg,repo_contents/data/real/frames/pickle_vid_1_frame01716.jpg,302926,.jpg,hardlink,3e8bd2a6167e53de2c8cc75695727aa9bd2165897f81961574a9dffd1cc01aaa
data/real/frames/pickle_vid_1_frame00408.jpg,repo_contents/data/real/frames/pickle_vid_1_frame00408.jpg,272895,.jpg,hardlink,b062ac221d3f4f4e885a9136f63329d0c54e056efa79f5bb9265a9f7a9a52240
data/real/frames/pickle_vid_1_frame00636.jpg,repo_contents/data/real/frames/pickle_vid_1_frame00636.jpg,306759,.jpg,hardlink,1ba0eb69ee7b4957256e39878c81f73f21ded0b97136efc474a14230e7c9ad35
data/real/frames/pickle_vid_1_frame00144.jpg,repo_contents/data/real/frames/pickle_vid_1_frame00144.jpg,269773,.jpg,hardlink,b7beb022b9713e56f48132ebe926aefde9cfed303d436d1e2ec534342279c9c9
data/real/frames/pickle_vid_1_frame01272.jpg,repo_contents/data/real/frames/pickle_vid_1_frame01272.jpg,308007,.jpg,hardlink,fccc2806ed1cfc1a34631e29b4af3489b2e2d53bd253e35702e2d49e8ae91789
data/real/frames/pickle_vid_1_frame01500.jpg,repo_contents/data/real/frames/pickle_vid_1_frame01500.jpg,308022,.jpg,hardlink,8de3eba6ed541e93fa9525311c6981b4499da75482f0c4c13378cd902e155b88
data/real/frames/pickle_vid_1_frame02196.jpg,repo_contents/data/real/frames/pickle_vid_1_frame02196.jpg,293680,.jpg,hardlink,d9925505582b2f7642ec99aed91f41d8ebaaf90c9a4e9548c784559dce621806
data/real/frames/pickle_vid_1_frame00024.jpg,repo_contents/data/real/frames/pickle_vid_1_frame00024.jpg,248016,.jpg,hardlink,cac3e7251949abf60c376f1b2293776993a2bc71e435bb3a67dc423f4d5efde8
data/real/frames/pickle_vid_1_frame00756.jpg,repo_contents/data/real/frames/pickle_vid_1_frame00756.jpg,306390,.jpg,hardlink,d47fce056c2b5bfe6d3dd73b091ed8aba6612586b4530783d889ea3a82087977
data/real/frames/pickle_vid_1_frame00540.jpg,repo_contents/data/real/frames/pickle_vid_1_frame00540.jpg,291240,.jpg,hardlink,988cb98867fe0c87043694eb09fcb0983ac10ba23ea2683dfe9a3ad564336d7b
data/real/frames/pickle_vid_1_frame01104.jpg,repo_contents/data/real/frames/pickle_vid_1_frame01104.jpg,304849,.jpg,hardlink,7e6b89074b5fb9fd07e83c11676f2070abaf9ea91b8f8ca9cb9eb762ff90a995
data/real/frames/pickle_vid_1_frame02424.jpg,repo_contents/data/real/frames/pickle_vid_1_frame02424.jpg,300117,.jpg,hardlink,b0716930e3580fe7dc91cdc68f9353531bdb20a3f4a38984ae7092fccbde3e85
data/real/frames/pickle_vid_1_frame00780.jpg,repo_contents/data/real/frames/pickle_vid_1_frame00780.jpg,311180,.jpg,hardlink,77f8d7580b55bea6a39303e8d172b1640a47a67e8533118725f42657e0b2b092
data/real/frames/pickle_vid_1_frame00804.jpg,repo_contents/data/real/frames/pickle_vid_1_frame00804.jpg,303911,.jpg,hardlink,5f2db0e305f28faaefda3c915645c360527e538d35f7e06bb73998839bb05876
data/real/frames/pickle_vid_1_frame00192.jpg,repo_contents/data/real/frames/pickle_vid_1_frame00192.jpg,264895,.jpg,hardlink,0ca369f3bca0b4a1813378562d49f72d5da27e99496742041982cf4f6dca12c5
data/real/frames/pickle_vid_1_frame00384.jpg,repo_contents/data/real/frames/pickle_vid_1_frame00384.jpg,272217,.jpg,hardlink,e8546ce3701f8291403c2c46f8f3784d033214bd55943d3d8758efe5478fecf4
data/real/frames/pickle_vid_1_frame01932.jpg,repo_contents/data/real/frames/pickle_vid_1_frame01932.jpg,302209,.jpg,hardlink,15420fdc8fbbff3a9d094114ea88f46487e1e14d3bb72272d3beea92a97f3d3d
data/real/frames/pickle_vid_1_frame02220.jpg,repo_contents/data/real/frames/pickle_vid_1_frame02220.jpg,298945,.jpg,hardlink,198a897acdf465d2da359c91de68b19e4d320b3bc47bbb9222b12ab7320f768d
data/real/frames/pickle_vid_1_frame02208.jpg,repo_contents/data/real/frames/pickle_vid_1_frame02208.jpg,295054,.jpg,hardlink,4ac607460a64c1dc1991a48adaeffefc05f07dcf87c4b3e996301a4298aed773
data/real/frames/pickle_vid_1_frame01488.jpg,repo_contents/data/real/frames/pickle_vid_1_frame01488.jpg,307207,.jpg,hardlink,672402e19ce232a5198adcf6f29c1101f59bc31ce7e920a9715adf6658372f2a
data/real/frames/pickle_vid_1_frame00972.jpg,repo_contents/data/real/frames/pickle_vid_1_frame00972.jpg,299313,.jpg,hardlink,d6f05410164b2502b342178009f3186264a180fe8ff943e0b83353abc3a3b0fa
data/real/frames/pickle_vid_1_frame02340.jpg,repo_contents/data/real/frames/pickle_vid_1_frame02340.jpg,295473,.jpg,hardlink,ffa60ec42ba95b72c12f35bedcabee911be2fbdb04189764615409355afb50df
data/real/frames/pickle_vid_1_frame01884.jpg,repo_contents/data/real/frames/pickle_vid_1_frame01884.jpg,290655,.jpg,hardlink,638005e4c9786a107060d2bbdf0aa33769b2299b391f57c396c3daa048415856
data/real/frames/pickle_vid_1_frame00768.jpg,repo_contents/data/real/frames/pickle_vid_1_frame00768.jpg,310578,.jpg,hardlink,27605366d8ab47a34190e96ef2fd0bf8b24f3e9f15afe9d1e518a40546e84e07
data/real/frames/pickle_vid_1_frame01476.jpg,repo_contents/data/real/frames/pickle_vid_1_frame01476.jpg,306955,.jpg,hardlink,d43d5e94319ad8082603c54ee7daddf54b045400c3a70f9dfc9380f11ff7ae4b
data/real/frames/pickle_vid_1_frame01728.jpg,repo_contents/data/real/frames/pickle_vid_1_frame01728.jpg,302209,.jpg,hardlink,30d9e07941775c66cb32156faa24b0b9f80149566705aa9a4fd6d983ea9e3d3f
data/real/frames/pickle_vid_1_frame01968.jpg,repo_contents/data/real/frames/pickle_vid_1_frame01968.jpg,298996,.jpg,hardlink,e4928f817e5f561b3384bbcea220f86edc1d2532cffbe8cb3789025ec12dabab
data/real/frames/pickle_vid_1_frame00492.jpg,repo_contents/data/real/frames/pickle_vid_1_frame00492.jpg,279827,.jpg,hardlink,f5514d53dc349b5fa86493b027dc399b26fdc4d11d8507ff30a3e4de26dacc5a
data/real/frames/pickle_vid_1_frame02508.jpg,repo_contents/data/real/frames/pickle_vid_1_frame02508.jpg,294057,.jpg,hardlink,7171dfa9d3f10a6654cf635a9283425fd43defe967d12d1db4e87ba68d990bfb
data/real/frames/pickle_vid_1_frame02520.jpg,repo_contents/data/real/frames/pickle_vid_1_frame02520.jpg,227922,.jpg,hardlink,2f3985cf3ac6036ef0cd35911a9963771fe6521ba7d164b41e368c34a50422e6
data/real/frames/pickle_vid_1_frame00684.jpg,repo_contents/data/real/frames/pickle_vid_1_frame00684.jpg,306973,.jpg,hardlink,c1b30e60ebf3707c883b0cbf27dc6ad9aa68784e36398f768ff0958fd71c85eb
data/real/frames/pickle_vid_1_frame00900.jpg,repo_contents/data/real/frames/pickle_vid_1_frame00900.jpg,305589,.jpg,hardlink,2224716190e655716658b15595d9d508a4cbfcf4a7a02780782116756c7c2971
data/real/frames/pickle_vid_1_frame00096.jpg,repo_contents/data/real/frames/pickle_vid_1_frame00096.jpg,273160,.jpg,hardlink,c9c4411eabf54122c8ee7c9b535bdda7a9be900b508dcc57c3b01a87ea86f45a
data/real/frames/pickle_vid_1_frame02124.jpg,repo_contents/data/real/frames/pickle_vid_1_frame02124.jpg,306536,.jpg,hardlink,b2d3e5f393c110546f92d0fbbd40ab58d12a4b678473f3af31fbe782cb65110b
data/real/frames/pickle_vid_1_frame02496.jpg,repo_contents/data/real/frames/pickle_vid_1_frame02496.jpg,300011,.jpg,hardlink,c16cb97158a60120b93dd4be3d088d8f836f7e4e88483674d7012a55ccdacf55
data/real/frames/pickle_vid_1_frame00732.jpg,repo_contents/data/real/frames/pickle_vid_1_frame00732.jpg,302768,.jpg,hardlink,63406c4b9a751313550d75febf11d017ed17a46e8d30525adde06837e14e6dba
data/real/frames/pickle_vid_1_frame01404.jpg,repo_contents/data/real/frames/pickle_vid_1_frame01404.jpg,302575,.jpg,hardlink,928a27115d3c752be144b7233f7e17681f1f0f4788ece774d4961ae28a30a2b4
data/real/frames/pickle_vid_1_frame00120.jpg,repo_contents/data/real/frames/pickle_vid_1_frame00120.jpg,266072,.jpg,hardlink,cac203e867a8ee9ead3cbcb4b25e85cf013725607d4e2b53178e9db34c2f2218
data/real/frames/pickle_vid_1_frame00108.jpg,repo_contents/data/real/frames/pickle_vid_1_frame00108.jpg,275307,.jpg,hardlink,efeaeda3ae73e35026619878ab916a975288984c32cc16f571678d998d586fb1
data/real/frames/pickle_vid_1_frame00336.jpg,repo_contents/data/real/frames/pickle_vid_1_frame00336.jpg,259906,.jpg,hardlink,2de02f3de2316e7fb8d56df0e311dba441588ae86a6da075ccd8bcec90cba7ae
data/real/frames/pickle_vid_1_frame00444.jpg,repo_contents/data/real/frames/pickle_vid_1_frame00444.jpg,279093,.jpg,hardlink,666bfe0520e23b48ad8c1a3f7a3f04ac96399eafb6574be9c1a2794fc1d311e9
data/real/frames/pickle_vid_1_frame02292.jpg,repo_contents/data/real/frames/pickle_vid_1_frame02292.jpg,297187,.jpg,hardlink,8f3c42e4980b54505e93be5f9c052fc27cd3bef351b3e6b7f7798d3220c97e7e
data/real/frames/pickle_vid_1_frame01764.jpg,repo_contents/data/real/frames/pickle_vid_1_frame01764.jpg,305298,.jpg,hardlink,3701c92ed27ad8d995f078239edb0d0b497027f7eba18d92c9ba599c1c6e8ad2
data/real/frames/pickle_vid_1_frame01980.jpg,repo_contents/data/real/frames/pickle_vid_1_frame01980.jpg,306753,.jpg,hardlink,dbb513d8ba0dc1d4b4a5c726554792761ee0d4a1b011cd5586f5e10b6e83ccdb
data/real/frames/pickle_vid_1_frame01572.jpg,repo_contents/data/real/frames/pickle_vid_1_frame01572.jpg,298985,.jpg,hardlink,672534ea6c1e3eaf56563f8b40cc23e4b78c7729794710ae2694594eb2bc7633
data/real/frames/pickle_vid_1_frame01200.jpg,repo_contents/data/real/frames/pickle_vid_1_frame01200.jpg,306531,.jpg,hardlink,5d941642c93d40e8d96bdfaab263d2fba5b23d5e711a4faa1a213a8a917a6a98
data/real/frames/pickle_vid_1_frame00888.jpg,repo_contents/data/real/frames/pickle_vid_1_frame00888.jpg,309798,.jpg,hardlink,b68c8a983262d966aec99d9eb1e7aec26b6736197c55f665fcf076cefc1c45e0
data/real/frames/pickle_vid_1_frame01176.jpg,repo_contents/data/real/frames/pickle_vid_1_frame01176.jpg,298327,.jpg,hardlink,da89a797cc4ce2a6ab7f4da3c3e1bfa887b77bd464fb5d71c9aa8be6bfcd9fd5
data/real/frames/pickle_vid_1_frame00240.jpg,repo_contents/data/real/frames/pickle_vid_1_frame00240.jpg,263510,.jpg,hardlink,027fee0160c0efc9af676e48402db18d07e83030a4de73ca868144431bdf6952
data/real/frames/pickle_vid_1_frame01836.jpg,repo_contents/data/real/frames/pickle_vid_1_frame01836.jpg,305068,.jpg,hardlink,755f5345e46905f9123ac125e3d28cf56131408840ebaf7701bd654b1fbf63b9
data/real/frames/pickle_vid_1_frame01188.jpg,repo_contents/data/real/frames/pickle_vid_1_frame01188.jpg,304745,.jpg,hardlink,2c04de5067f2c1dd7f5973a783234640c697fc78d6adfe8829139fc50fb00408
data/real/frames/.gitkeep,repo_contents/data/real/frames/.gitkeep,0,,hardlink,e3b0c44298fc1c149afbf4c8996fb92427ae41e4649b934ca495991b7852b855
data/real/frames/pickle_vid_1_frame02052.jpg,repo_contents/data/real/frames/pickle_vid_1_frame02052.jpg,304883,.jpg,hardlink,700c9d12235d48a0c16cfb1ae98424734011faf7c1585c6b2924cd34c0e0e1c0
data/real/frames/pickle_vid_1_frame00876.jpg,repo_contents/data/real/frames/pickle_vid_1_frame00876.jpg,304428,.jpg,hardlink,a074d17398677a3d5bf4c0cacbcc2df0ca492d9b8a93b798beb693cae785e33e
data/real/frames/pickle_vid_1_frame02244.jpg,repo_contents/data/real/frames/pickle_vid_1_frame02244.jpg,291017,.jpg,hardlink,cf07e5a2d1f42af186c80e854fe3a10428d51a9428a0787dfbb87563243ea3ae
data/real/frames/pickle_vid_1_frame01956.jpg,repo_contents/data/real/frames/pickle_vid_1_frame01956.jpg,301030,.jpg,hardlink,701d92ea0352fa6e52bf319a7d0ed4c16dbd75f910798f7342bba910beb08588
data/real/frames/pickle_vid_1_frame00480.jpg,repo_contents/data/real/frames/pickle_vid_1_frame00480.jpg,278552,.jpg,hardlink,8b7a547ec4d40900e2834dcbd6497f44ffcf9ca07c8d352b57eb7619322313ea
data/real/frames/pickle_vid_1_frame02532.jpg,repo_contents/data/real/frames/pickle_vid_1_frame02532.jpg,194088,.jpg,hardlink,bef5452622de9e41bb48e6e12e54c85cdab108413885f45676df220a2c701352
data/real/frames/pickle_vid_1_frame02268.jpg,repo_contents/data/real/frames/pickle_vid_1_frame02268.jpg,297630,.jpg,hardlink,39c74a5a7fa552310f05b0c5fa57f198cb187752af6cb7860a8df67768f35877
data/real/frames/pickle_vid_1_frame00696.jpg,repo_contents/data/real/frames/pickle_vid_1_frame00696.jpg,308956,.jpg,hardlink,4126af66c33cf022dea15e13036975dbff63d1e02dabf9a89c5070e6c4349d5f
data/real/frames/pickle_vid_1_frame00084.jpg,repo_contents/data/real/frames/pickle_vid_1_frame00084.jpg,268275,.jpg,hardlink,164f5ff54b2d7e8a19adb24ded94a6564bac7de040e8ca3016a2058214691fc7
data/real/frames/pickle_vid_1_frame00912.jpg,repo_contents/data/real/frames/pickle_vid_1_frame00912.jpg,301062,.jpg,hardlink,703e60edce540774c0334c6598b1f4d6c2b1dafb9948b81b606fe41a64f34ea6
data/real/frames/pickle_vid_1_frame02136.jpg,repo_contents/data/real/frames/pickle_vid_1_frame02136.jpg,302210,.jpg,hardlink,78b197e9527f68f1631b587248dc9891bf810363ff7bb4a64439c91d381db7d1
data/real/frames/pickle_vid_1_frame02484.jpg,repo_contents/data/real/frames/pickle_vid_1_frame02484.jpg,296582,.jpg,hardlink,7955436e9c99ee92391a225ff8eb6361dcb0111aecdd49cecb5dc88d002661d9
data/real/frames/pickle_vid_1_frame00708.jpg,repo_contents/data/real/frames/pickle_vid_1_frame00708.jpg,306651,.jpg,hardlink,5e234e3ee0a6ca550cfd4e5b9d1c0e74a9c18a58fa78b31535d544207e84831f
data/real/frames/pickle_vid_1_frame01416.jpg,repo_contents/data/real/frames/pickle_vid_1_frame01416.jpg,306558,.jpg,hardlink,ebb65da9efbd7fdf3a378d5cbb001e4cd5a5580161623cefe4ab6f1a2427a975
data/real/frames/pickle_vid_1_frame00720.jpg,repo_contents/data/real/frames/pickle_vid_1_frame00720.jpg,310355,.jpg,hardlink,56346f831de4215bc01529569f870137d1b60c9ff1b38e1cb07e49ecf9a5f7a3
data/real/frames/pickle_vid_1_frame00132.jpg,repo_contents/data/real/frames/pickle_vid_1_frame00132.jpg,267625,.jpg,hardlink,8ade904c1ff8ad2be239634fd82593d13a0ed0f39d0780df76a77a787a83e006
data/real/frames/pickle_vid_1_frame00324.jpg,repo_contents/data/real/frames/pickle_vid_1_frame00324.jpg,269887,.jpg,hardlink,311253310282f97bacd6da03f6e415a7979bd679e33376301318a16ba4373233
data/real/frames/pickle_vid_1_frame00456.jpg,repo_contents/data/real/frames/pickle_vid_1_frame00456.jpg,276011,.jpg,hardlink,9c45069a652f47ccff0fc730e3ee637c9d929567a6d9f8d10ed51274eb27b04f
data/real/frames/pickle_vid_1_frame02280.jpg,repo_contents/data/real/frames/pickle_vid_1_frame02280.jpg,300045,.jpg,hardlink,c349568b3b06cc742f2e9fef2e0e4b1a714001ea054a2d7591adde09fa958dd0
data/real/frames/pickle_vid_1_frame01992.jpg,repo_contents/data/real/frames/pickle_vid_1_frame01992.jpg,308766,.jpg,hardlink,9f3537e4202a43182df8817bf747ff13aa7846c17b52474188ea04269f9cc1ff
data/real/frames/pickle_vid_1_frame01776.jpg,repo_contents/data/real/frames/pickle_vid_1_frame01776.jpg,306010,.jpg,hardlink,556ca3ae842a7e8dc787ed2353274b7a65a4cc5ffcaaece99f7c99d54c9aaca8
data/real/frames/pickle_vid_1_frame00468.jpg,repo_contents/data/real/frames/pickle_vid_1_frame00468.jpg,276823,.jpg,hardlink,0a162e579e503a783a74decaaf73586411d59ae4247d06188a4db8c156705542
data/real/frames/pickle_vid_1_frame01548.jpg,repo_contents/data/real/frames/pickle_vid_1_frame01548.jpg,304958,.jpg,hardlink,2c1beaa0b4e55d9cc92b893f0207d6d7c8ac42addfc8b9fb9de56aaadaf2dd25
data/real/frames/pickle_vid_1_frame01560.jpg,repo_contents/data/real/frames/pickle_vid_1_frame01560.jpg,305731,.jpg,hardlink,d5e5c197d0623a613f4ed4cac838a319b0a78986352e715ad55a317aeaf9fcef
data/real/frames/pickle_vid_1_frame01212.jpg,repo_contents/data/real/frames/pickle_vid_1_frame01212.jpg,310870,.jpg,hardlink,43f811565843d6ec1ce5a21af4916bb2189a66416bae2d0e36e05e5b14921bec
data/real/frames/pickle_vid_1_frame01428.jpg,repo_contents/data/real/frames/pickle_vid_1_frame01428.jpg,307490,.jpg,hardlink,b6e4b44b88e344f968019f15d470f0e328430b48a74d8cafd28bf1aa349b481d
data/real/frames/pickle_vid_1_frame00252.jpg,repo_contents/data/real/frames/pickle_vid_1_frame00252.jpg,266348,.jpg,hardlink,ef4556bf53c2ff0dada7c4974312ef13c76e4e976f18ab04ea2cc4b9e0147d93
data/real/frames/pickle_vid_1_frame01164.jpg,repo_contents/data/real/frames/pickle_vid_1_frame01164.jpg,307277,.jpg,hardlink,f334c001ed3a969163c2c008d02114002260cf5894b29b06bcfafcec5fb7ef68
data/real/frames/pickle_vid_1_frame01824.jpg,repo_contents/data/real/frames/pickle_vid_1_frame01824.jpg,302531,.jpg,hardlink,348ac3d8a4c2573c67602af4f2282a8343d70cdb56fbb67548be8d17f591312e
data/real/frames/pickle_vid_1_frame02040.jpg,repo_contents/data/real/frames/pickle_vid_1_frame02040.jpg,303286,.jpg,hardlink,847c15559944cf496a2950ecf40ce66833bbced08472af4e9a88ae5377bad7fb
data/real/frames/pickle_vid_1_frame00864.jpg,repo_contents/data/real/frames/pickle_vid_1_frame00864.jpg,305354,.jpg,hardlink,5dc2926a278cf5c18d244ab5b34b33a48c7f21ebd2a1e5f954658214a16a0547
data/real/frames/pickle_vid_1_frame02256.jpg,repo_contents/data/real/frames/pickle_vid_1_frame02256.jpg,293832,.jpg,hardlink,e409d031780c1c6b45d5c91296e3c475f4634e6708a484bb178f96268f293345
data/real/frames/pickle_vid_1_frame01788.jpg,repo_contents/data/real/frames/pickle_vid_1_frame01788.jpg,308484,.jpg,hardlink,179247f5be692acbb72189ff1fd76556bd3030a0835775fbe1d8552786cf8c68
data/real/frames/pickle_vid_1_frame01944.jpg,repo_contents/data/real/frames/pickle_vid_1_frame01944.jpg,302786,.jpg,hardlink,763d01d09b7cce90212c5597c25bb68f637b705b34ce8144116e1309e4eb09b8
data/real/frames/pickle_vid_1_frame01020.jpg,repo_contents/data/real/frames/pickle_vid_1_frame01020.jpg,296863,.jpg,hardlink,839df6402a6c785e7456e051b0783c79437394d88d99e305ee62ab31225ae6e4
data/real/frames/pickle_vid_1_frame01752.jpg,repo_contents/data/real/frames/pickle_vid_1_frame01752.jpg,304264,.jpg,hardlink,136bdc303ce223d8725df02c97d67ee3f3055c4c7d9aa2b6f8b36ba2855d802c
data/real/frames/pickle_vid_1_frame01008.jpg,repo_contents/data/real/frames/pickle_vid_1_frame01008.jpg,287758,.jpg,hardlink,a8b4139fec37b9d2aea2ef23d06db5ee3e584c9db4be88979f2ff40ae0979864
data/real/frames/pickle_vid_1_frame01236.jpg,repo_contents/data/real/frames/pickle_vid_1_frame01236.jpg,303410,.jpg,hardlink,9944fc449a0d75e4c2dec1ea3dd1f782a2f3d57a621687131e1c2568ae9cf2ba
data/real/frames/pickle_vid_1_frame00672.jpg,repo_contents/data/real/frames/pickle_vid_1_frame00672.jpg,301518,.jpg,hardlink,6056ae95c69f0884f835899f3f6b7d2252573b2aae5a635f4a13e81b97ed0d03
data/real/frames/pickle_vid_1_frame00048.jpg,repo_contents/data/real/frames/pickle_vid_1_frame00048.jpg,269195,.jpg,hardlink,bae7f9550eb663aea358f93aa8db7e9923e22bf813ab144bfe18ce4d41a82616
data/real/frames/pickle_vid_1_frame01356.jpg,repo_contents/data/real/frames/pickle_vid_1_frame01356.jpg,304188,.jpg,hardlink,39db922011fc5adf7d87c2942b572539ed6e7791aab6d3af5b93689245ee512a
data/real/frames/pickle_vid_1_frame00060.jpg,repo_contents/data/real/frames/pickle_vid_1_frame00060.jpg,264521,.jpg,hardlink,44e2beded1c5c92a66a33671d8dc03eb69c9d49b6acf0bf9d1109a3da3b2794e
data/real/frames/pickle_vid_1_frame01632.jpg,repo_contents/data/real/frames/pickle_vid_1_frame01632.jpg,304722,.jpg,hardlink,f70b2d7162ad2ece9cb73669d1e10417ed4c8ad3b8cff838201042c0131a58cf
data/real/frames/pickle_vid_1_frame01140.jpg,repo_contents/data/real/frames/pickle_vid_1_frame01140.jpg,305583,.jpg,hardlink,fe945e0b02c1240b3cf5a7d59f7708e6fbb1945ab23fa9b050c58464e15d41aa
data/real/frames/pickle_vid_1_frame00276.jpg,repo_contents/data/real/frames/pickle_vid_1_frame00276.jpg,269940,.jpg,hardlink,2f67a5eb1c250a41e8fb6c59f11a8643379b86366a31966c50ba206dd33b6d22
data/real/frames/pickle_vid_1_frame00504.jpg,repo_contents/data/real/frames/pickle_vid_1_frame00504.jpg,270130,.jpg,hardlink,b0e6f8b69b78da6cae0851305061019891510fe75220edb9f53dd97b881d42cb
data/real/frames/pickle_vid_1_frame02460.jpg,repo_contents/data/real/frames/pickle_vid_1_frame02460.jpg,303932,.jpg,hardlink,a5f4458cf02ab92f7395134c92f1e115b3783e783f064e9c1bb8549a2b180fd5
data/real/frames/pickle_vid_1_frame02448.jpg,repo_contents/data/real/frames/pickle_vid_1_frame02448.jpg,303181,.jpg,hardlink,fdef76c69e02ddab075ca11472fb0550af8afbe989f9e81fac561b33b3c040a8
data/real/frames/pickle_vid_1_frame01800.jpg,repo_contents/data/real/frames/pickle_vid_1_frame01800.jpg,304188,.jpg,hardlink,91f608a5ff1683ace9a2d21fc3d874b6c58c9673a9b948028dd6eac7f32dee6b
data/real/frames/pickle_vid_1_frame00288.jpg,repo_contents/data/real/frames/pickle_vid_1_frame00288.jpg,262774,.jpg,hardlink,f60e7ed7664c797a2f03d5b2721a0738a607b2b779cc52e6cadb6ac1553976af
data/real/frames/pickle_vid_1_frame01380.jpg,repo_contents/data/real/frames/pickle_vid_1_frame01380.jpg,308078,.jpg,hardlink,57d3827c549e4d121c2ac2916a97fcae9048277858c854591615054e6cbda053
data/real/frames/pickle_vid_1_frame02064.jpg,repo_contents/data/real/frames/pickle_vid_1_frame02064.jpg,307848,.jpg,hardlink,e7ad9c5247a09b0bcac46bd641e5b2057e2fe564cdfdbbed38782c6346a9ece6
data/real/frames/pickle_vid_1_frame00840.jpg,repo_contents/data/real/frames/pickle_vid_1_frame00840.jpg,303018,.jpg,hardlink,eb6a6ab28991ea689c0d882527b982456df8e4e22bf2439281b2ef877e892fca
data/real/frames/pickle_vid_1_frame01584.jpg,repo_contents/data/real/frames/pickle_vid_1_frame01584.jpg,302880,.jpg,hardlink,5ccde83ed2a50599d8c0bf3e4e20d50051b0178b8b422d5b258e03962807530f
data/real/frames/pickle_vid_1_frame00936.jpg,repo_contents/data/real/frames/pickle_vid_1_frame00936.jpg,301744,.jpg,hardlink,ff5c0a3c16535a41bb43dc86a0beabcff605fbbab975d1ef9cb00be2c5823350
data/real/frames/pickle_vid_1_frame02112.jpg,repo_contents/data/real/frames/pickle_vid_1_frame02112.jpg,305511,.jpg,hardlink,28afee76e0feecc8e9a6c6ef15acae522ee3c1038dc1ebe4ee0239eab2938dee
data/real/frames/pickle_vid_1_frame02304.jpg,repo_contents/data/real/frames/pickle_vid_1_frame02304.jpg,291259,.jpg,hardlink,5bcc9a44cb6f86fb6b7c03b038040d3fa3cb3d19ee66591ea812bcaf2d6c43b4
data/real/frames/pickle_vid_1_frame01368.jpg,repo_contents/data/real/frames/pickle_vid_1_frame01368.jpg,306690,.jpg,hardlink,ae1252f4b2a00da5811790a09b0effac4724090a3008f86a8d7aa1d482666346
data/real/frames/pickle_vid_1_frame00300.jpg,repo_contents/data/real/frames/pickle_vid_1_frame00300.jpg,265207,.jpg,hardlink,eb00aa063358a6512a443251704818dd4c1f9701f927a0cf1953f0a8eba7ddac
data/real/frames/pickle_vid_1_frame01032.jpg,repo_contents/data/real/frames/pickle_vid_1_frame01032.jpg,301340,.jpg,hardlink,150dd1a941e5b1a725242cfb082e896c6b3e82670c27d4c5b09cd8631f4ac187
data/real/frames/pickle_vid_1_frame01740.jpg,repo_contents/data/real/frames/pickle_vid_1_frame01740.jpg,297101,.jpg,hardlink,96c68424e9cd4ad69c01e3d083064cc1460852d3a285856552360c0dd7171d30
data/real/frames/pickle_vid_1_frame02088.jpg,repo_contents/data/real/frames/pickle_vid_1_frame02088.jpg,304218,.jpg,hardlink,2bfa18dfce3aeb8ec53bd0cc78986d0be20ea0e7d0f26b1240543539df44adde
data/real/frames/pickle_vid_1_frame00660.jpg,repo_contents/data/real/frames/pickle_vid_1_frame00660.jpg,307827,.jpg,hardlink,0644d9880caf68e8ab8cda1b25c38e2a306d5a5e38ccace417d25db7a99c1914
data/real/frames/pickle_vid_1_frame00648.jpg,repo_contents/data/real/frames/pickle_vid_1_frame00648.jpg,307624,.jpg,hardlink,585433d652f7a26d376c5452e9a5aab4f460750b3f11d4d8cdabe9ac865f625c
data/real/frames/pickle_vid_1_frame01224.jpg,repo_contents/data/real/frames/pickle_vid_1_frame01224.jpg,311600,.jpg,hardlink,ae13809ed6a4dc4d7668c4a4eb3b43d2765dd5990d012b8b23d1c6fe07b2c5e5
data/real/frames/pickle_vid_1_frame00072.jpg,repo_contents/data/real/frames/pickle_vid_1_frame00072.jpg,267502,.jpg,hardlink,15397e4109bfab6f838b0ebc36b407e69b64cb83177201e5a3ae14a5d6ccc5e6
data/real/frames/pickle_vid_1_frame01344.jpg,repo_contents/data/real/frames/pickle_vid_1_frame01344.jpg,300025,.jpg,hardlink,2aa26538b0ab16b002aedf1c14717655ee508d01c83e935400ae09aa129470cb
data/real/frames/pickle_vid_1_frame00264.jpg,repo_contents/data/real/frames/pickle_vid_1_frame00264.jpg,268060,.jpg,hardlink,c62abc4c2a8e64d97795466bafeae3159ff4500402385d03c95059cfb77e362d
data/real/frames/pickle_vid_1_frame00516.jpg,repo_contents/data/real/frames/pickle_vid_1_frame00516.jpg,275401,.jpg,hardlink,4f959ba34349b718ae06b76c7d7c06f64186d9f59593e389c718c7460715202a
data/real/frames/pickle_vid_1_frame01608.jpg,repo_contents/data/real/frames/pickle_vid_1_frame01608.jpg,304924,.jpg,hardlink,27cab73001c242763bedb92faf320af910a5c848511e34c32e7ae96759e29597
data/real/frames/pickle_vid_1_frame01620.jpg,repo_contents/data/real/frames/pickle_vid_1_frame01620.jpg,306932,.jpg,hardlink,072e2862133463d7d09b0d889502b75945380ad7817f98a0f1fc91ca04a0e775
data/real/frames/pickle_vid_1_frame01152.jpg,repo_contents/data/real/frames/pickle_vid_1_frame01152.jpg,306806,.jpg,hardlink,5d1228c6822aa478484e0edec03c0df4f01704cb272c562d58d070233fa6b4a3
data/real/frames/pickle_vid_1_frame02328.jpg,repo_contents/data/real/frames/pickle_vid_1_frame02328.jpg,296222,.jpg,hardlink,3fd0b4c55823f8c5979031cad7ca6b7c824636ebdb3a5b24239241ffc2d04ef6
data/real/frames/pickle_vid_1_frame02472.jpg,repo_contents/data/real/frames/pickle_vid_1_frame02472.jpg,296557,.jpg,hardlink,1dd4806dc9b4ad54f38146aeb117396e65f1db4f3b363d8c819806b9b483f307
data/real/frames/pickle_vid_1_frame01812.jpg,repo_contents/data/real/frames/pickle_vid_1_frame01812.jpg,303066,.jpg,hardlink,aa9d856e7cd6cedc24414e3278050454c6a8ca76092d5fa9e299b983f446eac3
data/real/frames/manifest.csv,repo_contents/data/real/frames/manifest.csv,8768,.csv,hardlink,c834e0a78abeda82e6919043b09c4c3eb77310f4936fd53f601970b007dc317e
data/real/frames/pickle_vid_1_frame01392.jpg,repo_contents/data/real/frames/pickle_vid_1_frame01392.jpg,310353,.jpg,hardlink,37887044870a0ef955e7af623596b43a937331e7b8efbbd042d4788e4afcd37c
data/real/frames/pickle_vid_1_frame02076.jpg,repo_contents/data/real/frames/pickle_vid_1_frame02076.jpg,304439,.jpg,hardlink,018ae86f0c2e5797538f8213f0e2b40d52e4e714c3aff2161b5e498552cd7c4a
data/real/frames/pickle_vid_1_frame00852.jpg,repo_contents/data/real/frames/pickle_vid_1_frame00852.jpg,305730,.jpg,hardlink,500aff866d87459433a8a453fb910048fcf64828429e3a0a80a2c4852543da47
data/real/frames/pickle_vid_1_frame01596.jpg,repo_contents/data/real/frames/pickle_vid_1_frame01596.jpg,301967,.jpg,hardlink,919104b7e7a19cb4e077d78eeacd89814fcb82d885d061425d25d3138f444ea2
data/real/frames/pickle_vid_1_frame00924.jpg,repo_contents/data/real/frames/pickle_vid_1_frame00924.jpg,300218,.jpg,hardlink,3f5af7f67fe4cae32a7cdeea072f9c1534d1de7fc6adde730e3b593452bd5752
data/real/frames/pickle_vid_1_frame02100.jpg,repo_contents/data/real/frames/pickle_vid_1_frame02100.jpg,306998,.jpg,hardlink,01ecf631f3e252e05cb7e3864cccbc8a597d30610042e0ec5ed3ae4e8d6ffc83
data/real/frames/pickle_vid_1_frame02316.jpg,repo_contents/data/real/frames/pickle_vid_1_frame02316.jpg,297419,.jpg,hardlink,56a68d01883543eca4f475c8abdd74912948920cac258a42df884883c760f091
data/real/frames/pickle_vid_1_frame00528.jpg,repo_contents/data/real/frames/pickle_vid_1_frame00528.jpg,280523,.jpg,hardlink,fb9e549d9eba512a31eec8a3a690059098e13f3ad3f222e186162c8c7bfbe63c
data/real/frames/pickle_vid_1_frame00312.jpg,repo_contents/data/real/frames/pickle_vid_1_frame00312.jpg,267353,.jpg,hardlink,90e561001321fb9a654abdfbd9ad0535f60f0f00b4e5a3112391db88ebbdd16b
data/real/frames/pickle_vid_1_frame01080.jpg,repo_contents/data/real/frames/pickle_vid_1_frame01080.jpg,301385,.jpg,hardlink,a50cc8bdb5a28cf2da419d40c92cf0dab03105072efb0477c7c427b7935e933f
data/real/frames/pickle_vid_1_frame01296.jpg,repo_contents/data/real/frames/pickle_vid_1_frame01296.jpg,302137,.jpg,hardlink,af36fd18efd111339a36cc0a95de12dc18bc39c77102e67f4cc76e6565a31e97
data/real/frames/pickle_vid_1_frame02172.jpg,repo_contents/data/real/frames/pickle_vid_1_frame02172.jpg,303498,.jpg,hardlink,051efc9d6f51252c352373488d8a5e88e7a362c0026499efd7968383867822a4
data/real/frames/pickle_vid_1_frame01692.jpg,repo_contents/data/real/frames/pickle_vid_1_frame01692.jpg,305864,.jpg,hardlink,eaeaad4952422d4dabbafae533c10f73fedc3ce119bb8edeb1c8b151b18fc727
data/real/frames/pickle_vid_1_frame02364.jpg,repo_contents/data/real/frames/pickle_vid_1_frame02364.jpg,296227,.jpg,hardlink,1848ff2313637b36513f568f41b4b625ad379ef11fa7cb6e4ea703ee95fecc5b
data/real/frames/pickle_vid_1_frame01644.jpg,repo_contents/data/real/frames/pickle_vid_1_frame01644.jpg,304530,.jpg,hardlink,ad18ca9744383ee2b5a9aa6d1ad9720c93a4f577c4d34b716b874ca90ae80639
data/real/frames/pickle_vid_1_frame00228.jpg,repo_contents/data/real/frames/pickle_vid_1_frame00228.jpg,262337,.jpg,hardlink,55fb6c0f450f2e6e12681e686909b9c7d0be4ae32c93f82e63713f9c129b3f9c
data/real/frames/pickle_vid_1_frame01308.jpg,repo_contents/data/real/frames/pickle_vid_1_frame01308.jpg,306467,.jpg,hardlink,04ed26a32e07da655ee7bee09786f67aaf725369ecfb51cfa8dd055d42a63440
data/real/frames/pickle_vid_1_frame01320.jpg,repo_contents/data/real/frames/pickle_vid_1_frame01320.jpg,306062,.jpg,hardlink,957fecf0b276aed49eb57d63df88702a158db975c1083f5986328a37a0470a8e
data/real/frames/pickle_vid_1_frame01452.jpg,repo_contents/data/real/frames/pickle_vid_1_frame01452.jpg,309713,.jpg,hardlink,d6a4f1ddfc42b123261b59baccf55c9c46181da14b73694ac38749bc70c690c3
data/real/frames/pickle_vid_1_frame00360.jpg,repo_contents/data/real/frames/pickle_vid_1_frame00360.jpg,269060,.jpg,hardlink,74589d0a84b95d96dd0065dd2b38643dc0fdb60eb667ade392c640eab2bf05cf
data/real/frames/pickle_vid_1_frame01056.jpg,repo_contents/data/real/frames/pickle_vid_1_frame01056.jpg,301833,.jpg,hardlink,019bed5ceeaf1f006c50f19209d477f8855e523b298c8216d8c17abc5f0a92dc
data/real/frames/pickle_vid_1_frame00348.jpg,repo_contents/data/real/frames/pickle_vid_1_frame00348.jpg,267987,.jpg,hardlink,87b1119c6e5f25ccefdbd7a62607b32c101858bc08954a6e579712c92cc3f287
data/real/frames/pickle_vid_1_frame01068.jpg,repo_contents/data/real/frames/pickle_vid_1_frame01068.jpg,296911,.jpg,hardlink,cd135c3483df1341703dbd7d19127e061678c1ece8448a7df2d138d6e44ab56b
data/real/frames/pickle_vid_1_frame01524.jpg,repo_contents/data/real/frames/pickle_vid_1_frame01524.jpg,303075,.jpg,hardlink,dfe4ccbafc3c75bfd93a0cd76802e1ad9d8e4231e66ba4ddc9c83cbb250ec540
data/real/frames/pickle_vid_1_frame00612.jpg,repo_contents/data/real/frames/pickle_vid_1_frame00612.jpg,311821,.jpg,hardlink,512779e692f36e838076bdb8bc7c7ae5a269da51edec7a606373480e8fdd6c28
data/real/frames/pickle_vid_1_frame00996.jpg,repo_contents/data/real/frames/pickle_vid_1_frame00996.jpg,299938,.jpg,hardlink,05a7630d6ab2d4ab810bc7fd02c612faf46c7d32ae891ab54a3ef3738ae28d9d
data/real/frames/pickle_vid_1_frame00000.jpg,repo_contents/data/real/frames/pickle_vid_1_frame00000.jpg,231544,.jpg,hardlink,b4f80ab44a69733dfd9d7f755bb33b2a1e46584d1053962b09dab41969d5ee4e
data/real/frames/pickle_vid_1_frame00564.jpg,repo_contents/data/real/frames/pickle_vid_1_frame00564.jpg,303380,.jpg,hardlink,c9a0cc30f8e8e53145baaf645a87f99e0c9463cb639bf345bef9235602cc9cec
data/real/frames/pickle_vid_1_frame00216.jpg,repo_contents/data/real/frames/pickle_vid_1_frame00216.jpg,266926,.jpg,hardlink,c98f03ac635ccae6b1302c0025f802a01314a9aac3d686a3240b783f853942b6
data/real/frames/pickle_vid_1_frame02400.jpg,repo_contents/data/real/frames/pickle_vid_1_frame02400.jpg,302864,.jpg,hardlink,7c830d3b50b87a981645a1821d0a4f6116a9870120cb1b260a5a252bfe45acf7
data/real/frames/pickle_vid_1_frame01860.jpg,repo_contents/data/real/frames/pickle_vid_1_frame01860.jpg,300945,.jpg,hardlink,5d1ef250cc3f3e744fe339c4af11d12eb932c363d0edca1f7213a973d2c922f8
data/real/frames/pickle_vid_1_frame01848.jpg,repo_contents/data/real/frames/pickle_vid_1_frame01848.jpg,296652,.jpg,hardlink,2d897672148926e99dd53f20ebb1c3f19b058580a03c1f482167fce65bda9d52
data/real/frames/pickle_vid_1_frame02004.jpg,repo_contents/data/real/frames/pickle_vid_1_frame02004.jpg,310181,.jpg,hardlink,0a0ff9a468b07185307ac042d291022e32391573b578d0d2767ff8a8eaee0397
data/real/frames/pickle_vid_1_frame01092.jpg,repo_contents/data/real/frames/pickle_vid_1_frame01092.jpg,303195,.jpg,hardlink,128dd236f0ec294452fa82c95f0a5dc1bce80ef05c9583e6ee207db9525299fd
data/real/frames/pickle_vid_1_frame01284.jpg,repo_contents/data/real/frames/pickle_vid_1_frame01284.jpg,305657,.jpg,hardlink,590e73a6d1dd698a12bf3eaf575063c8895b9d493f9915038577259c90ab09c4
data/real/frames/pickle_vid_1_frame02028.jpg,repo_contents/data/real/frames/pickle_vid_1_frame02028.jpg,303533,.jpg,hardlink,3b1c3ad59cbf121edf245bac1a2541b73eea34b1c976822fac934941df376cf1
data/real/frames/pickle_vid_1_frame02160.jpg,repo_contents/data/real/frames/pickle_vid_1_frame02160.jpg,304862,.jpg,hardlink,6ee1cb1f51a8b78b77ee97ed9befd78adc8b18662e18ce24ae6233d86c0dbd96
data/real/frames/pickle_vid_1_frame02148.jpg,repo_contents/data/real/frames/pickle_vid_1_frame02148.jpg,304461,.jpg,hardlink,b83634c9b8d0d9fcc42752a760bcd74c1979728cbd3721bec591af1bd3dba939
data/real/frames/pickle_vid_1_frame01680.jpg,repo_contents/data/real/frames/pickle_vid_1_frame01680.jpg,296855,.jpg,hardlink,027a15f5a6bddbe6db0beee2f86fc97b2286252cca9e3f6afb54747634666e56
data/real/frames/pickle_vid_1_frame02376.jpg,repo_contents/data/real/frames/pickle_vid_1_frame02376.jpg,294668,.jpg,hardlink,b7409f807775f8785332058fa1e4427cdbb1810dea4912838284a9ee519a3a97
data/real/frames/pickle_vid_1_frame01656.jpg,repo_contents/data/real/frames/pickle_vid_1_frame01656.jpg,307080,.jpg,hardlink,a4607819cc98f26d68a13f1936873a8220c478e810161fb2e432d54a974b7c96
data/real/frames/pickle_vid_1_frame02388.jpg,repo_contents/data/real/frames/pickle_vid_1_frame02388.jpg,300725,.jpg,hardlink,d6ea7f3e863cd71ad3f5205b9bc2773f595ec2fc8a0e942439fc743d5412578b
data/real/frames/pickle_vid_1_frame01332.jpg,repo_contents/data/real/frames/pickle_vid_1_frame01332.jpg,307503,.jpg,hardlink,86b0f75502bc2052cf59d8d54048b83852b55756c3cdef4b8a7a19d14993fb48
data/real/frames/pickle_vid_1_frame01440.jpg,repo_contents/data/real/frames/pickle_vid_1_frame01440.jpg,309066,.jpg,hardlink,20747261887f4fd25406287876d7bfcb0bb8b3a8e65629f0f0981ab679ef6e56
data/real/frames/pickle_vid_1_frame01044.jpg,repo_contents/data/real/frames/pickle_vid_1_frame01044.jpg,301046,.jpg,hardlink,c7f8bbf88004386b14890d7f4d75e7dd9c715064208a66e8f538d1799b47d252
data/real/frames/pickle_vid_1_frame00372.jpg,repo_contents/data/real/frames/pickle_vid_1_frame00372.jpg,271029,.jpg,hardlink,5c92c3135d32ac3799c64b0e8c400a59ff185c16118875fded260b2922fc8a9a
data/real/frames/pickle_vid_1_frame00600.jpg,repo_contents/data/real/frames/pickle_vid_1_frame00600.jpg,305234,.jpg,hardlink,245bd212db264d6373cea5e73c23a50464a572a8f301660283989589490eae51
data/real/frames/pickle_vid_1_frame01536.jpg,repo_contents/data/real/frames/pickle_vid_1_frame01536.jpg,307468,.jpg,hardlink,f0b76c1401dfeed9e2170512542f4f36f50b82f76cb758e7df704e2cea019e9b
data/real/frames/pickle_vid_1_frame00012.jpg,repo_contents/data/real/frames/pickle_vid_1_frame00012.jpg,242714,.jpg,hardlink,0d9fdfa0658c55c779b1dd7d779638352438666087cd97b6e905af0a7845a8ed
data/real/frames/pickle_vid_1_frame00984.jpg,repo_contents/data/real/frames/pickle_vid_1_frame00984.jpg,297647,.jpg,hardlink,10299f5d43b6e86c5fd1836d37edfbabb2ef7a00dd7e49f63f6a8afd7cabbfd9
data/real/frames/pickle_vid_1_frame00576.jpg,repo_contents/data/real/frames/pickle_vid_1_frame00576.jpg,305619,.jpg,hardlink,afe31018de672cc8a8cbe2718cecf71926570a91368eb6d799051ef29d002bde
data/real/frames/pickle_vid_1_frame01668.jpg,repo_contents/data/real/frames/pickle_vid_1_frame01668.jpg,305057,.jpg,hardlink,17eccc7c43ad789be3fe02e325bf85b9f4b49be90d7e51a7acffe6a46fd891c4
data/real/frames/pickle_vid_1_frame00204.jpg,repo_contents/data/real/frames/pickle_vid_1_frame00204.jpg,266651,.jpg,hardlink,ffe85b344b67ae322b866666d1ab52f083a2e0e4cc31e2333cd0ff46e0207f16
data/real/frames/pickle_vid_1_frame02412.jpg,repo_contents/data/real/frames/pickle_vid_1_frame02412.jpg,301932,.jpg,hardlink,eb465501f5fbb82cf357aa1640bfc976d42ed0d76b4eb0b799222ad4ffa0b8fe
data/real/frames/pickle_vid_1_frame00588.jpg,repo_contents/data/real/frames/pickle_vid_1_frame00588.jpg,304918,.jpg,hardlink,0a80f981791a1a3f2733452770f5e42fe668d9a4e6e2989d68eebeb8a4de89e2
data/real/frames/pickle_vid_1_frame01872.jpg,repo_contents/data/real/frames/pickle_vid_1_frame01872.jpg,280164,.jpg,hardlink,9099e600c5cfe9fae844d78973ed4b61a39a9e529f49f06fe85b25031f62530d
data/real/frames/pickle_vid_1_frame02016.jpg,repo_contents/data/real/frames/pickle_vid_1_frame02016.jpg,295448,.jpg,hardlink,09fca556be0f18198d1ddd82d7652f4dd72b86f46337ace8cb76f62babe60a7d
data/real/annotations/reference_frame_00179_t03s.jpg,repo_contents/data/real/annotations/reference_frame_00179_t03s.jpg,256104,.jpg,hardlink,8b466c11616c1a097352241c0a975154aeaa59a891de13c4cf7a753e6c1f92de
data/real/annotations/annotations_template.json,repo_contents/data/real/annotations/annotations_template.json,895,.json,hardlink,766fb0412ee0c0f8867c480fc53fe2711a346074f97d3c7f936f8339da5c52b1
data/real/annotations/reference_frame_01198_t20s.jpg,repo_contents/data/real/annotations/reference_frame_01198_t20s.jpg,299939,.jpg,hardlink,16aa35728dc46c63670a882b3f2a8e12b0bd4dabe469f1192593f5ac5682fc5a
data/real/annotations/reference_frame_00000_t00s.jpg,repo_contents/data/real/annotations/reference_frame_00000_t00s.jpg,231544,.jpg,hardlink,b4f80ab44a69733dfd9d7f755bb33b2a1e46584d1053962b09dab41969d5ee4e
data/real/annotations/annotations_v3.json,repo_contents/data/real/annotations/annotations_v3.json,775,.json,hardlink,88e3e93eb1ee01b9a0d77d574446d4762bb311412db87dbfd1fe3611f6a02068
data/real/annotations/annotations_v2.json,repo_contents/data/real/annotations/annotations_v2.json,1013,.json,hardlink,650d1173755fac7652b466b7b49070adbe702eba94454d842d39ac04232c60fb
data/real/annotations/reference_frame_00599_t10s.jpg,repo_contents/data/real/annotations/reference_frame_00599_t10s.jpg,297068,.jpg,hardlink,4114ec7d2924b9316e6417462e3dbb11c20cdae2698171fe709a76b145f4f412
data/real/annotations/annotations.json,repo_contents/data/real/annotations/annotations.json,820,.json,hardlink,8c57904047bbc0f6e596546ba7220b63a3d97cbcb567db889d820ea27e231678
data/real/videos/pickle_vid_1_trimmed_from_8s.mp4,repo_contents/data/real/videos/pickle_vid_1_trimmed_from_8s.mp4,96961178,.mp4,hardlink,6f347e12931758215def89f6066eadf64e59a72b44eaf74e2c3cbc4e770dceac
data/real/videos/IMG_8144.MOV,repo_contents/data/real/videos/IMG_8144.MOV,10812068,.mov,hardlink,e23e09216820b9a9c226ebe99d79552e5fd46a626674d6542b6cf2da707f32f0
data/real/videos/pickle_vid_1.MOV,repo_contents/data/real/videos/pickle_vid_1.MOV,71243452,.mov,hardlink,1641831eaeac9776339046f8ff7b03b20d0e00a2b7642d53cd5df7d868db5409
data/real/videos/.gitkeep,repo_contents/data/real/videos/.gitkeep,0,,hardlink,e3b0c44298fc1c149afbf4c8996fb92427ae41e4649b934ca495991b7852b855
data/real/videos/IMG_8166.MOV,repo_contents/data/real/videos/IMG_8166.MOV,1040673191,.mov,hardlink,5a0ea83c7f1d1e571e4370f1f336edb41241f04f9c3c0cab1873b1f652f057dd
final_report_bundle/tables/synthetic_confusion_matrix.csv,repo_contents/final_report_bundle/tables/synthetic_confusion_matrix.csv,80,.csv,hardlink,8660606dc81bc3fb8d7df111fcea853c58a3444fc76884cbf867cb527aa848ed
final_report_bundle/tables/results_summary.csv,repo_contents/final_report_bundle/tables/results_summary.csv,1476,.csv,hardlink,b297ec83b9ff7fee21e332fd87e498857df3316f7e5a89c28bdbaa07b9bfc40f
final_report_bundle/generated_charts/synthetic_rates.svg,repo_contents/final_report_bundle/generated_charts/synthetic_rates.svg,1167,.svg,hardlink,c553b499c26035f156c10ebabef7994679b37b08642a3baf7efb75a74976b89c
final_report_bundle/generated_charts/registration_fallback_comparison.svg,repo_contents/final_report_bundle/generated_charts/registration_fallback_comparison.svg,1164,.svg,hardlink,8f1ed33784ea31949a03f25c45302cf705a75af682ab923ac9ed59326662669f
final_report_bundle/docs/requirements.txt,repo_contents/final_report_bundle/docs/requirements.txt,113,.txt,hardlink,9688d8434e2a90b0307e1bdbf65ce883ba6013914a465d2c7866d04a34f361a6
final_report_bundle/docs/README.md,repo_contents/final_report_bundle/docs/README.md,17525,.md,hardlink,af5dfd65650eb35e83f8548c233d1fa12ef1cdefe8d672e1d29f2daacff642f5
final_report_bundle/docs/TECHNICAL_SUMMARY.md,repo_contents/final_report_bundle/docs/TECHNICAL_SUMMARY.md,17939,.md,hardlink,3d96df026432e9398d023c2ee05c4f479c50362b7528fb1951304d72af834f98
final_report_bundle/assets/pickle_vid_1_frame00000.jpg,repo_contents/final_report_bundle/assets/pickle_vid_1_frame00000.jpg,363430,.jpg,hardlink,e23063b9f7bcd93cfad323e7bf0cf6d42629c91efa0f0c5fae40a6d148afe79f
final_report_bundle/assets/photos_for_slides/05_uncertain_review_event.png,repo_contents/final_report_bundle/assets/photos_for_slides/05_uncertain_review_event.png,1965506,.png,hardlink,ebf2c37a6af0be9b96f15af6d114466fb625b7051f134510bb2d164c78035736
final_report_bundle/assets/photos_for_slides/01_registration_overlay.png,repo_contents/final_report_bundle/assets/photos_for_slides/01_registration_overlay.png,1871239,.png,hardlink,82e2d47a9a5a0a879c1dccb203f80612aee0b2b093c5bada59a06f5f460350e6
final_report_bundle/assets/photos_for_slides/03_detected_fault_event.png,repo_contents/final_report_bundle/assets/photos_for_slides/03_detected_fault_event.png,2005795,.png,hardlink,ca82681f8a77b91c7d5bfbd54d192a9007a3755dbd140d68068e455e336587b9
final_report_bundle/assets/photos_for_slides/registration_overlay_video.mp4,repo_contents/final_report_bundle/assets/photos_for_slides/registration_overlay_video.mp4,11725186,.mp4,hardlink,8283dab8cc7ba62bdbf43ccc0558c0cd4a28bf1ebd674c491ade770de9259c3a
final_report_bundle/assets/photos_for_slides/04_uncertain_event.png,repo_contents/final_report_bundle/assets/photos_for_slides/04_uncertain_event.png,1978753,.png,hardlink,d84acba2365fd46af3bf16f2acde671f662fb03a40768bd2833bb708267c461e
final_report_bundle/assets/photos_for_slides/02_registration_comparison.png,repo_contents/final_report_bundle/assets/photos_for_slides/02_registration_comparison.png,3863895,.png,hardlink,1da304a6440f3308fde65f2194c4371b7bec1a605cff7edf675d32e39fe39bbb
final_report_bundle/assets/outputs/slides/kitchenmaster-prof-deck/output.pptx,repo_contents/final_report_bundle/assets/outputs/slides/kitchenmaster-prof-deck/output.pptx,16197924,.pptx,hardlink,fcded2f966895d1c143877ca6b87964c36d3d763bc8089e9eec447e8933f15d9
final_report_bundle/assets/tmp/slides/kitchenmaster-prof-deck/preview/slide-09.png,repo_contents/final_report_bundle/assets/tmp/slides/kitchenmaster-prof-deck/preview/slide-09.png,366213,.png,hardlink,237f772a1a0e7fd8907d771b5c143493b5809a75cf26188300333a07dd797f35
final_report_bundle/assets/tmp/slides/kitchenmaster-prof-deck/preview/slide-08.png,repo_contents/final_report_bundle/assets/tmp/slides/kitchenmaster-prof-deck/preview/slide-08.png,361419,.png,hardlink,4c02b08e8d3cf379399f18c91b8c222163fc91404550b678b94b9e57739aec31
final_report_bundle/assets/tmp/slides/kitchenmaster-prof-deck/preview/slide-03.png,repo_contents/final_report_bundle/assets/tmp/slides/kitchenmaster-prof-deck/preview/slide-03.png,123536,.png,hardlink,5d213dd8846afcedeffaca91a381313a3b0861c9d7da4d7af2a194bbf2c921fe
final_report_bundle/assets/tmp/slides/kitchenmaster-prof-deck/preview/slide-02.png,repo_contents/final_report_bundle/assets/tmp/slides/kitchenmaster-prof-deck/preview/slide-02.png,360976,.png,hardlink,1545639338566a8fd5236606fbe21fcfe1a9f7f9eef886d4ed2d59a3949a2012
final_report_bundle/assets/tmp/slides/kitchenmaster-prof-deck/preview/slide-01.png,repo_contents/final_report_bundle/assets/tmp/slides/kitchenmaster-prof-deck/preview/slide-01.png,307550,.png,hardlink,b0b49d75968c6bbddb7b13700b83c50b66e8c9ce1fbda61057f8a1c0433c0af2
final_report_bundle/assets/tmp/slides/kitchenmaster-prof-deck/preview/slide-05.png,repo_contents/final_report_bundle/assets/tmp/slides/kitchenmaster-prof-deck/preview/slide-05.png,199336,.png,hardlink,9bce7f7f9d9cc400aba6d08a6b1a635de3e7034f86a8c075bee6a3a361db16be
final_report_bundle/assets/tmp/slides/kitchenmaster-prof-deck/preview/slide-10.png,repo_contents/final_report_bundle/assets/tmp/slides/kitchenmaster-prof-deck/preview/slide-10.png,401116,.png,hardlink,a2b227d8671cfad0646c9a87f79ede8e52e5dddc39cbf3f18488b53aa2651d51
final_report_bundle/assets/tmp/slides/kitchenmaster-prof-deck/preview/slide-04.png,repo_contents/final_report_bundle/assets/tmp/slides/kitchenmaster-prof-deck/preview/slide-04.png,359299,.png,hardlink,7527c9876aead20b1385b16ccf889601103853b8387c69537c09597acceef302
final_report_bundle/assets/tmp/slides/kitchenmaster-prof-deck/preview/slide-06.png,repo_contents/final_report_bundle/assets/tmp/slides/kitchenmaster-prof-deck/preview/slide-06.png,94567,.png,hardlink,4a79d5959a2005ca9975a0a7c698d20955139da8b6dd2dc3e874d2b789290c04
final_report_bundle/assets/tmp/slides/kitchenmaster-prof-deck/preview/slide-07.png,repo_contents/final_report_bundle/assets/tmp/slides/kitchenmaster-prof-deck/preview/slide-07.png,407580,.png,hardlink,2b4f6331bbea5f045372eb189086c80b345e998d8eaec3e3909b102bfcf1fe5c
final_report_bundle/assets/tmp/slides/kitchenmaster-prof-deck/build/output.pptx,repo_contents/final_report_bundle/assets/tmp/slides/kitchenmaster-prof-deck/build/output.pptx,16197924,.pptx,hardlink,fcded2f966895d1c143877ca6b87964c36d3d763bc8089e9eec447e8933f15d9
final_report_bundle/assets/data/real/annotations/reference_frame_00179_t03s.jpg,repo_contents/final_report_bundle/assets/data/real/annotations/reference_frame_00179_t03s.jpg,256104,.jpg,hardlink,8b466c11616c1a097352241c0a975154aeaa59a891de13c4cf7a753e6c1f92de
final_report_bundle/assets/data/real/annotations/reference_frame_01198_t20s.jpg,repo_contents/final_report_bundle/assets/data/real/annotations/reference_frame_01198_t20s.jpg,299939,.jpg,hardlink,16aa35728dc46c63670a882b3f2a8e12b0bd4dabe469f1192593f5ac5682fc5a
final_report_bundle/assets/data/real/annotations/reference_frame_00000_t00s.jpg,repo_contents/final_report_bundle/assets/data/real/annotations/reference_frame_00000_t00s.jpg,231544,.jpg,hardlink,b4f80ab44a69733dfd9d7f755bb33b2a1e46584d1053962b09dab41969d5ee4e
final_report_bundle/assets/data/real/annotations/reference_frame_00599_t10s.jpg,repo_contents/final_report_bundle/assets/data/real/annotations/reference_frame_00599_t10s.jpg,297068,.jpg,hardlink,4114ec7d2924b9316e6417462e3dbb11c20cdae2698171fe709a76b145f4f412
final_report_bundle/assets/misc/ball_analysis/frame_00273.jpg,repo_contents/final_report_bundle/assets/misc/ball_analysis/frame_00273.jpg,145729,.jpg,hardlink,97b9a1a7aec44680616cb9d45591e4ed59435d2f7e15e108b49378a324cc520f
final_report_bundle/assets/misc/ball_analysis/IMG_8144_frame_00165.jpg,repo_contents/final_report_bundle/assets/misc/ball_analysis/IMG_8144_frame_00165.jpg,118592,.jpg,hardlink,97a90659a9500b75226558b5c57ba984631d5282f5e72afffe3a11d552cbff1f
final_report_bundle/assets/misc/ball_analysis/frame_01780.jpg,repo_contents/final_report_bundle/assets/misc/ball_analysis/frame_01780.jpg,143249,.jpg,hardlink,b930182206bdf57694545d25dac4f241ab75c31fd78a58654c50d531362e9dea
final_report_bundle/assets/misc/ball_analysis/frame_01232.jpg,repo_contents/final_report_bundle/assets/misc/ball_analysis/frame_01232.jpg,145681,.jpg,hardlink,6e3b89ccfc22714e4bb31fa6c0e7b4479e561d231f75487b8a105dbcbc1bc424
final_report_bundle/assets/misc/ball_analysis/bright_00683.jpg,repo_contents/final_report_bundle/assets/misc/ball_analysis/bright_00683.jpg,165132,.jpg,hardlink,144fc47d96d944e61bc532b371ce685436009fe4a3c21beb0b9b2df9a2d5577f
final_report_bundle/assets/misc/ball_analysis/IMG_8166_frame_15898.jpg,repo_contents/final_report_bundle/assets/misc/ball_analysis/IMG_8166_frame_15898.jpg,127067,.jpg,hardlink,3f47535010cad95ef5d19977b641660eb0c6ff3167ab63a1ffde76614a7db9aa
final_report_bundle/assets/misc/ball_analysis/frame_01369.jpg,repo_contents/final_report_bundle/assets/misc/ball_analysis/frame_01369.jpg,145939,.jpg,hardlink,e43e779c60f330bb2019d368b78d5a33557be208236088167afbe8cde5dfc895
final_report_bundle/assets/misc/ball_analysis/IMG_8144_frame_00000.jpg,repo_contents/final_report_bundle/assets/misc/ball_analysis/IMG_8144_frame_00000.jpg,111942,.jpg,hardlink,afafbb15942fefe83125e3c6914b4332de27d712472dd2b83b174a5c9b74d414
final_report_bundle/assets/misc/ball_analysis/bright_00136.jpg,repo_contents/final_report_bundle/assets/misc/ball_analysis/bright_00136.jpg,165873,.jpg,hardlink,19a197850bf573ccc0cf2f0394acc1e1e63e90a7dbdd2a224b3fca3f795ea711
final_report_bundle/assets/misc/ball_analysis/IMG_8166_frame_31797.jpg,repo_contents/final_report_bundle/assets/misc/ball_analysis/IMG_8166_frame_31797.jpg,129604,.jpg,hardlink,940a079efb22fa1de09eac69a50811adb0ee34593a7818d5222c365b700c70be
final_report_bundle/assets/misc/ball_analysis/IMG_8166_frame_10599.jpg,repo_contents/final_report_bundle/assets/misc/ball_analysis/IMG_8166_frame_10599.jpg,125404,.jpg,hardlink,a6a55932f79e757db78d25feac430202b90536077b9cc391b257062e53497fa5
final_report_bundle/assets/misc/ball_analysis/frame_01643.jpg,repo_contents/final_report_bundle/assets/misc/ball_analysis/frame_01643.jpg,144342,.jpg,hardlink,9701e3ba6cc637faa792020502e438f5015309d2e4be829f2c50834ddf6315b0
final_report_bundle/assets/misc/ball_analysis/IMG_8144_frame_00110.jpg,repo_contents/final_report_bundle/assets/misc/ball_analysis/IMG_8144_frame_00110.jpg,120332,.jpg,hardlink,faf0e244d2788665ff89d063b0e5edcf8afbfb7b6d652d171684621cab83ed64
final_report_bundle/assets/misc/ball_analysis/frame_00000.jpg,repo_contents/final_report_bundle/assets/misc/ball_analysis/frame_00000.jpg,135480,.jpg,hardlink,08e5636bf1df4ad5ce396b75627d2208370d323cbec612e8be32c14f04e77e39
final_report_bundle/assets/misc/ball_analysis/IMG_8166_frame_00000.jpg,repo_contents/final_report_bundle/assets/misc/ball_analysis/IMG_8166_frame_00000.jpg,110922,.jpg,hardlink,656e72d710ddac1b178c04fced3598472e3dd73264e6eeb0d74f1b1e1c55c3ce
final_report_bundle/assets/misc/ball_analysis/frame_00821.jpg,repo_contents/final_report_bundle/assets/misc/ball_analysis/frame_00821.jpg,144922,.jpg,hardlink,e6a9b82b698440639a7f8687b3f7f25a9c33c5bcb7fc4b54d627b2ed212aa4ab
final_report_bundle/assets/misc/ball_analysis/frame_00410.jpg,repo_contents/final_report_bundle/assets/misc/ball_analysis/frame_00410.jpg,145595,.jpg,hardlink,030d5ab2c217b3e9b60bad6bbe72933a04a0c74228cec9decfeea874e039b0b2
final_report_bundle/assets/misc/ball_analysis/IMG_8166_frame_37097.jpg,repo_contents/final_report_bundle/assets/misc/ball_analysis/IMG_8166_frame_37097.jpg,125801,.jpg,hardlink,3bb3a321664dfc909c6fd99baeb4d919d5aa5ac6b30e72454de6819c53fd9b46
final_report_bundle/assets/misc/ball_analysis/IMG_8144_frame_00275.jpg,repo_contents/final_report_bundle/assets/misc/ball_analysis/IMG_8144_frame_00275.jpg,121292,.jpg,hardlink,04cfac07ca7154e3588b503ac93768b272c259358bb102a1732ef96ff2460bd8
final_report_bundle/assets/misc/ball_analysis/frame_01095.jpg,repo_contents/final_report_bundle/assets/misc/ball_analysis/frame_01095.jpg,144358,.jpg,hardlink,b53b157d5f01b7bf4f322f445959cb24b4ce640a7067899f1c7496a938d477c6
final_report_bundle/assets/misc/ball_analysis/frame_01917.jpg,repo_contents/final_report_bundle/assets/misc/ball_analysis/frame_01917.jpg,144471,.jpg,hardlink,66a8e1ca66fc7d18e4b5bfaac1f18dba5f42667e1a2fdf284afbc9458c7316c0
final_report_bundle/assets/misc/ball_analysis/IMG_8144_frame_00330.jpg,repo_contents/final_report_bundle/assets/misc/ball_analysis/IMG_8144_frame_00330.jpg,117914,.jpg,hardlink,162296e24ea2b968d1cae12f3fa1474cdac50246b075c3ef41dae133e0404815
final_report_bundle/assets/misc/ball_analysis/frame_00958.jpg,repo_contents/final_report_bundle/assets/misc/ball_analysis/frame_00958.jpg,146692,.jpg,hardlink,19db42039641b7233d02a7a584ed1ea141819d567d2ec5caea8b1f6526568888
final_report_bundle/assets/misc/ball_analysis/IMG_8144_frame_00055.jpg,repo_contents/final_report_bundle/assets/misc/ball_analysis/IMG_8144_frame_00055.jpg,118868,.jpg,hardlink,5e796c4158dd17b86a2f6f47d33839082114ec2e6c684a8eb228584d80462bd6
final_report_bundle/assets/misc/ball_analysis/bright_00956.jpg,repo_contents/final_report_bundle/assets/misc/ball_analysis/bright_00956.jpg,167114,.jpg,hardlink,d5a461839a71531711fede5b18a25dd5893fa131a959399f70bc500dbc346de5
final_report_bundle/assets/misc/ball_analysis/bright_00410.jpg,repo_contents/final_report_bundle/assets/misc/ball_analysis/bright_00410.jpg,164124,.jpg,hardlink,a7f76f293f6c1d99c29fcd1dce55b69d18aa4c2c5b477f4bc1b43c94e9d1326b
final_report_bundle/assets/misc/ball_analysis/IMG_8166_frame_21198.jpg,repo_contents/final_report_bundle/assets/misc/ball_analysis/IMG_8166_frame_21198.jpg,125039,.jpg,hardlink,05a53cce4df4d939a51f6595b73d2f7bcef264cbfb72a3dcf3d293eb2cb29c3c
final_report_bundle/assets/misc/ball_analysis/bright_00000.jpg,repo_contents/final_report_bundle/assets/misc/ball_analysis/bright_00000.jpg,151968,.jpg,hardlink,2df847085bbcd2a2ebb5520afdd415f3d0d7106ecaec48160ca6a66e3ebf01c0
final_report_bundle/assets/misc/ball_analysis/frame_01506.jpg,repo_contents/final_report_bundle/assets/misc/ball_analysis/frame_01506.jpg,146415,.jpg,hardlink,56656f81de13fad80c7d3932a11d75b11bf52625b7c691dbb4706a36dcbede72
final_report_bundle/assets/misc/ball_analysis/frame_00547.jpg,repo_contents/final_report_bundle/assets/misc/ball_analysis/frame_00547.jpg,142666,.jpg,hardlink,1d82f7ee366a809728adc7d8d4d8b7d15e6b8d0de54028b28db5ee33d86aba4c
final_report_bundle/assets/misc/ball_analysis/frame_02054.jpg,repo_contents/final_report_bundle/assets/misc/ball_analysis/frame_02054.jpg,103158,.jpg,hardlink,b49d63ce368a200ae80d8554ae3800b0f39782cc098667071d246a97e4549963
final_report_bundle/assets/misc/ball_analysis/IMG_8144_frame_00386.jpg,repo_contents/final_report_bundle/assets/misc/ball_analysis/IMG_8144_frame_00386.jpg,118554,.jpg,hardlink,d27c94b63fbaffca60ef3cfe8cc05863c6e76949fbcc7f980f3c2626bdb46105
final_report_bundle/assets/misc/ball_analysis/bright_00273.jpg,repo_contents/final_report_bundle/assets/misc/ball_analysis/bright_00273.jpg,162213,.jpg,hardlink,8e1ee8d5a7da9c356f14507cd5fcc106301156507385c695e1b3d5cc76137c49
final_report_bundle/assets/misc/ball_analysis/IMG_8144_frame_00220.jpg,repo_contents/final_report_bundle/assets/misc/ball_analysis/IMG_8144_frame_00220.jpg,122178,.jpg,hardlink,62b6d82a6241f31204e7934e180846e19b786baa6096c7dbcafad72a5463aa97
final_report_bundle/assets/misc/ball_analysis/frame_00136.jpg,repo_contents/final_report_bundle/assets/misc/ball_analysis/frame_00136.jpg,148581,.jpg,hardlink,5863ebc026a13dbfdb9cd51792291b70d1975459fecc568113dd75077e60f51c
final_report_bundle/assets/misc/ball_analysis/frame_00684.jpg,repo_contents/final_report_bundle/assets/misc/ball_analysis/frame_00684.jpg,148296,.jpg,hardlink,d4d1e15fc40b5e2ab82a403130faca05a90c1161f41e1b46f3ed1f770c9b4191
final_report_bundle/assets/misc/ball_analysis/IMG_8166_frame_05299.jpg,repo_contents/final_report_bundle/assets/misc/ball_analysis/IMG_8166_frame_05299.jpg,128514,.jpg,hardlink,c0ad0962a84d95b69c946613e2e647606fd17def96700b9b770ec1c5bffa8d22
final_report_bundle/assets/misc/ball_analysis/IMG_8166_frame_26497.jpg,repo_contents/final_report_bundle/assets/misc/ball_analysis/IMG_8166_frame_26497.jpg,124569,.jpg,hardlink,dee73b524da0d1674720bf8700a3776f88ac1f13dd4d5d33a45753e04bddf184
final_report_bundle/assets/misc/ball_test/debug_mask_f5.png,repo_contents/final_report_bundle/assets/misc/ball_test/debug_mask_f5.png,14479,.png,hardlink,e3f526496d90621fd26659799ef6c5ffb1b795de848e04b3c8c9cf77cd433cbf
final_report_bundle/assets/misc/ball_test/debug_all_candidates_f5.png,repo_contents/final_report_bundle/assets/misc/ball_test/debug_all_candidates_f5.png,604382,.png,hardlink,cddb2534c1c1396bfc0de61f5d5fc6a9120f39b8e122d0a8bbaa315cfa5ea753
final_report_bundle/assets/misc/ball_test/debug_frames/frame_00060.png,repo_contents/final_report_bundle/assets/misc/ball_test/debug_frames/frame_00060.png,622703,.png,hardlink,577318dce02cda97e229e8278a91dd5ba99669ea15ad582bba69fac171fe8117
final_report_bundle/assets/misc/ball_test/debug_frames/frame_00000.png,repo_contents/final_report_bundle/assets/misc/ball_test/debug_frames/frame_00000.png,528893,.png,hardlink,33b3a9f557220623d7ea69f9abc3ba041065cd93ba23fd2ab36e4d664561046b
final_report_bundle/assets/misc/ball_test/debug_frames/frame_00030.png,repo_contents/final_report_bundle/assets/misc/ball_test/debug_frames/frame_00030.png,624344,.png,hardlink,287af4ce1aebae3982cf5f4b9d7cd118f09f28a99409198655249751d6205e32
final_report_bundle/assets/misc/ball_test/debug_frames/frame_00150.png,repo_contents/final_report_bundle/assets/misc/ball_test/debug_frames/frame_00150.png,654187,.png,hardlink,e49654596abd4baff0d34eabf8f9044ba2676bc01f5ceca56a2357eb400c3daf
final_report_bundle/assets/misc/ball_test/debug_frames/frame_00180.png,repo_contents/final_report_bundle/assets/misc/ball_test/debug_frames/frame_00180.png,632344,.png,hardlink,d15b40a14084c3c60a3d38825fb271b6cddb04e9fc14511854aec31b93bc918a
final_report_bundle/assets/misc/ball_test/debug_frames/frame_00090.png,repo_contents/final_report_bundle/assets/misc/ball_test/debug_frames/frame_00090.png,653467,.png,hardlink,1cbb0d714ce611325ad8f648be57765467b6fe04e90c0f220e7c451c5579dc36
final_report_bundle/assets/misc/ball_test/debug_frames/frame_00120.png,repo_contents/final_report_bundle/assets/misc/ball_test/debug_frames/frame_00120.png,632372,.png,hardlink,300e696b649cdf456ccd74f4626637b76bb142df406af7b4187baba56f3e5a55
final_report_bundle/assets/misc/ball_analysis/img8144_samples/frame_00300.jpg,repo_contents/final_report_bundle/assets/misc/ball_analysis/img8144_samples/frame_00300.jpg,119830,.jpg,hardlink,63d8062779173e03f19c2204ba600734943879774f11700c178fe566e3d1b9a8
final_report_bundle/assets/misc/ball_analysis/img8144_samples/frame_00100.jpg,repo_contents/final_report_bundle/assets/misc/ball_analysis/img8144_samples/frame_00100.jpg,121244,.jpg,hardlink,55bb078a1d4c9325b710b4b03e2f5b7fc36b09a97b12c1843d40b9ad21f42979
final_report_bundle/assets/misc/ball_analysis/img8144_samples/frame_00000.jpg,repo_contents/final_report_bundle/assets/misc/ball_analysis/img8144_samples/frame_00000.jpg,109333,.jpg,hardlink,b93930b4e80a67a22798c57ddd0578e2073ed34f0a448afd6f00b21319168beb
final_report_bundle/assets/misc/ball_analysis/img8144_samples/frame_00200.jpg,repo_contents/final_report_bundle/assets/misc/ball_analysis/img8144_samples/frame_00200.jpg,120867,.jpg,hardlink,32f269c7e658d4f733a01b33d568ce1e00d2a4dbcc05188548a6aa1b2d2653fa
final_report_bundle/assets/misc/ball_analysis/img8144_samples/frame_00350.jpg,repo_contents/final_report_bundle/assets/misc/ball_analysis/img8144_samples/frame_00350.jpg,113522,.jpg,hardlink,5a94268b24e05602fcbcdaabff114b2239fef250a14f541a22a95c47c6c3d971
final_report_bundle/assets/misc/ball_analysis/img8144_samples/frame_00050.jpg,repo_contents/final_report_bundle/assets/misc/ball_analysis/img8144_samples/frame_00050.jpg,117819,.jpg,hardlink,da4773418ba9b5cf0f258cb91482b320cabc0e6ff1e2a89fd5a9ee1af8ad39ba
final_report_bundle/source_snapshot/misc/demo_pipeline_active_side.yaml,repo_contents/final_report_bundle/source_snapshot/misc/demo_pipeline_active_side.yaml,2129,.yaml,hardlink,7a6978595bd5725689c157cc937d9a17aa157038b1435127a0cb46bfdc068041
final_report_bundle/source_snapshot/misc/demo_pipeline_foot_review.yaml,repo_contents/final_report_bundle/source_snapshot/misc/demo_pipeline_foot_review.yaml,2129,.yaml,hardlink,6e87941b89ceef3b19e4395c257cdf2613c67ec4fd92c7d2ece1d846f45fd86b
final_report_bundle/source_snapshot/experiments/run_court_registration.py,repo_contents/final_report_bundle/source_snapshot/experiments/run_court_registration.py,8686,.py,hardlink,704f486dc441e81c676db6a25768aac85e2da7442d98a9405e1f20046bb535c1
final_report_bundle/source_snapshot/experiments/run_eval.py,repo_contents/final_report_bundle/source_snapshot/experiments/run_eval.py,1699,.py,hardlink,12aedd7fdc1b85334ecc45a4493275cddfd599ed5b1fc2dfa449aec5a8e202de
final_report_bundle/source_snapshot/experiments/run_demo_pipeline.py,repo_contents/final_report_bundle/source_snapshot/experiments/run_demo_pipeline.py,55294,.py,hardlink,54c11bcce01d29bb1c40a4b607d2cc0e24bf9a102e7eb2933ea2ceb0a8cca48b
final_report_bundle/source_snapshot/experiments/run_court_registration_v3.py,repo_contents/final_report_bundle/source_snapshot/experiments/run_court_registration_v3.py,42011,.py,hardlink,819b2ea08f578239cc64612a36093cef5af042fd7526188434d1687c111ea8fb
final_report_bundle/source_snapshot/experiments/run_court_registration_v2.py,repo_contents/final_report_bundle/source_snapshot/experiments/run_court_registration_v2.py,21365,.py,hardlink,1f9a700cbe3d73a12327e3dffa7fda3712f29d2f28e86ed91cc82fa3e69db2f3
final_report_bundle/source_snapshot/experiments/run_sim.py,repo_contents/final_report_bundle/source_snapshot/experiments/run_sim.py,2734,.py,hardlink,0a2f0cd1ba765f6d13ea48348e26ae666fc8b28db156ece698a4d06dcc93ffad
final_report_bundle/source_snapshot/experiments/run_real.py,repo_contents/final_report_bundle/source_snapshot/experiments/run_real.py,3864,.py,hardlink,c890c1a101fce0a7b17fc2864310d3fb93fa4872e5e5bfc3d0932cbcd1cd3021
final_report_bundle/source_snapshot/tests/test_sim_generator.py,repo_contents/final_report_bundle/source_snapshot/tests/test_sim_generator.py,3502,.py,hardlink,d734b788157f9c62952fe298cfa916e1f7976507c3d5e2ee4979d6b005dd45bf
final_report_bundle/source_snapshot/tests/test_detector.py,repo_contents/final_report_bundle/source_snapshot/tests/test_detector.py,909,.py,hardlink,df017d84aef452f8fb776c59b1c5c0ad2afa25aef373d18c51628842bb326d97
final_report_bundle/source_snapshot/tests/__init__.py,repo_contents/final_report_bundle/source_snapshot/tests/__init__.py,0,.py,hardlink,e3b0c44298fc1c149afbf4c8996fb92427ae41e4649b934ca495991b7852b855
final_report_bundle/source_snapshot/tests/test_evaluate.py,repo_contents/final_report_bundle/source_snapshot/tests/test_evaluate.py,3639,.py,hardlink,4afb285bceb93302528710f92ddf5d38fadd8586ec07d3697f7c8166bcd15e75
final_report_bundle/source_snapshot/scripts/annotate_reprojection_anchors.py,repo_contents/final_report_bundle/source_snapshot/scripts/annotate_reprojection_anchors.py,8051,.py,hardlink,d1ccf84228e278e3b42d1beb2637d5c65257ccc9aa1ac3791df0deffd7f26d80
final_report_bundle/source_snapshot/scripts/annotate_reference.py,repo_contents/final_report_bundle/source_snapshot/scripts/annotate_reference.py,5416,.py,hardlink,980f590a5ac19850ba6c78165f2afb39a51bd7f7e3b79f4e858a0f9977f69bd8
final_report_bundle/source_snapshot/scripts/extract_frames.py,repo_contents/final_report_bundle/source_snapshot/scripts/extract_frames.py,2950,.py,hardlink,999b2cb8151042a83d878c21cb2c4a2723da8a65f6a1ed9727a9c8dab7ac71c4
final_report_bundle/source_snapshot/scripts/__init__.py,repo_contents/final_report_bundle/source_snapshot/scripts/__init__.py,0,.py,hardlink,e3b0c44298fc1c149afbf4c8996fb92427ae41e4649b934ca495991b7852b855
final_report_bundle/source_snapshot/scripts/annotate_anchors.py,repo_contents/final_report_bundle/source_snapshot/scripts/annotate_anchors.py,8516,.py,hardlink,0caa9101ae414a316228c65a3d06496506e3a3c174cc186e8b6b5215198a3c7e
final_report_bundle/source_snapshot/src/sim_generator.py,repo_contents/final_report_bundle/source_snapshot/src/sim_generator.py,4811,.py,hardlink,afb97c8ec86719d5fba749c7f2172e960dce74080dbe583a7759fdabcc0c341d
final_report_bundle/source_snapshot/src/court_model.py,repo_contents/final_report_bundle/source_snapshot/src/court_model.py,7133,.py,hardlink,2e1a67b34494383277c8dda53d185d78a9304e9045ecedbe8282ecbb12198b8d
final_report_bundle/source_snapshot/src/config.py,repo_contents/final_report_bundle/source_snapshot/src/config.py,931,.py,hardlink,aa878d2d3ce9bc125fe600dd7d7da6fd79ffb6e6f008b99d8bbac1270fe75d2b
final_report_bundle/source_snapshot/src/ball_detector.py,repo_contents/final_report_bundle/source_snapshot/src/ball_detector.py,7326,.py,hardlink,4fd28b8e9e4e3e863ce2f142d798f6e7a25724e25cccfcf019f556ac47ac858c
final_report_bundle/source_snapshot/src/court_registration.py,repo_contents/final_report_bundle/source_snapshot/src/court_registration.py,11895,.py,hardlink,865d071ef8bd2e84fa49d1af5f9ddd3e2a1869dce860a198548c41ce586cef93
final_report_bundle/source_snapshot/src/event_detector.py,repo_contents/final_report_bundle/source_snapshot/src/event_detector.py,695,.py,hardlink,1dbf90e476f78ff1ae56dcedf977578c9dd79a6c96b0528f57c19f5abdb55a11
final_report_bundle/source_snapshot/src/__init__.py,repo_contents/final_report_bundle/source_snapshot/src/__init__.py,0,.py,hardlink,e3b0c44298fc1c149afbf4c8996fb92427ae41e4649b934ca495991b7852b855
final_report_bundle/source_snapshot/src/baseline_detector.py,repo_contents/final_report_bundle/source_snapshot/src/baseline_detector.py,3208,.py,hardlink,45941e23ef222c5c165c3fa9a4c76656cf3deaa4e288fb5678d01e22e57be33e
final_report_bundle/source_snapshot/src/volley_classifier.py,repo_contents/final_report_bundle/source_snapshot/src/volley_classifier.py,20452,.py,hardlink,907433bb0c8c0651cdfeb1dd09eb8bf77f38c4903808fa09a808e1e02af0654d
final_report_bundle/source_snapshot/src/ball_tracker.py,repo_contents/final_report_bundle/source_snapshot/src/ball_tracker.py,22210,.py,hardlink,411af61f2c0dabd4f19ab8d4c79e9708fe67498b2c2968f663f3438ea83fe4ff
final_report_bundle/source_snapshot/src/foot_localizer.py,repo_contents/final_report_bundle/source_snapshot/src/foot_localizer.py,40286,.py,hardlink,f61a5013228e129460778e3e7699ef9c0df9412c9388ebc5a33b352e64b62fe2
final_report_bundle/source_snapshot/src/evaluate.py,repo_contents/final_report_bundle/source_snapshot/src/evaluate.py,7671,.py,hardlink,55c29376356f532d2764cbbc9e18b7c782c5d13d3d657246d4fa2f756d067ceb
final_report_bundle/source_snapshot/src/foot_fault_pipeline.py,repo_contents/final_report_bundle/source_snapshot/src/foot_fault_pipeline.py,34281,.py,hardlink,6cbe6896cafaab428f036d09e2a2fb9f53856f566819d054140992303c956483
final_report_bundle/source_snapshot/src/viz.py,repo_contents/final_report_bundle/source_snapshot/src/viz.py,8587,.py,hardlink,f1d090d46a5ddd953a880c1bec54f454b31fe3003ccf8c516d231397aa4a47b8
final_report_bundle/source_snapshot/src/stabilizer.py,repo_contents/final_report_bundle/source_snapshot/src/stabilizer.py,9228,.py,hardlink,f626a42f9e193d6468193f4d7c91b7dce9e8eefecca33e8f3fd232b3176a7da5
final_report_bundle/source_snapshot/experiments/configs/court_reg_v3.yaml,repo_contents/final_report_bundle/source_snapshot/experiments/configs/court_reg_v3.yaml,1836,.yaml,hardlink,997248bfdcef1603bcba296d85aa2ccfa7a2c622584ba0acfb32d53f2274d8db
final_report_bundle/source_snapshot/experiments/configs/sim_v1.yaml,repo_contents/final_report_bundle/source_snapshot/experiments/configs/sim_v1.yaml,350,.yaml,hardlink,6b4791a4df5cf6977b60b201e8120c6e652fa516c050b3431f25adb9390632a7
final_report_bundle/source_snapshot/experiments/configs/court_reg_v2.yaml,repo_contents/final_report_bundle/source_snapshot/experiments/configs/court_reg_v2.yaml,803,.yaml,hardlink,f8196bbef823a162f21f3e06e0b67c427176fdea6e7cac573a682615c2555e01
final_report_bundle/source_snapshot/experiments/configs/court_reg_v1.yaml,repo_contents/final_report_bundle/source_snapshot/experiments/configs/court_reg_v1.yaml,761,.yaml,hardlink,c4c4afb276a9e75bf6d1130e07bfcb1a7c412e6ff37b5e52875cc6b11a2f34ac
final_report_bundle/source_snapshot/experiments/configs/demo_pipeline.yaml,repo_contents/final_report_bundle/source_snapshot/experiments/configs/demo_pipeline.yaml,10180,.yaml,hardlink,ab39dc7ea9a7f9163a88f0f5bd424bfe7f69384bdc3c7bac6ff2d9f3f74cafd4
final_report_bundle/data_results/photos_for_slides/court_reg_v3_summary_report.json,repo_contents/final_report_bundle/data_results/photos_for_slides/court_reg_v3_summary_report.json,5190,.json,hardlink,04319e3a8ca116335ef42f628baf95a9c765879877bb4a5d0ab54a5fb04de90b
final_report_bundle/data_results/photos_for_slides/demo_foot_fault_summary.json,repo_contents/final_report_bundle/data_results/photos_for_slides/demo_foot_fault_summary.json,212,.json,hardlink,deb98465e771c737986bf94fd6ca164c01d4849da9693b5a4389891fa699ff04
final_report_bundle/data_results/photos_for_slides/demo_foot_fault_events.csv,repo_contents/final_report_bundle/data_results/photos_for_slides/demo_foot_fault_events.csv,1306,.csv,hardlink,8f6e42ea511e745ed3f2aa33e538b4ce30dc88c2f2fd05fdf42dd5730f110f63
final_report_bundle/data_results/data/real/annotations.csv,repo_contents/final_report_bundle/data_results/data/real/annotations.csv,255,.csv,hardlink,1586ca8fc98a37cb586761f884dfdd096cff06f269a5b7c123944220795ace5b
final_report_bundle/data_results/data/real/annotations/annotations_template.json,repo_contents/final_report_bundle/data_results/data/real/annotations/annotations_template.json,895,.json,hardlink,766fb0412ee0c0f8867c480fc53fe2711a346074f97d3c7f936f8339da5c52b1
final_report_bundle/data_results/data/real/annotations/annotations_v3.json,repo_contents/final_report_bundle/data_results/data/real/annotations/annotations_v3.json,775,.json,hardlink,88e3e93eb1ee01b9a0d77d574446d4762bb311412db87dbfd1fe3611f6a02068
final_report_bundle/data_results/data/real/annotations/annotations_v2.json,repo_contents/final_report_bundle/data_results/data/real/annotations/annotations_v2.json,1013,.json,hardlink,650d1173755fac7652b466b7b49070adbe702eba94454d842d39ac04232c60fb
final_report_bundle/data_results/data/real/annotations/annotations.json,repo_contents/final_report_bundle/data_results/data/real/annotations/annotations.json,820,.json,hardlink,8c57904047bbc0f6e596546ba7220b63a3d97cbcb567db889d820ea27e231678
final_report_bundle/data_results/results/real_baseline/court_reg_v1/summary_report.json,repo_contents/final_report_bundle/data_results/results/real_baseline/court_reg_v1/summary_report.json,1429,.json,hardlink,4d72dfb8639ecd68473e90aa6169de7debdf2817c1d0da3cc1fc4ef9ac51bc1d
final_report_bundle/data_results/results/real_baseline/court_reg_v3/summary_report.json,repo_contents/final_report_bundle/data_results/results/real_baseline/court_reg_v3/summary_report.json,5190,.json,hardlink,04319e3a8ca116335ef42f628baf95a9c765879877bb4a5d0ab54a5fb04de90b
final_report_bundle/data_results/results/real_baseline/court_reg_v3/comparisons/comparison_report.json,repo_contents/final_report_bundle/data_results/results/real_baseline/court_reg_v3/comparisons/comparison_report.json,2305,.json,hardlink,093ad6d0df39dbe86bd6b629546469e9b969700b53a998fa604c0c3ef14e07e3
final_report_bundle/data_results/results/presentation_demo/demo_v1_active_side/foot_faults/summary.json,repo_contents/final_report_bundle/data_results/results/presentation_demo/demo_v1_active_side/foot_faults/summary.json,212,.json,hardlink,deb98465e771c737986bf94fd6ca164c01d4849da9693b5a4389891fa699ff04
final_report_bundle/data_results/results/presentation_demo/demo_v1_active_side/review/review_pending.json,repo_contents/final_report_bundle/data_results/results/presentation_demo/demo_v1_active_side/review/review_pending.json,9276,.json,hardlink,fe143644bdce9bc3a8314b3bee4f2e16f3edbbb297512444e555f5ea56db72b3
final_report_bundle/data_results/results/presentation_demo/demo_v1_foot_review/foot_faults/summary.json,repo_contents/final_report_bundle/data_results/results/presentation_demo/demo_v1_foot_review/foot_faults/summary.json,204,.json,hardlink,54c9a360698a66b8cb26a99d8b30db27fcb8a3d64893797e7d72c345d1fc4d93
final_report_bundle/data_results/results/presentation_demo/demo_v1_foot_review/review/review_pending.json,repo_contents/final_report_bundle/data_results/results/presentation_demo/demo_v1_foot_review/review/review_pending.json,4774,.json,hardlink,fbd3f81f8238e15604c57c8b3dd0cc6d1e63b4d8586c85a4acedd98dd7f0addd
final_report_bundle/data_results/results/presentation_demo/demo_v1/review/review_pending.json,repo_contents/final_report_bundle/data_results/results/presentation_demo/demo_v1/review/review_pending.json,2991,.json,hardlink,364e59aa1cdca44ea8c75c5914602db553d59918dbb77b4ac455c63f5d6e7e94
final_report_bundle/data_results/misc/ball_test/ball_tracking.csv,repo_contents/final_report_bundle/data_results/misc/ball_test/ball_tracking.csv,9106,.csv,hardlink,8f927a9308e0135cebe1d07e36d3290469f7e42829e0ac911bcf04b054ca7bc2
final_report_bundle/data_results/misc/export_for_chatgpt/repo_tree.txt,repo_contents/final_report_bundle/data_results/misc/export_for_chatgpt/repo_tree.txt,596,.txt,hardlink,7e4dd0d62a2cdc4f2cb0d09f4643f179cb4868b6ea552065a07323a4cb5b8c0b
final_report_bundle/data_results/misc/export_for_chatgpt/metrics_full.csv,repo_contents/final_report_bundle/data_results/misc/export_for_chatgpt/metrics_full.csv,197,.csv,hardlink,49ee50fb024f697e03feee856526990a1724d0c3e7fd4680bdff917ff45ccf40
final_report_bundle/data_results/misc/export_for_chatgpt/NOTES.txt,repo_contents/final_report_bundle/data_results/misc/export_for_chatgpt/NOTES.txt,272,.txt,hardlink,cde7e1c59847cec46b22e71e899c426eea13b42d260e29ae6e42aaeb3e0edf12
final_report_bundle/data_results/misc/export_for_chatgpt/README_from_claude.md,repo_contents/final_report_bundle/data_results/misc/export_for_chatgpt/README_from_claude.md,1705,.md,hardlink,b9da395230bc8960bbab067dc51257542acc1941b07426072fdfad16e2cf6d81
final_report_bundle/data_results/misc/export_for_chatgpt/synthetic_generation_files.txt,repo_contents/final_report_bundle/data_results/misc/export_for_chatgpt/synthetic_generation_files.txt,158,.txt,hardlink,fb2d8cdd55006ccf522f794e31ac60bee52e2884d671f20ce63a6f0729fb3c1c
final_report_bundle/data_results/misc/export_for_chatgpt/predictions_full.csv,repo_contents/final_report_bundle/data_results/misc/export_for_chatgpt/predictions_full.csv,3255,.csv,hardlink,000f7c42d2c8f93f7af4de14ead786dbb6a6f1891c4992055e06422335a8dda2
final_report_bundle/data_results/misc/export_for_chatgpt/generated_metadata_csv_example.csv,repo_contents/final_report_bundle/data_results/misc/export_for_chatgpt/generated_metadata_csv_example.csv,238,.csv,hardlink,4b13eda5d908e02f9bb8d3da7ccc2efc890d6017f79340dcc91118d986823f5f
final_report_bundle/data_results/misc/export_for_chatgpt/generated_metrics_csv_example.csv,repo_contents/final_report_bundle/data_results/misc/export_for_chatgpt/generated_metrics_csv_example.csv,195,.csv,hardlink,8e7cf00af3412f5a0450a58c7b84fabca97f8de70aab00a1ba06df5485ee3756
final_report_bundle/data_results/misc/export_for_chatgpt/paste_bundle.md,repo_contents/final_report_bundle/data_results/misc/export_for_chatgpt/paste_bundle.md,3433,.md,hardlink,5a14ce2d72d46019deba042c0eb03e5b6938dc04f42386ec926c2f659f7dd790
final_report_bundle/docs/photos_for_slides/README.md,repo_contents/final_report_bundle/docs/photos_for_slides/README.md,1249,.md,hardlink,7fae6a7cc488cc0d6664e103eb402a635c58dea4beccc29611e8c76e8e4e2802
final_report_bundle/docs/photos_for_slides/TECHNICAL_SUMMARY.md,repo_contents/final_report_bundle/docs/photos_for_slides/TECHNICAL_SUMMARY.md,17939,.md,hardlink,3d96df026432e9398d023c2ee05c4f479c50362b7528fb1951304d72af834f98
final_report_bundle/docs/docs/problem.md,repo_contents/final_report_bundle/docs/docs/problem.md,1985,.md,hardlink,6544ea9a1adce846e52ad235b55b8a473a22000c4e4741572040357e518ba5ea
final_report_bundle/docs/docs/plan.md,repo_contents/final_report_bundle/docs/docs/plan.md,3702,.md,hardlink,bb9c5ad54ad5f9f2116006b97f098dc0af229c92c778debdbb0cd384032b3d51
final_report_bundle/docs/outputs/slides/kitchenmaster-prof-deck/narrative_plan.md,repo_contents/final_report_bundle/docs/outputs/slides/kitchenmaster-prof-deck/narrative_plan.md,2336,.md,hardlink,1e230519ddfec9c8c86cb6ca20d1e41c954cdb9d1238a3f68676361df8b76c96
final_report_bundle/prior_context/TotalPrompts/chat2.md,repo_contents/final_report_bundle/prior_context/TotalPrompts/chat2.md,128188,.md,hardlink,2e9f67bf3fce22d79b8c37015c510c995551a23860105d5aa4c51fb45a8b072d
final_report_bundle/prior_context/TotalPrompts/chat6.md,repo_contents/final_report_bundle/prior_context/TotalPrompts/chat6.md,0,.md,hardlink,e3b0c44298fc1c149afbf4c8996fb92427ae41e4649b934ca495991b7852b855
final_report_bundle/prior_context/TotalPrompts/chat3.md,repo_contents/final_report_bundle/prior_context/TotalPrompts/chat3.md,53105,.md,hardlink,e8a20814f25c7cb78144b241e6daeff86a9a40bf1af8470f0dd45cdae3d8b271
final_report_bundle/prior_context/TotalPrompts/chat4.md,repo_contents/final_report_bundle/prior_context/TotalPrompts/chat4.md,1806,.md,hardlink,530bcb850cb08bf472067d0a85b0628d61bca55b9d2cd11fdcbe6f92ff43aa66
final_report_bundle/prior_context/TotalPrompts/chat1.md,repo_contents/final_report_bundle/prior_context/TotalPrompts/chat1.md,11474,.md,hardlink,feff69042c9418fa48794c429169c8e9a91c9e4853484bd93ae249ad6f887fa0
final_report_bundle/prior_context/TotalPrompts/chat5.md,repo_contents/final_report_bundle/prior_context/TotalPrompts/chat5.md,25313,.md,hardlink,30a691a4cb5e441edca934d36b0e326492bedb585225458e79fac7149ee5bf08
results/presentation_demo/.DS_Store,repo_contents/results/presentation_demo/.DS_Store,8196,,hardlink,f512cac8d3913857ffe95ffeefd64ac0b3ea3a2bf66ad4c179f02badb526f237
results/real_baseline/.DS_Store,repo_contents/results/real_baseline/.DS_Store,6148,,hardlink,773572c0b1ba6c0aac897e99923181abbebc849ef18b770bf171808ce7dec44c
results/sim_v1/confusion_matrix.png,repo_contents/results/sim_v1/confusion_matrix.png,16347,.png,hardlink,dfe9da1e42601fcd753fd006aa7b652ec90e9a33b9a80a3a77e4c945217ec0b0
results/sim_v1/predictions.csv,repo_contents/results/sim_v1/predictions.csv,3227,.csv,hardlink,979baebba49fa4df53ce82308aa8bcf3341745775d1e7a145cc1d1ef8eb4f239
results/sim_v1/metrics.csv,repo_contents/results/sim_v1/metrics.csv,198,.csv,hardlink,0354d830b3c1ba05a551461dbac9605262055c17979cb02d2db4bf2cbf4293ed
results/sim_v1/metadata.csv,repo_contents/results/sim_v1/metadata.csv,12825,.csv,hardlink,368e02782ce9a4db9c01f7a5c32c3fdd2f2ebbad228caae5eaa181ac2e018ccb
results/sim_v1/confusion_matrix.csv,repo_contents/results/sim_v1/confusion_matrix.csv,92,.csv,hardlink,2b62d5458e6468b432afca6fd9485627d95d716e1c452d2a22b07c13a33eae3f
results/sim_v1/failure_analysis.csv,repo_contents/results/sim_v1/failure_analysis.csv,678,.csv,hardlink,22a280404623b03d0573934f1c72593421d5c041974d1267f171dac08018266a
results/sim_v1/overlays/clear_legal_wrong_01.png,repo_contents/results/sim_v1/overlays/clear_legal_wrong_01.png,2780,.png,hardlink,9b6cb64f784f6a855c7494a1573489962f9a5d83a058292b66e6e9441e363261
results/sim_v1/overlays/clear_legal_wrong_00.png,repo_contents/results/sim_v1/overlays/clear_legal_wrong_00.png,2808,.png,hardlink,eb06960acba324d5a56a27e2ff9d890ea8fa534966601c6a854c511271db8a42
results/sim_v1/overlays/clear_legal_wrong_02.png,repo_contents/results/sim_v1/overlays/clear_legal_wrong_02.png,2801,.png,hardlink,afbfecc6d384502342d395e1768624602e288af514f9aa65b0cc76f2265c24b5
results/sim_v1/overlays/occluded_wrong_01.png,repo_contents/results/sim_v1/overlays/occluded_wrong_01.png,4095,.png,hardlink,f0ebd1ad1c3a3b89827482fe6899a1197282a79e084694d381c9dc040cab0cb0
results/sim_v1/overlays/occluded_wrong_00.png,repo_contents/results/sim_v1/overlays/occluded_wrong_00.png,4116,.png,hardlink,08624561590382cb8c702eedac1bb76b5adbf83cc0e6ff847f09af9e160c8a4d
results/sim_v1/overlays/occluded_wrong_02.png,repo_contents/results/sim_v1/overlays/occluded_wrong_02.png,4117,.png,hardlink,3097452f7e51aacbfea7934d70dabb51b59ce839d1ea60f2b601673ec46aa359
results/sim_v1/overlays/borderline_correct_02.png,repo_contents/results/sim_v1/overlays/borderline_correct_02.png,2845,.png,hardlink,df80bd1532b0550e441ebdc57a42aa9f66f3f04cda783cec8d468dfa4bfbace6
results/sim_v1/overlays/borderline_correct_01.png,repo_contents/results/sim_v1/overlays/borderline_correct_01.png,2851,.png,hardlink,4cea68bc3a84e55ac940058ba5a1f64f2b0eaac7c330d4135e5ac5bfb62b15c2
results/sim_v1/overlays/borderline_correct_00.png,repo_contents/results/sim_v1/overlays/borderline_correct_00.png,2863,.png,hardlink,3d5f9fa4cbb69bd62de8dfd3736e070acd5a9f2bc0915148ec73f0c780830643
results/sim_v1/overlays/occluded_correct_01.png,repo_contents/results/sim_v1/overlays/occluded_correct_01.png,4118,.png,hardlink,d176b5953e013fe2a0a96ead77397e39627235e4a398362c28f8eed3d8e45e9e
results/sim_v1/overlays/occluded_correct_00.png,repo_contents/results/sim_v1/overlays/occluded_correct_00.png,4119,.png,hardlink,9be313d8c6c020632c30f05e93211d13ee42415fd941f963cb18b97a28ff7e29
results/sim_v1/overlays/occluded_correct_02.png,repo_contents/results/sim_v1/overlays/occluded_correct_02.png,4122,.png,hardlink,338618d4d61b3b6156f3277bce42c94ead472e4f3373d664370ed5bc1b6217b4
results/sim_v1/overlays/clear_fault_correct_02.png,repo_contents/results/sim_v1/overlays/clear_fault_correct_02.png,2702,.png,hardlink,29e7e860d06ee8456a2f25bd09742d1f7bc9226eb732430799f01c2cf2622c08
results/sim_v1/overlays/clear_fault_correct_00.png,repo_contents/results/sim_v1/overlays/clear_fault_correct_00.png,2683,.png,hardlink,485130afc6399528e9d9f09713fae8d7295c5ce08b3b0effc4343bea9739f583
results/sim_v1/overlays/clear_fault_correct_01.png,repo_contents/results/sim_v1/overlays/clear_fault_correct_01.png,2713,.png,hardlink,431a5d05e96b5beca587945ae0c1875e5524d46a902c7c55e978c3687d7a6f64
results/sim_v1/overlays/clear_legal_correct_01.png,repo_contents/results/sim_v1/overlays/clear_legal_correct_01.png,2711,.png,hardlink,e055999a1e9d320de5abdf25092a20caa88bea19aa7f6389b76f4e67f731a986
results/sim_v1/overlays/clear_legal_correct_00.png,repo_contents/results/sim_v1/overlays/clear_legal_correct_00.png,2703,.png,hardlink,d882d27e36a405401051b174441edf846141185b395d7b39ee6470b8671352de
results/sim_v1/overlays/clear_legal_correct_02.png,repo_contents/results/sim_v1/overlays/clear_legal_correct_02.png,2712,.png,hardlink,457d30c361c34957099288f1957a24a0a52c38a12bf0ac09df22c049ac7cc171
results/sim_v1/overlays/borderline_wrong_00.png,repo_contents/results/sim_v1/overlays/borderline_wrong_00.png,2806,.png,hardlink,b510aa069906a38dad48635b6b7d316762e73832308703c5caf1474d7a3f66f6
results/sim_v1/overlays/borderline_wrong_01.png,repo_contents/results/sim_v1/overlays/borderline_wrong_01.png,2806,.png,hardlink,debe19587bd0aa3c7efd329cfe093701b6415bf7bf61a8edfb2ad45e8dbacea2
results/sim_v1/overlays/borderline_wrong_02.png,repo_contents/results/sim_v1/overlays/borderline_wrong_02.png,2808,.png,hardlink,340c0ec1eae86be7915fbd3ef5c2ff9e4bcca7495da6970fbd710946edaceae4
results/real_baseline/court_reg_v1/overlay.mp4,repo_contents/results/real_baseline/court_reg_v1/overlay.mp4,12736187,.mp4,hardlink,64af56be4312c801921f724b32b63325d07600cbbe3338b035dbc5d0ecef64d1
results/real_baseline/court_reg_v1/.DS_Store,repo_contents/results/real_baseline/court_reg_v1/.DS_Store,10244,,hardlink,e32963af5da8e90ecc86140b6cc8a1b2dae9363396792bc898131ab0ee7edceb
results/real_baseline/court_reg_v1/line_params.csv,repo_contents/results/real_baseline/court_reg_v1/line_params.csv,228832,.csv,hardlink,509077a07f2740d3d7364b6866a3b3465980bbc02102b262e2503097a9aa0176
results/real_baseline/court_reg_v1/summary_report.json,repo_contents/results/real_baseline/court_reg_v1/summary_report.json,1429,.json,hardlink,4d72dfb8639ecd68473e90aa6169de7debdf2817c1d0da3cc1fc4ef9ac51bc1d
results/real_baseline/court_reg_v3/overlay.mp4,repo_contents/results/real_baseline/court_reg_v3/overlay.mp4,11725186,.mp4,hardlink,8283dab8cc7ba62bdbf43ccc0558c0cd4a28bf1ebd674c491ade770de9259c3a
results/real_baseline/court_reg_v3/feature_roi_mask.png,repo_contents/results/real_baseline/court_reg_v3/feature_roi_mask.png,11324,.png,hardlink,7472a65bb6ee8b536f13232668dbc4cad0d48122e8e1e1fe838c2e24b02705b0
results/real_baseline/court_reg_v3/.DS_Store,repo_contents/results/real_baseline/court_reg_v3/.DS_Store,6148,,hardlink,d40921ee0290459283019feadc4eadbbfe91150ac45034775cce75b80894db87
results/real_baseline/court_reg_v3/summary_report.json,repo_contents/results/real_baseline/court_reg_v3/summary_report.json,5190,.json,hardlink,04319e3a8ca116335ef42f628baf95a9c765879877bb4a5d0ab54a5fb04de90b
results/real_baseline/court_reg_v3/per_frame_transforms.csv,repo_contents/results/real_baseline/court_reg_v3/per_frame_transforms.csv,310021,.csv,hardlink,bf65f9d967ca614e64dea262682c4e5f1f86d0af857688c9b474118436344d77
results/real_baseline/court_reg_v3/comparisons/comparison_report.json,repo_contents/results/real_baseline/court_reg_v3/comparisons/comparison_report.json,2305,.json,hardlink,093ad6d0df39dbe86bd6b629546469e9b969700b53a998fa604c0c3ef14e07e3
results/real_baseline/court_reg_v3/debug_frames/frame_00300.png,repo_contents/results/real_baseline/court_reg_v3/debug_frames/frame_00300.png,1934836,.png,hardlink,c4e789904447c2e24afcd77e69d2afd57d98a172f5c6928c6dbf958e38a13a63
results/real_baseline/court_reg_v3/debug_frames/frame_00060.png,repo_contents/results/real_baseline/court_reg_v3/debug_frames/frame_00060.png,1834610,.png,hardlink,57d576352ff9891119c1b498e4a18c63344602596977f456390fbc1562421607
results/real_baseline/court_reg_v3/debug_frames/frame_00600.png,repo_contents/results/real_baseline/court_reg_v3/debug_frames/frame_00600.png,1871239,.png,hardlink,82e2d47a9a5a0a879c1dccb203f80612aee0b2b093c5bada59a06f5f460350e6
results/real_baseline/court_reg_v3/debug_frames/frame_01680.png,repo_contents/results/real_baseline/court_reg_v3/debug_frames/frame_01680.png,2101909,.png,hardlink,2fdf6e50859217fdffc46f2c7278b35a9c95e71665c65570ad9191aec3c604fd
results/real_baseline/court_reg_v3/debug_frames/frame_02000.png,repo_contents/results/real_baseline/court_reg_v3/debug_frames/frame_02000.png,1885168,.png,hardlink,d109c4fbbee45596a43c25da593a39cafee821bcacca1fe3bcf88c8d93a91f54
results/real_baseline/court_reg_v3/debug_frames/frame_00000.png,repo_contents/results/real_baseline/court_reg_v3/debug_frames/frame_00000.png,1457520,.png,hardlink,80b9d3cfb818870f6379ea98edd85b370bd82d3b3acc3844367e52833a89a366
results/real_baseline/court_reg_v3/debug_frames/frame_02400.png,repo_contents/results/real_baseline/court_reg_v3/debug_frames/frame_02400.png,2296941,.png,hardlink,1d4177d7ed49090f2daf989706b7c5a162157600a2665851df6117f378f19472
results/real_baseline/court_reg_v3/debug_frames/frame_01080.png,repo_contents/results/real_baseline/court_reg_v3/debug_frames/frame_01080.png,2233067,.png,hardlink,d3466047c3058d5cd98dd892dc125e4aa99daa9d0a2b6145c441b945a668984a
results/real_baseline/court_reg_v3/debug_frames/frame_00540.png,repo_contents/results/real_baseline/court_reg_v3/debug_frames/frame_00540.png,2287140,.png,hardlink,1721b9da8f7b152eed67e3e55de452d0c038ef8a500166c6b1a61fdfc3fdfc28
results/real_baseline/court_reg_v3/debug_frames/frame_00780.png,repo_contents/results/real_baseline/court_reg_v3/debug_frames/frame_00780.png,2391900,.png,hardlink,9fe8d25bdb13b769106e64b0530fa15405f7c211cf16adfa762e96f3e0fad33a
results/real_baseline/court_reg_v3/debug_frames/frame_01200.png,repo_contents/results/real_baseline/court_reg_v3/debug_frames/frame_01200.png,1867548,.png,hardlink,051dc10c03db667f1009d47e010e7c9ad82cb797af82dc254e8263a3cddccda2
results/real_baseline/court_reg_v3/debug_frames/frame_00479.png,repo_contents/results/real_baseline/court_reg_v3/debug_frames/frame_00479.png,2128948,.png,hardlink,5739c84f835d0b6de66f92f928d04484f3e2d0830f14cfe4bbed69e9c8e6f8da
results/real_baseline/court_reg_v3/comparisons/refinement_on_vs_off/frame_00300.png,repo_contents/results/real_baseline/court_reg_v3/comparisons/refinement_on_vs_off/frame_00300.png,3947439,.png,hardlink,a248200c03f7061e4d37eb54b2dd622973ba078a268df59461fa67ef333e408b
results/real_baseline/court_reg_v3/comparisons/refinement_on_vs_off/frame_00060.png,repo_contents/results/real_baseline/court_reg_v3/comparisons/refinement_on_vs_off/frame_00060.png,3734518,.png,hardlink,51a138bef39330a82168e0c4d2356bffa1c8c4ef388c98a80be212b84c94cb4a
results/real_baseline/court_reg_v3/comparisons/refinement_on_vs_off/frame_00600.png,repo_contents/results/real_baseline/court_reg_v3/comparisons/refinement_on_vs_off/frame_00600.png,3809465,.png,hardlink,6deaa23c775b08f3271717d3ce806f433325347887116abd3e41c15acd733b5d
results/real_baseline/court_reg_v3/comparisons/refinement_on_vs_off/frame_02000.png,repo_contents/results/real_baseline/court_reg_v3/comparisons/refinement_on_vs_off/frame_02000.png,3829639,.png,hardlink,c67d036623cfba4959091335408d9ae9840a16324987313371ba98030781e562
results/real_baseline/court_reg_v3/comparisons/refinement_on_vs_off/frame_00000.png,repo_contents/results/real_baseline/court_reg_v3/comparisons/refinement_on_vs_off/frame_00000.png,2956653,.png,hardlink,e849f5ccbedcc16cc8a9a9f1d6acc1037d97210af2247241c9bce67c9989987d
results/real_baseline/court_reg_v3/comparisons/refinement_on_vs_off/frame_01200.png,repo_contents/results/real_baseline/court_reg_v3/comparisons/refinement_on_vs_off/frame_01200.png,3791331,.png,hardlink,664c68b2b9041f5f144f82033a616d91e87e55bfd10152001709b01e2ea38ce0
results/real_baseline/court_reg_v3/comparisons/post_translation_vs_static/frame_00300.png,repo_contents/results/real_baseline/court_reg_v3/comparisons/post_translation_vs_static/frame_00300.png,3865617,.png,hardlink,37cbd4f63cc37d6a55c3dd1778f369dbed423a2693a8efdbae95baa744f51ac9
results/real_baseline/court_reg_v3/comparisons/post_translation_vs_static/frame_00060.png,repo_contents/results/real_baseline/court_reg_v3/comparisons/post_translation_vs_static/frame_00060.png,3664098,.png,hardlink,d3c015d788243f6b439d21f3c9e2295fb0700811e2119744746114ff1f757ee8
results/real_baseline/court_reg_v3/comparisons/post_translation_vs_static/frame_00600.png,repo_contents/results/real_baseline/court_reg_v3/comparisons/post_translation_vs_static/frame_00600.png,3732442,.png,hardlink,f5e2b6383b51f4ee6eeb3034c608d1daef0f376992614abb7b9ca15e7f1372b6
results/real_baseline/court_reg_v3/comparisons/post_translation_vs_static/frame_02000.png,repo_contents/results/real_baseline/court_reg_v3/comparisons/post_translation_vs_static/frame_02000.png,3761515,.png,hardlink,95150ac38afed4f2ae6d7d9397aecf4547514418be7e31cee81bbe991bcf639a
results/real_baseline/court_reg_v3/comparisons/post_translation_vs_static/frame_00000.png,repo_contents/results/real_baseline/court_reg_v3/comparisons/post_translation_vs_static/frame_00000.png,2905640,.png,hardlink,d8cd3018ced114da7f94685df9e5c2361b8ed787799b9aa62c49aa20a5433481
results/real_baseline/court_reg_v3/comparisons/post_translation_vs_static/frame_01200.png,repo_contents/results/real_baseline/court_reg_v3/comparisons/post_translation_vs_static/frame_01200.png,3723924,.png,hardlink,3f26852922627cbe13ba7b513852fd7979b0f3ffbb1c6d46052ed944b62b82f1
results/real_baseline/court_reg_v3/comparisons/post_translation_vs_affine_fixed/frame_00300.png,repo_contents/results/real_baseline/court_reg_v3/comparisons/post_translation_vs_affine_fixed/frame_00300.png,3859008,.png,hardlink,4b0cfebda301ec491e3ae00e86a889656f9fa65103ac9c0c3a4a8be1fbc54ce1
results/real_baseline/court_reg_v3/comparisons/post_translation_vs_affine_fixed/frame_00060.png,repo_contents/results/real_baseline/court_reg_v3/comparisons/post_translation_vs_affine_fixed/frame_00060.png,3657683,.png,hardlink,fff00b982b8f147aaa723904160537e7c680310f3d37022f83b583bd5a9c52b0
results/real_baseline/court_reg_v3/comparisons/post_translation_vs_affine_fixed/frame_00600.png,repo_contents/results/real_baseline/court_reg_v3/comparisons/post_translation_vs_affine_fixed/frame_00600.png,3730777,.png,hardlink,a7a04e106051e3622522e2c0937ec492a0e3b5ee12acc15584caa4a9bbb17d84
results/real_baseline/court_reg_v3/comparisons/post_translation_vs_affine_fixed/frame_02000.png,repo_contents/results/real_baseline/court_reg_v3/comparisons/post_translation_vs_affine_fixed/frame_02000.png,3760590,.png,hardlink,ed9fc22ab0c8c4abff436d49b017195a7e16c77f7ab17e02e2225ef24cf35787
results/real_baseline/court_reg_v3/comparisons/post_translation_vs_affine_fixed/frame_00000.png,repo_contents/results/real_baseline/court_reg_v3/comparisons/post_translation_vs_affine_fixed/frame_00000.png,2905914,.png,hardlink,a657dfeeb7c05b2d77259f32f9f34429149c81713dfbe14e0602218f062f7493
results/real_baseline/court_reg_v3/comparisons/post_translation_vs_affine_fixed/frame_01200.png,repo_contents/results/real_baseline/court_reg_v3/comparisons/post_translation_vs_affine_fixed/frame_01200.png,3722156,.png,hardlink,230f04e2d2a369211ce3bf27b7ef793049ace33256830c60726e1deaeeca0295
results/real_baseline/court_reg_v3/comparisons/homography_vs_affine/frame_00300.png,repo_contents/results/real_baseline/court_reg_v3/comparisons/homography_vs_affine/frame_00300.png,3863895,.png,hardlink,1da304a6440f3308fde65f2194c4371b7bec1a605cff7edf675d32e39fe39bbb
results/real_baseline/court_reg_v3/comparisons/homography_vs_affine/frame_00060.png,repo_contents/results/real_baseline/court_reg_v3/comparisons/homography_vs_affine/frame_00060.png,3659697,.png,hardlink,fcda273adac41d0aa768ce1ff9705728f2a8e96956ea8a3d54202528b5588d1d
results/real_baseline/court_reg_v3/comparisons/homography_vs_affine/frame_00600.png,repo_contents/results/real_baseline/court_reg_v3/comparisons/homography_vs_affine/frame_00600.png,3737874,.png,hardlink,bb322b7186591f952b6ee0a68456c172f2424a069c82c060c965c7e74b72c7dc
results/real_baseline/court_reg_v3/comparisons/homography_vs_affine/frame_02000.png,repo_contents/results/real_baseline/court_reg_v3/comparisons/homography_vs_affine/frame_02000.png,3767175,.png,hardlink,0dc91adbedcfc87db1be1567bc3ecf3d6aed63360f9a0b785ba91439741f3af1
results/real_baseline/court_reg_v3/comparisons/homography_vs_affine/frame_00000.png,repo_contents/results/real_baseline/court_reg_v3/comparisons/homography_vs_affine/frame_00000.png,2905603,.png,hardlink,1a9bfeb2a1c276d9aef971dd4d9fe1677edccc27fb21448d2d7a92978e7b2327
results/real_baseline/court_reg_v3/comparisons/homography_vs_affine/frame_01200.png,repo_contents/results/real_baseline/court_reg_v3/comparisons/homography_vs_affine/frame_01200.png,3723038,.png,hardlink,ed1cd425f54ecd06331f4aaabd629b6d29c9dea7ea939ff797de03e205400099
results/real_baseline/court_reg_v3/comparisons/static_vs_affine_fixed/frame_00300.png,repo_contents/results/real_baseline/court_reg_v3/comparisons/static_vs_affine_fixed/frame_00300.png,3864979,.png,hardlink,d10416fc42308269a9245c77b79c8955e224b6233f714140229a2695c4924757
results/real_baseline/court_reg_v3/comparisons/static_vs_affine_fixed/frame_00060.png,repo_contents/results/real_baseline/court_reg_v3/comparisons/static_vs_affine_fixed/frame_00060.png,3661824,.png,hardlink,9d7af2ec28852d7f8a5c96d25b3059c07cdc74ce013f4449db629189cbd4d831
results/real_baseline/court_reg_v3/comparisons/static_vs_affine_fixed/frame_00600.png,repo_contents/results/real_baseline/court_reg_v3/comparisons/static_vs_affine_fixed/frame_00600.png,3730556,.png,hardlink,ff40d2294a275850f8b446de682e6332a74b75d99d3e3bf82038eadbae711d62
results/real_baseline/court_reg_v3/comparisons/static_vs_affine_fixed/frame_02000.png,repo_contents/results/real_baseline/court_reg_v3/comparisons/static_vs_affine_fixed/frame_02000.png,3757723,.png,hardlink,79070387df31e499b89536a743246b92692c797cf6170653e82e56885ddbcf88
results/real_baseline/court_reg_v3/comparisons/static_vs_affine_fixed/frame_00000.png,repo_contents/results/real_baseline/court_reg_v3/comparisons/static_vs_affine_fixed/frame_00000.png,2905094,.png,hardlink,e4032169d4e87c1a583cb08e687f8a96d170a8f7f9ba66446697fb0fbb6aae4a
results/real_baseline/court_reg_v3/comparisons/static_vs_affine_fixed/frame_01200.png,repo_contents/results/real_baseline/court_reg_v3/comparisons/static_vs_affine_fixed/frame_01200.png,3719401,.png,hardlink,46bb1b63b4cff05b963db9851252755396588e7dac94a521a12895c1c9f26297
results/real_baseline/court_reg_v3/comparisons/rolling_vs_fixed/frame_00300.png,repo_contents/results/real_baseline/court_reg_v3/comparisons/rolling_vs_fixed/frame_00300.png,3859148,.png,hardlink,ca1828907b9fd668d14b118846d52a6e1be78301febfbbdbe94d76831ba33d00
results/real_baseline/court_reg_v3/comparisons/rolling_vs_fixed/frame_00060.png,repo_contents/results/real_baseline/court_reg_v3/comparisons/rolling_vs_fixed/frame_00060.png,3657446,.png,hardlink,e97fefc06dbdeb7709cc1928e903015554127fed7633f063969811db4a212513
results/real_baseline/court_reg_v3/comparisons/rolling_vs_fixed/frame_00600.png,repo_contents/results/real_baseline/court_reg_v3/comparisons/rolling_vs_fixed/frame_00600.png,3732046,.png,hardlink,3fb8b46460e51b2eb0454224c56d246e213e0df2e5c7d070a45adff1af8f7f1c
results/real_baseline/court_reg_v3/comparisons/rolling_vs_fixed/frame_02000.png,repo_contents/results/real_baseline/court_reg_v3/comparisons/rolling_vs_fixed/frame_02000.png,3763365,.png,hardlink,0b123f91a8f87dc69bf2c0ac0f2fbc978752495862ac9f8cd23a911f98c64f51
results/real_baseline/court_reg_v3/comparisons/rolling_vs_fixed/frame_00000.png,repo_contents/results/real_baseline/court_reg_v3/comparisons/rolling_vs_fixed/frame_00000.png,2905248,.png,hardlink,473191023b7e580434c7aadda9a08a7de5cda865ef1c1f74408f5c532b5d62cf
results/real_baseline/court_reg_v3/comparisons/rolling_vs_fixed/frame_01200.png,repo_contents/results/real_baseline/court_reg_v3/comparisons/rolling_vs_fixed/frame_01200.png,3718309,.png,hardlink,bb0712782efca5b37237180ac2108465ad80e7aedd2e3018ead03ee6489df50f
results/real_baseline/court_reg_v1/debug_frames/frame_00300.png,repo_contents/results/real_baseline/court_reg_v1/debug_frames/frame_00300.png,2027831,.png,hardlink,81e435086896a992fe58df38a578bd834318bde4a36d25702e35ecf6f7bdb588
results/real_baseline/court_reg_v1/debug_frames/frame_00060.png,repo_contents/results/real_baseline/court_reg_v1/debug_frames/frame_00060.png,1968320,.png,hardlink,7c9df7e667400274e48866d92ce94a742b79bb9a33ece5ca333f51dfb020942f
results/real_baseline/court_reg_v1/debug_frames/frame_00600.png,repo_contents/results/real_baseline/court_reg_v1/debug_frames/frame_00600.png,2236271,.png,hardlink,e61632a6b607154071a295d2efa7f8416516f05a49f19b0d09627c5757353ac9
results/real_baseline/court_reg_v1/debug_frames/frame_00000.png,repo_contents/results/real_baseline/court_reg_v1/debug_frames/frame_00000.png,1763235,.png,hardlink,b3b5b2128e64cb51c2723c7615683ef11f67ea14d35203619d759df5cb866c01
results/real_baseline/court_reg_v1/debug_frames/frame_02400.png,repo_contents/results/real_baseline/court_reg_v1/debug_frames/frame_02400.png,2251848,.png,hardlink,e96f756d66d02f34cfc141022aa6517226e614651c401b31d4455a4fc76d694d
results/real_baseline/court_reg_v1/debug_frames/frame_01200.png,repo_contents/results/real_baseline/court_reg_v1/debug_frames/frame_01200.png,2234315,.png,hardlink,50a59e18e0744974a90f0796af57cb086771eb5e03c7e806d2e6a3a4ea491336
results/presentation_demo/demo_v1_stage3_probe4/candidates.csv,repo_contents/results/presentation_demo/demo_v1_stage3_probe4/candidates.csv,679,.csv,hardlink,45762a109585fcbdb26e095bcad90eac995dad327ab85dba8b5c3d8d84534af0
results/presentation_demo/demo_v1_stage3_probe/candidates.csv,repo_contents/results/presentation_demo/demo_v1_stage3_probe/candidates.csv,441,.csv,hardlink,b14245237b66085edb46c724bc52266228429efa96de416bdb51db28405c9999
results/presentation_demo/demo_v1_active_side/.DS_Store,repo_contents/results/presentation_demo/demo_v1_active_side/.DS_Store,6148,,hardlink,a6952d640c5d3caa4be03f917969259ea74b3242b0d77ac2551f72768c09d3bf
results/presentation_demo/demo_v1_active_side/foot_faults/summary.json,repo_contents/results/presentation_demo/demo_v1_active_side/foot_faults/summary.json,212,.json,hardlink,deb98465e771c737986bf94fd6ca164c01d4849da9693b5a4389891fa699ff04
results/presentation_demo/demo_v1_active_side/foot_faults/foot_fault_events.csv,repo_contents/results/presentation_demo/demo_v1_active_side/foot_faults/foot_fault_events.csv,1306,.csv,hardlink,8f6e42ea511e745ed3f2aa33e538b4ce30dc88c2f2fd05fdf42dd5730f110f63
results/presentation_demo/demo_v1_active_side/ball_tracking/ball_overlay.mp4,repo_contents/results/presentation_demo/demo_v1_active_side/ball_tracking/ball_overlay.mp4,45492337,.mp4,hardlink,157458a3c1d26096dfe396baef097b9b8fdb86d7e273ab9e824827b024091f19
results/presentation_demo/demo_v1_active_side/ball_tracking/ball_tracking.csv,repo_contents/results/presentation_demo/demo_v1_active_side/ball_tracking/ball_tracking.csv,68769,.csv,hardlink,6237baa3cb501575cd967b6b75397736ba049ea8109c86b5efa2df0e908c143d
results/presentation_demo/demo_v1_active_side/review/.DS_Store,repo_contents/results/presentation_demo/demo_v1_active_side/review/.DS_Store,8196,,hardlink,5833778698138a52e7528fc3536999681c2cd20e3897b9594e9229609a32fa1a
results/presentation_demo/demo_v1_active_side/review/review_pending.json,repo_contents/results/presentation_demo/demo_v1_active_side/review/review_pending.json,9276,.json,hardlink,fe143644bdce9bc3a8314b3bee4f2e16f3edbbb297512444e555f5ea56db72b3
results/presentation_demo/demo_v1_active_side/review/checkpoint_final/event_01948.png,repo_contents/results/presentation_demo/demo_v1_active_side/review/checkpoint_final/event_01948.png,1978753,.png,hardlink,d84acba2365fd46af3bf16f2acde671f662fb03a40768bd2833bb708267c461e
results/presentation_demo/demo_v1_active_side/review/checkpoint_final/event_01537.png,repo_contents/results/presentation_demo/demo_v1_active_side/review/checkpoint_final/event_01537.png,1965506,.png,hardlink,ebf2c37a6af0be9b96f15af6d114466fb625b7051f134510bb2d164c78035736
results/presentation_demo/demo_v1_active_side/review/checkpoint_final/event_00929.png,repo_contents/results/presentation_demo/demo_v1_active_side/review/checkpoint_final/event_00929.png,2005795,.png,hardlink,ca82681f8a77b91c7d5bfbd54d192a9007a3755dbd140d68068e455e336587b9
results/presentation_demo/demo_v1_active_side/review/checkpoint_ball_tracking/frame_01755.png,repo_contents/results/presentation_demo/demo_v1_active_side/review/checkpoint_ball_tracking/frame_01755.png,1938475,.png,hardlink,dc5838ab958146c4b2077b170bbe96586bf948fbe5f4d8d61816ac07f5eae5ee
results/presentation_demo/demo_v1_active_side/review/checkpoint_ball_tracking/frame_01157.png,repo_contents/results/presentation_demo/demo_v1_active_side/review/checkpoint_ball_tracking/frame_01157.png,1972432,.png,hardlink,754e680664f53d679bfc8fbf8d258063572e01f8f8a1f7e25c2d0ea7b0dfb5fe
results/presentation_demo/demo_v1_active_side/review/checkpoint_ball_tracking/frame_00510.png,repo_contents/results/presentation_demo/demo_v1_active_side/review/checkpoint_ball_tracking/frame_00510.png,1974782,.png,hardlink,15d85a91a7d608ff037daacdaca0e7bcd6f6533490bb9aa04f1bce4713d7880f
results/presentation_demo/demo_v1_active_side/review/checkpoint_ball_tracking/frame_01357.png,repo_contents/results/presentation_demo/demo_v1_active_side/review/checkpoint_ball_tracking/frame_01357.png,1982333,.png,hardlink,cb5bf64319c81491280dfa90d989deed8c7b40ef56bb7d3962c2d64cd657bfda
results/presentation_demo/demo_v1_active_side/review/checkpoint_ball_tracking/frame_01668.png,repo_contents/results/presentation_demo/demo_v1_active_side/review/checkpoint_ball_tracking/frame_01668.png,1946573,.png,hardlink,d752ec9d5fe06d161f29be3e7dbd2205cf8797ccafa7e0ba9e8034fbdcc1582a
results/presentation_demo/demo_v1_active_side/review/checkpoint_ball_tracking/frame_00438.png,repo_contents/results/presentation_demo/demo_v1_active_side/review/checkpoint_ball_tracking/frame_00438.png,1971067,.png,hardlink,d651d1bf88cc6216ccc439210c23d45cc6646a198ce92090fba75fc808f0e58b
results/presentation_demo/demo_v1_active_side/review/checkpoint_ball_tracking/frame_00001.png,repo_contents/results/presentation_demo/demo_v1_active_side/review/checkpoint_ball_tracking/frame_00001.png,1729780,.png,hardlink,5322fdcaa8e97b33b060b4100edf8c6e2f734271a7464d6661bd66f8675efeb4
results/presentation_demo/demo_v1_active_side/review/checkpoint_ball_tracking/frame_00755.png,repo_contents/results/presentation_demo/demo_v1_active_side/review/checkpoint_ball_tracking/frame_00755.png,2030584,.png,hardlink,e915e7454daa5f3df6320d36c492e9dcfa88371b157fc275299d941ac6528bef
results/presentation_demo/demo_v1_active_side/review/checkpoint_ball_tracking/frame_01847.png,repo_contents/results/presentation_demo/demo_v1_active_side/review/checkpoint_ball_tracking/frame_01847.png,1947652,.png,hardlink,196bdf9bb76c011c7a11109e2d6380eadbf39d92e48e8093420cde14edb35e97
results/presentation_demo/demo_v1_active_side/review/checkpoint_ball_tracking/frame_01058.png,repo_contents/results/presentation_demo/demo_v1_active_side/review/checkpoint_ball_tracking/frame_01058.png,1975122,.png,hardlink,79dd220fc63da93fcd4da9b57a9dbbf1c02733e7b92f41bfe2e0edcfb7184881
results/presentation_demo/demo_v1_active_side/review/checkpoint_ball_tracking/frame_01266.png,repo_contents/results/presentation_demo/demo_v1_active_side/review/checkpoint_ball_tracking/frame_01266.png,1985809,.png,hardlink,0c605f5b2825c70a92b7b33b58c404c67de3ec4a9d17463ee0d82567b633583d
results/presentation_demo/demo_v1_active_side/review/checkpoint_ball_tracking/frame_00623.png,repo_contents/results/presentation_demo/demo_v1_active_side/review/checkpoint_ball_tracking/frame_00623.png,2008029,.png,hardlink,765e3b1319f62b441d5c8812e294494e9186ade0ebe91098f0e5a7e6dea6138f
results/presentation_demo/demo_v1_active_side/review/checkpoint_ball_tracking/frame_01465.png,repo_contents/results/presentation_demo/demo_v1_active_side/review/checkpoint_ball_tracking/frame_01465.png,1959674,.png,hardlink,5c489c2ce60fad3dfdb141c8ddcd4bbba355c566e5d6ceacfbb9d4f99aa6383c
results/presentation_demo/demo_v1_active_side/review/checkpoint_ball_tracking/frame_01934.png,repo_contents/results/presentation_demo/demo_v1_active_side/review/checkpoint_ball_tracking/frame_01934.png,1945333,.png,hardlink,1e3badc978d7a11e023508b5050403d4c55328fd1ec54478799c2ab00735df03
results/presentation_demo/demo_v1_active_side/review/checkpoint_ball_tracking/frame_00156.png,repo_contents/results/presentation_demo/demo_v1_active_side/review/checkpoint_ball_tracking/frame_00156.png,1958375,.png,hardlink,8eb66d8ec22acb0a210e475571c670c8d0a9ae38ee9374d391fc1a873d3e30b9
results/presentation_demo/demo_v1_active_side/review/checkpoint_ball_tracking/frame_00327.png,repo_contents/results/presentation_demo/demo_v1_active_side/review/checkpoint_ball_tracking/frame_00327.png,1990243,.png,hardlink,a4531e5b9ff2d3ffea782305fbb7ab7844ee9f0441542bb8ee03819467fd73aa
results/presentation_demo/demo_v1_active_side/review/checkpoint_ball_tracking/frame_01210.png,repo_contents/results/presentation_demo/demo_v1_active_side/review/checkpoint_ball_tracking/frame_01210.png,2002132,.png,hardlink,238ad345e658dc5a571ebf5ca9c80d7632a2232f427eaad67c230425cf009514
results/presentation_demo/demo_v1_active_side/review/checkpoint_ball_tracking/frame_00914.png,repo_contents/results/presentation_demo/demo_v1_active_side/review/checkpoint_ball_tracking/frame_00914.png,1972914,.png,hardlink,fe83d1a554d7f87d63c4e1aadbcc65596454494ff2f7fa8659593e11eeb612e4
results/presentation_demo/demo_v1_active_side/review/checkpoint_ball_tracking/frame_01565.png,repo_contents/results/presentation_demo/demo_v1_active_side/review/checkpoint_ball_tracking/frame_01565.png,1958105,.png,hardlink,7638d91b306ca1603f6921190c1ac4092ac8bddaf0e4be74e23cb4556f8e3418
results/presentation_demo/demo_v1_active_side/review/checkpoint_ball_tracking/frame_00040.png,repo_contents/results/presentation_demo/demo_v1_active_side/review/checkpoint_ball_tracking/frame_00040.png,1868406,.png,hardlink,c2508c4c02dfa3dcd72d0f6c43509dab9e07f8133374717333f6e76db6fa143f
results/presentation_demo/demo_v1_active_side/review/checkpoint_foot/foot_01948.png,repo_contents/results/presentation_demo/demo_v1_active_side/review/checkpoint_foot/foot_01948.png,1909035,.png,hardlink,f82edf18ebe6d980f69718dd277087811c6602cad7959299998f828d00dc8b42
results/presentation_demo/demo_v1_active_side/review/checkpoint_foot/foot_01948_roi.png,repo_contents/results/presentation_demo/demo_v1_active_side/review/checkpoint_foot/foot_01948_roi.png,179196,.png,hardlink,c69dc5b9343a8a7281f47c4bdb377339cc8e0dbd7a6cd3d951a23ddf4b427a98
results/presentation_demo/demo_v1_active_side/review/checkpoint_foot/foot_01537.png,repo_contents/results/presentation_demo/demo_v1_active_side/review/checkpoint_foot/foot_01537.png,1886505,.png,hardlink,513041ffd581ac646c2206d9401193546575f8ad9317d3671b7ed51728818625
results/presentation_demo/demo_v1_active_side/review/checkpoint_foot/foot_01537_roi.png,repo_contents/results/presentation_demo/demo_v1_active_side/review/checkpoint_foot/foot_01537_roi.png,166123,.png,hardlink,10ddfa8d6988b5a227c13b11bfd0de744d524ff58e30118c5f7a43294415bd10
results/presentation_demo/demo_v1_active_side/review/checkpoint_foot/foot_00929_roi.png,repo_contents/results/presentation_demo/demo_v1_active_side/review/checkpoint_foot/foot_00929_roi.png,172236,.png,hardlink,d349e408ad96d755a9747edb4966dc70ac20e3af1581de28e3001a46198c0522
results/presentation_demo/demo_v1_active_side/review/checkpoint_foot/foot_00929.png,repo_contents/results/presentation_demo/demo_v1_active_side/review/checkpoint_foot/foot_00929.png,1930582,.png,hardlink,1b305ba259833ef716690ef3996d85d3d246334426c53f7e597e23b112a6de0f
results/presentation_demo/demo_v1_active_side/ball_tracking/debug_frames/frame_01620.png,repo_contents/results/presentation_demo/demo_v1_active_side/ball_tracking/debug_frames/frame_01620.png,628962,.png,hardlink,90e894fd7304b0ffa2a253684d7cbf53cab7884eeb492c9baa32d9957e0489b0
results/presentation_demo/demo_v1_active_side/ball_tracking/debug_frames/frame_01740.png,repo_contents/results/presentation_demo/demo_v1_active_side/ball_tracking/debug_frames/frame_01740.png,614003,.png,hardlink,b492a258bcfe9159a03004070e1de34db7ccbc3f61fbedb052234105f32d3c5e
results/presentation_demo/demo_v1_active_side/ball_tracking/debug_frames/frame_00660.png,repo_contents/results/presentation_demo/demo_v1_active_side/ball_tracking/debug_frames/frame_00660.png,630284,.png,hardlink,d75c2b628ae4b6692d76f5abb7af95a2a49342ff7490f7219522161548422c63
results/presentation_demo/demo_v1_active_side/ball_tracking/debug_frames/frame_00300.png,repo_contents/results/presentation_demo/demo_v1_active_side/ball_tracking/debug_frames/frame_00300.png,644949,.png,hardlink,c12d875f78d2d423aaae1462f115c64e2bfbf682b4adfe05b7a494aca639f0d0
results/presentation_demo/demo_v1_active_side/ball_tracking/debug_frames/frame_00060.png,repo_contents/results/presentation_demo/demo_v1_active_side/ball_tracking/debug_frames/frame_00060.png,616886,.png,hardlink,a1f5b6417fce42a0d7bf9d0d669634df6c6e7990f6a26d9c978d2a71e848ffa6
results/presentation_demo/demo_v1_active_side/ball_tracking/debug_frames/frame_01140.png,repo_contents/results/presentation_demo/demo_v1_active_side/ball_tracking/debug_frames/frame_01140.png,624506,.png,hardlink,50f920b87090b8a6ee68f12c09771cefd095782a7f8eab5d5b4fcab4385ade31
results/presentation_demo/demo_v1_active_side/ball_tracking/debug_frames/frame_01020.png,repo_contents/results/presentation_demo/demo_v1_active_side/ball_tracking/debug_frames/frame_01020.png,631054,.png,hardlink,5cefae422b5a8145c138099d295f02a6f7222f6e4b88dd210bebaa8dc9e332bd
results/presentation_demo/demo_v1_active_side/ball_tracking/debug_frames/frame_00840.png,repo_contents/results/presentation_demo/demo_v1_active_side/ball_tracking/debug_frames/frame_00840.png,630397,.png,hardlink,414f06bd51c4cca93be81e8b465b282a1d316ab5e1f562874541925171cb02c3
results/presentation_demo/demo_v1_active_side/ball_tracking/debug_frames/frame_01800.png,repo_contents/results/presentation_demo/demo_v1_active_side/ball_tracking/debug_frames/frame_01800.png,610986,.png,hardlink,c70bdaf07df022f01fa7c91e26c1332052c7754d2516909fe0d58437e449a0ee
results/presentation_demo/demo_v1_active_side/ball_tracking/debug_frames/frame_01380.png,repo_contents/results/presentation_demo/demo_v1_active_side/ball_tracking/debug_frames/frame_01380.png,623148,.png,hardlink,ea45eef896fdd6febc1b38b5ba5d5d5b81566c5919851dee4ffbbc031263ec5d
results/presentation_demo/demo_v1_active_side/ball_tracking/debug_frames/frame_00600.png,repo_contents/results/presentation_demo/demo_v1_active_side/ball_tracking/debug_frames/frame_00600.png,624334,.png,hardlink,6e63e9615d49d1d17d6ef4fa0b2fe2406f3937dfe9b1cd6f067c35c5b0d3eb1b
results/presentation_demo/demo_v1_active_side/ball_tracking/debug_frames/frame_01680.png,repo_contents/results/presentation_demo/demo_v1_active_side/ball_tracking/debug_frames/frame_01680.png,626349,.png,hardlink,ad3fe2d8af96ab0b00c7026977e2cc19abdb68ec6903d93576964f7af747d769
results/presentation_demo/demo_v1_active_side/ball_tracking/debug_frames/frame_01440.png,repo_contents/results/presentation_demo/demo_v1_active_side/ball_tracking/debug_frames/frame_01440.png,622417,.png,hardlink,e29a34fda06b8e1c48e68f878ebed6a82b62082f0bc6f24b0a8479486ec581b5
results/presentation_demo/demo_v1_active_side/ball_tracking/debug_frames/frame_00000.png,repo_contents/results/presentation_demo/demo_v1_active_side/ball_tracking/debug_frames/frame_00000.png,517413,.png,hardlink,2dab96c2e17b516a63ed564338e5d643ef2a27cad47f131433ec231aa7ad7f03
results/presentation_demo/demo_v1_active_side/ball_tracking/debug_frames/frame_01860.png,repo_contents/results/presentation_demo/demo_v1_active_side/ball_tracking/debug_frames/frame_01860.png,608066,.png,hardlink,8329d95e6f060dedf2650fa1df342764c893407769faca993dc62497cf1c6f60
results/presentation_demo/demo_v1_active_side/ball_tracking/debug_frames/frame_01080.png,repo_contents/results/presentation_demo/demo_v1_active_side/ball_tracking/debug_frames/frame_01080.png,622909,.png,hardlink,307b81627ad8d7cf6e2c9fccc6d17989daa6344a30d0f7c9b60552210cf25a4c
results/presentation_demo/demo_v1_active_side/ball_tracking/debug_frames/frame_00360.png,repo_contents/results/presentation_demo/demo_v1_active_side/ball_tracking/debug_frames/frame_00360.png,632899,.png,hardlink,85e2748a67384047cd1e1b8d6f2cf9bd62371a0440e2a29381a1e29f837408a2
results/presentation_demo/demo_v1_active_side/ball_tracking/debug_frames/frame_01320.png,repo_contents/results/presentation_demo/demo_v1_active_side/ball_tracking/debug_frames/frame_01320.png,628623,.png,hardlink,eb7739c8e9588d92637a27607c4b6875c3657c228e01e5170ed6053b3635c597
results/presentation_demo/demo_v1_active_side/ball_tracking/debug_frames/frame_00540.png,repo_contents/results/presentation_demo/demo_v1_active_side/ball_tracking/debug_frames/frame_00540.png,616881,.png,hardlink,34a22b3076dd53ef5934a77d91d47ba592cb761203543536396e7937ba0f19dd
results/presentation_demo/demo_v1_active_side/ball_tracking/debug_frames/frame_00420.png,repo_contents/results/presentation_demo/demo_v1_active_side/ball_tracking/debug_frames/frame_00420.png,629960,.png,hardlink,0635229bcc3383bf2536d987e19e46d89974a85753dbac9fc6fcfaa57f459461
results/presentation_demo/demo_v1_active_side/ball_tracking/debug_frames/frame_01500.png,repo_contents/results/presentation_demo/demo_v1_active_side/ball_tracking/debug_frames/frame_01500.png,627662,.png,hardlink,8daa293e164d3719487199ef905d25b03d2e8e689faa9d9e4e2d48ba29de68df
results/presentation_demo/demo_v1_active_side/ball_tracking/debug_frames/frame_00780.png,repo_contents/results/presentation_demo/demo_v1_active_side/ball_tracking/debug_frames/frame_00780.png,633242,.png,hardlink,fb609260828cc59425a6387af7fdfcb1ef6bf53ac4161db6afd7280d5c9b0c1b
results/presentation_demo/demo_v1_active_side/ball_tracking/debug_frames/frame_00960.png,repo_contents/results/presentation_demo/demo_v1_active_side/ball_tracking/debug_frames/frame_00960.png,631373,.png,hardlink,6e37236d3387d677ca430face020ae447d273076dee639d6841b11ec3da30034
results/presentation_demo/demo_v1_active_side/ball_tracking/debug_frames/frame_01920.png,repo_contents/results/presentation_demo/demo_v1_active_side/ball_tracking/debug_frames/frame_01920.png,618357,.png,hardlink,b5be164fb82f2432df3af9741fbb4340644fd674b1f15905c4d8221e930e78de
results/presentation_demo/demo_v1_active_side/ball_tracking/debug_frames/frame_01260.png,repo_contents/results/presentation_demo/demo_v1_active_side/ball_tracking/debug_frames/frame_01260.png,622075,.png,hardlink,0094e45c716627ace037834ac0019e9c5c347040c6f084cf068ca3881b7b3a57
results/presentation_demo/demo_v1_active_side/ball_tracking/debug_frames/frame_00180.png,repo_contents/results/presentation_demo/demo_v1_active_side/ball_tracking/debug_frames/frame_00180.png,627023,.png,hardlink,55619660729a683036e8b32712cabfb9447c92403be94aed592327c73b7d06c4
results/presentation_demo/demo_v1_active_side/ball_tracking/debug_frames/frame_01560.png,repo_contents/results/presentation_demo/demo_v1_active_side/ball_tracking/debug_frames/frame_01560.png,624329,.png,hardlink,fa94e066de4785567516c21a3b36a2037a99e9eb8afe274957cee622546f0646
results/presentation_demo/demo_v1_active_side/ball_tracking/debug_frames/frame_02040.png,repo_contents/results/presentation_demo/demo_v1_active_side/ball_tracking/debug_frames/frame_02040.png,541782,.png,hardlink,317ade80d2a2116b70e0b6cf2f486283809ea85bd03767f9428f2f3e048d0ac9
results/presentation_demo/demo_v1_active_side/ball_tracking/debug_frames/frame_00480.png,repo_contents/results/presentation_demo/demo_v1_active_side/ball_tracking/debug_frames/frame_00480.png,624221,.png,hardlink,ba5e6632f33443a0370455a70f2e6ece8b407b8146fefdcada6e516c2a12a351
results/presentation_demo/demo_v1_active_side/ball_tracking/debug_frames/frame_00720.png,repo_contents/results/presentation_demo/demo_v1_active_side/ball_tracking/debug_frames/frame_00720.png,629441,.png,hardlink,52567b03f9d384e6cfb6a68364d16a04fa3eaeda6c475982941af7e515c6f644
results/presentation_demo/demo_v1_active_side/ball_tracking/debug_frames/frame_00240.png,repo_contents/results/presentation_demo/demo_v1_active_side/ball_tracking/debug_frames/frame_00240.png,635620,.png,hardlink,11075ad2b06d2157c7ecd7a5616ba1250bb5af97d49e1fa1669a610ff9354fde
results/presentation_demo/demo_v1_active_side/ball_tracking/debug_frames/frame_01980.png,repo_contents/results/presentation_demo/demo_v1_active_side/ball_tracking/debug_frames/frame_01980.png,621740,.png,hardlink,d76f40d16a8a65a779f00b4700a5c973d50e111950054d3a80c4a72551dedb15
results/presentation_demo/demo_v1_active_side/ball_tracking/debug_frames/frame_01200.png,repo_contents/results/presentation_demo/demo_v1_active_side/ball_tracking/debug_frames/frame_01200.png,617968,.png,hardlink,a3dfffb77c65938eedf92be7e9859f3c41f485d8ec3625ec56931404b63e87f3
results/presentation_demo/demo_v1_active_side/ball_tracking/debug_frames/frame_00900.png,repo_contents/results/presentation_demo/demo_v1_active_side/ball_tracking/debug_frames/frame_00900.png,632217,.png,hardlink,1a7204e5b8b321fe3ed228fb3318fa4032a26f98097e678c0105f857ed5fe73c
results/presentation_demo/demo_v1_active_side/ball_tracking/debug_frames/frame_00120.png,repo_contents/results/presentation_demo/demo_v1_active_side/ball_tracking/debug_frames/frame_00120.png,628343,.png,hardlink,ac7ceb5621348254f37810bbf9d4478bb6ec3f75dacf227389d1f08d0551a63b
results/presentation_demo/demo_v1_active_side/foot_faults/event_frames/event_01948.png,repo_contents/results/presentation_demo/demo_v1_active_side/foot_faults/event_frames/event_01948.png,1978753,.png,hardlink,d84acba2365fd46af3bf16f2acde671f662fb03a40768bd2833bb708267c461e
results/presentation_demo/demo_v1_active_side/foot_faults/event_frames/event_01537.png,repo_contents/results/presentation_demo/demo_v1_active_side/foot_faults/event_frames/event_01537.png,1965506,.png,hardlink,ebf2c37a6af0be9b96f15af6d114466fb625b7051f134510bb2d164c78035736
results/presentation_demo/demo_v1_active_side/foot_faults/event_frames/event_00929.png,repo_contents/results/presentation_demo/demo_v1_active_side/foot_faults/event_frames/event_00929.png,2005795,.png,hardlink,ca82681f8a77b91c7d5bfbd54d192a9007a3755dbd140d68068e455e336587b9
results/presentation_demo/demo_v1_active_side/foot_faults/roi_frames/event_01948_roi.png,repo_contents/results/presentation_demo/demo_v1_active_side/foot_faults/roi_frames/event_01948_roi.png,179196,.png,hardlink,c69dc5b9343a8a7281f47c4bdb377339cc8e0dbd7a6cd3d951a23ddf4b427a98
results/presentation_demo/demo_v1_active_side/foot_faults/roi_frames/event_01537_roi.png,repo_contents/results/presentation_demo/demo_v1_active_side/foot_faults/roi_frames/event_01537_roi.png,166123,.png,hardlink,10ddfa8d6988b5a227c13b11bfd0de744d524ff58e30118c5f7a43294415bd10
results/presentation_demo/demo_v1_active_side/foot_faults/roi_frames/event_00929_roi.png,repo_contents/results/presentation_demo/demo_v1_active_side/foot_faults/roi_frames/event_00929_roi.png,172236,.png,hardlink,d349e408ad96d755a9747edb4966dc70ac20e3af1581de28e3001a46198c0522
results/presentation_demo/demo_v1_stage3_probe/montage/bounce_01714.png,repo_contents/results/presentation_demo/demo_v1_stage3_probe/montage/bounce_01714.png,1321904,.png,hardlink,58fdb72083f58feca5a0addc57c0222639d49656e7b1232ea4bc1b1d9f0f280d
results/presentation_demo/demo_v1_stage3_probe/montage/bounce_01257.png,repo_contents/results/presentation_demo/demo_v1_stage3_probe/montage/bounce_01257.png,1337054,.png,hardlink,d874e1bdaaec0eb76ae54897fd355ecb3bd19af2f7738bf636d4faec9d683f6c
results/presentation_demo/demo_v1_stage3_probe4/montage/bounce_00490.png,repo_contents/results/presentation_demo/demo_v1_stage3_probe4/montage/bounce_00490.png,1338928,.png,hardlink,e57df181b16566839d19b0f082472c6a18ef3d365d672f08976f5852eec1e5e7
results/presentation_demo/demo_v1_stage3_probe4/montage/bounce_01714.png,repo_contents/results/presentation_demo/demo_v1_stage3_probe4/montage/bounce_01714.png,1321904,.png,hardlink,58fdb72083f58feca5a0addc57c0222639d49656e7b1232ea4bc1b1d9f0f280d
results/presentation_demo/demo_v1_stage3_probe4/montage/bounce_01257.png,repo_contents/results/presentation_demo/demo_v1_stage3_probe4/montage/bounce_01257.png,1337054,.png,hardlink,d874e1bdaaec0eb76ae54897fd355ecb3bd19af2f7738bf636d4faec9d683f6c
results/presentation_demo/demo_v1_stage3_probe4/montage/bounce_01778.png,repo_contents/results/presentation_demo/demo_v1_stage3_probe4/montage/bounce_01778.png,1312539,.png,hardlink,a27d6b6e62749b7a4b01cc43eb313a6ceed8c830f59198a95214f3c449908ebb
results/presentation_demo/demo_v1_foot_review/foot_faults/summary.json,repo_contents/results/presentation_demo/demo_v1_foot_review/foot_faults/summary.json,204,.json,hardlink,54c9a360698a66b8cb26a99d8b30db27fcb8a3d64893797e7d72c345d1fc4d93
results/presentation_demo/demo_v1_foot_review/foot_faults/foot_fault_events.csv,repo_contents/results/presentation_demo/demo_v1_foot_review/foot_faults/foot_fault_events.csv,899,.csv,hardlink,7717c964a269395ea3d5d1cd24db6b09d47276bda244288efbd8c19ecbe3b895
results/presentation_demo/demo_v1_foot_review/review/review_pending.json,repo_contents/results/presentation_demo/demo_v1_foot_review/review/review_pending.json,4774,.json,hardlink,fbd3f81f8238e15604c57c8b3dd0cc6d1e63b4d8586c85a4acedd98dd7f0addd
results/presentation_demo/demo_v1_foot_review/review/checkpoint_final/event_01948.png,repo_contents/results/presentation_demo/demo_v1_foot_review/review/checkpoint_final/event_01948.png,1973444,.png,hardlink,50c38e2f1f0b90ec67b311bb5eea350f6c4908cafad1eada36f26db7909066a1
results/presentation_demo/demo_v1_foot_review/review/checkpoint_final/event_01537.png,repo_contents/results/presentation_demo/demo_v1_foot_review/review/checkpoint_final/event_01537.png,1955026,.png,hardlink,e055467f77afe220f374ef4e68046524a56467791c0810ec5ce0afd5300fd616
results/presentation_demo/demo_v1_foot_review/review/checkpoint_final/event_00929.png,repo_contents/results/presentation_demo/demo_v1_foot_review/review/checkpoint_final/event_00929.png,1989376,.png,hardlink,446a61f9cb68590db23f27521dce8123159b524281912cf8b2df4a47cbf77ceb
results/presentation_demo/demo_v1_foot_review/review/checkpoint_foot/foot_01948.png,repo_contents/results/presentation_demo/demo_v1_foot_review/review/checkpoint_foot/foot_01948.png,1905842,.png,hardlink,2dc360a551c829f655973af7178cecef728be59f895e729fdd912ecc5068a667
results/presentation_demo/demo_v1_foot_review/review/checkpoint_foot/foot_01948_roi.png,repo_contents/results/presentation_demo/demo_v1_foot_review/review/checkpoint_foot/foot_01948_roi.png,176054,.png,hardlink,500b73246ec1640cfce4e88b592c5f777956468881c44152c87fd3903e5ff7b5
results/presentation_demo/demo_v1_foot_review/review/checkpoint_foot/foot_01537.png,repo_contents/results/presentation_demo/demo_v1_foot_review/review/checkpoint_foot/foot_01537.png,1882007,.png,hardlink,7c598c3976177c0f2f9d2355c6bcc98619bc80d3eb2f33e300e87a01913898b3
results/presentation_demo/demo_v1_foot_review/review/checkpoint_foot/foot_01537_roi.png,repo_contents/results/presentation_demo/demo_v1_foot_review/review/checkpoint_foot/foot_01537_roi.png,169886,.png,hardlink,dc9bacf2ab28f866001d8229426e20fbd3042dfa0a35fa5850ccdb753833ca74
results/presentation_demo/demo_v1_foot_review/review/checkpoint_foot/foot_00929_roi.png,repo_contents/results/presentation_demo/demo_v1_foot_review/review/checkpoint_foot/foot_00929_roi.png,176256,.png,hardlink,776297d04d0bf96b85aff52b32b5b2116d91849e00a2086c43a11ec33e4d50ea
results/presentation_demo/demo_v1_foot_review/review/checkpoint_foot/foot_00929.png,repo_contents/results/presentation_demo/demo_v1_foot_review/review/checkpoint_foot/foot_00929.png,1919225,.png,hardlink,410aa2a668e2ed7bb2a61fc2dd2eb0c9d0daf56caf75d0e5c3f14fb095afd6bf
results/presentation_demo/demo_v1_foot_review/foot_faults/event_frames/event_01948.png,repo_contents/results/presentation_demo/demo_v1_foot_review/foot_faults/event_frames/event_01948.png,1973444,.png,hardlink,50c38e2f1f0b90ec67b311bb5eea350f6c4908cafad1eada36f26db7909066a1
results/presentation_demo/demo_v1_foot_review/foot_faults/event_frames/event_01537.png,repo_contents/results/presentation_demo/demo_v1_foot_review/foot_faults/event_frames/event_01537.png,1955026,.png,hardlink,e055467f77afe220f374ef4e68046524a56467791c0810ec5ce0afd5300fd616
results/presentation_demo/demo_v1_foot_review/foot_faults/event_frames/event_00929.png,repo_contents/results/presentation_demo/demo_v1_foot_review/foot_faults/event_frames/event_00929.png,1989376,.png,hardlink,446a61f9cb68590db23f27521dce8123159b524281912cf8b2df4a47cbf77ceb
results/presentation_demo/demo_v1_foot_review/foot_faults/roi_frames/event_01948_roi.png,repo_contents/results/presentation_demo/demo_v1_foot_review/foot_faults/roi_frames/event_01948_roi.png,176054,.png,hardlink,500b73246ec1640cfce4e88b592c5f777956468881c44152c87fd3903e5ff7b5
results/presentation_demo/demo_v1_foot_review/foot_faults/roi_frames/event_01537_roi.png,repo_contents/results/presentation_demo/demo_v1_foot_review/foot_faults/roi_frames/event_01537_roi.png,169886,.png,hardlink,dc9bacf2ab28f866001d8229426e20fbd3042dfa0a35fa5850ccdb753833ca74
results/presentation_demo/demo_v1_foot_review/foot_faults/roi_frames/event_00929_roi.png,repo_contents/results/presentation_demo/demo_v1_foot_review/foot_faults/roi_frames/event_00929_roi.png,176256,.png,hardlink,776297d04d0bf96b85aff52b32b5b2116d91849e00a2086c43a11ec33e4d50ea
results/presentation_demo/demo_v1/bounce_validation/candidate_01257.png,repo_contents/results/presentation_demo/demo_v1/bounce_validation/candidate_01257.png,1627966,.png,hardlink,e92418abfa683074508ac4b763849b0cc7edf3fa0ff64a2db6d2b4ddb27b1d87
results/presentation_demo/demo_v1/bounce_validation/candidate_01778.png,repo_contents/results/presentation_demo/demo_v1/bounce_validation/candidate_01778.png,1596664,.png,hardlink,5aa4b23396385bf5560991b8b099f12f72e5b754e46bec1b22fe167b414a1247
results/presentation_demo/demo_v1/bounce_validation/candidate_00490.png,repo_contents/results/presentation_demo/demo_v1/bounce_validation/candidate_00490.png,1629707,.png,hardlink,0b26a31b9fa0faa3a9fdbdb5294b71e4559e91950a7c7a67ff049264a30dfc9f
results/presentation_demo/demo_v1/ball_tracking/ball_overlay.mp4,repo_contents/results/presentation_demo/demo_v1/ball_tracking/ball_overlay.mp4,44333566,.mp4,hardlink,81287a6c82d9f57b5f6133007a782d82b25078c9852ef5247ef84aa10856eae9
results/presentation_demo/demo_v1/ball_tracking/ball_tracking.csv,repo_contents/results/presentation_demo/demo_v1/ball_tracking/ball_tracking.csv,201463,.csv,hardlink,bef211c3b94acdb600dabb6b8b13c3fba06578c6830b55d8d58531942b3847b2
results/presentation_demo/demo_v1/volley_events/candidates.csv,repo_contents/results/presentation_demo/demo_v1/volley_events/candidates.csv,230,.csv,hardlink,b059bf04bd48707b9e1cdff26ce0735e0d6fa7ad6de64d9a7b49dc716aed2789
results/presentation_demo/demo_v1/review/review_pending.json,repo_contents/results/presentation_demo/demo_v1/review/review_pending.json,2991,.json,hardlink,364e59aa1cdca44ea8c75c5914602db553d59918dbb77b4ac455c63f5d6e7e94
results/presentation_demo/demo_v1/review/checkpoint_registration/frame_00880.png,repo_contents/results/presentation_demo/demo_v1/review/checkpoint_registration/frame_00880.png,1943628,.png,hardlink,e70df712efaec207ef10c04b83583c9732598a9f323aadc6bb96aefca4b4ee15
results/presentation_demo/demo_v1/review/checkpoint_registration/frame_00000.png,repo_contents/results/presentation_demo/demo_v1/review/checkpoint_registration/frame_00000.png,1457754,.png,hardlink,6c6c33d5f98de9803723bdb88e1e78bfdd3f0976167540f1eaeb20d40cb2db1b
results/presentation_demo/demo_v1/review/checkpoint_registration/frame_00586.png,repo_contents/results/presentation_demo/demo_v1/review/checkpoint_registration/frame_00586.png,1935165,.png,hardlink,2fcdac09e102eb9f99eaa3e5818f1c9e523cadad03af7a9bd2d4ff01e548dbed
results/presentation_demo/demo_v1/review/checkpoint_registration/frame_01467.png,repo_contents/results/presentation_demo/demo_v1/review/checkpoint_registration/frame_01467.png,1904740,.png,hardlink,ab4ee3bdc9259470faf31fc0f1fce2113afd83f38ad60551e5e0bc9f11e42763
results/presentation_demo/demo_v1/review/checkpoint_registration/frame_02054.png,repo_contents/results/presentation_demo/demo_v1/review/checkpoint_registration/frame_02054.png,1438671,.png,hardlink,2b99940b61dd70250ff44e634d633793f6abb5c53315f903f8b6ce43c046b459
results/presentation_demo/demo_v1/review/checkpoint_registration/frame_01173.png,repo_contents/results/presentation_demo/demo_v1/review/checkpoint_registration/frame_01173.png,1948194,.png,hardlink,200698a3ef55623b7fe65067dc63b950cf065b48d47074b371bfc1f5a12792cb
results/presentation_demo/demo_v1/review/checkpoint_registration/frame_01760.png,repo_contents/results/presentation_demo/demo_v1/review/checkpoint_registration/frame_01760.png,1924967,.png,hardlink,6289a80e1f6dd20595ccccb6fffafa2d1a273146da04b2a163273c4ea4bd7572
results/presentation_demo/demo_v1/review/checkpoint_registration/frame_00293.png,repo_contents/results/presentation_demo/demo_v1/review/checkpoint_registration/frame_00293.png,1930854,.png,hardlink,df8ba67db7549300681714510cbe155479bcac80d72bae38413b9332b2f3693b
results/presentation_demo/demo_v1/review/checkpoint_ball_tracking/frame_00930.png,repo_contents/results/presentation_demo/demo_v1/review/checkpoint_ball_tracking/frame_00930.png,1979680,.png,hardlink,7ca20b708cf12beb830df9bec54027a18791145db3d286f8588842cd2366b03a
results/presentation_demo/demo_v1/review/checkpoint_ball_tracking/frame_00307.png,repo_contents/results/presentation_demo/demo_v1/review/checkpoint_ball_tracking/frame_00307.png,2058010,.png,hardlink,ce0dee6264295f055156069429e02bde4fa65b674c29027f279266aa472981ec
results/presentation_demo/demo_v1/review/checkpoint_ball_tracking/frame_01227.png,repo_contents/results/presentation_demo/demo_v1/review/checkpoint_ball_tracking/frame_01227.png,1974102,.png,hardlink,0dc5c3041d3668c9a350d98405e0a2204a98e94a6fc78e666d408bc1c5856753
results/presentation_demo/demo_v1/review/checkpoint_ball_tracking/frame_01434.png,repo_contents/results/presentation_demo/demo_v1/review/checkpoint_ball_tracking/frame_01434.png,1986790,.png,hardlink,cfd5294be0ab638f0029af887a3e1493099802227addcc681edfe544d5c35674
results/presentation_demo/demo_v1/review/checkpoint_ball_tracking/frame_01032.png,repo_contents/results/presentation_demo/demo_v1/review/checkpoint_ball_tracking/frame_01032.png,1900565,.png,hardlink,284e80fa46f6d40efa231d7c28d474c4061ea3193647730d2a2657871bc1f9ea
results/presentation_demo/demo_v1/review/checkpoint_ball_tracking/frame_01231.png,repo_contents/results/presentation_demo/demo_v1/review/checkpoint_ball_tracking/frame_01231.png,1987698,.png,hardlink,841779efd7e5b2704575cf927d68952331ec72771c65515fe47174ed34d44a24
results/presentation_demo/demo_v1/review/checkpoint_ball_tracking/frame_00305.png,repo_contents/results/presentation_demo/demo_v1/review/checkpoint_ball_tracking/frame_00305.png,2058916,.png,hardlink,b9244101d810796572e5c66dc965baa592c1518538c89e90ecb8f7918de19201
results/presentation_demo/demo_v1/review/checkpoint_ball_tracking/frame_01755.png,repo_contents/results/presentation_demo/demo_v1/review/checkpoint_ball_tracking/frame_01755.png,1938475,.png,hardlink,dc5838ab958146c4b2077b170bbe96586bf948fbe5f4d8d61816ac07f5eae5ee
results/presentation_demo/demo_v1/review/checkpoint_ball_tracking/frame_01741.png,repo_contents/results/presentation_demo/demo_v1/review/checkpoint_ball_tracking/frame_01741.png,1917156,.png,hardlink,4cae3bb511e73a63fa6350dfd0e65162ea19fa3892bd7db6652ea829ed323cdf
results/presentation_demo/demo_v1/review/checkpoint_ball_tracking/frame_00517.png,repo_contents/results/presentation_demo/demo_v1/review/checkpoint_ball_tracking/frame_00517.png,1945203,.png,hardlink,292a8a41d682261fa4f7f745bf420533e369d3419164454f2b24c2df303ef85b
results/presentation_demo/demo_v1/review/checkpoint_ball_tracking/frame_01423.png,repo_contents/results/presentation_demo/demo_v1/review/checkpoint_ball_tracking/frame_01423.png,1994449,.png,hardlink,7b7d90b1d888bf55d9e6eaa272974d7716a08e2731cc020c517f1a931b14927d
results/presentation_demo/demo_v1/review/checkpoint_ball_tracking/frame_00098.png,repo_contents/results/presentation_demo/demo_v1/review/checkpoint_ball_tracking/frame_00098.png,1979902,.png,hardlink,6dbeeb8fa3af9e98fe911e68eae1438ac08cb5a53d2e3f6e47c602ee26d65b01
results/presentation_demo/demo_v1/review/checkpoint_ball_tracking/frame_01157.png,repo_contents/results/presentation_demo/demo_v1/review/checkpoint_ball_tracking/frame_01157.png,1972432,.png,hardlink,754e680664f53d679bfc8fbf8d258063572e01f8f8a1f7e25c2d0ea7b0dfb5fe
results/presentation_demo/demo_v1/review/checkpoint_ball_tracking/frame_01037.png,repo_contents/results/presentation_demo/demo_v1/review/checkpoint_ball_tracking/frame_01037.png,1940239,.png,hardlink,c2e4c3cef2e411156ca3e2986ba72427811e52711b4c6fa9aacbed5c7c1ffeb8
results/presentation_demo/demo_v1/review/checkpoint_ball_tracking/frame_01751.png,repo_contents/results/presentation_demo/demo_v1/review/checkpoint_ball_tracking/frame_01751.png,1975646,.png,hardlink,efec88491c40bd2a990198d0893fe30c30bb2e21c6a10179dde429261bca841b
results/presentation_demo/demo_v1/review/checkpoint_ball_tracking/frame_01750.png,repo_contents/results/presentation_demo/demo_v1/review/checkpoint_ball_tracking/frame_01750.png,1970541,.png,hardlink,b904711e135af2f0af54402316f47982f4c697bf5afa89793a2e664588436754
results/presentation_demo/demo_v1/review/checkpoint_ball_tracking/frame_01630.png,repo_contents/results/presentation_demo/demo_v1/review/checkpoint_ball_tracking/frame_01630.png,2031159,.png,hardlink,e296ff9a6dc6aeb988b3e78668b231b648eeb7544d6e582faf314ade20653f8e
results/presentation_demo/demo_v1/review/checkpoint_ball_tracking/frame_01432.png,repo_contents/results/presentation_demo/demo_v1/review/checkpoint_ball_tracking/frame_01432.png,1978421,.png,hardlink,5182e20fc4ec471638d9b3f80be0bb85906b52ddc5d4ec02816e06a350f41645
results/presentation_demo/demo_v1/review/checkpoint_ball_tracking/frame_00935.png,repo_contents/results/presentation_demo/demo_v1/review/checkpoint_ball_tracking/frame_00935.png,2007860,.png,hardlink,8dcf5670bc0430b2fcc25226bb4196ccaafc1612a4715f69d35cd3fa46ebc79a
results/presentation_demo/demo_v1/review/checkpoint_ball_tracking/frame_00510.png,repo_contents/results/presentation_demo/demo_v1/review/checkpoint_ball_tracking/frame_00510.png,1974782,.png,hardlink,15d85a91a7d608ff037daacdaca0e7bcd6f6533490bb9aa04f1bce4713d7880f
results/presentation_demo/demo_v1/review/checkpoint_ball_tracking/frame_01140.png,repo_contents/results/presentation_demo/demo_v1/review/checkpoint_ball_tracking/frame_01140.png,1946407,.png,hardlink,14669cd237b8e49239dae5a7b6e2a5e1139a1b9267b92c218e749c5a0b83d6ab
results/presentation_demo/demo_v1/review/checkpoint_ball_tracking/frame_01237.png,repo_contents/results/presentation_demo/demo_v1/review/checkpoint_ball_tracking/frame_01237.png,1957584,.png,hardlink,11c6545d90e55ee797e3d4ce125f7e194a78b799036cf5aac72a864519eef77e
results/presentation_demo/demo_v1/review/checkpoint_ball_tracking/frame_00101.png,repo_contents/results/presentation_demo/demo_v1/review/checkpoint_ball_tracking/frame_00101.png,1999681,.png,hardlink,c008d77b590e8ac7240fcf6614613f5af3fc2354ab75163a3cb46e657f890b4e
results/presentation_demo/demo_v1/review/checkpoint_ball_tracking/frame_01948.png,repo_contents/results/presentation_demo/demo_v1/review/checkpoint_ball_tracking/frame_01948.png,1961765,.png,hardlink,89d94364360a1fb96ca4ad62ee821addd728aed3eef5e8aaa5c2000abece09ed
results/presentation_demo/demo_v1/review/checkpoint_ball_tracking/frame_01357.png,repo_contents/results/presentation_demo/demo_v1/review/checkpoint_ball_tracking/frame_01357.png,1982333,.png,hardlink,cb5bf64319c81491280dfa90d989deed8c7b40ef56bb7d3962c2d64cd657bfda
results/presentation_demo/demo_v1/review/checkpoint_ball_tracking/frame_01668.png,repo_contents/results/presentation_demo/demo_v1/review/checkpoint_ball_tracking/frame_01668.png,1946573,.png,hardlink,d752ec9d5fe06d161f29be3e7dbd2205cf8797ccafa7e0ba9e8034fbdcc1582a
results/presentation_demo/demo_v1/review/checkpoint_ball_tracking/frame_00827.png,repo_contents/results/presentation_demo/demo_v1/review/checkpoint_ball_tracking/frame_00827.png,2019762,.png,hardlink,20a115d074ff11650fac6cc2f228f36babbd96638a515352434d26808ad7785f
results/presentation_demo/demo_v1/review/checkpoint_ball_tracking/frame_01537.png,repo_contents/results/presentation_demo/demo_v1/review/checkpoint_ball_tracking/frame_01537.png,1936652,.png,hardlink,4a914ed6ef95071191830f85144a52ae2235aa2b9a3b8673954749132b9fd5d6
results/presentation_demo/demo_v1/review/checkpoint_ball_tracking/frame_00198.png,repo_contents/results/presentation_demo/demo_v1/review/checkpoint_ball_tracking/frame_00198.png,1989641,.png,hardlink,b46787e43ba800f290ec6becb94d021b825f5c246ac73f023e29282bfd12a682
results/presentation_demo/demo_v1/review/checkpoint_ball_tracking/frame_01641.png,repo_contents/results/presentation_demo/demo_v1/review/checkpoint_ball_tracking/frame_01641.png,2024538,.png,hardlink,58180353d775963925a45361745dc693c9c400c80fcba34f2f394130b332c372
results/presentation_demo/demo_v1/review/checkpoint_ball_tracking/frame_01327.png,repo_contents/results/presentation_demo/demo_v1/review/checkpoint_ball_tracking/frame_01327.png,1991310,.png,hardlink,2828a180d205502573a879bdc541d40c07dbf8219a6c18139caa18b03f8af046
results/presentation_demo/demo_v1/review/checkpoint_ball_tracking/frame_00415.png,repo_contents/results/presentation_demo/demo_v1/review/checkpoint_ball_tracking/frame_00415.png,1999690,.png,hardlink,d47d7313f5d8bc5802618341e5e77a5cda47de43d1dc4bdf8c0d1f1da83e9e66
results/presentation_demo/demo_v1/review/checkpoint_ball_tracking/frame_00824.png,repo_contents/results/presentation_demo/demo_v1/review/checkpoint_ball_tracking/frame_00824.png,2010275,.png,hardlink,b17aa96d60f511b4f516de12ae889450aa14f572f2b498739d2a4983ec958ca3
results/presentation_demo/demo_v1/review/checkpoint_ball_tracking/frame_01534.png,repo_contents/results/presentation_demo/demo_v1/review/checkpoint_ball_tracking/frame_01534.png,2003145,.png,hardlink,ec06f2bad27879246ba1b4af80fa98250461c9423bacbdbab0921347bbe91856
results/presentation_demo/demo_v1/review/checkpoint_ball_tracking/frame_01859.png,repo_contents/results/presentation_demo/demo_v1/review/checkpoint_ball_tracking/frame_01859.png,1945869,.png,hardlink,987764d300415926ce130f869bd7169e91d38ed8579231f044439256903e9080
results/presentation_demo/demo_v1/review/checkpoint_ball_tracking/frame_01326.png,repo_contents/results/presentation_demo/demo_v1/review/checkpoint_ball_tracking/frame_01326.png,1989384,.png,hardlink,4f0e17afdb5f16dbf5098e1711e01918803203d46950e019213b5bc69f720e06
results/presentation_demo/demo_v1/review/checkpoint_ball_tracking/frame_00000.png,repo_contents/results/presentation_demo/demo_v1/review/checkpoint_ball_tracking/frame_00000.png,1489330,.png,hardlink,5635aa08e82811bf1bebb26755dcc733236e46bd7636fefb8053e8f9d154397e
results/presentation_demo/demo_v1/review/checkpoint_ball_tracking/frame_00438.png,repo_contents/results/presentation_demo/demo_v1/review/checkpoint_ball_tracking/frame_00438.png,1971067,.png,hardlink,d651d1bf88cc6216ccc439210c23d45cc6646a198ce92090fba75fc808f0e58b
results/presentation_demo/demo_v1/review/checkpoint_ball_tracking/frame_00834.png,repo_contents/results/presentation_demo/demo_v1/review/checkpoint_ball_tracking/frame_00834.png,1979921,.png,hardlink,3888f3367db0b7a3d683c03b10089440e20c541e6c47c53a3a2542fe227d7f82
results/presentation_demo/demo_v1/review/checkpoint_ball_tracking/frame_00001.png,repo_contents/results/presentation_demo/demo_v1/review/checkpoint_ball_tracking/frame_00001.png,1729780,.png,hardlink,5322fdcaa8e97b33b060b4100edf8c6e2f734271a7464d6661bd66f8675efeb4
results/presentation_demo/demo_v1/review/checkpoint_ball_tracking/frame_01335.png,repo_contents/results/presentation_demo/demo_v1/review/checkpoint_ball_tracking/frame_01335.png,1963403,.png,hardlink,c2ee2c71f945513aca8a22cbcb761277865cfd2ab82294710894f6079a3e7d82
results/presentation_demo/demo_v1/review/checkpoint_ball_tracking/frame_01526.png,repo_contents/results/presentation_demo/demo_v1/review/checkpoint_ball_tracking/frame_01526.png,1988622,.png,hardlink,b5e34351f31dbd8192d541cb7c9f64c6978c6b6f400f4584340cca4e1f70b517
results/presentation_demo/demo_v1/review/checkpoint_ball_tracking/frame_01136.png,repo_contents/results/presentation_demo/demo_v1/review/checkpoint_ball_tracking/frame_01136.png,1986286,.png,hardlink,0d1c967e3b19a0632a6bb72adf40db33d76c0c63ab09594cdffa70b29ab3e0c6
results/presentation_demo/demo_v1/review/checkpoint_ball_tracking/frame_00755.png,repo_contents/results/presentation_demo/demo_v1/review/checkpoint_ball_tracking/frame_00755.png,2030584,.png,hardlink,e915e7454daa5f3df6320d36c492e9dcfa88371b157fc275299d941ac6528bef
results/presentation_demo/demo_v1/review/checkpoint_ball_tracking/frame_00620.png,repo_contents/results/presentation_demo/demo_v1/review/checkpoint_ball_tracking/frame_00620.png,2022072,.png,hardlink,d720fb575d93802fc810ac657623d03ec65da9c708fe3213cf73a0da8ad88c44
results/presentation_demo/demo_v1/review/checkpoint_ball_tracking/frame_01847.png,repo_contents/results/presentation_demo/demo_v1/review/checkpoint_ball_tracking/frame_01847.png,1947652,.png,hardlink,196bdf9bb76c011c7a11109e2d6380eadbf39d92e48e8093420cde14edb35e97
results/presentation_demo/demo_v1/review/checkpoint_ball_tracking/frame_01058.png,repo_contents/results/presentation_demo/demo_v1/review/checkpoint_ball_tracking/frame_01058.png,1975122,.png,hardlink,79dd220fc63da93fcd4da9b57a9dbbf1c02733e7b92f41bfe2e0edcfb7184881
results/presentation_demo/demo_v1/review/checkpoint_ball_tracking/frame_01266.png,repo_contents/results/presentation_demo/demo_v1/review/checkpoint_ball_tracking/frame_01266.png,1985809,.png,hardlink,0c605f5b2825c70a92b7b33b58c404c67de3ec4a9d17463ee0d82567b633583d
results/presentation_demo/demo_v1/review/checkpoint_ball_tracking/frame_00623.png,repo_contents/results/presentation_demo/demo_v1/review/checkpoint_ball_tracking/frame_00623.png,2008029,.png,hardlink,765e3b1319f62b441d5c8812e294494e9186ade0ebe91098f0e5a7e6dea6138f
results/presentation_demo/demo_v1/review/checkpoint_ball_tracking/frame_01850.png,repo_contents/results/presentation_demo/demo_v1/review/checkpoint_ball_tracking/frame_01850.png,1899797,.png,hardlink,64bd4ed5c49a34eefd57978e20cd0b6bdacc31c382efcddc62351af05c3fd541
results/presentation_demo/demo_v1/review/checkpoint_ball_tracking/frame_01465.png,repo_contents/results/presentation_demo/demo_v1/review/checkpoint_ball_tracking/frame_01465.png,1959674,.png,hardlink,5c489c2ce60fad3dfdb141c8ddcd4bbba355c566e5d6ceacfbb9d4f99aa6383c
results/presentation_demo/demo_v1/review/checkpoint_ball_tracking/frame_01934.png,repo_contents/results/presentation_demo/demo_v1/review/checkpoint_ball_tracking/frame_01934.png,1945333,.png,hardlink,1e3badc978d7a11e023508b5050403d4c55328fd1ec54478799c2ab00735df03
results/presentation_demo/demo_v1/review/checkpoint_ball_tracking/frame_00627.png,repo_contents/results/presentation_demo/demo_v1/review/checkpoint_ball_tracking/frame_00627.png,1981847,.png,hardlink,86fb70ad5cb3e14b74fdf179d66602e8b8458a1dd5c87a1fef73fb8c18967297
results/presentation_demo/demo_v1/review/checkpoint_ball_tracking/frame_00197.png,repo_contents/results/presentation_demo/demo_v1/review/checkpoint_ball_tracking/frame_00197.png,1985487,.png,hardlink,8451745d1dfc4f3e10ffe5d41c384d9dbf79d09ad15c744dc52c2e358f115a56
results/presentation_demo/demo_v1/review/checkpoint_ball_tracking/frame_00424.png,repo_contents/results/presentation_demo/demo_v1/review/checkpoint_ball_tracking/frame_00424.png,1983474,.png,hardlink,2125261a3d014b21373023edd0faa60d7d0d528e5967c22f7ce667af59922fbf
results/presentation_demo/demo_v1/review/checkpoint_ball_tracking/frame_01128.png,repo_contents/results/presentation_demo/demo_v1/review/checkpoint_ball_tracking/frame_01128.png,1933689,.png,hardlink,569cf203b59ac9d957cb9474319f02cb1e4ce9cc5adefbcd6af1e7c28967cba3
results/presentation_demo/demo_v1/review/checkpoint_ball_tracking/frame_00156.png,repo_contents/results/presentation_demo/demo_v1/review/checkpoint_ball_tracking/frame_00156.png,1958375,.png,hardlink,8eb66d8ec22acb0a210e475571c670c8d0a9ae38ee9374d391fc1a873d3e30b9
results/presentation_demo/demo_v1/review/checkpoint_ball_tracking/frame_00624.png,repo_contents/results/presentation_demo/demo_v1/review/checkpoint_ball_tracking/frame_00624.png,1963137,.png,hardlink,36714ea0a104e9cee98b9a141315ae1fe47f8585f903c7466d952584588b80df
results/presentation_demo/demo_v1/review/checkpoint_ball_tracking/frame_00209.png,repo_contents/results/presentation_demo/demo_v1/review/checkpoint_ball_tracking/frame_00209.png,1999558,.png,hardlink,b852ba3203fdba6d57bed380974f32f18f1ef440a72447fc662b6521f34b429f
results/presentation_demo/demo_v1/review/checkpoint_ball_tracking/frame_01856.png,repo_contents/results/presentation_demo/demo_v1/review/checkpoint_ball_tracking/frame_01856.png,1954089,.png,hardlink,9fe87c9ca399956af099c4ce1e39774a50dd99e24cdf4f9d0826624188e84c8a
results/presentation_demo/demo_v1/review/checkpoint_ball_tracking/frame_01951.png,repo_contents/results/presentation_demo/demo_v1/review/checkpoint_ball_tracking/frame_01951.png,1968295,.png,hardlink,03e5ec4a838098c02144d4913514f94903fa5777da44bf8a8ed7e415165d29a9
results/presentation_demo/demo_v1/review/checkpoint_ball_tracking/frame_00327.png,repo_contents/results/presentation_demo/demo_v1/review/checkpoint_ball_tracking/frame_00327.png,1990243,.png,hardlink,a4531e5b9ff2d3ffea782305fbb7ab7844ee9f0441542bb8ee03819467fd73aa
results/presentation_demo/demo_v1/review/checkpoint_ball_tracking/frame_01210.png,repo_contents/results/presentation_demo/demo_v1/review/checkpoint_ball_tracking/frame_01210.png,2002132,.png,hardlink,238ad345e658dc5a571ebf5ca9c80d7632a2232f427eaad67c230425cf009514
results/presentation_demo/demo_v1/review/checkpoint_ball_tracking/frame_00522.png,repo_contents/results/presentation_demo/demo_v1/review/checkpoint_ball_tracking/frame_00522.png,1980059,.png,hardlink,2989fe00fcc14e588b32dd769970b973d975a24ebb11320fc94d3062c5c7b911
results/presentation_demo/demo_v1/review/checkpoint_ball_tracking/frame_00730.png,repo_contents/results/presentation_demo/demo_v1/review/checkpoint_ball_tracking/frame_00730.png,2011159,.png,hardlink,9f71c5ce46f950c77435809c40bc4af6ee4e23fdc76b496263398e29d330f20a
results/presentation_demo/demo_v1/review/checkpoint_ball_tracking/frame_01638.png,repo_contents/results/presentation_demo/demo_v1/review/checkpoint_ball_tracking/frame_01638.png,2014218,.png,hardlink,743cb8d563a78a9e47532325660263cbd80f1b43ef6f8c9e706db2d8fea64545
results/presentation_demo/demo_v1/review/checkpoint_ball_tracking/frame_01956.png,repo_contents/results/presentation_demo/demo_v1/review/checkpoint_ball_tracking/frame_01956.png,1912623,.png,hardlink,29a1509691cd04d10daec6859f9471b46944daa0457b08d07954421f36d79dd6
results/presentation_demo/demo_v1/review/checkpoint_ball_tracking/frame_00719.png,repo_contents/results/presentation_demo/demo_v1/review/checkpoint_ball_tracking/frame_00719.png,2014495,.png,hardlink,e4489be53edc6eda72ee9fd3d0d799420964ca8e2ce52d8a25083bf5cd06a05a
results/presentation_demo/demo_v1/review/checkpoint_ball_tracking/frame_00914.png,repo_contents/results/presentation_demo/demo_v1/review/checkpoint_ball_tracking/frame_00914.png,1972914,.png,hardlink,fe83d1a554d7f87d63c4e1aadbcc65596454494ff2f7fa8659593e11eeb612e4
results/presentation_demo/demo_v1/review/checkpoint_ball_tracking/frame_00727.png,repo_contents/results/presentation_demo/demo_v1/review/checkpoint_ball_tracking/frame_00727.png,1999037,.png,hardlink,7bf32d94623ea6dbf9014ebe593428096a146469bf1cabe420607d7ce5eb7756
results/presentation_demo/demo_v1/review/checkpoint_ball_tracking/frame_01029.png,repo_contents/results/presentation_demo/demo_v1/review/checkpoint_ball_tracking/frame_01029.png,1978511,.png,hardlink,006baf2fccf105aee3ac15ecc84321c26a6e6b7633982f7f5fe215f7b0f1bc7f
results/presentation_demo/demo_v1/review/checkpoint_ball_tracking/frame_00323.png,repo_contents/results/presentation_demo/demo_v1/review/checkpoint_ball_tracking/frame_00323.png,2023272,.png,hardlink,4325ef19cefaf555d799fb5245b87cbfeda25013e8a45879c9db1231ac3f10a1
results/presentation_demo/demo_v1/review/checkpoint_ball_tracking/frame_01565.png,repo_contents/results/presentation_demo/demo_v1/review/checkpoint_ball_tracking/frame_01565.png,1958105,.png,hardlink,7638d91b306ca1603f6921190c1ac4092ac8bddaf0e4be74e23cb4556f8e3418
results/presentation_demo/demo_v1/review/checkpoint_ball_tracking/frame_00518.png,repo_contents/results/presentation_demo/demo_v1/review/checkpoint_ball_tracking/frame_00518.png,1954550,.png,hardlink,d0fdacbaa9fa74bf56297ca11afcca4880c1c4be7afb8e1fb6f43deb79ba83c6
results/presentation_demo/demo_v1/review/checkpoint_ball_tracking/frame_00040.png,repo_contents/results/presentation_demo/demo_v1/review/checkpoint_ball_tracking/frame_00040.png,1868406,.png,hardlink,c2508c4c02dfa3dcd72d0f6c43509dab9e07f8133374717333f6e76db6fa143f
results/presentation_demo/demo_v1/review/checkpoint_ball_tracking/frame_00929.png,repo_contents/results/presentation_demo/demo_v1/review/checkpoint_ball_tracking/frame_00929.png,1973220,.png,hardlink,972730ceea5d06376542c530ec47d12a474ab9d7cb007a0670c0172250ef0dfd
results/presentation_demo/demo_v1/review/checkpoint_foot/foot_01778.png,repo_contents/results/presentation_demo/demo_v1/review/checkpoint_foot/foot_01778.png,1881180,.png,hardlink,2c4928a221427278783affbd2e01764b4f33bb92db3953cabdf2f5e60e8729a8
results/presentation_demo/demo_v1/review/checkpoint_foot/foot_01778_roi.png,repo_contents/results/presentation_demo/demo_v1/review/checkpoint_foot/foot_01778_roi.png,167389,.png,hardlink,c68776e2be73ac84f7711bd67b490434f7511bbe01a67ae53e04d8e474ad2f12
results/presentation_demo/demo_v1/review/checkpoint_foot/foot_01257.png,repo_contents/results/presentation_demo/demo_v1/review/checkpoint_foot/foot_01257.png,1959016,.png,hardlink,7de8a599afce447364a9e96d0898ffddc8e9f2c4cbbb02625c4d4b993a4e6df9
results/presentation_demo/demo_v1/review/checkpoint_foot/foot_01257_roi.png,repo_contents/results/presentation_demo/demo_v1/review/checkpoint_foot/foot_01257_roi.png,171751,.png,hardlink,7c058477365d4039a8be2987f4eb753bc70199bda0f464afe1b04c1513893551
results/presentation_demo/demo_v1/review/checkpoint_foot/foot_00490_roi.png,repo_contents/results/presentation_demo/demo_v1/review/checkpoint_foot/foot_00490_roi.png,174902,.png,hardlink,2fb4b2091cad5099d9f5d36548084b5ad6df9bff8b8130f6adf6d0ce97e726c5
results/presentation_demo/demo_v1/review/checkpoint_foot/foot_00490.png,repo_contents/results/presentation_demo/demo_v1/review/checkpoint_foot/foot_00490.png,1949335,.png,hardlink,01497433e119dfa6a6849cacb3a20adf0175a0db43153ac9b909c755c970357e
results/presentation_demo/demo_v1/ball_tracking/debug_frames/frame_01620.png,repo_contents/results/presentation_demo/demo_v1/ball_tracking/debug_frames/frame_01620.png,628878,.png,hardlink,5877afc7ef9f55d4ff5f3ac6c1e29a30ee80d419666fb282e5850e5f5b7f7119
results/presentation_demo/demo_v1/ball_tracking/debug_frames/frame_01740.png,repo_contents/results/presentation_demo/demo_v1/ball_tracking/debug_frames/frame_01740.png,615451,.png,hardlink,5b0006ff83930332b6f231592a5444607c1990a2465eb57f0cd0a314b1fb7930
results/presentation_demo/demo_v1/ball_tracking/debug_frames/frame_00660.png,repo_contents/results/presentation_demo/demo_v1/ball_tracking/debug_frames/frame_00660.png,630316,.png,hardlink,795b6ef9e8dc1bd4990d85185e27a1ea7a59388c926d4f405c3cca974a83c704
results/presentation_demo/demo_v1/ball_tracking/debug_frames/frame_00300.png,repo_contents/results/presentation_demo/demo_v1/ball_tracking/debug_frames/frame_00300.png,644563,.png,hardlink,dc98bd1df87021389792d9ece1c0f3171c88396eb03808b7d9e0767a093e5300
results/presentation_demo/demo_v1/ball_tracking/debug_frames/frame_00060.png,repo_contents/results/presentation_demo/demo_v1/ball_tracking/debug_frames/frame_00060.png,617171,.png,hardlink,c64b17def82d48e13edba49e4641b950ea93483332a34ad0805aedcc7d7e82d3
results/presentation_demo/demo_v1/ball_tracking/debug_frames/frame_01140.png,repo_contents/results/presentation_demo/demo_v1/ball_tracking/debug_frames/frame_01140.png,625176,.png,hardlink,7bcca46489eaf4a5c1075aa2fb2e683d8c57f7d69e9546415be72c871ecf66dd
results/presentation_demo/demo_v1/ball_tracking/debug_frames/frame_01020.png,repo_contents/results/presentation_demo/demo_v1/ball_tracking/debug_frames/frame_01020.png,631485,.png,hardlink,38f954892824c6f89aa4c5e2c93c432ec34ff97a2210e3a592d68c3d426344a4
results/presentation_demo/demo_v1/ball_tracking/debug_frames/frame_00840.png,repo_contents/results/presentation_demo/demo_v1/ball_tracking/debug_frames/frame_00840.png,629386,.png,hardlink,092df00aa0ecfed6aa53c52d8c9ceeeef71e91a4f5a64574e6d2561b28cb5081
results/presentation_demo/demo_v1/ball_tracking/debug_frames/frame_01800.png,repo_contents/results/presentation_demo/demo_v1/ball_tracking/debug_frames/frame_01800.png,611510,.png,hardlink,4e78f797c6834040029a05e96025c76142dde671409418d5156823737d8fce0e
results/presentation_demo/demo_v1/ball_tracking/debug_frames/frame_01380.png,repo_contents/results/presentation_demo/demo_v1/ball_tracking/debug_frames/frame_01380.png,624184,.png,hardlink,c61ec01a030d650e89f1dca74afedbdb850f4aea7850682da903f6fe74fba50d
results/presentation_demo/demo_v1/ball_tracking/debug_frames/frame_00600.png,repo_contents/results/presentation_demo/demo_v1/ball_tracking/debug_frames/frame_00600.png,624228,.png,hardlink,ae21321cc186a5677fb9e9474621e2f9fdad9c1fe7e075dc4e0f898026d8ede8
results/presentation_demo/demo_v1/ball_tracking/debug_frames/frame_01680.png,repo_contents/results/presentation_demo/demo_v1/ball_tracking/debug_frames/frame_01680.png,626440,.png,hardlink,115dbb44a1346d0374ca9b03aa6fb82aab29682b4c2c4698abff9657f12186aa
results/presentation_demo/demo_v1/ball_tracking/debug_frames/frame_01440.png,repo_contents/results/presentation_demo/demo_v1/ball_tracking/debug_frames/frame_01440.png,623195,.png,hardlink,47e2575a3f755e8e74b8538c9883a54ca38c7fc8f35f7e50d8a787db429fac00
results/presentation_demo/demo_v1/ball_tracking/debug_frames/frame_00000.png,repo_contents/results/presentation_demo/demo_v1/ball_tracking/debug_frames/frame_00000.png,518502,.png,hardlink,a87c9f226bf1558051a1a73deadb16dbefd0527d7563760b5c431eb405af8a7a
results/presentation_demo/demo_v1/ball_tracking/debug_frames/frame_01860.png,repo_contents/results/presentation_demo/demo_v1/ball_tracking/debug_frames/frame_01860.png,608355,.png,hardlink,787e859a89d7a078b3b7c0ab81dad72b091d6c0d97cf8fd030a5f7a4a3176e64
results/presentation_demo/demo_v1/ball_tracking/debug_frames/frame_01080.png,repo_contents/results/presentation_demo/demo_v1/ball_tracking/debug_frames/frame_01080.png,622906,.png,hardlink,c7110ed6574c028662f21055c7e04b9973e867e0a6f9c302d7f9ba6ae4b6af70
results/presentation_demo/demo_v1/ball_tracking/debug_frames/frame_00360.png,repo_contents/results/presentation_demo/demo_v1/ball_tracking/debug_frames/frame_00360.png,632634,.png,hardlink,65279bee4b47363d4c907bfb325eaa71a9fdf4d7ee4ebcd4b7927e9deaaf12b3
results/presentation_demo/demo_v1/ball_tracking/debug_frames/frame_01320.png,repo_contents/results/presentation_demo/demo_v1/ball_tracking/debug_frames/frame_01320.png,627639,.png,hardlink,05e43ab49c3fa4f7c4a1a7c11e562d08f25ff61494f274c0148d0b959a901537
results/presentation_demo/demo_v1/ball_tracking/debug_frames/frame_00540.png,repo_contents/results/presentation_demo/demo_v1/ball_tracking/debug_frames/frame_00540.png,617704,.png,hardlink,e8c3179e574b801cebf1bc11399412e5776c46e224af420eff316f66853d4a26
results/presentation_demo/demo_v1/ball_tracking/debug_frames/frame_00420.png,repo_contents/results/presentation_demo/demo_v1/ball_tracking/debug_frames/frame_00420.png,629811,.png,hardlink,9911496b791c951a9e46dca3d5f9dc895f1cc7dbdbd1a3dc547ed7ef1098a771
results/presentation_demo/demo_v1/ball_tracking/debug_frames/frame_01500.png,repo_contents/results/presentation_demo/demo_v1/ball_tracking/debug_frames/frame_01500.png,628271,.png,hardlink,165d640109e877857c628ea67d337a930b9c14819453a08f18e7db9a69b94837
results/presentation_demo/demo_v1/ball_tracking/debug_frames/frame_00780.png,repo_contents/results/presentation_demo/demo_v1/ball_tracking/debug_frames/frame_00780.png,633864,.png,hardlink,babcd4f74458d2b7a58d6834db8e2e82315a8ff14cdb42609595e0d2018c8af9
results/presentation_demo/demo_v1/ball_tracking/debug_frames/frame_00960.png,repo_contents/results/presentation_demo/demo_v1/ball_tracking/debug_frames/frame_00960.png,631873,.png,hardlink,6978f22f617bb949a7951472703c56e9c02639b90f495bd857d79e89ddcc9863
results/presentation_demo/demo_v1/ball_tracking/debug_frames/frame_01920.png,repo_contents/results/presentation_demo/demo_v1/ball_tracking/debug_frames/frame_01920.png,618564,.png,hardlink,577bf15c47d435bf9da0a64e5c74cdea7c9c467ff28492bf9ccada66089d232c
results/presentation_demo/demo_v1/ball_tracking/debug_frames/frame_01260.png,repo_contents/results/presentation_demo/demo_v1/ball_tracking/debug_frames/frame_01260.png,621594,.png,hardlink,403d08e01888629fe867a77d4ee9094c48022354de8a9f5535e35c9c9a83008a
results/presentation_demo/demo_v1/ball_tracking/debug_frames/frame_00180.png,repo_contents/results/presentation_demo/demo_v1/ball_tracking/debug_frames/frame_00180.png,627128,.png,hardlink,af7a87d14bcc6397ae6e72e0d251bc0fcc5b87109ce2a864e80591c93308673b
results/presentation_demo/demo_v1/ball_tracking/debug_frames/frame_01560.png,repo_contents/results/presentation_demo/demo_v1/ball_tracking/debug_frames/frame_01560.png,624431,.png,hardlink,1678a5056f2e4cc235913b02139f959fc87dbd1a5db58c9c36cf5ca1495fe82a
results/presentation_demo/demo_v1/ball_tracking/debug_frames/frame_02040.png,repo_contents/results/presentation_demo/demo_v1/ball_tracking/debug_frames/frame_02040.png,542624,.png,hardlink,fdfbad3ae3dfb60baa99b820cc6f5ce1a206edfcc7c0b3b820b9e80d719ad08e
results/presentation_demo/demo_v1/ball_tracking/debug_frames/frame_00480.png,repo_contents/results/presentation_demo/demo_v1/ball_tracking/debug_frames/frame_00480.png,624344,.png,hardlink,af5b19ed9ebe232b7a19af293012f2faa197f307f23cb0bea627ffe239b6d1f1
results/presentation_demo/demo_v1/ball_tracking/debug_frames/frame_00720.png,repo_contents/results/presentation_demo/demo_v1/ball_tracking/debug_frames/frame_00720.png,630118,.png,hardlink,923dba5a90b647329db317b501231b03144f60b6b3cc027eef065062f220d1d7
results/presentation_demo/demo_v1/ball_tracking/debug_frames/frame_00240.png,repo_contents/results/presentation_demo/demo_v1/ball_tracking/debug_frames/frame_00240.png,636150,.png,hardlink,6e00da6ee555cadc5e9dc4832d0f1cb752bb6bc737d35ed51b24ccc7c9f25485
results/presentation_demo/demo_v1/ball_tracking/debug_frames/frame_01980.png,repo_contents/results/presentation_demo/demo_v1/ball_tracking/debug_frames/frame_01980.png,620468,.png,hardlink,68fbf41c95c810bb67448ede53524b198f32f32664944de64fb16a1188127ca5
results/presentation_demo/demo_v1/ball_tracking/debug_frames/frame_01200.png,repo_contents/results/presentation_demo/demo_v1/ball_tracking/debug_frames/frame_01200.png,618022,.png,hardlink,b8a2dcf14dce2648807cc7434fd4145cf43a5062caf0d83f344e50aa43e15c69
results/presentation_demo/demo_v1/ball_tracking/debug_frames/frame_00900.png,repo_contents/results/presentation_demo/demo_v1/ball_tracking/debug_frames/frame_00900.png,632405,.png,hardlink,73fcd3966feed439fc066b621e66e446f8dca895fa41af47205537909c93a4df
results/presentation_demo/demo_v1/ball_tracking/debug_frames/frame_00120.png,repo_contents/results/presentation_demo/demo_v1/ball_tracking/debug_frames/frame_00120.png,628287,.png,hardlink,74b339075e35d145811a8f7f36819e69d7fb51c3d59c5e522acfe02b6829a868
results/ball_tracking_calibration/IMG_8166_seg3000/final_shape/ball_overlay.mp4,repo_contents/results/ball_tracking_calibration/IMG_8166_seg3000/final_shape/ball_overlay.mp4,4938446,.mp4,hardlink,15928aece41f205bdb84c1a315a9fb4abf248408ed7510777e24c39783365e96
results/ball_tracking_calibration/IMG_8166_seg3000/final_shape/ball_tracking.csv,repo_contents/results/ball_tracking_calibration/IMG_8166_seg3000/final_shape/ball_tracking.csv,11217,.csv,hardlink,a98100cb57791e059c5fd108a80b92c24d1031a04cb941e0367f78b525f73a42
results/ball_tracking_calibration/IMG_8166_seg3000/final_diff/ball_overlay.mp4,repo_contents/results/ball_tracking_calibration/IMG_8166_seg3000/final_diff/ball_overlay.mp4,4584108,.mp4,hardlink,87409497bdbf976d17e2b04ad0aa7756b19fa4794dfdae275607cfe515351b70
results/ball_tracking_calibration/IMG_8166_seg3000/final_diff/ball_tracking.csv,repo_contents/results/ball_tracking_calibration/IMG_8166_seg3000/final_diff/ball_tracking.csv,11069,.csv,hardlink,de55ca01142bdb8273700d1bf5623bb80be2cb25ca1c10b4220ac61ae4365c35
results/ball_tracking_calibration/IMG_8166_seg3000/final_hsv/ball_overlay.mp4,repo_contents/results/ball_tracking_calibration/IMG_8166_seg3000/final_hsv/ball_overlay.mp4,4657342,.mp4,hardlink,bc2370cb9ea1a8d3c818c27219fd369881b16c4ed457c49d7104fa7acbc460f2
results/ball_tracking_calibration/IMG_8166_seg3000/final_hsv/ball_tracking.csv,repo_contents/results/ball_tracking_calibration/IMG_8166_seg3000/final_hsv/ball_tracking.csv,11857,.csv,hardlink,87bd13829feecaa3c7058b34f049eaddfe1b81e075779a547f5f954a4e87fdd4
results/ball_tracking_calibration/IMG_8166_seg3000/final_hsv/debug_frames/frame_03180.png,repo_contents/results/ball_tracking_calibration/IMG_8166_seg3000/final_hsv/debug_frames/frame_03180.png,627999,.png,hardlink,63549fd398dac175b2004ed911ddd4cb56ff73dadee34e3898ff8c133c61493d
results/ball_tracking_calibration/IMG_8166_seg3000/final_hsv/debug_frames/frame_03150.png,repo_contents/results/ball_tracking_calibration/IMG_8166_seg3000/final_hsv/debug_frames/frame_03150.png,597945,.png,hardlink,f1e157100dc1bd7fd88a42fc9a3bd70f240d11b0f2281682b94f0e06612e4b03
results/ball_tracking_calibration/IMG_8166_seg3000/final_hsv/debug_frames/frame_03030.png,repo_contents/results/ball_tracking_calibration/IMG_8166_seg3000/final_hsv/debug_frames/frame_03030.png,590613,.png,hardlink,7ecd078f7bf87bc22bccb44c4ee4992fe488622b1e5335c6110e81fd8637947b
results/ball_tracking_calibration/IMG_8166_seg3000/final_hsv/debug_frames/frame_03120.png,repo_contents/results/ball_tracking_calibration/IMG_8166_seg3000/final_hsv/debug_frames/frame_03120.png,618590,.png,hardlink,bda0301245b019ba5c6ae2bfdc07c16ed77da41917b3a8c7f1fa4100f6e9c190
results/ball_tracking_calibration/IMG_8166_seg3000/final_hsv/debug_frames/frame_03090.png,repo_contents/results/ball_tracking_calibration/IMG_8166_seg3000/final_hsv/debug_frames/frame_03090.png,590511,.png,hardlink,1659e8820e5030f812efba9bc9f53f57db2768a2caed5d541fe0bbdec2a5a602
results/ball_tracking_calibration/IMG_8166_seg3000/final_hsv/debug_frames/frame_03060.png,repo_contents/results/ball_tracking_calibration/IMG_8166_seg3000/final_hsv/debug_frames/frame_03060.png,625859,.png,hardlink,6ac4685abc6479700040cb3bbb919fd70fd82123f55109e84845f868165b16ed
results/ball_tracking_calibration/IMG_8166_seg3000/final_hsv/debug_frames/frame_03000.png,repo_contents/results/ball_tracking_calibration/IMG_8166_seg3000/final_hsv/debug_frames/frame_03000.png,609436,.png,hardlink,0c62db1f8d3ddc1bbb0ea4286fde90cef2c42ba5e5e69b209281787181634c72
results/ball_tracking_calibration/IMG_8166_seg3000/final_hsv/debug_frames/frame_03210.png,repo_contents/results/ball_tracking_calibration/IMG_8166_seg3000/final_hsv/debug_frames/frame_03210.png,598679,.png,hardlink,b57f7aa0295e5a44f3ca48410c778393f29b72408016b1b139a52a497903b885
results/ball_tracking_calibration/IMG_8166_seg3000/final_diff/debug_frames/frame_03180.png,repo_contents/results/ball_tracking_calibration/IMG_8166_seg3000/final_diff/debug_frames/frame_03180.png,627353,.png,hardlink,d2c706275e6cd1ce678709fc55daa8677b9d20861dfa89bad0fc25cf77ed3b63
results/ball_tracking_calibration/IMG_8166_seg3000/final_diff/debug_frames/frame_03150.png,repo_contents/results/ball_tracking_calibration/IMG_8166_seg3000/final_diff/debug_frames/frame_03150.png,597611,.png,hardlink,21304447d11cc8e1eeb36331058ad3fd07989fa1cf093858c12bad9b91b5bec3
results/ball_tracking_calibration/IMG_8166_seg3000/final_diff/debug_frames/frame_03030.png,repo_contents/results/ball_tracking_calibration/IMG_8166_seg3000/final_diff/debug_frames/frame_03030.png,590356,.png,hardlink,cef7cf983abe856766fec90f4dd2e7f170acc71e03bd277544a318c88ed6ada2
results/ball_tracking_calibration/IMG_8166_seg3000/final_diff/debug_frames/frame_03120.png,repo_contents/results/ball_tracking_calibration/IMG_8166_seg3000/final_diff/debug_frames/frame_03120.png,618309,.png,hardlink,51f79474923291838dc211f13a1217ca1f089aa7943412a5dd1bce90742c6ecd
results/ball_tracking_calibration/IMG_8166_seg3000/final_diff/debug_frames/frame_03090.png,repo_contents/results/ball_tracking_calibration/IMG_8166_seg3000/final_diff/debug_frames/frame_03090.png,590199,.png,hardlink,fdd5a34475f8b422d02bd8229698a7e8426de57abfd236e07e9e3426aad45314
results/ball_tracking_calibration/IMG_8166_seg3000/final_diff/debug_frames/frame_03060.png,repo_contents/results/ball_tracking_calibration/IMG_8166_seg3000/final_diff/debug_frames/frame_03060.png,625618,.png,hardlink,33747760b4d222d9ff74391688f423145c136910ed884c4ee8002b600541e89c
results/ball_tracking_calibration/IMG_8166_seg3000/final_diff/debug_frames/frame_03000.png,repo_contents/results/ball_tracking_calibration/IMG_8166_seg3000/final_diff/debug_frames/frame_03000.png,608940,.png,hardlink,315319febc3372b201834738d5e11288cdff32c9fd2514450f79ac212b3bc0cb
results/ball_tracking_calibration/IMG_8166_seg3000/final_diff/debug_frames/frame_03210.png,repo_contents/results/ball_tracking_calibration/IMG_8166_seg3000/final_diff/debug_frames/frame_03210.png,598369,.png,hardlink,48ad5bbd0ac0a47e466b42c0f0ef8ee5b2f41f6e71a40b7d3ee62edaa180a743
results/ball_tracking_calibration/IMG_8166_seg3000/final_shape/debug_frames/frame_03180.png,repo_contents/results/ball_tracking_calibration/IMG_8166_seg3000/final_shape/debug_frames/frame_03180.png,640573,.png,hardlink,67b7dabf072d6c9abbba5a01f31095200557d4c607f2b1e34b966a0e50684eb2
results/ball_tracking_calibration/IMG_8166_seg3000/final_shape/debug_frames/frame_03150.png,repo_contents/results/ball_tracking_calibration/IMG_8166_seg3000/final_shape/debug_frames/frame_03150.png,610501,.png,hardlink,3631e373b732f308724b326746269ed2e4336517152ae135bf86b7a912a20e65
results/ball_tracking_calibration/IMG_8166_seg3000/final_shape/debug_frames/frame_03030.png,repo_contents/results/ball_tracking_calibration/IMG_8166_seg3000/final_shape/debug_frames/frame_03030.png,604700,.png,hardlink,b2036bef6bcc193cf3d43b932a22766999c26a851cda7ec8cddca1add17cac13
results/ball_tracking_calibration/IMG_8166_seg3000/final_shape/debug_frames/frame_03120.png,repo_contents/results/ball_tracking_calibration/IMG_8166_seg3000/final_shape/debug_frames/frame_03120.png,631274,.png,hardlink,6e255c2af5a8e66d7e2ce07a235fa1e29b5b1163afe2baad3360f82ab51dffbd
results/ball_tracking_calibration/IMG_8166_seg3000/final_shape/debug_frames/frame_03090.png,repo_contents/results/ball_tracking_calibration/IMG_8166_seg3000/final_shape/debug_frames/frame_03090.png,601433,.png,hardlink,fae101c750004fd6c1fda24374305b1895ff6526e05d919226b71b984105ab86
results/ball_tracking_calibration/IMG_8166_seg3000/final_shape/debug_frames/frame_03060.png,repo_contents/results/ball_tracking_calibration/IMG_8166_seg3000/final_shape/debug_frames/frame_03060.png,641086,.png,hardlink,8b0016f80012ae680ee84763a5a05b489e3f1513fc0aca8fdf0cd9f3af0bd4be
results/ball_tracking_calibration/IMG_8166_seg3000/final_shape/debug_frames/frame_03000.png,repo_contents/results/ball_tracking_calibration/IMG_8166_seg3000/final_shape/debug_frames/frame_03000.png,608940,.png,hardlink,315319febc3372b201834738d5e11288cdff32c9fd2514450f79ac212b3bc0cb
results/ball_tracking_calibration/IMG_8166_seg3000/final_shape/debug_frames/frame_03210.png,repo_contents/results/ball_tracking_calibration/IMG_8166_seg3000/final_shape/debug_frames/frame_03210.png,612407,.png,hardlink,d2cbe8d47bbdfc7da6bbc4009ba9bd47aaebbea374c93cb97fd1e79bbccdadb5
results/ball_tracking_calibration/IMG_8144/final_shape/ball_overlay.mp4,repo_contents/results/ball_tracking_calibration/IMG_8144/final_shape/ball_overlay.mp4,8769941,.mp4,hardlink,887302ca24d712a094a5f8e1a3521758daf4afe9cc300fb0d97bb3f266de3a60
results/ball_tracking_calibration/IMG_8144/final_shape/ball_tracking.csv,repo_contents/results/ball_tracking_calibration/IMG_8144/final_shape/ball_tracking.csv,18456,.csv,hardlink,0edb599326019f478d78391c95a3945a36b2f2f284650ab9faa10bbe7ba65055
results/ball_tracking_calibration/IMG_8144/final_diff/ball_overlay.mp4,repo_contents/results/ball_tracking_calibration/IMG_8144/final_diff/ball_overlay.mp4,8806644,.mp4,hardlink,5f2a4e331377b856c12e44229f615a49295df03460c111ed44206c45aaed03f5
results/ball_tracking_calibration/IMG_8144/final_diff/ball_tracking.csv,repo_contents/results/ball_tracking_calibration/IMG_8144/final_diff/ball_tracking.csv,18417,.csv,hardlink,a78645e4b88ad46f370d5aad5ebbf0e372e2df66247f9da6da3683a7d571589c
results/ball_tracking_calibration/IMG_8144/hsv_debug/ball_overlay.mp4,repo_contents/results/ball_tracking_calibration/IMG_8144/hsv_debug/ball_overlay.mp4,8393017,.mp4,hardlink,23f07a3cb78809584dc2f07efc36fdad00603046fae394ea2e33e5d8b6d30793
results/ball_tracking_calibration/IMG_8144/hsv_debug/ball_tracking.csv,repo_contents/results/ball_tracking_calibration/IMG_8144/hsv_debug/ball_tracking.csv,19308,.csv,hardlink,c6ec0fac2d5d56e1d3c6a50df26fb494133d879dfde87bd51e70b2878965ae98
results/ball_tracking_calibration/IMG_8144/diff_tighter/ball_overlay.mp4,repo_contents/results/ball_tracking_calibration/IMG_8144/diff_tighter/ball_overlay.mp4,8759058,.mp4,hardlink,a0c04b158765d5cc4e2f9e598e11685166cdc9c7dd7e55508a6ad2671980222d
results/ball_tracking_calibration/IMG_8144/diff_tighter/ball_tracking.csv,repo_contents/results/ball_tracking_calibration/IMG_8144/diff_tighter/ball_tracking.csv,19018,.csv,hardlink,56c3e3ba5af7eee6c41a5d03acd5facbb3a5dbb090306ea8ce5e9f1e2954f6c7
results/ball_tracking_calibration/IMG_8144/shape_strict/ball_overlay.mp4,repo_contents/results/ball_tracking_calibration/IMG_8144/shape_strict/ball_overlay.mp4,8766698,.mp4,hardlink,102a623ffea91365fed3ac4b0f584f634a6108541ba4d09048f58fd49bbff8f8
results/ball_tracking_calibration/IMG_8144/shape_strict/ball_tracking.csv,repo_contents/results/ball_tracking_calibration/IMG_8144/shape_strict/ball_tracking.csv,18107,.csv,hardlink,be2f35f4ad36c96ebf5244f72b6599b3a4b8f1dcaed50366cf1b56256d4c76e7
results/ball_tracking_calibration/IMG_8144/shape_strict/debug_frames/frame_00270.png,repo_contents/results/ball_tracking_calibration/IMG_8144/shape_strict/debug_frames/frame_00270.png,610417,.png,hardlink,33e1bc17cd96051533fa908f0a11a2c39b84b929466a3ba01445fb947fd0738c
results/ball_tracking_calibration/IMG_8144/shape_strict/debug_frames/frame_00300.png,repo_contents/results/ball_tracking_calibration/IMG_8144/shape_strict/debug_frames/frame_00300.png,607237,.png,hardlink,aa0fba7b6b6f4d16bd31ef1da8e5c449eb0c482e7c0635332cb64d3e811cd1db
results/ball_tracking_calibration/IMG_8144/shape_strict/debug_frames/frame_00060.png,repo_contents/results/ball_tracking_calibration/IMG_8144/shape_strict/debug_frames/frame_00060.png,592709,.png,hardlink,24a4c12481f3f79ce977496203ffba6385352b2f484a1680365c223cd1cbf36b
results/ball_tracking_calibration/IMG_8144/shape_strict/debug_frames/frame_00210.png,repo_contents/results/ball_tracking_calibration/IMG_8144/shape_strict/debug_frames/frame_00210.png,611938,.png,hardlink,64790913fd79ed839d85551e77a2abf116df1b167b4414758f45b7b8924627bc
results/ball_tracking_calibration/IMG_8144/shape_strict/debug_frames/frame_00000.png,repo_contents/results/ball_tracking_calibration/IMG_8144/shape_strict/debug_frames/frame_00000.png,536020,.png,hardlink,9728f0182bc1b37c3de64359bde5769caf3db50c675054da6fac4c3ea02a4edc
results/ball_tracking_calibration/IMG_8144/shape_strict/debug_frames/frame_00360.png,repo_contents/results/ball_tracking_calibration/IMG_8144/shape_strict/debug_frames/frame_00360.png,595528,.png,hardlink,45a7aad93e056124e9cb65c7f02a8bd18e34a1a0d4be79444ba66ebbb64be905
results/ball_tracking_calibration/IMG_8144/shape_strict/debug_frames/frame_00030.png,repo_contents/results/ball_tracking_calibration/IMG_8144/shape_strict/debug_frames/frame_00030.png,597651,.png,hardlink,b895ad7fd34283a0031b11dc39b90cdf216b105948877e9a7b680eaa76b5fb78
results/ball_tracking_calibration/IMG_8144/shape_strict/debug_frames/frame_00150.png,repo_contents/results/ball_tracking_calibration/IMG_8144/shape_strict/debug_frames/frame_00150.png,610854,.png,hardlink,386d06dea61edb281f204a3a53420791c88315482c180d17dd0dc01b15ceb146
results/ball_tracking_calibration/IMG_8144/shape_strict/debug_frames/frame_00180.png,repo_contents/results/ball_tracking_calibration/IMG_8144/shape_strict/debug_frames/frame_00180.png,606709,.png,hardlink,b213342f29d80690cb7c4e35102a41f03e4b0299d6b541f3c126ad0c7261c1e8
results/ball_tracking_calibration/IMG_8144/shape_strict/debug_frames/frame_00090.png,repo_contents/results/ball_tracking_calibration/IMG_8144/shape_strict/debug_frames/frame_00090.png,613025,.png,hardlink,445c057b175f4f74498db9f94be96638f1cacd644bb502ea5f7a8bce1e89e0ca
results/ball_tracking_calibration/IMG_8144/shape_strict/debug_frames/frame_00330.png,repo_contents/results/ball_tracking_calibration/IMG_8144/shape_strict/debug_frames/frame_00330.png,600100,.png,hardlink,fa17c379589c2238c5ddff0b54e1e915300349f1024589556ff31b03e247cd02
results/ball_tracking_calibration/IMG_8144/shape_strict/debug_frames/frame_00240.png,repo_contents/results/ball_tracking_calibration/IMG_8144/shape_strict/debug_frames/frame_00240.png,596788,.png,hardlink,6ed4d3ab2784f9a4832f776f6183de25715c9243cb5775127a1ef4d6fab9949f
results/ball_tracking_calibration/IMG_8144/shape_strict/debug_frames/frame_00120.png,repo_contents/results/ball_tracking_calibration/IMG_8144/shape_strict/debug_frames/frame_00120.png,593046,.png,hardlink,af0afb9e33675e2482f03a58500b7a28c342d95d1e5d533ec3c5a87036ae866a
results/ball_tracking_calibration/IMG_8144/diff_tighter/debug_frames/frame_00270.png,repo_contents/results/ball_tracking_calibration/IMG_8144/diff_tighter/debug_frames/frame_00270.png,600715,.png,hardlink,1f4b218ffaa4f4dab13b76ba44c31dc81cf723856e5aa4e4779dc8875bf853b2
results/ball_tracking_calibration/IMG_8144/diff_tighter/debug_frames/frame_00300.png,repo_contents/results/ball_tracking_calibration/IMG_8144/diff_tighter/debug_frames/frame_00300.png,594894,.png,hardlink,a0b0c14fa65121c0a434bb8d13c818be60fa585ed856bd6057a05ff33550f0a6
results/ball_tracking_calibration/IMG_8144/diff_tighter/debug_frames/frame_00060.png,repo_contents/results/ball_tracking_calibration/IMG_8144/diff_tighter/debug_frames/frame_00060.png,581925,.png,hardlink,65fc640046f462ee78c5c1beb76209a10d79ed805336e921dfdbfdd90d6f6514
results/ball_tracking_calibration/IMG_8144/diff_tighter/debug_frames/frame_00210.png,repo_contents/results/ball_tracking_calibration/IMG_8144/diff_tighter/debug_frames/frame_00210.png,599573,.png,hardlink,ce2e971192da5df84407bfe2d413ff159ae8399e034c90fc7afa7d5374b7a060
results/ball_tracking_calibration/IMG_8144/diff_tighter/debug_frames/frame_00000.png,repo_contents/results/ball_tracking_calibration/IMG_8144/diff_tighter/debug_frames/frame_00000.png,538018,.png,hardlink,68834acf7e145fba97812f837d643f2cdc76d9fab75fcdf3d17cd627d8bda2f5
results/ball_tracking_calibration/IMG_8144/diff_tighter/debug_frames/frame_00360.png,repo_contents/results/ball_tracking_calibration/IMG_8144/diff_tighter/debug_frames/frame_00360.png,586395,.png,hardlink,1c970008b939c6a2ca0892a8bbd09459f695cde9e85df6a44ad2cb56b113a33f
results/ball_tracking_calibration/IMG_8144/diff_tighter/debug_frames/frame_00030.png,repo_contents/results/ball_tracking_calibration/IMG_8144/diff_tighter/debug_frames/frame_00030.png,590030,.png,hardlink,755013a7840622b93e9141ac4a010ce53f137e7051caa48a7008685b8db01978
results/ball_tracking_calibration/IMG_8144/diff_tighter/debug_frames/frame_00150.png,repo_contents/results/ball_tracking_calibration/IMG_8144/diff_tighter/debug_frames/frame_00150.png,598111,.png,hardlink,0f16b24e2e4cf50f3512e06bcb4ada661ba5caf3fe761e9c7ed6db188ab16d56
results/ball_tracking_calibration/IMG_8144/diff_tighter/debug_frames/frame_00180.png,repo_contents/results/ball_tracking_calibration/IMG_8144/diff_tighter/debug_frames/frame_00180.png,594306,.png,hardlink,6e3d28bff1a6d9bafd6ca255c55ac1fa7ce631a70a008a3dbae64ac29978860a
results/ball_tracking_calibration/IMG_8144/diff_tighter/debug_frames/frame_00090.png,repo_contents/results/ball_tracking_calibration/IMG_8144/diff_tighter/debug_frames/frame_00090.png,604033,.png,hardlink,81ac2370247daf589bfa6f9a81ea584cad2bae82871ab63d6522d27f8f7b4c6d
results/ball_tracking_calibration/IMG_8144/diff_tighter/debug_frames/frame_00330.png,repo_contents/results/ball_tracking_calibration/IMG_8144/diff_tighter/debug_frames/frame_00330.png,590645,.png,hardlink,a8ffdf4503ab9f0221645903ecd2a5ceb2ebb77fc80a1177cb0be25f05a7aa52
results/ball_tracking_calibration/IMG_8144/diff_tighter/debug_frames/frame_00240.png,repo_contents/results/ball_tracking_calibration/IMG_8144/diff_tighter/debug_frames/frame_00240.png,585655,.png,hardlink,515aa8fc8eb32c67bdafe47b6ead275000f53df6330d27392db3006e1323b309
results/ball_tracking_calibration/IMG_8144/diff_tighter/debug_frames/frame_00120.png,repo_contents/results/ball_tracking_calibration/IMG_8144/diff_tighter/debug_frames/frame_00120.png,580358,.png,hardlink,128890fb5f493ac7c78339a3c5c51ed73b6d42008b673038a982b8529c6cedb1
results/ball_tracking_calibration/IMG_8144/hsv_debug/debug_frames/frame_00270.png,repo_contents/results/ball_tracking_calibration/IMG_8144/hsv_debug/debug_frames/frame_00270.png,610109,.png,hardlink,fd29bdaeecabb003c20e87d0472b7ca3d16bf647b5b7c05aea10fd46ca51ffd0
results/ball_tracking_calibration/IMG_8144/hsv_debug/debug_frames/frame_00300.png,repo_contents/results/ball_tracking_calibration/IMG_8144/hsv_debug/debug_frames/frame_00300.png,601149,.png,hardlink,d325972df8e1849d1b8180b6aac636b5f6e524a5e3cb1589b1f44e40ad88a41b
results/ball_tracking_calibration/IMG_8144/hsv_debug/debug_frames/frame_00060.png,repo_contents/results/ball_tracking_calibration/IMG_8144/hsv_debug/debug_frames/frame_00060.png,589671,.png,hardlink,a624dff9e7212d98f2732e2688f278ffe54e01b2c8c9ac6bb5f2f047b53a0ba6
results/ball_tracking_calibration/IMG_8144/hsv_debug/debug_frames/frame_00210.png,repo_contents/results/ball_tracking_calibration/IMG_8144/hsv_debug/debug_frames/frame_00210.png,605967,.png,hardlink,21c3a46c1de2030f8486c5f7f93b26e358af0a3f3e2629250b8a59812bb90e76
results/ball_tracking_calibration/IMG_8144/hsv_debug/debug_frames/frame_00000.png,repo_contents/results/ball_tracking_calibration/IMG_8144/hsv_debug/debug_frames/frame_00000.png,537836,.png,hardlink,2f4ae3d0fba08ddc9776d93addc807785f771ddc9e94359991e002691230be35
results/ball_tracking_calibration/IMG_8144/hsv_debug/debug_frames/frame_00360.png,repo_contents/results/ball_tracking_calibration/IMG_8144/hsv_debug/debug_frames/frame_00360.png,589687,.png,hardlink,847a91bb4395a958eb26b575973ecfc010eee2b92bdd48c2d951440769d6564b
results/ball_tracking_calibration/IMG_8144/hsv_debug/debug_frames/frame_00030.png,repo_contents/results/ball_tracking_calibration/IMG_8144/hsv_debug/debug_frames/frame_00030.png,597327,.png,hardlink,b0743848da3ef200cc853dfcc129337ffe358793386be5d28bfc1cb317208de7
results/ball_tracking_calibration/IMG_8144/hsv_debug/debug_frames/frame_00150.png,repo_contents/results/ball_tracking_calibration/IMG_8144/hsv_debug/debug_frames/frame_00150.png,602184,.png,hardlink,88e9bc0b7adf637cd9b97d71ce27098fe1836b93d9e6c2e518b65e043d5d6421
results/ball_tracking_calibration/IMG_8144/hsv_debug/debug_frames/frame_00180.png,repo_contents/results/ball_tracking_calibration/IMG_8144/hsv_debug/debug_frames/frame_00180.png,597141,.png,hardlink,eff6e27a65b5194839b6eb531ce691281c536f5cfcd4f5ffd782b4c87344d9f4
results/ball_tracking_calibration/IMG_8144/hsv_debug/debug_frames/frame_00090.png,repo_contents/results/ball_tracking_calibration/IMG_8144/hsv_debug/debug_frames/frame_00090.png,612677,.png,hardlink,74be3aa149b1f9a10602bb0a951b737c1dd6c1a25c962351f83b67fc92523c49
results/ball_tracking_calibration/IMG_8144/hsv_debug/debug_frames/frame_00330.png,repo_contents/results/ball_tracking_calibration/IMG_8144/hsv_debug/debug_frames/frame_00330.png,594775,.png,hardlink,0bedeeceecf6c796eb67fa97194b34549eb7b96b4167e173f49f65dd05f093ca
results/ball_tracking_calibration/IMG_8144/hsv_debug/debug_frames/frame_00240.png,repo_contents/results/ball_tracking_calibration/IMG_8144/hsv_debug/debug_frames/frame_00240.png,591842,.png,hardlink,cd48190fff28718b5f2de1dd9efe789dd3f2ededb66035bb505dcb580440cbc2
results/ball_tracking_calibration/IMG_8144/hsv_debug/debug_frames/frame_00120.png,repo_contents/results/ball_tracking_calibration/IMG_8144/hsv_debug/debug_frames/frame_00120.png,586655,.png,hardlink,43ed18d29c55c011a9724bc590ca68bfe2697dfd367df46d71bcb3d3c8506904
results/ball_tracking_calibration/IMG_8144/final_diff/debug_frames/frame_00270.png,repo_contents/results/ball_tracking_calibration/IMG_8144/final_diff/debug_frames/frame_00270.png,598777,.png,hardlink,8992f4ea3a59e7278a380057fa0a78bad1b0f550c161ac402d4f5b0749bd6ee1
results/ball_tracking_calibration/IMG_8144/final_diff/debug_frames/frame_00300.png,repo_contents/results/ball_tracking_calibration/IMG_8144/final_diff/debug_frames/frame_00300.png,590317,.png,hardlink,2aa8557c23e881313ea6dcbf08ad2af6aaa4b4e3638c74e2a2774095639a15e7
results/ball_tracking_calibration/IMG_8144/final_diff/debug_frames/frame_00060.png,repo_contents/results/ball_tracking_calibration/IMG_8144/final_diff/debug_frames/frame_00060.png,581352,.png,hardlink,6c909d57de1e7475b00af04c32913054eb4b563dcdfe5d47427080033dabc526
results/ball_tracking_calibration/IMG_8144/final_diff/debug_frames/frame_00210.png,repo_contents/results/ball_tracking_calibration/IMG_8144/final_diff/debug_frames/frame_00210.png,595494,.png,hardlink,22673c494a7e1889aac34ecaf5eb0db3a7e80ff6e1334d5a7efc46805a1eab19
results/ball_tracking_calibration/IMG_8144/final_diff/debug_frames/frame_00000.png,repo_contents/results/ball_tracking_calibration/IMG_8144/final_diff/debug_frames/frame_00000.png,528828,.png,hardlink,fe9825f77b0739b7ecf7b41e3f4f6fe99c1f962f342906544bf309cda233fafd
results/ball_tracking_calibration/IMG_8144/final_diff/debug_frames/frame_00360.png,repo_contents/results/ball_tracking_calibration/IMG_8144/final_diff/debug_frames/frame_00360.png,580681,.png,hardlink,d0f0094bc422aad2e033b4b33c7215354d455a71abb0b6cef5f6017f1cd8832f
results/ball_tracking_calibration/IMG_8144/final_diff/debug_frames/frame_00030.png,repo_contents/results/ball_tracking_calibration/IMG_8144/final_diff/debug_frames/frame_00030.png,589361,.png,hardlink,86dcb6168868ba5016591b0f10693bb0ec513642e964bcee120d7cb71bfca742
results/ball_tracking_calibration/IMG_8144/final_diff/debug_frames/frame_00150.png,repo_contents/results/ball_tracking_calibration/IMG_8144/final_diff/debug_frames/frame_00150.png,594498,.png,hardlink,db322e24958f106006f0742b909fcb0508858bb953476f1ae89223ae95019ea4
results/ball_tracking_calibration/IMG_8144/final_diff/debug_frames/frame_00180.png,repo_contents/results/ball_tracking_calibration/IMG_8144/final_diff/debug_frames/frame_00180.png,588482,.png,hardlink,1b3bfe4f56e79ddcf00b5e17aac150e3d46b45d1ac063d3e8bf9953172aabb15
results/ball_tracking_calibration/IMG_8144/final_diff/debug_frames/frame_00090.png,repo_contents/results/ball_tracking_calibration/IMG_8144/final_diff/debug_frames/frame_00090.png,602933,.png,hardlink,3efd04c32fb015d1c9e80d159626b72e619e14c7a2cdbb4a6d4ca7b1494f9fc0
results/ball_tracking_calibration/IMG_8144/final_diff/debug_frames/frame_00330.png,repo_contents/results/ball_tracking_calibration/IMG_8144/final_diff/debug_frames/frame_00330.png,584538,.png,hardlink,208bfccecc45b12ecf47dd72c71bfa3df1511e532df03114b58c81b0b85e1119
results/ball_tracking_calibration/IMG_8144/final_diff/debug_frames/frame_00240.png,repo_contents/results/ball_tracking_calibration/IMG_8144/final_diff/debug_frames/frame_00240.png,581266,.png,hardlink,5de797a479530b84bb4108a3ce8c5a630a731ae7bd992aa16c88a184ec9d0726
results/ball_tracking_calibration/IMG_8144/final_diff/debug_frames/frame_00120.png,repo_contents/results/ball_tracking_calibration/IMG_8144/final_diff/debug_frames/frame_00120.png,578231,.png,hardlink,80bbd95399f1ad9fc09cfb813d7cef7f40609341cdd60d5d9d4d7d9f4544df6b
results/ball_tracking_calibration/IMG_8144/final_shape/debug_frames/frame_00270.png,repo_contents/results/ball_tracking_calibration/IMG_8144/final_shape/debug_frames/frame_00270.png,615071,.png,hardlink,fb0e34f44331b530d46526c918d3ad658597b564764de28226a3ef5e73e568ea
results/ball_tracking_calibration/IMG_8144/final_shape/debug_frames/frame_00300.png,repo_contents/results/ball_tracking_calibration/IMG_8144/final_shape/debug_frames/frame_00300.png,611125,.png,hardlink,0a8cf96bf5795e4b86ee699ebaa2101df08ad5c1e67c63b2f1154099b80a63cf
results/ball_tracking_calibration/IMG_8144/final_shape/debug_frames/frame_00060.png,repo_contents/results/ball_tracking_calibration/IMG_8144/final_shape/debug_frames/frame_00060.png,594875,.png,hardlink,4cf9727ac5bab6b05c60fda4140194bce8136b295d5222229094b86e2fb53978
results/ball_tracking_calibration/IMG_8144/final_shape/debug_frames/frame_00210.png,repo_contents/results/ball_tracking_calibration/IMG_8144/final_shape/debug_frames/frame_00210.png,615784,.png,hardlink,61158d5d30d68005ec2c3da2ee2f7cc69ddd3d03c1358a75038cdf38630f5ad2
results/ball_tracking_calibration/IMG_8144/final_shape/debug_frames/frame_00000.png,repo_contents/results/ball_tracking_calibration/IMG_8144/final_shape/debug_frames/frame_00000.png,528828,.png,hardlink,fe9825f77b0739b7ecf7b41e3f4f6fe99c1f962f342906544bf309cda233fafd
results/ball_tracking_calibration/IMG_8144/final_shape/debug_frames/frame_00360.png,repo_contents/results/ball_tracking_calibration/IMG_8144/final_shape/debug_frames/frame_00360.png,601180,.png,hardlink,ffc8d070b9769d91ca7c58f8850a60dd135e5f244606e9411d9987c4e9f3c521
results/ball_tracking_calibration/IMG_8144/final_shape/debug_frames/frame_00030.png,repo_contents/results/ball_tracking_calibration/IMG_8144/final_shape/debug_frames/frame_00030.png,599089,.png,hardlink,40efa4f7273cc78c6ab25108604af1ae75d1f1ea13aa8fc7e59d844bec3d5e72
results/ball_tracking_calibration/IMG_8144/final_shape/debug_frames/frame_00150.png,repo_contents/results/ball_tracking_calibration/IMG_8144/final_shape/debug_frames/frame_00150.png,614551,.png,hardlink,8a0379d2228c3aa1a91115cd2fdfc92a1654addd3a6f84071dbf210c555d0f62
results/ball_tracking_calibration/IMG_8144/final_shape/debug_frames/frame_00180.png,repo_contents/results/ball_tracking_calibration/IMG_8144/final_shape/debug_frames/frame_00180.png,610506,.png,hardlink,eb9ce212c263d8973ce25ab44a97edd66f0530e2cf2fac86efc9611920ed1503
results/ball_tracking_calibration/IMG_8144/final_shape/debug_frames/frame_00090.png,repo_contents/results/ball_tracking_calibration/IMG_8144/final_shape/debug_frames/frame_00090.png,614947,.png,hardlink,75224b5b8f2eb8f6075a433acd4b57549fc6a0e9a801891d96794533ee6001a2
results/ball_tracking_calibration/IMG_8144/final_shape/debug_frames/frame_00330.png,repo_contents/results/ball_tracking_calibration/IMG_8144/final_shape/debug_frames/frame_00330.png,604551,.png,hardlink,e0c94015f5189f287bf42577ca6ef6b9cff198dcb06897ae2d93a38c215c118a
results/ball_tracking_calibration/IMG_8144/final_shape/debug_frames/frame_00240.png,repo_contents/results/ball_tracking_calibration/IMG_8144/final_shape/debug_frames/frame_00240.png,600274,.png,hardlink,d0d509cc852f24dc8e5685b42ca2d4e7d43de17f398816d0c0798eb1e8cff60b
results/ball_tracking_calibration/IMG_8144/final_shape/debug_frames/frame_00120.png,repo_contents/results/ball_tracking_calibration/IMG_8144/final_shape/debug_frames/frame_00120.png,596603,.png,hardlink,dada846ad731e61bee2d375816ba9779b40147334753eed63664fcdf23e0adb5
experiments/configs/court_reg_v3.yaml,repo_contents/experiments/configs/court_reg_v3.yaml,1836,.yaml,hardlink,997248bfdcef1603bcba296d85aa2ccfa7a2c622584ba0acfb32d53f2274d8db
experiments/configs/sim_v1.yaml,repo_contents/experiments/configs/sim_v1.yaml,350,.yaml,hardlink,6b4791a4df5cf6977b60b201e8120c6e652fa516c050b3431f25adb9390632a7
experiments/configs/court_reg_v2.yaml,repo_contents/experiments/configs/court_reg_v2.yaml,803,.yaml,hardlink,f8196bbef823a162f21f3e06e0b67c427176fdea6e7cac573a682615c2555e01
experiments/configs/court_reg_v1.yaml,repo_contents/experiments/configs/court_reg_v1.yaml,761,.yaml,hardlink,c4c4afb276a9e75bf6d1130e07bfcb1a7c412e6ff37b5e52875cc6b11a2f34ac
experiments/configs/demo_pipeline.yaml,repo_contents/experiments/configs/demo_pipeline.yaml,10180,.yaml,hardlink,ab39dc7ea9a7f9163a88f0f5bd424bfe7f69384bdc3c7bac6ff2d9f3f74cafd4
misc/ball_analysis/frame_00273.jpg,repo_contents/misc/ball_analysis/frame_00273.jpg,145729,.jpg,hardlink,97b9a1a7aec44680616cb9d45591e4ed59435d2f7e15e108b49378a324cc520f
misc/ball_analysis/IMG_8144_frame_00165.jpg,repo_contents/misc/ball_analysis/IMG_8144_frame_00165.jpg,118592,.jpg,hardlink,97a90659a9500b75226558b5c57ba984631d5282f5e72afffe3a11d552cbff1f
misc/ball_analysis/frame_01780.jpg,repo_contents/misc/ball_analysis/frame_01780.jpg,143249,.jpg,hardlink,b930182206bdf57694545d25dac4f241ab75c31fd78a58654c50d531362e9dea
misc/ball_analysis/frame_01232.jpg,repo_contents/misc/ball_analysis/frame_01232.jpg,145681,.jpg,hardlink,6e3b89ccfc22714e4bb31fa6c0e7b4479e561d231f75487b8a105dbcbc1bc424
misc/ball_analysis/bright_00683.jpg,repo_contents/misc/ball_analysis/bright_00683.jpg,165132,.jpg,hardlink,144fc47d96d944e61bc532b371ce685436009fe4a3c21beb0b9b2df9a2d5577f
misc/ball_analysis/IMG_8166_frame_15898.jpg,repo_contents/misc/ball_analysis/IMG_8166_frame_15898.jpg,127067,.jpg,hardlink,3f47535010cad95ef5d19977b641660eb0c6ff3167ab63a1ffde76614a7db9aa
misc/ball_analysis/frame_01369.jpg,repo_contents/misc/ball_analysis/frame_01369.jpg,145939,.jpg,hardlink,e43e779c60f330bb2019d368b78d5a33557be208236088167afbe8cde5dfc895
misc/ball_analysis/IMG_8144_frame_00000.jpg,repo_contents/misc/ball_analysis/IMG_8144_frame_00000.jpg,111942,.jpg,hardlink,afafbb15942fefe83125e3c6914b4332de27d712472dd2b83b174a5c9b74d414
misc/ball_analysis/bright_00136.jpg,repo_contents/misc/ball_analysis/bright_00136.jpg,165873,.jpg,hardlink,19a197850bf573ccc0cf2f0394acc1e1e63e90a7dbdd2a224b3fca3f795ea711
misc/ball_analysis/IMG_8166_frame_31797.jpg,repo_contents/misc/ball_analysis/IMG_8166_frame_31797.jpg,129604,.jpg,hardlink,940a079efb22fa1de09eac69a50811adb0ee34593a7818d5222c365b700c70be
misc/ball_analysis/IMG_8166_frame_10599.jpg,repo_contents/misc/ball_analysis/IMG_8166_frame_10599.jpg,125404,.jpg,hardlink,a6a55932f79e757db78d25feac430202b90536077b9cc391b257062e53497fa5
misc/ball_analysis/frame_01643.jpg,repo_contents/misc/ball_analysis/frame_01643.jpg,144342,.jpg,hardlink,9701e3ba6cc637faa792020502e438f5015309d2e4be829f2c50834ddf6315b0
misc/ball_analysis/IMG_8144_frame_00110.jpg,repo_contents/misc/ball_analysis/IMG_8144_frame_00110.jpg,120332,.jpg,hardlink,faf0e244d2788665ff89d063b0e5edcf8afbfb7b6d652d171684621cab83ed64
misc/ball_analysis/frame_00000.jpg,repo_contents/misc/ball_analysis/frame_00000.jpg,135480,.jpg,hardlink,08e5636bf1df4ad5ce396b75627d2208370d323cbec612e8be32c14f04e77e39
misc/ball_analysis/IMG_8166_frame_00000.jpg,repo_contents/misc/ball_analysis/IMG_8166_frame_00000.jpg,110922,.jpg,hardlink,656e72d710ddac1b178c04fced3598472e3dd73264e6eeb0d74f1b1e1c55c3ce
misc/ball_analysis/frame_00821.jpg,repo_contents/misc/ball_analysis/frame_00821.jpg,144922,.jpg,hardlink,e6a9b82b698440639a7f8687b3f7f25a9c33c5bcb7fc4b54d627b2ed212aa4ab
misc/ball_analysis/frame_00410.jpg,repo_contents/misc/ball_analysis/frame_00410.jpg,145595,.jpg,hardlink,030d5ab2c217b3e9b60bad6bbe72933a04a0c74228cec9decfeea874e039b0b2
misc/ball_analysis/IMG_8166_frame_37097.jpg,repo_contents/misc/ball_analysis/IMG_8166_frame_37097.jpg,125801,.jpg,hardlink,3bb3a321664dfc909c6fd99baeb4d919d5aa5ac6b30e72454de6819c53fd9b46
misc/ball_analysis/IMG_8144_frame_00275.jpg,repo_contents/misc/ball_analysis/IMG_8144_frame_00275.jpg,121292,.jpg,hardlink,04cfac07ca7154e3588b503ac93768b272c259358bb102a1732ef96ff2460bd8
misc/ball_analysis/frame_01095.jpg,repo_contents/misc/ball_analysis/frame_01095.jpg,144358,.jpg,hardlink,b53b157d5f01b7bf4f322f445959cb24b4ce640a7067899f1c7496a938d477c6
misc/ball_analysis/frame_01917.jpg,repo_contents/misc/ball_analysis/frame_01917.jpg,144471,.jpg,hardlink,66a8e1ca66fc7d18e4b5bfaac1f18dba5f42667e1a2fdf284afbc9458c7316c0
misc/ball_analysis/IMG_8144_frame_00330.jpg,repo_contents/misc/ball_analysis/IMG_8144_frame_00330.jpg,117914,.jpg,hardlink,162296e24ea2b968d1cae12f3fa1474cdac50246b075c3ef41dae133e0404815
misc/ball_analysis/frame_00958.jpg,repo_contents/misc/ball_analysis/frame_00958.jpg,146692,.jpg,hardlink,19db42039641b7233d02a7a584ed1ea141819d567d2ec5caea8b1f6526568888
misc/ball_analysis/IMG_8144_frame_00055.jpg,repo_contents/misc/ball_analysis/IMG_8144_frame_00055.jpg,118868,.jpg,hardlink,5e796c4158dd17b86a2f6f47d33839082114ec2e6c684a8eb228584d80462bd6
misc/ball_analysis/bright_00956.jpg,repo_contents/misc/ball_analysis/bright_00956.jpg,167114,.jpg,hardlink,d5a461839a71531711fede5b18a25dd5893fa131a959399f70bc500dbc346de5
misc/ball_analysis/bright_00410.jpg,repo_contents/misc/ball_analysis/bright_00410.jpg,164124,.jpg,hardlink,a7f76f293f6c1d99c29fcd1dce55b69d18aa4c2c5b477f4bc1b43c94e9d1326b
misc/ball_analysis/IMG_8166_frame_21198.jpg,repo_contents/misc/ball_analysis/IMG_8166_frame_21198.jpg,125039,.jpg,hardlink,05a53cce4df4d939a51f6595b73d2f7bcef264cbfb72a3dcf3d293eb2cb29c3c
misc/ball_analysis/bright_00000.jpg,repo_contents/misc/ball_analysis/bright_00000.jpg,151968,.jpg,hardlink,2df847085bbcd2a2ebb5520afdd415f3d0d7106ecaec48160ca6a66e3ebf01c0
misc/ball_analysis/frame_01506.jpg,repo_contents/misc/ball_analysis/frame_01506.jpg,146415,.jpg,hardlink,56656f81de13fad80c7d3932a11d75b11bf52625b7c691dbb4706a36dcbede72
misc/ball_analysis/frame_00547.jpg,repo_contents/misc/ball_analysis/frame_00547.jpg,142666,.jpg,hardlink,1d82f7ee366a809728adc7d8d4d8b7d15e6b8d0de54028b28db5ee33d86aba4c
misc/ball_analysis/frame_02054.jpg,repo_contents/misc/ball_analysis/frame_02054.jpg,103158,.jpg,hardlink,b49d63ce368a200ae80d8554ae3800b0f39782cc098667071d246a97e4549963
misc/ball_analysis/IMG_8144_frame_00386.jpg,repo_contents/misc/ball_analysis/IMG_8144_frame_00386.jpg,118554,.jpg,hardlink,d27c94b63fbaffca60ef3cfe8cc05863c6e76949fbcc7f980f3c2626bdb46105
misc/ball_analysis/bright_00273.jpg,repo_contents/misc/ball_analysis/bright_00273.jpg,162213,.jpg,hardlink,8e1ee8d5a7da9c356f14507cd5fcc106301156507385c695e1b3d5cc76137c49
misc/ball_analysis/IMG_8144_frame_00220.jpg,repo_contents/misc/ball_analysis/IMG_8144_frame_00220.jpg,122178,.jpg,hardlink,62b6d82a6241f31204e7934e180846e19b786baa6096c7dbcafad72a5463aa97
misc/ball_analysis/frame_00136.jpg,repo_contents/misc/ball_analysis/frame_00136.jpg,148581,.jpg,hardlink,5863ebc026a13dbfdb9cd51792291b70d1975459fecc568113dd75077e60f51c
misc/ball_analysis/frame_00684.jpg,repo_contents/misc/ball_analysis/frame_00684.jpg,148296,.jpg,hardlink,d4d1e15fc40b5e2ab82a403130faca05a90c1161f41e1b46f3ed1f770c9b4191
misc/ball_analysis/IMG_8166_frame_05299.jpg,repo_contents/misc/ball_analysis/IMG_8166_frame_05299.jpg,128514,.jpg,hardlink,c0ad0962a84d95b69c946613e2e647606fd17def96700b9b770ec1c5bffa8d22
misc/ball_analysis/IMG_8166_frame_26497.jpg,repo_contents/misc/ball_analysis/IMG_8166_frame_26497.jpg,124569,.jpg,hardlink,dee73b524da0d1674720bf8700a3776f88ac1f13dd4d5d33a45753e04bddf184
misc/ball_test/debug_mask_f5.png,repo_contents/misc/ball_test/debug_mask_f5.png,14479,.png,hardlink,e3f526496d90621fd26659799ef6c5ffb1b795de848e04b3c8c9cf77cd433cbf
misc/ball_test/ball_tracking.csv,repo_contents/misc/ball_test/ball_tracking.csv,9106,.csv,hardlink,8f927a9308e0135cebe1d07e36d3290469f7e42829e0ac911bcf04b054ca7bc2
misc/ball_test/debug_all_candidates_f5.png,repo_contents/misc/ball_test/debug_all_candidates_f5.png,604382,.png,hardlink,cddb2534c1c1396bfc0de61f5d5fc6a9120f39b8e122d0a8bbaa315cfa5ea753
misc/export_for_chatgpt/repo_tree.txt,repo_contents/misc/export_for_chatgpt/repo_tree.txt,596,.txt,hardlink,7e4dd0d62a2cdc4f2cb0d09f4643f179cb4868b6ea552065a07323a4cb5b8c0b
misc/export_for_chatgpt/metrics_full.csv,repo_contents/misc/export_for_chatgpt/metrics_full.csv,197,.csv,hardlink,49ee50fb024f697e03feee856526990a1724d0c3e7fd4680bdff917ff45ccf40
misc/export_for_chatgpt/NOTES.txt,repo_contents/misc/export_for_chatgpt/NOTES.txt,272,.txt,hardlink,cde7e1c59847cec46b22e71e899c426eea13b42d260e29ae6e42aaeb3e0edf12
misc/export_for_chatgpt/README_from_claude.md,repo_contents/misc/export_for_chatgpt/README_from_claude.md,1705,.md,hardlink,b9da395230bc8960bbab067dc51257542acc1941b07426072fdfad16e2cf6d81
misc/export_for_chatgpt/synthetic_generation_files.txt,repo_contents/misc/export_for_chatgpt/synthetic_generation_files.txt,158,.txt,hardlink,fb2d8cdd55006ccf522f794e31ac60bee52e2884d671f20ce63a6f0729fb3c1c
misc/export_for_chatgpt/predictions_full.csv,repo_contents/misc/export_for_chatgpt/predictions_full.csv,3255,.csv,hardlink,000f7c42d2c8f93f7af4de14ead786dbb6a6f1891c4992055e06422335a8dda2
misc/export_for_chatgpt/generated_metadata_csv_example.csv,repo_contents/misc/export_for_chatgpt/generated_metadata_csv_example.csv,238,.csv,hardlink,4b13eda5d908e02f9bb8d3da7ccc2efc890d6017f79340dcc91118d986823f5f
misc/export_for_chatgpt/generated_metrics_csv_example.csv,repo_contents/misc/export_for_chatgpt/generated_metrics_csv_example.csv,195,.csv,hardlink,8e7cf00af3412f5a0450a58c7b84fabca97f8de70aab00a1ba06df5485ee3756
misc/export_for_chatgpt/paste_bundle.md,repo_contents/misc/export_for_chatgpt/paste_bundle.md,3433,.md,hardlink,5a14ce2d72d46019deba042c0eb03e5b6938dc04f42386ec926c2f659f7dd790
misc/ball_test/debug_frames/frame_00060.png,repo_contents/misc/ball_test/debug_frames/frame_00060.png,622703,.png,hardlink,577318dce02cda97e229e8278a91dd5ba99669ea15ad582bba69fac171fe8117
misc/ball_test/debug_frames/frame_00000.png,repo_contents/misc/ball_test/debug_frames/frame_00000.png,528893,.png,hardlink,33b3a9f557220623d7ea69f9abc3ba041065cd93ba23fd2ab36e4d664561046b
misc/ball_test/debug_frames/frame_00030.png,repo_contents/misc/ball_test/debug_frames/frame_00030.png,624344,.png,hardlink,287af4ce1aebae3982cf5f4b9d7cd118f09f28a99409198655249751d6205e32
misc/ball_test/debug_frames/frame_00150.png,repo_contents/misc/ball_test/debug_frames/frame_00150.png,654187,.png,hardlink,e49654596abd4baff0d34eabf8f9044ba2676bc01f5ceca56a2357eb400c3daf
misc/ball_test/debug_frames/frame_00180.png,repo_contents/misc/ball_test/debug_frames/frame_00180.png,632344,.png,hardlink,d15b40a14084c3c60a3d38825fb271b6cddb04e9fc14511854aec31b93bc918a
misc/ball_test/debug_frames/frame_00090.png,repo_contents/misc/ball_test/debug_frames/frame_00090.png,653467,.png,hardlink,1cbb0d714ce611325ad8f648be57765467b6fe04e90c0f220e7c451c5579dc36
misc/ball_test/debug_frames/frame_00120.png,repo_contents/misc/ball_test/debug_frames/frame_00120.png,632372,.png,hardlink,300e696b649cdf456ccd74f4626637b76bb142df406af7b4187baba56f3e5a55
misc/ball_analysis/img8144_samples/frame_00300.jpg,repo_contents/misc/ball_analysis/img8144_samples/frame_00300.jpg,119830,.jpg,hardlink,63d8062779173e03f19c2204ba600734943879774f11700c178fe566e3d1b9a8
misc/ball_analysis/img8144_samples/frame_00100.jpg,repo_contents/misc/ball_analysis/img8144_samples/frame_00100.jpg,121244,.jpg,hardlink,55bb078a1d4c9325b710b4b03e2f5b7fc36b09a97b12c1843d40b9ad21f42979
misc/ball_analysis/img8144_samples/frame_00000.jpg,repo_contents/misc/ball_analysis/img8144_samples/frame_00000.jpg,109333,.jpg,hardlink,b93930b4e80a67a22798c57ddd0578e2073ed34f0a448afd6f00b21319168beb
misc/ball_analysis/img8144_samples/frame_00200.jpg,repo_contents/misc/ball_analysis/img8144_samples/frame_00200.jpg,120867,.jpg,hardlink,32f269c7e658d4f733a01b33d568ce1e00d2a4dbcc05188548a6aa1b2d2653fa
misc/ball_analysis/img8144_samples/frame_00350.jpg,repo_contents/misc/ball_analysis/img8144_samples/frame_00350.jpg,113522,.jpg,hardlink,5a94268b24e05602fcbcdaabff114b2239fef250a14f541a22a95c47c6c3d971
misc/ball_analysis/img8144_samples/frame_00050.jpg,repo_contents/misc/ball_analysis/img8144_samples/frame_00050.jpg,117819,.jpg,hardlink,da4773418ba9b5cf0f258cb91482b320cabc0e6ff1e2a89fd5a9ee1af8ad39ba
