bundle_path,source_path,bytes,sha256,reason
source_snapshot/README.md,README.md,17525,af5dfd65650eb35e83f8548c233d1fa12ef1cdefe8d672e1d29f2daacff642f5,top-level project context
source_snapshot/TECHNICAL_SUMMARY.md,TECHNICAL_SUMMARY.md,17939,3d96df026432e9398d023c2ee05c4f479c50362b7528fb1951304d72af834f98,top-level project context
source_snapshot/requirements.txt,requirements.txt,113,9688d8434e2a90b0307e1bdbf65ce883ba6013914a465d2c7866d04a34f361a6,top-level project context
source_snapshot/.gitignore,.gitignore,307,94856505a661eacfabb6697762eaaaf8f33d26ad3dfc6dd49e0ba9d63bf99cf2,top-level project context
source_snapshot/src/sim_generator.py,src/sim_generator.py,4811,afb97c8ec86719d5fba749c7f2172e960dce74080dbe583a7759fdabcc0c341d,core implementation source
source_snapshot/src/court_model.py,src/court_model.py,7133,2e1a67b34494383277c8dda53d185d78a9304e9045ecedbe8282ecbb12198b8d,core implementation source
source_snapshot/src/config.py,src/config.py,931,aa878d2d3ce9bc125fe600dd7d7da6fd79ffb6e6f008b99d8bbac1270fe75d2b,core implementation source
source_snapshot/src/ball_detector.py,src/ball_detector.py,7326,4fd28b8e9e4e3e863ce2f142d798f6e7a25724e25cccfcf019f556ac47ac858c,core implementation source
source_snapshot/src/court_registration.py,src/court_registration.py,11895,865d071ef8bd2e84fa49d1af5f9ddd3e2a1869dce860a198548c41ce586cef93,core implementation source
source_snapshot/src/event_detector.py,src/event_detector.py,695,1dbf90e476f78ff1ae56dcedf977578c9dd79a6c96b0528f57c19f5abdb55a11,core implementation source
source_snapshot/src/__init__.py,src/__init__.py,0,e3b0c44298fc1c149afbf4c8996fb92427ae41e4649b934ca495991b7852b855,core implementation source
source_snapshot/src/baseline_detector.py,src/baseline_detector.py,3208,45941e23ef222c5c165c3fa9a4c76656cf3deaa4e288fb5678d01e22e57be33e,core implementation source
source_snapshot/src/volley_classifier.py,src/volley_classifier.py,20452,907433bb0c8c0651cdfeb1dd09eb8bf77f38c4903808fa09a808e1e02af0654d,core implementation source
source_snapshot/src/ball_tracker.py,src/ball_tracker.py,22210,411af61f2c0dabd4f19ab8d4c79e9708fe67498b2c2968f663f3438ea83fe4ff,core implementation source
source_snapshot/src/foot_localizer.py,src/foot_localizer.py,40286,f61a5013228e129460778e3e7699ef9c0df9412c9388ebc5a33b352e64b62fe2,core implementation source
source_snapshot/src/evaluate.py,src/evaluate.py,7671,55c29376356f532d2764cbbc9e18b7c782c5d13d3d657246d4fa2f756d067ceb,core implementation source
source_snapshot/src/foot_fault_pipeline.py,src/foot_fault_pipeline.py,34281,6cbe6896cafaab428f036d09e2a2fb9f53856f566819d054140992303c956483,core implementation source
source_snapshot/src/viz.py,src/viz.py,8587,f1d090d46a5ddd953a880c1bec54f454b31fe3003ccf8c516d231397aa4a47b8,core implementation source
source_snapshot/src/stabilizer.py,src/stabilizer.py,9228,f626a42f9e193d6468193f4d7c91b7dce9e8eefecca33e8f3fd232b3176a7da5,core implementation source
source_snapshot/experiments/run_court_registration.py,experiments/run_court_registration.py,8686,704f486dc441e81c676db6a25768aac85e2da7442d98a9405e1f20046bb535c1,experiment runners and configs
source_snapshot/experiments/run_eval.py,experiments/run_eval.py,1699,12aedd7fdc1b85334ecc45a4493275cddfd599ed5b1fc2dfa449aec5a8e202de,experiment runners and configs
source_snapshot/experiments/run_demo_pipeline.py,experiments/run_demo_pipeline.py,55294,54c11bcce01d29bb1c40a4b607d2cc0e24bf9a102e7eb2933ea2ceb0a8cca48b,experiment runners and configs
source_snapshot/experiments/run_court_registration_v3.py,experiments/run_court_registration_v3.py,42011,819b2ea08f578239cc64612a36093cef5af042fd7526188434d1687c111ea8fb,experiment runners and configs
source_snapshot/experiments/run_court_registration_v2.py,experiments/run_court_registration_v2.py,21365,1f9a700cbe3d73a12327e3dffa7fda3712f29d2f28e86ed91cc82fa3e69db2f3,experiment runners and configs
source_snapshot/experiments/run_sim.py,experiments/run_sim.py,2734,0a2f0cd1ba765f6d13ea48348e26ae666fc8b28db156ece698a4d06dcc93ffad,experiment runners and configs
source_snapshot/experiments/run_real.py,experiments/run_real.py,3864,c890c1a101fce0a7b17fc2864310d3fb93fa4872e5e5bfc3d0932cbcd1cd3021,experiment runners and configs
source_snapshot/experiments/configs/court_reg_v3.yaml,experiments/configs/court_reg_v3.yaml,1836,997248bfdcef1603bcba296d85aa2ccfa7a2c622584ba0acfb32d53f2274d8db,experiment runners and configs
source_snapshot/experiments/configs/sim_v1.yaml,experiments/configs/sim_v1.yaml,350,6b4791a4df5cf6977b60b201e8120c6e652fa516c050b3431f25adb9390632a7,experiment runners and configs
source_snapshot/experiments/configs/court_reg_v2.yaml,experiments/configs/court_reg_v2.yaml,803,f8196bbef823a162f21f3e06e0b67c427176fdea6e7cac573a682615c2555e01,experiment runners and configs
source_snapshot/experiments/configs/court_reg_v1.yaml,experiments/configs/court_reg_v1.yaml,761,c4c4afb276a9e75bf6d1130e07bfcb1a7c412e6ff37b5e52875cc6b11a2f34ac,experiment runners and configs
source_snapshot/experiments/configs/demo_pipeline.yaml,experiments/configs/demo_pipeline.yaml,10180,ab39dc7ea9a7f9163a88f0f5bd424bfe7f69384bdc3c7bac6ff2d9f3f74cafd4,experiment runners and configs
source_snapshot/scripts/annotate_reprojection_anchors.py,scripts/annotate_reprojection_anchors.py,8051,d1ccf84228e278e3b42d1beb2637d5c65257ccc9aa1ac3791df0deffd7f26d80,annotation/extraction helper scripts
source_snapshot/scripts/annotate_reference.py,scripts/annotate_reference.py,5416,980f590a5ac19850ba6c78165f2afb39a51bd7f7e3b79f4e858a0f9977f69bd8,annotation/extraction helper scripts
source_snapshot/scripts/extract_frames.py,scripts/extract_frames.py,2950,999b2cb8151042a83d878c21cb2c4a2723da8a65f6a1ed9727a9c8dab7ac71c4,annotation/extraction helper scripts
source_snapshot/scripts/__init__.py,scripts/__init__.py,0,e3b0c44298fc1c149afbf4c8996fb92427ae41e4649b934ca495991b7852b855,annotation/extraction helper scripts
source_snapshot/scripts/annotate_anchors.py,scripts/annotate_anchors.py,8516,0caa9101ae414a316228c65a3d06496506e3a3c174cc186e8b6b5215198a3c7e,annotation/extraction helper scripts
source_snapshot/tests/test_sim_generator.py,tests/test_sim_generator.py,3502,d734b788157f9c62952fe298cfa916e1f7976507c3d5e2ee4979d6b005dd45bf,unit tests supporting claims
source_snapshot/tests/test_detector.py,tests/test_detector.py,909,df017d84aef452f8fb776c59b1c5c0ad2afa25aef373d18c51628842bb326d97,unit tests supporting claims
source_snapshot/tests/__init__.py,tests/__init__.py,0,e3b0c44298fc1c149afbf4c8996fb92427ae41e4649b934ca495991b7852b855,unit tests supporting claims
source_snapshot/tests/test_evaluate.py,tests/test_evaluate.py,3639,4afb285bceb93302528710f92ddf5d38fadd8586ec07d3697f7c8166bcd15e75,unit tests supporting claims
source_snapshot/docs/problem.md,docs/problem.md,1985,6544ea9a1adce846e52ad235b55b8a473a22000c4e4741572040357e518ba5ea,problem statement and project plan
source_snapshot/docs/plan.md,docs/plan.md,3702,bb9c5ad54ad5f9f2116006b97f098dc0af229c92c778debdbb0cd384032b3d51,problem statement and project plan
data_annotations/reference_frame_00179_t03s.jpg,data/real/annotations/reference_frame_00179_t03s.jpg,256104,8b466c11616c1a097352241c0a975154aeaa59a891de13c4cf7a753e6c1f92de,manual annotations and reference frames
data_annotations/annotations_template.json,data/real/annotations/annotations_template.json,895,766fb0412ee0c0f8867c480fc53fe2711a346074f97d3c7f936f8339da5c52b1,manual annotations and reference frames
data_annotations/reference_frame_01198_t20s.jpg,data/real/annotations/reference_frame_01198_t20s.jpg,299939,16aa35728dc46c63670a882b3f2a8e12b0bd4dabe469f1192593f5ac5682fc5a,manual annotations and reference frames
data_annotations/reference_frame_00000_t00s.jpg,data/real/annotations/reference_frame_00000_t00s.jpg,231544,b4f80ab44a69733dfd9d7f755bb33b2a1e46584d1053962b09dab41969d5ee4e,manual annotations and reference frames
data_annotations/annotations_v3.json,data/real/annotations/annotations_v3.json,775,88e3e93eb1ee01b9a0d77d574446d4762bb311412db87dbfd1fe3611f6a02068,manual annotations and reference frames
data_annotations/annotations_v2.json,data/real/annotations/annotations_v2.json,1013,650d1173755fac7652b466b7b49070adbe702eba94454d842d39ac04232c60fb,manual annotations and reference frames
data_annotations/reference_frame_00599_t10s.jpg,data/real/annotations/reference_frame_00599_t10s.jpg,297068,4114ec7d2924b9316e6417462e3dbb11c20cdae2698171fe709a76b145f4f412,manual annotations and reference frames
data_annotations/annotations.json,data/real/annotations/annotations.json,820,8c57904047bbc0f6e596546ba7220b63a3d97cbcb567db889d820ea27e231678,manual annotations and reference frames
results/sim_v1/confusion_matrix.png,results/sim_v1/confusion_matrix.png,16347,dfe9da1e42601fcd753fd006aa7b652ec90e9a33b9a80a3a77e4c945217ec0b0,"experiment outputs, metrics, review artifacts, overlays"
results/sim_v1/predictions.csv,results/sim_v1/predictions.csv,3227,979baebba49fa4df53ce82308aa8bcf3341745775d1e7a145cc1d1ef8eb4f239,"experiment outputs, metrics, review artifacts, overlays"
results/sim_v1/metrics.csv,results/sim_v1/metrics.csv,198,0354d830b3c1ba05a551461dbac9605262055c17979cb02d2db4bf2cbf4293ed,"experiment outputs, metrics, review artifacts, overlays"
results/sim_v1/metadata.csv,results/sim_v1/metadata.csv,12825,368e02782ce9a4db9c01f7a5c32c3fdd2f2ebbad228caae5eaa181ac2e018ccb,"experiment outputs, metrics, review artifacts, overlays"
results/sim_v1/confusion_matrix.csv,results/sim_v1/confusion_matrix.csv,92,2b62d5458e6468b432afca6fd9485627d95d716e1c452d2a22b07c13a33eae3f,"experiment outputs, metrics, review artifacts, overlays"
results/sim_v1/failure_analysis.csv,results/sim_v1/failure_analysis.csv,678,22a280404623b03d0573934f1c72593421d5c041974d1267f171dac08018266a,"experiment outputs, metrics, review artifacts, overlays"
results/sim_v1/overlays/clear_legal_wrong_01.png,results/sim_v1/overlays/clear_legal_wrong_01.png,2780,9b6cb64f784f6a855c7494a1573489962f9a5d83a058292b66e6e9441e363261,"experiment outputs, metrics, review artifacts, overlays"
results/sim_v1/overlays/clear_legal_wrong_00.png,results/sim_v1/overlays/clear_legal_wrong_00.png,2808,eb06960acba324d5a56a27e2ff9d890ea8fa534966601c6a854c511271db8a42,"experiment outputs, metrics, review artifacts, overlays"
results/sim_v1/overlays/clear_legal_wrong_02.png,results/sim_v1/overlays/clear_legal_wrong_02.png,2801,afbfecc6d384502342d395e1768624602e288af514f9aa65b0cc76f2265c24b5,"experiment outputs, metrics, review artifacts, overlays"
results/sim_v1/overlays/occluded_wrong_01.png,results/sim_v1/overlays/occluded_wrong_01.png,4095,f0ebd1ad1c3a3b89827482fe6899a1197282a79e084694d381c9dc040cab0cb0,"experiment outputs, metrics, review artifacts, overlays"
results/sim_v1/overlays/occluded_wrong_00.png,results/sim_v1/overlays/occluded_wrong_00.png,4116,08624561590382cb8c702eedac1bb76b5adbf83cc0e6ff847f09af9e160c8a4d,"experiment outputs, metrics, review artifacts, overlays"
results/sim_v1/overlays/occluded_wrong_02.png,results/sim_v1/overlays/occluded_wrong_02.png,4117,3097452f7e51aacbfea7934d70dabb51b59ce839d1ea60f2b601673ec46aa359,"experiment outputs, metrics, review artifacts, overlays"
results/sim_v1/overlays/borderline_correct_02.png,results/sim_v1/overlays/borderline_correct_02.png,2845,df80bd1532b0550e441ebdc57a42aa9f66f3f04cda783cec8d468dfa4bfbace6,"experiment outputs, metrics, review artifacts, overlays"
results/sim_v1/overlays/borderline_correct_01.png,results/sim_v1/overlays/borderline_correct_01.png,2851,4cea68bc3a84e55ac940058ba5a1f64f2b0eaac7c330d4135e5ac5bfb62b15c2,"experiment outputs, metrics, review artifacts, overlays"
results/sim_v1/overlays/borderline_correct_00.png,results/sim_v1/overlays/borderline_correct_00.png,2863,3d5f9fa4cbb69bd62de8dfd3736e070acd5a9f2bc0915148ec73f0c780830643,"experiment outputs, metrics, review artifacts, overlays"
results/sim_v1/overlays/occluded_correct_01.png,results/sim_v1/overlays/occluded_correct_01.png,4118,d176b5953e013fe2a0a96ead77397e39627235e4a398362c28f8eed3d8e45e9e,"experiment outputs, metrics, review artifacts, overlays"
results/sim_v1/overlays/occluded_correct_00.png,results/sim_v1/overlays/occluded_correct_00.png,4119,9be313d8c6c020632c30f05e93211d13ee42415fd941f963cb18b97a28ff7e29,"experiment outputs, metrics, review artifacts, overlays"
results/sim_v1/overlays/occluded_correct_02.png,results/sim_v1/overlays/occluded_correct_02.png,4122,338618d4d61b3b6156f3277bce42c94ead472e4f3373d664370ed5bc1b6217b4,"experiment outputs, metrics, review artifacts, overlays"
results/sim_v1/overlays/clear_fault_correct_02.png,results/sim_v1/overlays/clear_fault_correct_02.png,2702,29e7e860d06ee8456a2f25bd09742d1f7bc9226eb732430799f01c2cf2622c08,"experiment outputs, metrics, review artifacts, overlays"
results/sim_v1/overlays/clear_fault_correct_00.png,results/sim_v1/overlays/clear_fault_correct_00.png,2683,485130afc6399528e9d9f09713fae8d7295c5ce08b3b0effc4343bea9739f583,"experiment outputs, metrics, review artifacts, overlays"
results/sim_v1/overlays/clear_fault_correct_01.png,results/sim_v1/overlays/clear_fault_correct_01.png,2713,431a5d05e96b5beca587945ae0c1875e5524d46a902c7c55e978c3687d7a6f64,"experiment outputs, metrics, review artifacts, overlays"
results/sim_v1/overlays/clear_legal_correct_01.png,results/sim_v1/overlays/clear_legal_correct_01.png,2711,e055999a1e9d320de5abdf25092a20caa88bea19aa7f6389b76f4e67f731a986,"experiment outputs, metrics, review artifacts, overlays"
results/sim_v1/overlays/clear_legal_correct_00.png,results/sim_v1/overlays/clear_legal_correct_00.png,2703,d882d27e36a405401051b174441edf846141185b395d7b39ee6470b8671352de,"experiment outputs, metrics, review artifacts, overlays"
results/sim_v1/overlays/clear_legal_correct_02.png,results/sim_v1/overlays/clear_legal_correct_02.png,2712,457d30c361c34957099288f1957a24a0a52c38a12bf0ac09df22c049ac7cc171,"experiment outputs, metrics, review artifacts, overlays"
results/sim_v1/overlays/borderline_wrong_00.png,results/sim_v1/overlays/borderline_wrong_00.png,2806,b510aa069906a38dad48635b6b7d316762e73832308703c5caf1474d7a3f66f6,"experiment outputs, metrics, review artifacts, overlays"
results/sim_v1/overlays/borderline_wrong_01.png,results/sim_v1/overlays/borderline_wrong_01.png,2806,debe19587bd0aa3c7efd329cfe093701b6415bf7bf61a8edfb2ad45e8dbacea2,"experiment outputs, metrics, review artifacts, overlays"
results/sim_v1/overlays/borderline_wrong_02.png,results/sim_v1/overlays/borderline_wrong_02.png,2808,340c0ec1eae86be7915fbd3ef5c2ff9e4bcca7495da6970fbd710946edaceae4,"experiment outputs, metrics, review artifacts, overlays"
results/real_baseline/court_reg_v1/overlay.mp4,results/real_baseline/court_reg_v1/overlay.mp4,12736187,64af56be4312c801921f724b32b63325d07600cbbe3338b035dbc5d0ecef64d1,"experiment outputs, metrics, review artifacts, overlays"
results/real_baseline/court_reg_v1/line_params.csv,results/real_baseline/court_reg_v1/line_params.csv,228832,509077a07f2740d3d7364b6866a3b3465980bbc02102b262e2503097a9aa0176,"experiment outputs, metrics, review artifacts, overlays"
results/real_baseline/court_reg_v1/summary_report.json,results/real_baseline/court_reg_v1/summary_report.json,1429,4d72dfb8639ecd68473e90aa6169de7debdf2817c1d0da3cc1fc4ef9ac51bc1d,"experiment outputs, metrics, review artifacts, overlays"
results/real_baseline/court_reg_v3/overlay.mp4,results/real_baseline/court_reg_v3/overlay.mp4,11725186,8283dab8cc7ba62bdbf43ccc0558c0cd4a28bf1ebd674c491ade770de9259c3a,"experiment outputs, metrics, review artifacts, overlays"
results/real_baseline/court_reg_v3/feature_roi_mask.png,results/real_baseline/court_reg_v3/feature_roi_mask.png,11324,7472a65bb6ee8b536f13232668dbc4cad0d48122e8e1e1fe838c2e24b02705b0,"experiment outputs, metrics, review artifacts, overlays"
results/real_baseline/court_reg_v3/summary_report.json,results/real_baseline/court_reg_v3/summary_report.json,5190,04319e3a8ca116335ef42f628baf95a9c765879877bb4a5d0ab54a5fb04de90b,"experiment outputs, metrics, review artifacts, overlays"
results/real_baseline/court_reg_v3/per_frame_transforms.csv,results/real_baseline/court_reg_v3/per_frame_transforms.csv,310021,bf65f9d967ca614e64dea262682c4e5f1f86d0af857688c9b474118436344d77,"experiment outputs, metrics, review artifacts, overlays"
results/real_baseline/court_reg_v3/comparisons/comparison_report.json,results/real_baseline/court_reg_v3/comparisons/comparison_report.json,2305,093ad6d0df39dbe86bd6b629546469e9b969700b53a998fa604c0c3ef14e07e3,"experiment outputs, metrics, review artifacts, overlays"
results/real_baseline/court_reg_v3/debug_frames/frame_00300.png,results/real_baseline/court_reg_v3/debug_frames/frame_00300.png,1934836,c4e789904447c2e24afcd77e69d2afd57d98a172f5c6928c6dbf958e38a13a63,"experiment outputs, metrics, review artifacts, overlays"
results/real_baseline/court_reg_v3/debug_frames/frame_00060.png,results/real_baseline/court_reg_v3/debug_frames/frame_00060.png,1834610,57d576352ff9891119c1b498e4a18c63344602596977f456390fbc1562421607,"experiment outputs, metrics, review artifacts, overlays"
results/real_baseline/court_reg_v3/debug_frames/frame_00600.png,results/real_baseline/court_reg_v3/debug_frames/frame_00600.png,1871239,82e2d47a9a5a0a879c1dccb203f80612aee0b2b093c5bada59a06f5f460350e6,"experiment outputs, metrics, review artifacts, overlays"
results/real_baseline/court_reg_v3/debug_frames/frame_01680.png,results/real_baseline/court_reg_v3/debug_frames/frame_01680.png,2101909,2fdf6e50859217fdffc46f2c7278b35a9c95e71665c65570ad9191aec3c604fd,"experiment outputs, metrics, review artifacts, overlays"
results/real_baseline/court_reg_v3/debug_frames/frame_02000.png,results/real_baseline/court_reg_v3/debug_frames/frame_02000.png,1885168,d109c4fbbee45596a43c25da593a39cafee821bcacca1fe3bcf88c8d93a91f54,"experiment outputs, metrics, review artifacts, overlays"
results/real_baseline/court_reg_v3/debug_frames/frame_00000.png,results/real_baseline/court_reg_v3/debug_frames/frame_00000.png,1457520,80b9d3cfb818870f6379ea98edd85b370bd82d3b3acc3844367e52833a89a366,"experiment outputs, metrics, review artifacts, overlays"
results/real_baseline/court_reg_v3/debug_frames/frame_02400.png,results/real_baseline/court_reg_v3/debug_frames/frame_02400.png,2296941,1d4177d7ed49090f2daf989706b7c5a162157600a2665851df6117f378f19472,"experiment outputs, metrics, review artifacts, overlays"
results/real_baseline/court_reg_v3/debug_frames/frame_01080.png,results/real_baseline/court_reg_v3/debug_frames/frame_01080.png,2233067,d3466047c3058d5cd98dd892dc125e4aa99daa9d0a2b6145c441b945a668984a,"experiment outputs, metrics, review artifacts, overlays"
results/real_baseline/court_reg_v3/debug_frames/frame_00540.png,results/real_baseline/court_reg_v3/debug_frames/frame_00540.png,2287140,1721b9da8f7b152eed67e3e55de452d0c038ef8a500166c6b1a61fdfc3fdfc28,"experiment outputs, metrics, review artifacts, overlays"
results/real_baseline/court_reg_v3/debug_frames/frame_00780.png,results/real_baseline/court_reg_v3/debug_frames/frame_00780.png,2391900,9fe8d25bdb13b769106e64b0530fa15405f7c211cf16adfa762e96f3e0fad33a,"experiment outputs, metrics, review artifacts, overlays"
results/real_baseline/court_reg_v3/debug_frames/frame_01200.png,results/real_baseline/court_reg_v3/debug_frames/frame_01200.png,1867548,051dc10c03db667f1009d47e010e7c9ad82cb797af82dc254e8263a3cddccda2,"experiment outputs, metrics, review artifacts, overlays"
results/real_baseline/court_reg_v3/debug_frames/frame_00479.png,results/real_baseline/court_reg_v3/debug_frames/frame_00479.png,2128948,5739c84f835d0b6de66f92f928d04484f3e2d0830f14cfe4bbed69e9c8e6f8da,"experiment outputs, metrics, review artifacts, overlays"
results/real_baseline/court_reg_v3/comparisons/refinement_on_vs_off/frame_00300.png,results/real_baseline/court_reg_v3/comparisons/refinement_on_vs_off/frame_00300.png,3947439,a248200c03f7061e4d37eb54b2dd622973ba078a268df59461fa67ef333e408b,"experiment outputs, metrics, review artifacts, overlays"
results/real_baseline/court_reg_v3/comparisons/refinement_on_vs_off/frame_00060.png,results/real_baseline/court_reg_v3/comparisons/refinement_on_vs_off/frame_00060.png,3734518,51a138bef39330a82168e0c4d2356bffa1c8c4ef388c98a80be212b84c94cb4a,"experiment outputs, metrics, review artifacts, overlays"
results/real_baseline/court_reg_v3/comparisons/refinement_on_vs_off/frame_00600.png,results/real_baseline/court_reg_v3/comparisons/refinement_on_vs_off/frame_00600.png,3809465,6deaa23c775b08f3271717d3ce806f433325347887116abd3e41c15acd733b5d,"experiment outputs, metrics, review artifacts, overlays"
results/real_baseline/court_reg_v3/comparisons/refinement_on_vs_off/frame_02000.png,results/real_baseline/court_reg_v3/comparisons/refinement_on_vs_off/frame_02000.png,3829639,c67d036623cfba4959091335408d9ae9840a16324987313371ba98030781e562,"experiment outputs, metrics, review artifacts, overlays"
results/real_baseline/court_reg_v3/comparisons/refinement_on_vs_off/frame_00000.png,results/real_baseline/court_reg_v3/comparisons/refinement_on_vs_off/frame_00000.png,2956653,e849f5ccbedcc16cc8a9a9f1d6acc1037d97210af2247241c9bce67c9989987d,"experiment outputs, metrics, review artifacts, overlays"
results/real_baseline/court_reg_v3/comparisons/refinement_on_vs_off/frame_01200.png,results/real_baseline/court_reg_v3/comparisons/refinement_on_vs_off/frame_01200.png,3791331,664c68b2b9041f5f144f82033a616d91e87e55bfd10152001709b01e2ea38ce0,"experiment outputs, metrics, review artifacts, overlays"
results/real_baseline/court_reg_v3/comparisons/post_translation_vs_static/frame_00300.png,results/real_baseline/court_reg_v3/comparisons/post_translation_vs_static/frame_00300.png,3865617,37cbd4f63cc37d6a55c3dd1778f369dbed423a2693a8efdbae95baa744f51ac9,"experiment outputs, metrics, review artifacts, overlays"
results/real_baseline/court_reg_v3/comparisons/post_translation_vs_static/frame_00060.png,results/real_baseline/court_reg_v3/comparisons/post_translation_vs_static/frame_00060.png,3664098,d3c015d788243f6b439d21f3c9e2295fb0700811e2119744746114ff1f757ee8,"experiment outputs, metrics, review artifacts, overlays"
results/real_baseline/court_reg_v3/comparisons/post_translation_vs_static/frame_00600.png,results/real_baseline/court_reg_v3/comparisons/post_translation_vs_static/frame_00600.png,3732442,f5e2b6383b51f4ee6eeb3034c608d1daef0f376992614abb7b9ca15e7f1372b6,"experiment outputs, metrics, review artifacts, overlays"
results/real_baseline/court_reg_v3/comparisons/post_translation_vs_static/frame_02000.png,results/real_baseline/court_reg_v3/comparisons/post_translation_vs_static/frame_02000.png,3761515,95150ac38afed4f2ae6d7d9397aecf4547514418be7e31cee81bbe991bcf639a,"experiment outputs, metrics, review artifacts, overlays"
results/real_baseline/court_reg_v3/comparisons/post_translation_vs_static/frame_00000.png,results/real_baseline/court_reg_v3/comparisons/post_translation_vs_static/frame_00000.png,2905640,d8cd3018ced114da7f94685df9e5c2361b8ed787799b9aa62c49aa20a5433481,"experiment outputs, metrics, review artifacts, overlays"
results/real_baseline/court_reg_v3/comparisons/post_translation_vs_static/frame_01200.png,results/real_baseline/court_reg_v3/comparisons/post_translation_vs_static/frame_01200.png,3723924,3f26852922627cbe13ba7b513852fd7979b0f3ffbb1c6d46052ed944b62b82f1,"experiment outputs, metrics, review artifacts, overlays"
results/real_baseline/court_reg_v3/comparisons/post_translation_vs_affine_fixed/frame_00300.png,results/real_baseline/court_reg_v3/comparisons/post_translation_vs_affine_fixed/frame_00300.png,3859008,4b0cfebda301ec491e3ae00e86a889656f9fa65103ac9c0c3a4a8be1fbc54ce1,"experiment outputs, metrics, review artifacts, overlays"
results/real_baseline/court_reg_v3/comparisons/post_translation_vs_affine_fixed/frame_00060.png,results/real_baseline/court_reg_v3/comparisons/post_translation_vs_affine_fixed/frame_00060.png,3657683,fff00b982b8f147aaa723904160537e7c680310f3d37022f83b583bd5a9c52b0,"experiment outputs, metrics, review artifacts, overlays"
results/real_baseline/court_reg_v3/comparisons/post_translation_vs_affine_fixed/frame_00600.png,results/real_baseline/court_reg_v3/comparisons/post_translation_vs_affine_fixed/frame_00600.png,3730777,a7a04e106051e3622522e2c0937ec492a0e3b5ee12acc15584caa4a9bbb17d84,"experiment outputs, metrics, review artifacts, overlays"
results/real_baseline/court_reg_v3/comparisons/post_translation_vs_affine_fixed/frame_02000.png,results/real_baseline/court_reg_v3/comparisons/post_translation_vs_affine_fixed/frame_02000.png,3760590,ed9fc22ab0c8c4abff436d49b017195a7e16c77f7ab17e02e2225ef24cf35787,"experiment outputs, metrics, review artifacts, overlays"
results/real_baseline/court_reg_v3/comparisons/post_translation_vs_affine_fixed/frame_00000.png,results/real_baseline/court_reg_v3/comparisons/post_translation_vs_affine_fixed/frame_00000.png,2905914,a657dfeeb7c05b2d77259f32f9f34429149c81713dfbe14e0602218f062f7493,"experiment outputs, metrics, review artifacts, overlays"
results/real_baseline/court_reg_v3/comparisons/post_translation_vs_affine_fixed/frame_01200.png,results/real_baseline/court_reg_v3/comparisons/post_translation_vs_affine_fixed/frame_01200.png,3722156,230f04e2d2a369211ce3bf27b7ef793049ace33256830c60726e1deaeeca0295,"experiment outputs, metrics, review artifacts, overlays"
results/real_baseline/court_reg_v3/comparisons/homography_vs_affine/frame_00300.png,results/real_baseline/court_reg_v3/comparisons/homography_vs_affine/frame_00300.png,3863895,1da304a6440f3308fde65f2194c4371b7bec1a605cff7edf675d32e39fe39bbb,"experiment outputs, metrics, review artifacts, overlays"
results/real_baseline/court_reg_v3/comparisons/homography_vs_affine/frame_00060.png,results/real_baseline/court_reg_v3/comparisons/homography_vs_affine/frame_00060.png,3659697,fcda273adac41d0aa768ce1ff9705728f2a8e96956ea8a3d54202528b5588d1d,"experiment outputs, metrics, review artifacts, overlays"
results/real_baseline/court_reg_v3/comparisons/homography_vs_affine/frame_00600.png,results/real_baseline/court_reg_v3/comparisons/homography_vs_affine/frame_00600.png,3737874,bb322b7186591f952b6ee0a68456c172f2424a069c82c060c965c7e74b72c7dc,"experiment outputs, metrics, review artifacts, overlays"
results/real_baseline/court_reg_v3/comparisons/homography_vs_affine/frame_02000.png,results/real_baseline/court_reg_v3/comparisons/homography_vs_affine/frame_02000.png,3767175,0dc91adbedcfc87db1be1567bc3ecf3d6aed63360f9a0b785ba91439741f3af1,"experiment outputs, metrics, review artifacts, overlays"
results/real_baseline/court_reg_v3/comparisons/homography_vs_affine/frame_00000.png,results/real_baseline/court_reg_v3/comparisons/homography_vs_affine/frame_00000.png,2905603,1a9bfeb2a1c276d9aef971dd4d9fe1677edccc27fb21448d2d7a92978e7b2327,"experiment outputs, metrics, review artifacts, overlays"
results/real_baseline/court_reg_v3/comparisons/homography_vs_affine/frame_01200.png,results/real_baseline/court_reg_v3/comparisons/homography_vs_affine/frame_01200.png,3723038,ed1cd425f54ecd06331f4aaabd629b6d29c9dea7ea939ff797de03e205400099,"experiment outputs, metrics, review artifacts, overlays"
results/real_baseline/court_reg_v3/comparisons/static_vs_affine_fixed/frame_00300.png,results/real_baseline/court_reg_v3/comparisons/static_vs_affine_fixed/frame_00300.png,3864979,d10416fc42308269a9245c77b79c8955e224b6233f714140229a2695c4924757,"experiment outputs, metrics, review artifacts, overlays"
results/real_baseline/court_reg_v3/comparisons/static_vs_affine_fixed/frame_00060.png,results/real_baseline/court_reg_v3/comparisons/static_vs_affine_fixed/frame_00060.png,3661824,9d7af2ec28852d7f8a5c96d25b3059c07cdc74ce013f4449db629189cbd4d831,"experiment outputs, metrics, review artifacts, overlays"
results/real_baseline/court_reg_v3/comparisons/static_vs_affine_fixed/frame_00600.png,results/real_baseline/court_reg_v3/comparisons/static_vs_affine_fixed/frame_00600.png,3730556,ff40d2294a275850f8b446de682e6332a74b75d99d3e3bf82038eadbae711d62,"experiment outputs, metrics, review artifacts, overlays"
results/real_baseline/court_reg_v3/comparisons/static_vs_affine_fixed/frame_02000.png,results/real_baseline/court_reg_v3/comparisons/static_vs_affine_fixed/frame_02000.png,3757723,79070387df31e499b89536a743246b92692c797cf6170653e82e56885ddbcf88,"experiment outputs, metrics, review artifacts, overlays"
results/real_baseline/court_reg_v3/comparisons/static_vs_affine_fixed/frame_00000.png,results/real_baseline/court_reg_v3/comparisons/static_vs_affine_fixed/frame_00000.png,2905094,e4032169d4e87c1a583cb08e687f8a96d170a8f7f9ba66446697fb0fbb6aae4a,"experiment outputs, metrics, review artifacts, overlays"
results/real_baseline/court_reg_v3/comparisons/static_vs_affine_fixed/frame_01200.png,results/real_baseline/court_reg_v3/comparisons/static_vs_affine_fixed/frame_01200.png,3719401,46bb1b63b4cff05b963db9851252755396588e7dac94a521a12895c1c9f26297,"experiment outputs, metrics, review artifacts, overlays"
results/real_baseline/court_reg_v3/comparisons/rolling_vs_fixed/frame_00300.png,results/real_baseline/court_reg_v3/comparisons/rolling_vs_fixed/frame_00300.png,3859148,ca1828907b9fd668d14b118846d52a6e1be78301febfbbdbe94d76831ba33d00,"experiment outputs, metrics, review artifacts, overlays"
results/real_baseline/court_reg_v3/comparisons/rolling_vs_fixed/frame_00060.png,results/real_baseline/court_reg_v3/comparisons/rolling_vs_fixed/frame_00060.png,3657446,e97fefc06dbdeb7709cc1928e903015554127fed7633f063969811db4a212513,"experiment outputs, metrics, review artifacts, overlays"
results/real_baseline/court_reg_v3/comparisons/rolling_vs_fixed/frame_00600.png,results/real_baseline/court_reg_v3/comparisons/rolling_vs_fixed/frame_00600.png,3732046,3fb8b46460e51b2eb0454224c56d246e213e0df2e5c7d070a45adff1af8f7f1c,"experiment outputs, metrics, review artifacts, overlays"
results/real_baseline/court_reg_v3/comparisons/rolling_vs_fixed/frame_02000.png,results/real_baseline/court_reg_v3/comparisons/rolling_vs_fixed/frame_02000.png,3763365,0b123f91a8f87dc69bf2c0ac0f2fbc978752495862ac9f8cd23a911f98c64f51,"experiment outputs, metrics, review artifacts, overlays"
results/real_baseline/court_reg_v3/comparisons/rolling_vs_fixed/frame_00000.png,results/real_baseline/court_reg_v3/comparisons/rolling_vs_fixed/frame_00000.png,2905248,473191023b7e580434c7aadda9a08a7de5cda865ef1c1f74408f5c532b5d62cf,"experiment outputs, metrics, review artifacts, overlays"
results/real_baseline/court_reg_v3/comparisons/rolling_vs_fixed/frame_01200.png,results/real_baseline/court_reg_v3/comparisons/rolling_vs_fixed/frame_01200.png,3718309,bb0712782efca5b37237180ac2108465ad80e7aedd2e3018ead03ee6489df50f,"experiment outputs, metrics, review artifacts, overlays"
results/real_baseline/court_reg_v1/debug_frames/frame_00300.png,results/real_baseline/court_reg_v1/debug_frames/frame_00300.png,2027831,81e435086896a992fe58df38a578bd834318bde4a36d25702e35ecf6f7bdb588,"experiment outputs, metrics, review artifacts, overlays"
results/real_baseline/court_reg_v1/debug_frames/frame_00060.png,results/real_baseline/court_reg_v1/debug_frames/frame_00060.png,1968320,7c9df7e667400274e48866d92ce94a742b79bb9a33ece5ca333f51dfb020942f,"experiment outputs, metrics, review artifacts, overlays"
results/real_baseline/court_reg_v1/debug_frames/frame_00600.png,results/real_baseline/court_reg_v1/debug_frames/frame_00600.png,2236271,e61632a6b607154071a295d2efa7f8416516f05a49f19b0d09627c5757353ac9,"experiment outputs, metrics, review artifacts, overlays"
results/real_baseline/court_reg_v1/debug_frames/frame_00000.png,results/real_baseline/court_reg_v1/debug_frames/frame_00000.png,1763235,b3b5b2128e64cb51c2723c7615683ef11f67ea14d35203619d759df5cb866c01,"experiment outputs, metrics, review artifacts, overlays"
results/real_baseline/court_reg_v1/debug_frames/frame_02400.png,results/real_baseline/court_reg_v1/debug_frames/frame_02400.png,2251848,e96f756d66d02f34cfc141022aa6517226e614651c401b31d4455a4fc76d694d,"experiment outputs, metrics, review artifacts, overlays"
results/real_baseline/court_reg_v1/debug_frames/frame_01200.png,results/real_baseline/court_reg_v1/debug_frames/frame_01200.png,2234315,50a59e18e0744974a90f0796af57cb086771eb5e03c7e806d2e6a3a4ea491336,"experiment outputs, metrics, review artifacts, overlays"
results/presentation_demo/demo_v1_stage3_probe4/candidates.csv,results/presentation_demo/demo_v1_stage3_probe4/candidates.csv,679,45762a109585fcbdb26e095bcad90eac995dad327ab85dba8b5c3d8d84534af0,"experiment outputs, metrics, review artifacts, overlays"
results/presentation_demo/demo_v1_stage3_probe/candidates.csv,results/presentation_demo/demo_v1_stage3_probe/candidates.csv,441,b14245237b66085edb46c724bc52266228429efa96de416bdb51db28405c9999,"experiment outputs, metrics, review artifacts, overlays"
results/presentation_demo/demo_v1_active_side/foot_faults/summary.json,results/presentation_demo/demo_v1_active_side/foot_faults/summary.json,212,deb98465e771c737986bf94fd6ca164c01d4849da9693b5a4389891fa699ff04,"experiment outputs, metrics, review artifacts, overlays"
results/presentation_demo/demo_v1_active_side/foot_faults/foot_fault_events.csv,results/presentation_demo/demo_v1_active_side/foot_faults/foot_fault_events.csv,1306,8f6e42ea511e745ed3f2aa33e538b4ce30dc88c2f2fd05fdf42dd5730f110f63,"experiment outputs, metrics, review artifacts, overlays"
results/presentation_demo/demo_v1_active_side/ball_tracking/ball_overlay.mp4,results/presentation_demo/demo_v1_active_side/ball_tracking/ball_overlay.mp4,45492337,157458a3c1d26096dfe396baef097b9b8fdb86d7e273ab9e824827b024091f19,"experiment outputs, metrics, review artifacts, overlays"
results/presentation_demo/demo_v1_active_side/ball_tracking/ball_tracking.csv,results/presentation_demo/demo_v1_active_side/ball_tracking/ball_tracking.csv,68769,6237baa3cb501575cd967b6b75397736ba049ea8109c86b5efa2df0e908c143d,"experiment outputs, metrics, review artifacts, overlays"
results/presentation_demo/demo_v1_active_side/review/review_pending.json,results/presentation_demo/demo_v1_active_side/review/review_pending.json,9276,fe143644bdce9bc3a8314b3bee4f2e16f3edbbb297512444e555f5ea56db72b3,"experiment outputs, metrics, review artifacts, overlays"
results/presentation_demo/demo_v1_active_side/review/checkpoint_final/event_01948.png,results/presentation_demo/demo_v1_active_side/review/checkpoint_final/event_01948.png,1978753,d84acba2365fd46af3bf16f2acde671f662fb03a40768bd2833bb708267c461e,"experiment outputs, metrics, review artifacts, overlays"
results/presentation_demo/demo_v1_active_side/review/checkpoint_final/event_01537.png,results/presentation_demo/demo_v1_active_side/review/checkpoint_final/event_01537.png,1965506,ebf2c37a6af0be9b96f15af6d114466fb625b7051f134510bb2d164c78035736,"experiment outputs, metrics, review artifacts, overlays"
results/presentation_demo/demo_v1_active_side/review/checkpoint_final/event_00929.png,results/presentation_demo/demo_v1_active_side/review/checkpoint_final/event_00929.png,2005795,ca82681f8a77b91c7d5bfbd54d192a9007a3755dbd140d68068e455e336587b9,"experiment outputs, metrics, review artifacts, overlays"
results/presentation_demo/demo_v1_active_side/review/checkpoint_ball_tracking/frame_01755.png,results/presentation_demo/demo_v1_active_side/review/checkpoint_ball_tracking/frame_01755.png,1938475,dc5838ab958146c4b2077b170bbe96586bf948fbe5f4d8d61816ac07f5eae5ee,"experiment outputs, metrics, review artifacts, overlays"
results/presentation_demo/demo_v1_active_side/review/checkpoint_ball_tracking/frame_01157.png,results/presentation_demo/demo_v1_active_side/review/checkpoint_ball_tracking/frame_01157.png,1972432,754e680664f53d679bfc8fbf8d258063572e01f8f8a1f7e25c2d0ea7b0dfb5fe,"experiment outputs, metrics, review artifacts, overlays"
results/presentation_demo/demo_v1_active_side/review/checkpoint_ball_tracking/frame_00510.png,results/presentation_demo/demo_v1_active_side/review/checkpoint_ball_tracking/frame_00510.png,1974782,15d85a91a7d608ff037daacdaca0e7bcd6f6533490bb9aa04f1bce4713d7880f,"experiment outputs, metrics, review artifacts, overlays"
results/presentation_demo/demo_v1_active_side/review/checkpoint_ball_tracking/frame_01357.png,results/presentation_demo/demo_v1_active_side/review/checkpoint_ball_tracking/frame_01357.png,1982333,cb5bf64319c81491280dfa90d989deed8c7b40ef56bb7d3962c2d64cd657bfda,"experiment outputs, metrics, review artifacts, overlays"
results/presentation_demo/demo_v1_active_side/review/checkpoint_ball_tracking/frame_01668.png,results/presentation_demo/demo_v1_active_side/review/checkpoint_ball_tracking/frame_01668.png,1946573,d752ec9d5fe06d161f29be3e7dbd2205cf8797ccafa7e0ba9e8034fbdcc1582a,"experiment outputs, metrics, review artifacts, overlays"
results/presentation_demo/demo_v1_active_side/review/checkpoint_ball_tracking/frame_00438.png,results/presentation_demo/demo_v1_active_side/review/checkpoint_ball_tracking/frame_00438.png,1971067,d651d1bf88cc6216ccc439210c23d45cc6646a198ce92090fba75fc808f0e58b,"experiment outputs, metrics, review artifacts, overlays"
results/presentation_demo/demo_v1_active_side/review/checkpoint_ball_tracking/frame_00001.png,results/presentation_demo/demo_v1_active_side/review/checkpoint_ball_tracking/frame_00001.png,1729780,5322fdcaa8e97b33b060b4100edf8c6e2f734271a7464d6661bd66f8675efeb4,"experiment outputs, metrics, review artifacts, overlays"
results/presentation_demo/demo_v1_active_side/review/checkpoint_ball_tracking/frame_00755.png,results/presentation_demo/demo_v1_active_side/review/checkpoint_ball_tracking/frame_00755.png,2030584,e915e7454daa5f3df6320d36c492e9dcfa88371b157fc275299d941ac6528bef,"experiment outputs, metrics, review artifacts, overlays"
results/presentation_demo/demo_v1_active_side/review/checkpoint_ball_tracking/frame_01847.png,results/presentation_demo/demo_v1_active_side/review/checkpoint_ball_tracking/frame_01847.png,1947652,196bdf9bb76c011c7a11109e2d6380eadbf39d92e48e8093420cde14edb35e97,"experiment outputs, metrics, review artifacts, overlays"
results/presentation_demo/demo_v1_active_side/review/checkpoint_ball_tracking/frame_01058.png,results/presentation_demo/demo_v1_active_side/review/checkpoint_ball_tracking/frame_01058.png,1975122,79dd220fc63da93fcd4da9b57a9dbbf1c02733e7b92f41bfe2e0edcfb7184881,"experiment outputs, metrics, review artifacts, overlays"
results/presentation_demo/demo_v1_active_side/review/checkpoint_ball_tracking/frame_01266.png,results/presentation_demo/demo_v1_active_side/review/checkpoint_ball_tracking/frame_01266.png,1985809,0c605f5b2825c70a92b7b33b58c404c67de3ec4a9d17463ee0d82567b633583d,"experiment outputs, metrics, review artifacts, overlays"
results/presentation_demo/demo_v1_active_side/review/checkpoint_ball_tracking/frame_00623.png,results/presentation_demo/demo_v1_active_side/review/checkpoint_ball_tracking/frame_00623.png,2008029,765e3b1319f62b441d5c8812e294494e9186ade0ebe91098f0e5a7e6dea6138f,"experiment outputs, metrics, review artifacts, overlays"
results/presentation_demo/demo_v1_active_side/review/checkpoint_ball_tracking/frame_01465.png,results/presentation_demo/demo_v1_active_side/review/checkpoint_ball_tracking/frame_01465.png,1959674,5c489c2ce60fad3dfdb141c8ddcd4bbba355c566e5d6ceacfbb9d4f99aa6383c,"experiment outputs, metrics, review artifacts, overlays"
results/presentation_demo/demo_v1_active_side/review/checkpoint_ball_tracking/frame_01934.png,results/presentation_demo/demo_v1_active_side/review/checkpoint_ball_tracking/frame_01934.png,1945333,1e3badc978d7a11e023508b5050403d4c55328fd1ec54478799c2ab00735df03,"experiment outputs, metrics, review artifacts, overlays"
results/presentation_demo/demo_v1_active_side/review/checkpoint_ball_tracking/frame_00156.png,results/presentation_demo/demo_v1_active_side/review/checkpoint_ball_tracking/frame_00156.png,1958375,8eb66d8ec22acb0a210e475571c670c8d0a9ae38ee9374d391fc1a873d3e30b9,"experiment outputs, metrics, review artifacts, overlays"
results/presentation_demo/demo_v1_active_side/review/checkpoint_ball_tracking/frame_00327.png,results/presentation_demo/demo_v1_active_side/review/checkpoint_ball_tracking/frame_00327.png,1990243,a4531e5b9ff2d3ffea782305fbb7ab7844ee9f0441542bb8ee03819467fd73aa,"experiment outputs, metrics, review artifacts, overlays"
results/presentation_demo/demo_v1_active_side/review/checkpoint_ball_tracking/frame_01210.png,results/presentation_demo/demo_v1_active_side/review/checkpoint_ball_tracking/frame_01210.png,2002132,238ad345e658dc5a571ebf5ca9c80d7632a2232f427eaad67c230425cf009514,"experiment outputs, metrics, review artifacts, overlays"
results/presentation_demo/demo_v1_active_side/review/checkpoint_ball_tracking/frame_00914.png,results/presentation_demo/demo_v1_active_side/review/checkpoint_ball_tracking/frame_00914.png,1972914,fe83d1a554d7f87d63c4e1aadbcc65596454494ff2f7fa8659593e11eeb612e4,"experiment outputs, metrics, review artifacts, overlays"
results/presentation_demo/demo_v1_active_side/review/checkpoint_ball_tracking/frame_01565.png,results/presentation_demo/demo_v1_active_side/review/checkpoint_ball_tracking/frame_01565.png,1958105,7638d91b306ca1603f6921190c1ac4092ac8bddaf0e4be74e23cb4556f8e3418,"experiment outputs, metrics, review artifacts, overlays"
results/presentation_demo/demo_v1_active_side/review/checkpoint_ball_tracking/frame_00040.png,results/presentation_demo/demo_v1_active_side/review/checkpoint_ball_tracking/frame_00040.png,1868406,c2508c4c02dfa3dcd72d0f6c43509dab9e07f8133374717333f6e76db6fa143f,"experiment outputs, metrics, review artifacts, overlays"
results/presentation_demo/demo_v1_active_side/review/checkpoint_foot/foot_01948.png,results/presentation_demo/demo_v1_active_side/review/checkpoint_foot/foot_01948.png,1909035,f82edf18ebe6d980f69718dd277087811c6602cad7959299998f828d00dc8b42,"experiment outputs, metrics, review artifacts, overlays"
results/presentation_demo/demo_v1_active_side/review/checkpoint_foot/foot_01948_roi.png,results/presentation_demo/demo_v1_active_side/review/checkpoint_foot/foot_01948_roi.png,179196,c69dc5b9343a8a7281f47c4bdb377339cc8e0dbd7a6cd3d951a23ddf4b427a98,"experiment outputs, metrics, review artifacts, overlays"
results/presentation_demo/demo_v1_active_side/review/checkpoint_foot/foot_01537.png,results/presentation_demo/demo_v1_active_side/review/checkpoint_foot/foot_01537.png,1886505,513041ffd581ac646c2206d9401193546575f8ad9317d3671b7ed51728818625,"experiment outputs, metrics, review artifacts, overlays"
results/presentation_demo/demo_v1_active_side/review/checkpoint_foot/foot_01537_roi.png,results/presentation_demo/demo_v1_active_side/review/checkpoint_foot/foot_01537_roi.png,166123,10ddfa8d6988b5a227c13b11bfd0de744d524ff58e30118c5f7a43294415bd10,"experiment outputs, metrics, review artifacts, overlays"
results/presentation_demo/demo_v1_active_side/review/checkpoint_foot/foot_00929_roi.png,results/presentation_demo/demo_v1_active_side/review/checkpoint_foot/foot_00929_roi.png,172236,d349e408ad96d755a9747edb4966dc70ac20e3af1581de28e3001a46198c0522,"experiment outputs, metrics, review artifacts, overlays"
results/presentation_demo/demo_v1_active_side/review/checkpoint_foot/foot_00929.png,results/presentation_demo/demo_v1_active_side/review/checkpoint_foot/foot_00929.png,1930582,1b305ba259833ef716690ef3996d85d3d246334426c53f7e597e23b112a6de0f,"experiment outputs, metrics, review artifacts, overlays"
results/presentation_demo/demo_v1_active_side/ball_tracking/debug_frames/frame_01620.png,results/presentation_demo/demo_v1_active_side/ball_tracking/debug_frames/frame_01620.png,628962,90e894fd7304b0ffa2a253684d7cbf53cab7884eeb492c9baa32d9957e0489b0,"experiment outputs, metrics, review artifacts, overlays"
results/presentation_demo/demo_v1_active_side/ball_tracking/debug_frames/frame_01740.png,results/presentation_demo/demo_v1_active_side/ball_tracking/debug_frames/frame_01740.png,614003,b492a258bcfe9159a03004070e1de34db7ccbc3f61fbedb052234105f32d3c5e,"experiment outputs, metrics, review artifacts, overlays"
results/presentation_demo/demo_v1_active_side/ball_tracking/debug_frames/frame_00660.png,results/presentation_demo/demo_v1_active_side/ball_tracking/debug_frames/frame_00660.png,630284,d75c2b628ae4b6692d76f5abb7af95a2a49342ff7490f7219522161548422c63,"experiment outputs, metrics, review artifacts, overlays"
results/presentation_demo/demo_v1_active_side/ball_tracking/debug_frames/frame_00300.png,results/presentation_demo/demo_v1_active_side/ball_tracking/debug_frames/frame_00300.png,644949,c12d875f78d2d423aaae1462f115c64e2bfbf682b4adfe05b7a494aca639f0d0,"experiment outputs, metrics, review artifacts, overlays"
results/presentation_demo/demo_v1_active_side/ball_tracking/debug_frames/frame_00060.png,results/presentation_demo/demo_v1_active_side/ball_tracking/debug_frames/frame_00060.png,616886,a1f5b6417fce42a0d7bf9d0d669634df6c6e7990f6a26d9c978d2a71e848ffa6,"experiment outputs, metrics, review artifacts, overlays"
results/presentation_demo/demo_v1_active_side/ball_tracking/debug_frames/frame_01140.png,results/presentation_demo/demo_v1_active_side/ball_tracking/debug_frames/frame_01140.png,624506,50f920b87090b8a6ee68f12c09771cefd095782a7f8eab5d5b4fcab4385ade31,"experiment outputs, metrics, review artifacts, overlays"
results/presentation_demo/demo_v1_active_side/ball_tracking/debug_frames/frame_01020.png,results/presentation_demo/demo_v1_active_side/ball_tracking/debug_frames/frame_01020.png,631054,5cefae422b5a8145c138099d295f02a6f7222f6e4b88dd210bebaa8dc9e332bd,"experiment outputs, metrics, review artifacts, overlays"
results/presentation_demo/demo_v1_active_side/ball_tracking/debug_frames/frame_00840.png,results/presentation_demo/demo_v1_active_side/ball_tracking/debug_frames/frame_00840.png,630397,414f06bd51c4cca93be81e8b465b282a1d316ab5e1f562874541925171cb02c3,"experiment outputs, metrics, review artifacts, overlays"
results/presentation_demo/demo_v1_active_side/ball_tracking/debug_frames/frame_01800.png,results/presentation_demo/demo_v1_active_side/ball_tracking/debug_frames/frame_01800.png,610986,c70bdaf07df022f01fa7c91e26c1332052c7754d2516909fe0d58437e449a0ee,"experiment outputs, metrics, review artifacts, overlays"
results/presentation_demo/demo_v1_active_side/ball_tracking/debug_frames/frame_01380.png,results/presentation_demo/demo_v1_active_side/ball_tracking/debug_frames/frame_01380.png,623148,ea45eef896fdd6febc1b38b5ba5d5d5b81566c5919851dee4ffbbc031263ec5d,"experiment outputs, metrics, review artifacts, overlays"
results/presentation_demo/demo_v1_active_side/ball_tracking/debug_frames/frame_00600.png,results/presentation_demo/demo_v1_active_side/ball_tracking/debug_frames/frame_00600.png,624334,6e63e9615d49d1d17d6ef4fa0b2fe2406f3937dfe9b1cd6f067c35c5b0d3eb1b,"experiment outputs, metrics, review artifacts, overlays"
results/presentation_demo/demo_v1_active_side/ball_tracking/debug_frames/frame_01680.png,results/presentation_demo/demo_v1_active_side/ball_tracking/debug_frames/frame_01680.png,626349,ad3fe2d8af96ab0b00c7026977e2cc19abdb68ec6903d93576964f7af747d769,"experiment outputs, metrics, review artifacts, overlays"
results/presentation_demo/demo_v1_active_side/ball_tracking/debug_frames/frame_01440.png,results/presentation_demo/demo_v1_active_side/ball_tracking/debug_frames/frame_01440.png,622417,e29a34fda06b8e1c48e68f878ebed6a82b62082f0bc6f24b0a8479486ec581b5,"experiment outputs, metrics, review artifacts, overlays"
results/presentation_demo/demo_v1_active_side/ball_tracking/debug_frames/frame_00000.png,results/presentation_demo/demo_v1_active_side/ball_tracking/debug_frames/frame_00000.png,517413,2dab96c2e17b516a63ed564338e5d643ef2a27cad47f131433ec231aa7ad7f03,"experiment outputs, metrics, review artifacts, overlays"
results/presentation_demo/demo_v1_active_side/ball_tracking/debug_frames/frame_01860.png,results/presentation_demo/demo_v1_active_side/ball_tracking/debug_frames/frame_01860.png,608066,8329d95e6f060dedf2650fa1df342764c893407769faca993dc62497cf1c6f60,"experiment outputs, metrics, review artifacts, overlays"
results/presentation_demo/demo_v1_active_side/ball_tracking/debug_frames/frame_01080.png,results/presentation_demo/demo_v1_active_side/ball_tracking/debug_frames/frame_01080.png,622909,307b81627ad8d7cf6e2c9fccc6d17989daa6344a30d0f7c9b60552210cf25a4c,"experiment outputs, metrics, review artifacts, overlays"
results/presentation_demo/demo_v1_active_side/ball_tracking/debug_frames/frame_00360.png,results/presentation_demo/demo_v1_active_side/ball_tracking/debug_frames/frame_00360.png,632899,85e2748a67384047cd1e1b8d6f2cf9bd62371a0440e2a29381a1e29f837408a2,"experiment outputs, metrics, review artifacts, overlays"
results/presentation_demo/demo_v1_active_side/ball_tracking/debug_frames/frame_01320.png,results/presentation_demo/demo_v1_active_side/ball_tracking/debug_frames/frame_01320.png,628623,eb7739c8e9588d92637a27607c4b6875c3657c228e01e5170ed6053b3635c597,"experiment outputs, metrics, review artifacts, overlays"
results/presentation_demo/demo_v1_active_side/ball_tracking/debug_frames/frame_00540.png,results/presentation_demo/demo_v1_active_side/ball_tracking/debug_frames/frame_00540.png,616881,34a22b3076dd53ef5934a77d91d47ba592cb761203543536396e7937ba0f19dd,"experiment outputs, metrics, review artifacts, overlays"
results/presentation_demo/demo_v1_active_side/ball_tracking/debug_frames/frame_00420.png,results/presentation_demo/demo_v1_active_side/ball_tracking/debug_frames/frame_00420.png,629960,0635229bcc3383bf2536d987e19e46d89974a85753dbac9fc6fcfaa57f459461,"experiment outputs, metrics, review artifacts, overlays"
results/presentation_demo/demo_v1_active_side/ball_tracking/debug_frames/frame_01500.png,results/presentation_demo/demo_v1_active_side/ball_tracking/debug_frames/frame_01500.png,627662,8daa293e164d3719487199ef905d25b03d2e8e689faa9d9e4e2d48ba29de68df,"experiment outputs, metrics, review artifacts, overlays"
results/presentation_demo/demo_v1_active_side/ball_tracking/debug_frames/frame_00780.png,results/presentation_demo/demo_v1_active_side/ball_tracking/debug_frames/frame_00780.png,633242,fb609260828cc59425a6387af7fdfcb1ef6bf53ac4161db6afd7280d5c9b0c1b,"experiment outputs, metrics, review artifacts, overlays"
results/presentation_demo/demo_v1_active_side/ball_tracking/debug_frames/frame_00960.png,results/presentation_demo/demo_v1_active_side/ball_tracking/debug_frames/frame_00960.png,631373,6e37236d3387d677ca430face020ae447d273076dee639d6841b11ec3da30034,"experiment outputs, metrics, review artifacts, overlays"
results/presentation_demo/demo_v1_active_side/ball_tracking/debug_frames/frame_01920.png,results/presentation_demo/demo_v1_active_side/ball_tracking/debug_frames/frame_01920.png,618357,b5be164fb82f2432df3af9741fbb4340644fd674b1f15905c4d8221e930e78de,"experiment outputs, metrics, review artifacts, overlays"
results/presentation_demo/demo_v1_active_side/ball_tracking/debug_frames/frame_01260.png,results/presentation_demo/demo_v1_active_side/ball_tracking/debug_frames/frame_01260.png,622075,0094e45c716627ace037834ac0019e9c5c347040c6f084cf068ca3881b7b3a57,"experiment outputs, metrics, review artifacts, overlays"
results/presentation_demo/demo_v1_active_side/ball_tracking/debug_frames/frame_00180.png,results/presentation_demo/demo_v1_active_side/ball_tracking/debug_frames/frame_00180.png,627023,55619660729a683036e8b32712cabfb9447c92403be94aed592327c73b7d06c4,"experiment outputs, metrics, review artifacts, overlays"
results/presentation_demo/demo_v1_active_side/ball_tracking/debug_frames/frame_01560.png,results/presentation_demo/demo_v1_active_side/ball_tracking/debug_frames/frame_01560.png,624329,fa94e066de4785567516c21a3b36a2037a99e9eb8afe274957cee622546f0646,"experiment outputs, metrics, review artifacts, overlays"
results/presentation_demo/demo_v1_active_side/ball_tracking/debug_frames/frame_02040.png,results/presentation_demo/demo_v1_active_side/ball_tracking/debug_frames/frame_02040.png,541782,317ade80d2a2116b70e0b6cf2f486283809ea85bd03767f9428f2f3e048d0ac9,"experiment outputs, metrics, review artifacts, overlays"
results/presentation_demo/demo_v1_active_side/ball_tracking/debug_frames/frame_00480.png,results/presentation_demo/demo_v1_active_side/ball_tracking/debug_frames/frame_00480.png,624221,ba5e6632f33443a0370455a70f2e6ece8b407b8146fefdcada6e516c2a12a351,"experiment outputs, metrics, review artifacts, overlays"
results/presentation_demo/demo_v1_active_side/ball_tracking/debug_frames/frame_00720.png,results/presentation_demo/demo_v1_active_side/ball_tracking/debug_frames/frame_00720.png,629441,52567b03f9d384e6cfb6a68364d16a04fa3eaeda6c475982941af7e515c6f644,"experiment outputs, metrics, review artifacts, overlays"
results/presentation_demo/demo_v1_active_side/ball_tracking/debug_frames/frame_00240.png,results/presentation_demo/demo_v1_active_side/ball_tracking/debug_frames/frame_00240.png,635620,11075ad2b06d2157c7ecd7a5616ba1250bb5af97d49e1fa1669a610ff9354fde,"experiment outputs, metrics, review artifacts, overlays"
results/presentation_demo/demo_v1_active_side/ball_tracking/debug_frames/frame_01980.png,results/presentation_demo/demo_v1_active_side/ball_tracking/debug_frames/frame_01980.png,621740,d76f40d16a8a65a779f00b4700a5c973d50e111950054d3a80c4a72551dedb15,"experiment outputs, metrics, review artifacts, overlays"
results/presentation_demo/demo_v1_active_side/ball_tracking/debug_frames/frame_01200.png,results/presentation_demo/demo_v1_active_side/ball_tracking/debug_frames/frame_01200.png,617968,a3dfffb77c65938eedf92be7e9859f3c41f485d8ec3625ec56931404b63e87f3,"experiment outputs, metrics, review artifacts, overlays"
results/presentation_demo/demo_v1_active_side/ball_tracking/debug_frames/frame_00900.png,results/presentation_demo/demo_v1_active_side/ball_tracking/debug_frames/frame_00900.png,632217,1a7204e5b8b321fe3ed228fb3318fa4032a26f98097e678c0105f857ed5fe73c,"experiment outputs, metrics, review artifacts, overlays"
results/presentation_demo/demo_v1_active_side/ball_tracking/debug_frames/frame_00120.png,results/presentation_demo/demo_v1_active_side/ball_tracking/debug_frames/frame_00120.png,628343,ac7ceb5621348254f37810bbf9d4478bb6ec3f75dacf227389d1f08d0551a63b,"experiment outputs, metrics, review artifacts, overlays"
results/presentation_demo/demo_v1_active_side/foot_faults/event_frames/event_01948.png,results/presentation_demo/demo_v1_active_side/foot_faults/event_frames/event_01948.png,1978753,d84acba2365fd46af3bf16f2acde671f662fb03a40768bd2833bb708267c461e,"experiment outputs, metrics, review artifacts, overlays"
results/presentation_demo/demo_v1_active_side/foot_faults/event_frames/event_01537.png,results/presentation_demo/demo_v1_active_side/foot_faults/event_frames/event_01537.png,1965506,ebf2c37a6af0be9b96f15af6d114466fb625b7051f134510bb2d164c78035736,"experiment outputs, metrics, review artifacts, overlays"
results/presentation_demo/demo_v1_active_side/foot_faults/event_frames/event_00929.png,results/presentation_demo/demo_v1_active_side/foot_faults/event_frames/event_00929.png,2005795,ca82681f8a77b91c7d5bfbd54d192a9007a3755dbd140d68068e455e336587b9,"experiment outputs, metrics, review artifacts, overlays"
results/presentation_demo/demo_v1_active_side/foot_faults/roi_frames/event_01948_roi.png,results/presentation_demo/demo_v1_active_side/foot_faults/roi_frames/event_01948_roi.png,179196,c69dc5b9343a8a7281f47c4bdb377339cc8e0dbd7a6cd3d951a23ddf4b427a98,"experiment outputs, metrics, review artifacts, overlays"
results/presentation_demo/demo_v1_active_side/foot_faults/roi_frames/event_01537_roi.png,results/presentation_demo/demo_v1_active_side/foot_faults/roi_frames/event_01537_roi.png,166123,10ddfa8d6988b5a227c13b11bfd0de744d524ff58e30118c5f7a43294415bd10,"experiment outputs, metrics, review artifacts, overlays"
results/presentation_demo/demo_v1_active_side/foot_faults/roi_frames/event_00929_roi.png,results/presentation_demo/demo_v1_active_side/foot_faults/roi_frames/event_00929_roi.png,172236,d349e408ad96d755a9747edb4966dc70ac20e3af1581de28e3001a46198c0522,"experiment outputs, metrics, review artifacts, overlays"
results/presentation_demo/demo_v1_stage3_probe/montage/bounce_01714.png,results/presentation_demo/demo_v1_stage3_probe/montage/bounce_01714.png,1321904,58fdb72083f58feca5a0addc57c0222639d49656e7b1232ea4bc1b1d9f0f280d,"experiment outputs, metrics, review artifacts, overlays"
results/presentation_demo/demo_v1_stage3_probe/montage/bounce_01257.png,results/presentation_demo/demo_v1_stage3_probe/montage/bounce_01257.png,1337054,d874e1bdaaec0eb76ae54897fd355ecb3bd19af2f7738bf636d4faec9d683f6c,"experiment outputs, metrics, review artifacts, overlays"
results/presentation_demo/demo_v1_stage3_probe4/montage/bounce_00490.png,results/presentation_demo/demo_v1_stage3_probe4/montage/bounce_00490.png,1338928,e57df181b16566839d19b0f082472c6a18ef3d365d672f08976f5852eec1e5e7,"experiment outputs, metrics, review artifacts, overlays"
results/presentation_demo/demo_v1_stage3_probe4/montage/bounce_01714.png,results/presentation_demo/demo_v1_stage3_probe4/montage/bounce_01714.png,1321904,58fdb72083f58feca5a0addc57c0222639d49656e7b1232ea4bc1b1d9f0f280d,"experiment outputs, metrics, review artifacts, overlays"
results/presentation_demo/demo_v1_stage3_probe4/montage/bounce_01257.png,results/presentation_demo/demo_v1_stage3_probe4/montage/bounce_01257.png,1337054,d874e1bdaaec0eb76ae54897fd355ecb3bd19af2f7738bf636d4faec9d683f6c,"experiment outputs, metrics, review artifacts, overlays"
results/presentation_demo/demo_v1_stage3_probe4/montage/bounce_01778.png,results/presentation_demo/demo_v1_stage3_probe4/montage/bounce_01778.png,1312539,a27d6b6e62749b7a4b01cc43eb313a6ceed8c830f59198a95214f3c449908ebb,"experiment outputs, metrics, review artifacts, overlays"
results/presentation_demo/demo_v1_foot_review/foot_faults/summary.json,results/presentation_demo/demo_v1_foot_review/foot_faults/summary.json,204,54c9a360698a66b8cb26a99d8b30db27fcb8a3d64893797e7d72c345d1fc4d93,"experiment outputs, metrics, review artifacts, overlays"
results/presentation_demo/demo_v1_foot_review/foot_faults/foot_fault_events.csv,results/presentation_demo/demo_v1_foot_review/foot_faults/foot_fault_events.csv,899,7717c964a269395ea3d5d1cd24db6b09d47276bda244288efbd8c19ecbe3b895,"experiment outputs, metrics, review artifacts, overlays"
results/presentation_demo/demo_v1_foot_review/review/review_pending.json,results/presentation_demo/demo_v1_foot_review/review/review_pending.json,4774,fbd3f81f8238e15604c57c8b3dd0cc6d1e63b4d8586c85a4acedd98dd7f0addd,"experiment outputs, metrics, review artifacts, overlays"
results/presentation_demo/demo_v1_foot_review/review/checkpoint_final/event_01948.png,results/presentation_demo/demo_v1_foot_review/review/checkpoint_final/event_01948.png,1973444,50c38e2f1f0b90ec67b311bb5eea350f6c4908cafad1eada36f26db7909066a1,"experiment outputs, metrics, review artifacts, overlays"
results/presentation_demo/demo_v1_foot_review/review/checkpoint_final/event_01537.png,results/presentation_demo/demo_v1_foot_review/review/checkpoint_final/event_01537.png,1955026,e055467f77afe220f374ef4e68046524a56467791c0810ec5ce0afd5300fd616,"experiment outputs, metrics, review artifacts, overlays"
results/presentation_demo/demo_v1_foot_review/review/checkpoint_final/event_00929.png,results/presentation_demo/demo_v1_foot_review/review/checkpoint_final/event_00929.png,1989376,446a61f9cb68590db23f27521dce8123159b524281912cf8b2df4a47cbf77ceb,"experiment outputs, metrics, review artifacts, overlays"
results/presentation_demo/demo_v1_foot_review/review/checkpoint_foot/foot_01948.png,results/presentation_demo/demo_v1_foot_review/review/checkpoint_foot/foot_01948.png,1905842,2dc360a551c829f655973af7178cecef728be59f895e729fdd912ecc5068a667,"experiment outputs, metrics, review artifacts, overlays"
results/presentation_demo/demo_v1_foot_review/review/checkpoint_foot/foot_01948_roi.png,results/presentation_demo/demo_v1_foot_review/review/checkpoint_foot/foot_01948_roi.png,176054,500b73246ec1640cfce4e88b592c5f777956468881c44152c87fd3903e5ff7b5,"experiment outputs, metrics, review artifacts, overlays"
results/presentation_demo/demo_v1_foot_review/review/checkpoint_foot/foot_01537.png,results/presentation_demo/demo_v1_foot_review/review/checkpoint_foot/foot_01537.png,1882007,7c598c3976177c0f2f9d2355c6bcc98619bc80d3eb2f33e300e87a01913898b3,"experiment outputs, metrics, review artifacts, overlays"
results/presentation_demo/demo_v1_foot_review/review/checkpoint_foot/foot_01537_roi.png,results/presentation_demo/demo_v1_foot_review/review/checkpoint_foot/foot_01537_roi.png,169886,dc9bacf2ab28f866001d8229426e20fbd3042dfa0a35fa5850ccdb753833ca74,"experiment outputs, metrics, review artifacts, overlays"
results/presentation_demo/demo_v1_foot_review/review/checkpoint_foot/foot_00929_roi.png,results/presentation_demo/demo_v1_foot_review/review/checkpoint_foot/foot_00929_roi.png,176256,776297d04d0bf96b85aff52b32b5b2116d91849e00a2086c43a11ec33e4d50ea,"experiment outputs, metrics, review artifacts, overlays"
results/presentation_demo/demo_v1_foot_review/review/checkpoint_foot/foot_00929.png,results/presentation_demo/demo_v1_foot_review/review/checkpoint_foot/foot_00929.png,1919225,410aa2a668e2ed7bb2a61fc2dd2eb0c9d0daf56caf75d0e5c3f14fb095afd6bf,"experiment outputs, metrics, review artifacts, overlays"
results/presentation_demo/demo_v1_foot_review/foot_faults/event_frames/event_01948.png,results/presentation_demo/demo_v1_foot_review/foot_faults/event_frames/event_01948.png,1973444,50c38e2f1f0b90ec67b311bb5eea350f6c4908cafad1eada36f26db7909066a1,"experiment outputs, metrics, review artifacts, overlays"
results/presentation_demo/demo_v1_foot_review/foot_faults/event_frames/event_01537.png,results/presentation_demo/demo_v1_foot_review/foot_faults/event_frames/event_01537.png,1955026,e055467f77afe220f374ef4e68046524a56467791c0810ec5ce0afd5300fd616,"experiment outputs, metrics, review artifacts, overlays"
results/presentation_demo/demo_v1_foot_review/foot_faults/event_frames/event_00929.png,results/presentation_demo/demo_v1_foot_review/foot_faults/event_frames/event_00929.png,1989376,446a61f9cb68590db23f27521dce8123159b524281912cf8b2df4a47cbf77ceb,"experiment outputs, metrics, review artifacts, overlays"
results/presentation_demo/demo_v1_foot_review/foot_faults/roi_frames/event_01948_roi.png,results/presentation_demo/demo_v1_foot_review/foot_faults/roi_frames/event_01948_roi.png,176054,500b73246ec1640cfce4e88b592c5f777956468881c44152c87fd3903e5ff7b5,"experiment outputs, metrics, review artifacts, overlays"
results/presentation_demo/demo_v1_foot_review/foot_faults/roi_frames/event_01537_roi.png,results/presentation_demo/demo_v1_foot_review/foot_faults/roi_frames/event_01537_roi.png,169886,dc9bacf2ab28f866001d8229426e20fbd3042dfa0a35fa5850ccdb753833ca74,"experiment outputs, metrics, review artifacts, overlays"
results/presentation_demo/demo_v1_foot_review/foot_faults/roi_frames/event_00929_roi.png,results/presentation_demo/demo_v1_foot_review/foot_faults/roi_frames/event_00929_roi.png,176256,776297d04d0bf96b85aff52b32b5b2116d91849e00a2086c43a11ec33e4d50ea,"experiment outputs, metrics, review artifacts, overlays"
results/presentation_demo/demo_v1/bounce_validation/candidate_01257.png,results/presentation_demo/demo_v1/bounce_validation/candidate_01257.png,1627966,e92418abfa683074508ac4b763849b0cc7edf3fa0ff64a2db6d2b4ddb27b1d87,"experiment outputs, metrics, review artifacts, overlays"
results/presentation_demo/demo_v1/bounce_validation/candidate_01778.png,results/presentation_demo/demo_v1/bounce_validation/candidate_01778.png,1596664,5aa4b23396385bf5560991b8b099f12f72e5b754e46bec1b22fe167b414a1247,"experiment outputs, metrics, review artifacts, overlays"
results/presentation_demo/demo_v1/bounce_validation/candidate_00490.png,results/presentation_demo/demo_v1/bounce_validation/candidate_00490.png,1629707,0b26a31b9fa0faa3a9fdbdb5294b71e4559e91950a7c7a67ff049264a30dfc9f,"experiment outputs, metrics, review artifacts, overlays"
results/presentation_demo/demo_v1/ball_tracking/ball_overlay.mp4,results/presentation_demo/demo_v1/ball_tracking/ball_overlay.mp4,44333566,81287a6c82d9f57b5f6133007a782d82b25078c9852ef5247ef84aa10856eae9,"experiment outputs, metrics, review artifacts, overlays"
results/presentation_demo/demo_v1/ball_tracking/ball_tracking.csv,results/presentation_demo/demo_v1/ball_tracking/ball_tracking.csv,201463,bef211c3b94acdb600dabb6b8b13c3fba06578c6830b55d8d58531942b3847b2,"experiment outputs, metrics, review artifacts, overlays"
results/presentation_demo/demo_v1/volley_events/candidates.csv,results/presentation_demo/demo_v1/volley_events/candidates.csv,230,b059bf04bd48707b9e1cdff26ce0735e0d6fa7ad6de64d9a7b49dc716aed2789,"experiment outputs, metrics, review artifacts, overlays"
results/presentation_demo/demo_v1/review/review_pending.json,results/presentation_demo/demo_v1/review/review_pending.json,2991,364e59aa1cdca44ea8c75c5914602db553d59918dbb77b4ac455c63f5d6e7e94,"experiment outputs, metrics, review artifacts, overlays"
results/presentation_demo/demo_v1/review/checkpoint_registration/frame_00880.png,results/presentation_demo/demo_v1/review/checkpoint_registration/frame_00880.png,1943628,e70df712efaec207ef10c04b83583c9732598a9f323aadc6bb96aefca4b4ee15,"experiment outputs, metrics, review artifacts, overlays"
results/presentation_demo/demo_v1/review/checkpoint_registration/frame_00000.png,results/presentation_demo/demo_v1/review/checkpoint_registration/frame_00000.png,1457754,6c6c33d5f98de9803723bdb88e1e78bfdd3f0976167540f1eaeb20d40cb2db1b,"experiment outputs, metrics, review artifacts, overlays"
results/presentation_demo/demo_v1/review/checkpoint_registration/frame_00586.png,results/presentation_demo/demo_v1/review/checkpoint_registration/frame_00586.png,1935165,2fcdac09e102eb9f99eaa3e5818f1c9e523cadad03af7a9bd2d4ff01e548dbed,"experiment outputs, metrics, review artifacts, overlays"
results/presentation_demo/demo_v1/review/checkpoint_registration/frame_01467.png,results/presentation_demo/demo_v1/review/checkpoint_registration/frame_01467.png,1904740,ab4ee3bdc9259470faf31fc0f1fce2113afd83f38ad60551e5e0bc9f11e42763,"experiment outputs, metrics, review artifacts, overlays"
results/presentation_demo/demo_v1/review/checkpoint_registration/frame_02054.png,results/presentation_demo/demo_v1/review/checkpoint_registration/frame_02054.png,1438671,2b99940b61dd70250ff44e634d633793f6abb5c53315f903f8b6ce43c046b459,"experiment outputs, metrics, review artifacts, overlays"
results/presentation_demo/demo_v1/review/checkpoint_registration/frame_01173.png,results/presentation_demo/demo_v1/review/checkpoint_registration/frame_01173.png,1948194,200698a3ef55623b7fe65067dc63b950cf065b48d47074b371bfc1f5a12792cb,"experiment outputs, metrics, review artifacts, overlays"
results/presentation_demo/demo_v1/review/checkpoint_registration/frame_01760.png,results/presentation_demo/demo_v1/review/checkpoint_registration/frame_01760.png,1924967,6289a80e1f6dd20595ccccb6fffafa2d1a273146da04b2a163273c4ea4bd7572,"experiment outputs, metrics, review artifacts, overlays"
results/presentation_demo/demo_v1/review/checkpoint_registration/frame_00293.png,results/presentation_demo/demo_v1/review/checkpoint_registration/frame_00293.png,1930854,df8ba67db7549300681714510cbe155479bcac80d72bae38413b9332b2f3693b,"experiment outputs, metrics, review artifacts, overlays"
results/presentation_demo/demo_v1/review/checkpoint_ball_tracking/frame_00930.png,results/presentation_demo/demo_v1/review/checkpoint_ball_tracking/frame_00930.png,1979680,7ca20b708cf12beb830df9bec54027a18791145db3d286f8588842cd2366b03a,"experiment outputs, metrics, review artifacts, overlays"
results/presentation_demo/demo_v1/review/checkpoint_ball_tracking/frame_00307.png,results/presentation_demo/demo_v1/review/checkpoint_ball_tracking/frame_00307.png,2058010,ce0dee6264295f055156069429e02bde4fa65b674c29027f279266aa472981ec,"experiment outputs, metrics, review artifacts, overlays"
results/presentation_demo/demo_v1/review/checkpoint_ball_tracking/frame_01227.png,results/presentation_demo/demo_v1/review/checkpoint_ball_tracking/frame_01227.png,1974102,0dc5c3041d3668c9a350d98405e0a2204a98e94a6fc78e666d408bc1c5856753,"experiment outputs, metrics, review artifacts, overlays"
results/presentation_demo/demo_v1/review/checkpoint_ball_tracking/frame_01434.png,results/presentation_demo/demo_v1/review/checkpoint_ball_tracking/frame_01434.png,1986790,cfd5294be0ab638f0029af887a3e1493099802227addcc681edfe544d5c35674,"experiment outputs, metrics, review artifacts, overlays"
results/presentation_demo/demo_v1/review/checkpoint_ball_tracking/frame_01032.png,results/presentation_demo/demo_v1/review/checkpoint_ball_tracking/frame_01032.png,1900565,284e80fa46f6d40efa231d7c28d474c4061ea3193647730d2a2657871bc1f9ea,"experiment outputs, metrics, review artifacts, overlays"
results/presentation_demo/demo_v1/review/checkpoint_ball_tracking/frame_01231.png,results/presentation_demo/demo_v1/review/checkpoint_ball_tracking/frame_01231.png,1987698,841779efd7e5b2704575cf927d68952331ec72771c65515fe47174ed34d44a24,"experiment outputs, metrics, review artifacts, overlays"
results/presentation_demo/demo_v1/review/checkpoint_ball_tracking/frame_00305.png,results/presentation_demo/demo_v1/review/checkpoint_ball_tracking/frame_00305.png,2058916,b9244101d810796572e5c66dc965baa592c1518538c89e90ecb8f7918de19201,"experiment outputs, metrics, review artifacts, overlays"
results/presentation_demo/demo_v1/review/checkpoint_ball_tracking/frame_01755.png,results/presentation_demo/demo_v1/review/checkpoint_ball_tracking/frame_01755.png,1938475,dc5838ab958146c4b2077b170bbe96586bf948fbe5f4d8d61816ac07f5eae5ee,"experiment outputs, metrics, review artifacts, overlays"
results/presentation_demo/demo_v1/review/checkpoint_ball_tracking/frame_01741.png,results/presentation_demo/demo_v1/review/checkpoint_ball_tracking/frame_01741.png,1917156,4cae3bb511e73a63fa6350dfd0e65162ea19fa3892bd7db6652ea829ed323cdf,"experiment outputs, metrics, review artifacts, overlays"
results/presentation_demo/demo_v1/review/checkpoint_ball_tracking/frame_00517.png,results/presentation_demo/demo_v1/review/checkpoint_ball_tracking/frame_00517.png,1945203,292a8a41d682261fa4f7f745bf420533e369d3419164454f2b24c2df303ef85b,"experiment outputs, metrics, review artifacts, overlays"
results/presentation_demo/demo_v1/review/checkpoint_ball_tracking/frame_01423.png,results/presentation_demo/demo_v1/review/checkpoint_ball_tracking/frame_01423.png,1994449,7b7d90b1d888bf55d9e6eaa272974d7716a08e2731cc020c517f1a931b14927d,"experiment outputs, metrics, review artifacts, overlays"
results/presentation_demo/demo_v1/review/checkpoint_ball_tracking/frame_00098.png,results/presentation_demo/demo_v1/review/checkpoint_ball_tracking/frame_00098.png,1979902,6dbeeb8fa3af9e98fe911e68eae1438ac08cb5a53d2e3f6e47c602ee26d65b01,"experiment outputs, metrics, review artifacts, overlays"
results/presentation_demo/demo_v1/review/checkpoint_ball_tracking/frame_01157.png,results/presentation_demo/demo_v1/review/checkpoint_ball_tracking/frame_01157.png,1972432,754e680664f53d679bfc8fbf8d258063572e01f8f8a1f7e25c2d0ea7b0dfb5fe,"experiment outputs, metrics, review artifacts, overlays"
results/presentation_demo/demo_v1/review/checkpoint_ball_tracking/frame_01037.png,results/presentation_demo/demo_v1/review/checkpoint_ball_tracking/frame_01037.png,1940239,c2e4c3cef2e411156ca3e2986ba72427811e52711b4c6fa9aacbed5c7c1ffeb8,"experiment outputs, metrics, review artifacts, overlays"
results/presentation_demo/demo_v1/review/checkpoint_ball_tracking/frame_01751.png,results/presentation_demo/demo_v1/review/checkpoint_ball_tracking/frame_01751.png,1975646,efec88491c40bd2a990198d0893fe30c30bb2e21c6a10179dde429261bca841b,"experiment outputs, metrics, review artifacts, overlays"
results/presentation_demo/demo_v1/review/checkpoint_ball_tracking/frame_01750.png,results/presentation_demo/demo_v1/review/checkpoint_ball_tracking/frame_01750.png,1970541,b904711e135af2f0af54402316f47982f4c697bf5afa89793a2e664588436754,"experiment outputs, metrics, review artifacts, overlays"
results/presentation_demo/demo_v1/review/checkpoint_ball_tracking/frame_01630.png,results/presentation_demo/demo_v1/review/checkpoint_ball_tracking/frame_01630.png,2031159,e296ff9a6dc6aeb988b3e78668b231b648eeb7544d6e582faf314ade20653f8e,"experiment outputs, metrics, review artifacts, overlays"
results/presentation_demo/demo_v1/review/checkpoint_ball_tracking/frame_01432.png,results/presentation_demo/demo_v1/review/checkpoint_ball_tracking/frame_01432.png,1978421,5182e20fc4ec471638d9b3f80be0bb85906b52ddc5d4ec02816e06a350f41645,"experiment outputs, metrics, review artifacts, overlays"
results/presentation_demo/demo_v1/review/checkpoint_ball_tracking/frame_00935.png,results/presentation_demo/demo_v1/review/checkpoint_ball_tracking/frame_00935.png,2007860,8dcf5670bc0430b2fcc25226bb4196ccaafc1612a4715f69d35cd3fa46ebc79a,"experiment outputs, metrics, review artifacts, overlays"
results/presentation_demo/demo_v1/review/checkpoint_ball_tracking/frame_00510.png,results/presentation_demo/demo_v1/review/checkpoint_ball_tracking/frame_00510.png,1974782,15d85a91a7d608ff037daacdaca0e7bcd6f6533490bb9aa04f1bce4713d7880f,"experiment outputs, metrics, review artifacts, overlays"
results/presentation_demo/demo_v1/review/checkpoint_ball_tracking/frame_01140.png,results/presentation_demo/demo_v1/review/checkpoint_ball_tracking/frame_01140.png,1946407,14669cd237b8e49239dae5a7b6e2a5e1139a1b9267b92c218e749c5a0b83d6ab,"experiment outputs, metrics, review artifacts, overlays"
results/presentation_demo/demo_v1/review/checkpoint_ball_tracking/frame_01237.png,results/presentation_demo/demo_v1/review/checkpoint_ball_tracking/frame_01237.png,1957584,11c6545d90e55ee797e3d4ce125f7e194a78b799036cf5aac72a864519eef77e,"experiment outputs, metrics, review artifacts, overlays"
results/presentation_demo/demo_v1/review/checkpoint_ball_tracking/frame_00101.png,results/presentation_demo/demo_v1/review/checkpoint_ball_tracking/frame_00101.png,1999681,c008d77b590e8ac7240fcf6614613f5af3fc2354ab75163a3cb46e657f890b4e,"experiment outputs, metrics, review artifacts, overlays"
results/presentation_demo/demo_v1/review/checkpoint_ball_tracking/frame_01948.png,results/presentation_demo/demo_v1/review/checkpoint_ball_tracking/frame_01948.png,1961765,89d94364360a1fb96ca4ad62ee821addd728aed3eef5e8aaa5c2000abece09ed,"experiment outputs, metrics, review artifacts, overlays"
results/presentation_demo/demo_v1/review/checkpoint_ball_tracking/frame_01357.png,results/presentation_demo/demo_v1/review/checkpoint_ball_tracking/frame_01357.png,1982333,cb5bf64319c81491280dfa90d989deed8c7b40ef56bb7d3962c2d64cd657bfda,"experiment outputs, metrics, review artifacts, overlays"
results/presentation_demo/demo_v1/review/checkpoint_ball_tracking/frame_01668.png,results/presentation_demo/demo_v1/review/checkpoint_ball_tracking/frame_01668.png,1946573,d752ec9d5fe06d161f29be3e7dbd2205cf8797ccafa7e0ba9e8034fbdcc1582a,"experiment outputs, metrics, review artifacts, overlays"
results/presentation_demo/demo_v1/review/checkpoint_ball_tracking/frame_00827.png,results/presentation_demo/demo_v1/review/checkpoint_ball_tracking/frame_00827.png,2019762,20a115d074ff11650fac6cc2f228f36babbd96638a515352434d26808ad7785f,"experiment outputs, metrics, review artifacts, overlays"
results/presentation_demo/demo_v1/review/checkpoint_ball_tracking/frame_01537.png,results/presentation_demo/demo_v1/review/checkpoint_ball_tracking/frame_01537.png,1936652,4a914ed6ef95071191830f85144a52ae2235aa2b9a3b8673954749132b9fd5d6,"experiment outputs, metrics, review artifacts, overlays"
results/presentation_demo/demo_v1/review/checkpoint_ball_tracking/frame_00198.png,results/presentation_demo/demo_v1/review/checkpoint_ball_tracking/frame_00198.png,1989641,b46787e43ba800f290ec6becb94d021b825f5c246ac73f023e29282bfd12a682,"experiment outputs, metrics, review artifacts, overlays"
results/presentation_demo/demo_v1/review/checkpoint_ball_tracking/frame_01641.png,results/presentation_demo/demo_v1/review/checkpoint_ball_tracking/frame_01641.png,2024538,58180353d775963925a45361745dc693c9c400c80fcba34f2f394130b332c372,"experiment outputs, metrics, review artifacts, overlays"
results/presentation_demo/demo_v1/review/checkpoint_ball_tracking/frame_01327.png,results/presentation_demo/demo_v1/review/checkpoint_ball_tracking/frame_01327.png,1991310,2828a180d205502573a879bdc541d40c07dbf8219a6c18139caa18b03f8af046,"experiment outputs, metrics, review artifacts, overlays"
results/presentation_demo/demo_v1/review/checkpoint_ball_tracking/frame_00415.png,results/presentation_demo/demo_v1/review/checkpoint_ball_tracking/frame_00415.png,1999690,d47d7313f5d8bc5802618341e5e77a5cda47de43d1dc4bdf8c0d1f1da83e9e66,"experiment outputs, metrics, review artifacts, overlays"
results/presentation_demo/demo_v1/review/checkpoint_ball_tracking/frame_00824.png,results/presentation_demo/demo_v1/review/checkpoint_ball_tracking/frame_00824.png,2010275,b17aa96d60f511b4f516de12ae889450aa14f572f2b498739d2a4983ec958ca3,"experiment outputs, metrics, review artifacts, overlays"
results/presentation_demo/demo_v1/review/checkpoint_ball_tracking/frame_01534.png,results/presentation_demo/demo_v1/review/checkpoint_ball_tracking/frame_01534.png,2003145,ec06f2bad27879246ba1b4af80fa98250461c9423bacbdbab0921347bbe91856,"experiment outputs, metrics, review artifacts, overlays"
results/presentation_demo/demo_v1/review/checkpoint_ball_tracking/frame_01859.png,results/presentation_demo/demo_v1/review/checkpoint_ball_tracking/frame_01859.png,1945869,987764d300415926ce130f869bd7169e91d38ed8579231f044439256903e9080,"experiment outputs, metrics, review artifacts, overlays"
results/presentation_demo/demo_v1/review/checkpoint_ball_tracking/frame_01326.png,results/presentation_demo/demo_v1/review/checkpoint_ball_tracking/frame_01326.png,1989384,4f0e17afdb5f16dbf5098e1711e01918803203d46950e019213b5bc69f720e06,"experiment outputs, metrics, review artifacts, overlays"
results/presentation_demo/demo_v1/review/checkpoint_ball_tracking/frame_00000.png,results/presentation_demo/demo_v1/review/checkpoint_ball_tracking/frame_00000.png,1489330,5635aa08e82811bf1bebb26755dcc733236e46bd7636fefb8053e8f9d154397e,"experiment outputs, metrics, review artifacts, overlays"
results/presentation_demo/demo_v1/review/checkpoint_ball_tracking/frame_00438.png,results/presentation_demo/demo_v1/review/checkpoint_ball_tracking/frame_00438.png,1971067,d651d1bf88cc6216ccc439210c23d45cc6646a198ce92090fba75fc808f0e58b,"experiment outputs, metrics, review artifacts, overlays"
results/presentation_demo/demo_v1/review/checkpoint_ball_tracking/frame_00834.png,results/presentation_demo/demo_v1/review/checkpoint_ball_tracking/frame_00834.png,1979921,3888f3367db0b7a3d683c03b10089440e20c541e6c47c53a3a2542fe227d7f82,"experiment outputs, metrics, review artifacts, overlays"
results/presentation_demo/demo_v1/review/checkpoint_ball_tracking/frame_00001.png,results/presentation_demo/demo_v1/review/checkpoint_ball_tracking/frame_00001.png,1729780,5322fdcaa8e97b33b060b4100edf8c6e2f734271a7464d6661bd66f8675efeb4,"experiment outputs, metrics, review artifacts, overlays"
results/presentation_demo/demo_v1/review/checkpoint_ball_tracking/frame_01335.png,results/presentation_demo/demo_v1/review/checkpoint_ball_tracking/frame_01335.png,1963403,c2ee2c71f945513aca8a22cbcb761277865cfd2ab82294710894f6079a3e7d82,"experiment outputs, metrics, review artifacts, overlays"
results/presentation_demo/demo_v1/review/checkpoint_ball_tracking/frame_01526.png,results/presentation_demo/demo_v1/review/checkpoint_ball_tracking/frame_01526.png,1988622,b5e34351f31dbd8192d541cb7c9f64c6978c6b6f400f4584340cca4e1f70b517,"experiment outputs, metrics, review artifacts, overlays"
results/presentation_demo/demo_v1/review/checkpoint_ball_tracking/frame_01136.png,results/presentation_demo/demo_v1/review/checkpoint_ball_tracking/frame_01136.png,1986286,0d1c967e3b19a0632a6bb72adf40db33d76c0c63ab09594cdffa70b29ab3e0c6,"experiment outputs, metrics, review artifacts, overlays"
results/presentation_demo/demo_v1/review/checkpoint_ball_tracking/frame_00755.png,results/presentation_demo/demo_v1/review/checkpoint_ball_tracking/frame_00755.png,2030584,e915e7454daa5f3df6320d36c492e9dcfa88371b157fc275299d941ac6528bef,"experiment outputs, metrics, review artifacts, overlays"
results/presentation_demo/demo_v1/review/checkpoint_ball_tracking/frame_00620.png,results/presentation_demo/demo_v1/review/checkpoint_ball_tracking/frame_00620.png,2022072,d720fb575d93802fc810ac657623d03ec65da9c708fe3213cf73a0da8ad88c44,"experiment outputs, metrics, review artifacts, overlays"
results/presentation_demo/demo_v1/review/checkpoint_ball_tracking/frame_01847.png,results/presentation_demo/demo_v1/review/checkpoint_ball_tracking/frame_01847.png,1947652,196bdf9bb76c011c7a11109e2d6380eadbf39d92e48e8093420cde14edb35e97,"experiment outputs, metrics, review artifacts, overlays"
results/presentation_demo/demo_v1/review/checkpoint_ball_tracking/frame_01058.png,results/presentation_demo/demo_v1/review/checkpoint_ball_tracking/frame_01058.png,1975122,79dd220fc63da93fcd4da9b57a9dbbf1c02733e7b92f41bfe2e0edcfb7184881,"experiment outputs, metrics, review artifacts, overlays"
results/presentation_demo/demo_v1/review/checkpoint_ball_tracking/frame_01266.png,results/presentation_demo/demo_v1/review/checkpoint_ball_tracking/frame_01266.png,1985809,0c605f5b2825c70a92b7b33b58c404c67de3ec4a9d17463ee0d82567b633583d,"experiment outputs, metrics, review artifacts, overlays"
results/presentation_demo/demo_v1/review/checkpoint_ball_tracking/frame_00623.png,results/presentation_demo/demo_v1/review/checkpoint_ball_tracking/frame_00623.png,2008029,765e3b1319f62b441d5c8812e294494e9186ade0ebe91098f0e5a7e6dea6138f,"experiment outputs, metrics, review artifacts, overlays"
results/presentation_demo/demo_v1/review/checkpoint_ball_tracking/frame_01850.png,results/presentation_demo/demo_v1/review/checkpoint_ball_tracking/frame_01850.png,1899797,64bd4ed5c49a34eefd57978e20cd0b6bdacc31c382efcddc62351af05c3fd541,"experiment outputs, metrics, review artifacts, overlays"
results/presentation_demo/demo_v1/review/checkpoint_ball_tracking/frame_01465.png,results/presentation_demo/demo_v1/review/checkpoint_ball_tracking/frame_01465.png,1959674,5c489c2ce60fad3dfdb141c8ddcd4bbba355c566e5d6ceacfbb9d4f99aa6383c,"experiment outputs, metrics, review artifacts, overlays"
results/presentation_demo/demo_v1/review/checkpoint_ball_tracking/frame_01934.png,results/presentation_demo/demo_v1/review/checkpoint_ball_tracking/frame_01934.png,1945333,1e3badc978d7a11e023508b5050403d4c55328fd1ec54478799c2ab00735df03,"experiment outputs, metrics, review artifacts, overlays"
results/presentation_demo/demo_v1/review/checkpoint_ball_tracking/frame_00627.png,results/presentation_demo/demo_v1/review/checkpoint_ball_tracking/frame_00627.png,1981847,86fb70ad5cb3e14b74fdf179d66602e8b8458a1dd5c87a1fef73fb8c18967297,"experiment outputs, metrics, review artifacts, overlays"
results/presentation_demo/demo_v1/review/checkpoint_ball_tracking/frame_00197.png,results/presentation_demo/demo_v1/review/checkpoint_ball_tracking/frame_00197.png,1985487,8451745d1dfc4f3e10ffe5d41c384d9dbf79d09ad15c744dc52c2e358f115a56,"experiment outputs, metrics, review artifacts, overlays"
results/presentation_demo/demo_v1/review/checkpoint_ball_tracking/frame_00424.png,results/presentation_demo/demo_v1/review/checkpoint_ball_tracking/frame_00424.png,1983474,2125261a3d014b21373023edd0faa60d7d0d528e5967c22f7ce667af59922fbf,"experiment outputs, metrics, review artifacts, overlays"
results/presentation_demo/demo_v1/review/checkpoint_ball_tracking/frame_01128.png,results/presentation_demo/demo_v1/review/checkpoint_ball_tracking/frame_01128.png,1933689,569cf203b59ac9d957cb9474319f02cb1e4ce9cc5adefbcd6af1e7c28967cba3,"experiment outputs, metrics, review artifacts, overlays"
results/presentation_demo/demo_v1/review/checkpoint_ball_tracking/frame_00156.png,results/presentation_demo/demo_v1/review/checkpoint_ball_tracking/frame_00156.png,1958375,8eb66d8ec22acb0a210e475571c670c8d0a9ae38ee9374d391fc1a873d3e30b9,"experiment outputs, metrics, review artifacts, overlays"
results/presentation_demo/demo_v1/review/checkpoint_ball_tracking/frame_00624.png,results/presentation_demo/demo_v1/review/checkpoint_ball_tracking/frame_00624.png,1963137,36714ea0a104e9cee98b9a141315ae1fe47f8585f903c7466d952584588b80df,"experiment outputs, metrics, review artifacts, overlays"
results/presentation_demo/demo_v1/review/checkpoint_ball_tracking/frame_00209.png,results/presentation_demo/demo_v1/review/checkpoint_ball_tracking/frame_00209.png,1999558,b852ba3203fdba6d57bed380974f32f18f1ef440a72447fc662b6521f34b429f,"experiment outputs, metrics, review artifacts, overlays"
results/presentation_demo/demo_v1/review/checkpoint_ball_tracking/frame_01856.png,results/presentation_demo/demo_v1/review/checkpoint_ball_tracking/frame_01856.png,1954089,9fe87c9ca399956af099c4ce1e39774a50dd99e24cdf4f9d0826624188e84c8a,"experiment outputs, metrics, review artifacts, overlays"
results/presentation_demo/demo_v1/review/checkpoint_ball_tracking/frame_01951.png,results/presentation_demo/demo_v1/review/checkpoint_ball_tracking/frame_01951.png,1968295,03e5ec4a838098c02144d4913514f94903fa5777da44bf8a8ed7e415165d29a9,"experiment outputs, metrics, review artifacts, overlays"
results/presentation_demo/demo_v1/review/checkpoint_ball_tracking/frame_00327.png,results/presentation_demo/demo_v1/review/checkpoint_ball_tracking/frame_00327.png,1990243,a4531e5b9ff2d3ffea782305fbb7ab7844ee9f0441542bb8ee03819467fd73aa,"experiment outputs, metrics, review artifacts, overlays"
results/presentation_demo/demo_v1/review/checkpoint_ball_tracking/frame_01210.png,results/presentation_demo/demo_v1/review/checkpoint_ball_tracking/frame_01210.png,2002132,238ad345e658dc5a571ebf5ca9c80d7632a2232f427eaad67c230425cf009514,"experiment outputs, metrics, review artifacts, overlays"
results/presentation_demo/demo_v1/review/checkpoint_ball_tracking/frame_00522.png,results/presentation_demo/demo_v1/review/checkpoint_ball_tracking/frame_00522.png,1980059,2989fe00fcc14e588b32dd769970b973d975a24ebb11320fc94d3062c5c7b911,"experiment outputs, metrics, review artifacts, overlays"
results/presentation_demo/demo_v1/review/checkpoint_ball_tracking/frame_00730.png,results/presentation_demo/demo_v1/review/checkpoint_ball_tracking/frame_00730.png,2011159,9f71c5ce46f950c77435809c40bc4af6ee4e23fdc76b496263398e29d330f20a,"experiment outputs, metrics, review artifacts, overlays"
results/presentation_demo/demo_v1/review/checkpoint_ball_tracking/frame_01638.png,results/presentation_demo/demo_v1/review/checkpoint_ball_tracking/frame_01638.png,2014218,743cb8d563a78a9e47532325660263cbd80f1b43ef6f8c9e706db2d8fea64545,"experiment outputs, metrics, review artifacts, overlays"
results/presentation_demo/demo_v1/review/checkpoint_ball_tracking/frame_01956.png,results/presentation_demo/demo_v1/review/checkpoint_ball_tracking/frame_01956.png,1912623,29a1509691cd04d10daec6859f9471b46944daa0457b08d07954421f36d79dd6,"experiment outputs, metrics, review artifacts, overlays"
results/presentation_demo/demo_v1/review/checkpoint_ball_tracking/frame_00719.png,results/presentation_demo/demo_v1/review/checkpoint_ball_tracking/frame_00719.png,2014495,e4489be53edc6eda72ee9fd3d0d799420964ca8e2ce52d8a25083bf5cd06a05a,"experiment outputs, metrics, review artifacts, overlays"
results/presentation_demo/demo_v1/review/checkpoint_ball_tracking/frame_00914.png,results/presentation_demo/demo_v1/review/checkpoint_ball_tracking/frame_00914.png,1972914,fe83d1a554d7f87d63c4e1aadbcc65596454494ff2f7fa8659593e11eeb612e4,"experiment outputs, metrics, review artifacts, overlays"
results/presentation_demo/demo_v1/review/checkpoint_ball_tracking/frame_00727.png,results/presentation_demo/demo_v1/review/checkpoint_ball_tracking/frame_00727.png,1999037,7bf32d94623ea6dbf9014ebe593428096a146469bf1cabe420607d7ce5eb7756,"experiment outputs, metrics, review artifacts, overlays"
results/presentation_demo/demo_v1/review/checkpoint_ball_tracking/frame_01029.png,results/presentation_demo/demo_v1/review/checkpoint_ball_tracking/frame_01029.png,1978511,006baf2fccf105aee3ac15ecc84321c26a6e6b7633982f7f5fe215f7b0f1bc7f,"experiment outputs, metrics, review artifacts, overlays"
results/presentation_demo/demo_v1/review/checkpoint_ball_tracking/frame_00323.png,results/presentation_demo/demo_v1/review/checkpoint_ball_tracking/frame_00323.png,2023272,4325ef19cefaf555d799fb5245b87cbfeda25013e8a45879c9db1231ac3f10a1,"experiment outputs, metrics, review artifacts, overlays"
results/presentation_demo/demo_v1/review/checkpoint_ball_tracking/frame_01565.png,results/presentation_demo/demo_v1/review/checkpoint_ball_tracking/frame_01565.png,1958105,7638d91b306ca1603f6921190c1ac4092ac8bddaf0e4be74e23cb4556f8e3418,"experiment outputs, metrics, review artifacts, overlays"
results/presentation_demo/demo_v1/review/checkpoint_ball_tracking/frame_00518.png,results/presentation_demo/demo_v1/review/checkpoint_ball_tracking/frame_00518.png,1954550,d0fdacbaa9fa74bf56297ca11afcca4880c1c4be7afb8e1fb6f43deb79ba83c6,"experiment outputs, metrics, review artifacts, overlays"
results/presentation_demo/demo_v1/review/checkpoint_ball_tracking/frame_00040.png,results/presentation_demo/demo_v1/review/checkpoint_ball_tracking/frame_00040.png,1868406,c2508c4c02dfa3dcd72d0f6c43509dab9e07f8133374717333f6e76db6fa143f,"experiment outputs, metrics, review artifacts, overlays"
results/presentation_demo/demo_v1/review/checkpoint_ball_tracking/frame_00929.png,results/presentation_demo/demo_v1/review/checkpoint_ball_tracking/frame_00929.png,1973220,972730ceea5d06376542c530ec47d12a474ab9d7cb007a0670c0172250ef0dfd,"experiment outputs, metrics, review artifacts, overlays"
results/presentation_demo/demo_v1/review/checkpoint_foot/foot_01778.png,results/presentation_demo/demo_v1/review/checkpoint_foot/foot_01778.png,1881180,2c4928a221427278783affbd2e01764b4f33bb92db3953cabdf2f5e60e8729a8,"experiment outputs, metrics, review artifacts, overlays"
results/presentation_demo/demo_v1/review/checkpoint_foot/foot_01778_roi.png,results/presentation_demo/demo_v1/review/checkpoint_foot/foot_01778_roi.png,167389,c68776e2be73ac84f7711bd67b490434f7511bbe01a67ae53e04d8e474ad2f12,"experiment outputs, metrics, review artifacts, overlays"
results/presentation_demo/demo_v1/review/checkpoint_foot/foot_01257.png,results/presentation_demo/demo_v1/review/checkpoint_foot/foot_01257.png,1959016,7de8a599afce447364a9e96d0898ffddc8e9f2c4cbbb02625c4d4b993a4e6df9,"experiment outputs, metrics, review artifacts, overlays"
results/presentation_demo/demo_v1/review/checkpoint_foot/foot_01257_roi.png,results/presentation_demo/demo_v1/review/checkpoint_foot/foot_01257_roi.png,171751,7c058477365d4039a8be2987f4eb753bc70199bda0f464afe1b04c1513893551,"experiment outputs, metrics, review artifacts, overlays"
results/presentation_demo/demo_v1/review/checkpoint_foot/foot_00490_roi.png,results/presentation_demo/demo_v1/review/checkpoint_foot/foot_00490_roi.png,174902,2fb4b2091cad5099d9f5d36548084b5ad6df9bff8b8130f6adf6d0ce97e726c5,"experiment outputs, metrics, review artifacts, overlays"
results/presentation_demo/demo_v1/review/checkpoint_foot/foot_00490.png,results/presentation_demo/demo_v1/review/checkpoint_foot/foot_00490.png,1949335,01497433e119dfa6a6849cacb3a20adf0175a0db43153ac9b909c755c970357e,"experiment outputs, metrics, review artifacts, overlays"
results/presentation_demo/demo_v1/ball_tracking/debug_frames/frame_01620.png,results/presentation_demo/demo_v1/ball_tracking/debug_frames/frame_01620.png,628878,5877afc7ef9f55d4ff5f3ac6c1e29a30ee80d419666fb282e5850e5f5b7f7119,"experiment outputs, metrics, review artifacts, overlays"
results/presentation_demo/demo_v1/ball_tracking/debug_frames/frame_01740.png,results/presentation_demo/demo_v1/ball_tracking/debug_frames/frame_01740.png,615451,5b0006ff83930332b6f231592a5444607c1990a2465eb57f0cd0a314b1fb7930,"experiment outputs, metrics, review artifacts, overlays"
results/presentation_demo/demo_v1/ball_tracking/debug_frames/frame_00660.png,results/presentation_demo/demo_v1/ball_tracking/debug_frames/frame_00660.png,630316,795b6ef9e8dc1bd4990d85185e27a1ea7a59388c926d4f405c3cca974a83c704,"experiment outputs, metrics, review artifacts, overlays"
results/presentation_demo/demo_v1/ball_tracking/debug_frames/frame_00300.png,results/presentation_demo/demo_v1/ball_tracking/debug_frames/frame_00300.png,644563,dc98bd1df87021389792d9ece1c0f3171c88396eb03808b7d9e0767a093e5300,"experiment outputs, metrics, review artifacts, overlays"
results/presentation_demo/demo_v1/ball_tracking/debug_frames/frame_00060.png,results/presentation_demo/demo_v1/ball_tracking/debug_frames/frame_00060.png,617171,c64b17def82d48e13edba49e4641b950ea93483332a34ad0805aedcc7d7e82d3,"experiment outputs, metrics, review artifacts, overlays"
results/presentation_demo/demo_v1/ball_tracking/debug_frames/frame_01140.png,results/presentation_demo/demo_v1/ball_tracking/debug_frames/frame_01140.png,625176,7bcca46489eaf4a5c1075aa2fb2e683d8c57f7d69e9546415be72c871ecf66dd,"experiment outputs, metrics, review artifacts, overlays"
results/presentation_demo/demo_v1/ball_tracking/debug_frames/frame_01020.png,results/presentation_demo/demo_v1/ball_tracking/debug_frames/frame_01020.png,631485,38f954892824c6f89aa4c5e2c93c432ec34ff97a2210e3a592d68c3d426344a4,"experiment outputs, metrics, review artifacts, overlays"
results/presentation_demo/demo_v1/ball_tracking/debug_frames/frame_00840.png,results/presentation_demo/demo_v1/ball_tracking/debug_frames/frame_00840.png,629386,092df00aa0ecfed6aa53c52d8c9ceeeef71e91a4f5a64574e6d2561b28cb5081,"experiment outputs, metrics, review artifacts, overlays"
results/presentation_demo/demo_v1/ball_tracking/debug_frames/frame_01800.png,results/presentation_demo/demo_v1/ball_tracking/debug_frames/frame_01800.png,611510,4e78f797c6834040029a05e96025c76142dde671409418d5156823737d8fce0e,"experiment outputs, metrics, review artifacts, overlays"
results/presentation_demo/demo_v1/ball_tracking/debug_frames/frame_01380.png,results/presentation_demo/demo_v1/ball_tracking/debug_frames/frame_01380.png,624184,c61ec01a030d650e89f1dca74afedbdb850f4aea7850682da903f6fe74fba50d,"experiment outputs, metrics, review artifacts, overlays"
results/presentation_demo/demo_v1/ball_tracking/debug_frames/frame_00600.png,results/presentation_demo/demo_v1/ball_tracking/debug_frames/frame_00600.png,624228,ae21321cc186a5677fb9e9474621e2f9fdad9c1fe7e075dc4e0f898026d8ede8,"experiment outputs, metrics, review artifacts, overlays"
results/presentation_demo/demo_v1/ball_tracking/debug_frames/frame_01680.png,results/presentation_demo/demo_v1/ball_tracking/debug_frames/frame_01680.png,626440,115dbb44a1346d0374ca9b03aa6fb82aab29682b4c2c4698abff9657f12186aa,"experiment outputs, metrics, review artifacts, overlays"
results/presentation_demo/demo_v1/ball_tracking/debug_frames/frame_01440.png,results/presentation_demo/demo_v1/ball_tracking/debug_frames/frame_01440.png,623195,47e2575a3f755e8e74b8538c9883a54ca38c7fc8f35f7e50d8a787db429fac00,"experiment outputs, metrics, review artifacts, overlays"
results/presentation_demo/demo_v1/ball_tracking/debug_frames/frame_00000.png,results/presentation_demo/demo_v1/ball_tracking/debug_frames/frame_00000.png,518502,a87c9f226bf1558051a1a73deadb16dbefd0527d7563760b5c431eb405af8a7a,"experiment outputs, metrics, review artifacts, overlays"
results/presentation_demo/demo_v1/ball_tracking/debug_frames/frame_01860.png,results/presentation_demo/demo_v1/ball_tracking/debug_frames/frame_01860.png,608355,787e859a89d7a078b3b7c0ab81dad72b091d6c0d97cf8fd030a5f7a4a3176e64,"experiment outputs, metrics, review artifacts, overlays"
results/presentation_demo/demo_v1/ball_tracking/debug_frames/frame_01080.png,results/presentation_demo/demo_v1/ball_tracking/debug_frames/frame_01080.png,622906,c7110ed6574c028662f21055c7e04b9973e867e0a6f9c302d7f9ba6ae4b6af70,"experiment outputs, metrics, review artifacts, overlays"
results/presentation_demo/demo_v1/ball_tracking/debug_frames/frame_00360.png,results/presentation_demo/demo_v1/ball_tracking/debug_frames/frame_00360.png,632634,65279bee4b47363d4c907bfb325eaa71a9fdf4d7ee4ebcd4b7927e9deaaf12b3,"experiment outputs, metrics, review artifacts, overlays"
results/presentation_demo/demo_v1/ball_tracking/debug_frames/frame_01320.png,results/presentation_demo/demo_v1/ball_tracking/debug_frames/frame_01320.png,627639,05e43ab49c3fa4f7c4a1a7c11e562d08f25ff61494f274c0148d0b959a901537,"experiment outputs, metrics, review artifacts, overlays"
results/presentation_demo/demo_v1/ball_tracking/debug_frames/frame_00540.png,results/presentation_demo/demo_v1/ball_tracking/debug_frames/frame_00540.png,617704,e8c3179e574b801cebf1bc11399412e5776c46e224af420eff316f66853d4a26,"experiment outputs, metrics, review artifacts, overlays"
results/presentation_demo/demo_v1/ball_tracking/debug_frames/frame_00420.png,results/presentation_demo/demo_v1/ball_tracking/debug_frames/frame_00420.png,629811,9911496b791c951a9e46dca3d5f9dc895f1cc7dbdbd1a3dc547ed7ef1098a771,"experiment outputs, metrics, review artifacts, overlays"
results/presentation_demo/demo_v1/ball_tracking/debug_frames/frame_01500.png,results/presentation_demo/demo_v1/ball_tracking/debug_frames/frame_01500.png,628271,165d640109e877857c628ea67d337a930b9c14819453a08f18e7db9a69b94837,"experiment outputs, metrics, review artifacts, overlays"
results/presentation_demo/demo_v1/ball_tracking/debug_frames/frame_00780.png,results/presentation_demo/demo_v1/ball_tracking/debug_frames/frame_00780.png,633864,babcd4f74458d2b7a58d6834db8e2e82315a8ff14cdb42609595e0d2018c8af9,"experiment outputs, metrics, review artifacts, overlays"
results/presentation_demo/demo_v1/ball_tracking/debug_frames/frame_00960.png,results/presentation_demo/demo_v1/ball_tracking/debug_frames/frame_00960.png,631873,6978f22f617bb949a7951472703c56e9c02639b90f495bd857d79e89ddcc9863,"experiment outputs, metrics, review artifacts, overlays"
results/presentation_demo/demo_v1/ball_tracking/debug_frames/frame_01920.png,results/presentation_demo/demo_v1/ball_tracking/debug_frames/frame_01920.png,618564,577bf15c47d435bf9da0a64e5c74cdea7c9c467ff28492bf9ccada66089d232c,"experiment outputs, metrics, review artifacts, overlays"
results/presentation_demo/demo_v1/ball_tracking/debug_frames/frame_01260.png,results/presentation_demo/demo_v1/ball_tracking/debug_frames/frame_01260.png,621594,403d08e01888629fe867a77d4ee9094c48022354de8a9f5535e35c9c9a83008a,"experiment outputs, metrics, review artifacts, overlays"
results/presentation_demo/demo_v1/ball_tracking/debug_frames/frame_00180.png,results/presentation_demo/demo_v1/ball_tracking/debug_frames/frame_00180.png,627128,af7a87d14bcc6397ae6e72e0d251bc0fcc5b87109ce2a864e80591c93308673b,"experiment outputs, metrics, review artifacts, overlays"
results/presentation_demo/demo_v1/ball_tracking/debug_frames/frame_01560.png,results/presentation_demo/demo_v1/ball_tracking/debug_frames/frame_01560.png,624431,1678a5056f2e4cc235913b02139f959fc87dbd1a5db58c9c36cf5ca1495fe82a,"experiment outputs, metrics, review artifacts, overlays"
results/presentation_demo/demo_v1/ball_tracking/debug_frames/frame_02040.png,results/presentation_demo/demo_v1/ball_tracking/debug_frames/frame_02040.png,542624,fdfbad3ae3dfb60baa99b820cc6f5ce1a206edfcc7c0b3b820b9e80d719ad08e,"experiment outputs, metrics, review artifacts, overlays"
results/presentation_demo/demo_v1/ball_tracking/debug_frames/frame_00480.png,results/presentation_demo/demo_v1/ball_tracking/debug_frames/frame_00480.png,624344,af5b19ed9ebe232b7a19af293012f2faa197f307f23cb0bea627ffe239b6d1f1,"experiment outputs, metrics, review artifacts, overlays"
results/presentation_demo/demo_v1/ball_tracking/debug_frames/frame_00720.png,results/presentation_demo/demo_v1/ball_tracking/debug_frames/frame_00720.png,630118,923dba5a90b647329db317b501231b03144f60b6b3cc027eef065062f220d1d7,"experiment outputs, metrics, review artifacts, overlays"
results/presentation_demo/demo_v1/ball_tracking/debug_frames/frame_00240.png,results/presentation_demo/demo_v1/ball_tracking/debug_frames/frame_00240.png,636150,6e00da6ee555cadc5e9dc4832d0f1cb752bb6bc737d35ed51b24ccc7c9f25485,"experiment outputs, metrics, review artifacts, overlays"
results/presentation_demo/demo_v1/ball_tracking/debug_frames/frame_01980.png,results/presentation_demo/demo_v1/ball_tracking/debug_frames/frame_01980.png,620468,68fbf41c95c810bb67448ede53524b198f32f32664944de64fb16a1188127ca5,"experiment outputs, metrics, review artifacts, overlays"
results/presentation_demo/demo_v1/ball_tracking/debug_frames/frame_01200.png,results/presentation_demo/demo_v1/ball_tracking/debug_frames/frame_01200.png,618022,b8a2dcf14dce2648807cc7434fd4145cf43a5062caf0d83f344e50aa43e15c69,"experiment outputs, metrics, review artifacts, overlays"
results/presentation_demo/demo_v1/ball_tracking/debug_frames/frame_00900.png,results/presentation_demo/demo_v1/ball_tracking/debug_frames/frame_00900.png,632405,73fcd3966feed439fc066b621e66e446f8dca895fa41af47205537909c93a4df,"experiment outputs, metrics, review artifacts, overlays"
results/presentation_demo/demo_v1/ball_tracking/debug_frames/frame_00120.png,results/presentation_demo/demo_v1/ball_tracking/debug_frames/frame_00120.png,628287,74b339075e35d145811a8f7f36819e69d7fb51c3d59c5e522acfe02b6829a868,"experiment outputs, metrics, review artifacts, overlays"
results/ball_tracking_calibration/IMG_8166_seg3000/final_shape/ball_overlay.mp4,results/ball_tracking_calibration/IMG_8166_seg3000/final_shape/ball_overlay.mp4,4938446,15928aece41f205bdb84c1a315a9fb4abf248408ed7510777e24c39783365e96,"experiment outputs, metrics, review artifacts, overlays"
results/ball_tracking_calibration/IMG_8166_seg3000/final_shape/ball_tracking.csv,results/ball_tracking_calibration/IMG_8166_seg3000/final_shape/ball_tracking.csv,11217,a98100cb57791e059c5fd108a80b92c24d1031a04cb941e0367f78b525f73a42,"experiment outputs, metrics, review artifacts, overlays"
results/ball_tracking_calibration/IMG_8166_seg3000/final_diff/ball_overlay.mp4,results/ball_tracking_calibration/IMG_8166_seg3000/final_diff/ball_overlay.mp4,4584108,87409497bdbf976d17e2b04ad0aa7756b19fa4794dfdae275607cfe515351b70,"experiment outputs, metrics, review artifacts, overlays"
results/ball_tracking_calibration/IMG_8166_seg3000/final_diff/ball_tracking.csv,results/ball_tracking_calibration/IMG_8166_seg3000/final_diff/ball_tracking.csv,11069,de55ca01142bdb8273700d1bf5623bb80be2cb25ca1c10b4220ac61ae4365c35,"experiment outputs, metrics, review artifacts, overlays"
results/ball_tracking_calibration/IMG_8166_seg3000/final_hsv/ball_overlay.mp4,results/ball_tracking_calibration/IMG_8166_seg3000/final_hsv/ball_overlay.mp4,4657342,bc2370cb9ea1a8d3c818c27219fd369881b16c4ed457c49d7104fa7acbc460f2,"experiment outputs, metrics, review artifacts, overlays"
results/ball_tracking_calibration/IMG_8166_seg3000/final_hsv/ball_tracking.csv,results/ball_tracking_calibration/IMG_8166_seg3000/final_hsv/ball_tracking.csv,11857,87bd13829feecaa3c7058b34f049eaddfe1b81e075779a547f5f954a4e87fdd4,"experiment outputs, metrics, review artifacts, overlays"
results/ball_tracking_calibration/IMG_8166_seg3000/final_hsv/debug_frames/frame_03180.png,results/ball_tracking_calibration/IMG_8166_seg3000/final_hsv/debug_frames/frame_03180.png,627999,63549fd398dac175b2004ed911ddd4cb56ff73dadee34e3898ff8c133c61493d,"experiment outputs, metrics, review artifacts, overlays"
results/ball_tracking_calibration/IMG_8166_seg3000/final_hsv/debug_frames/frame_03150.png,results/ball_tracking_calibration/IMG_8166_seg3000/final_hsv/debug_frames/frame_03150.png,597945,f1e157100dc1bd7fd88a42fc9a3bd70f240d11b0f2281682b94f0e06612e4b03,"experiment outputs, metrics, review artifacts, overlays"
results/ball_tracking_calibration/IMG_8166_seg3000/final_hsv/debug_frames/frame_03030.png,results/ball_tracking_calibration/IMG_8166_seg3000/final_hsv/debug_frames/frame_03030.png,590613,7ecd078f7bf87bc22bccb44c4ee4992fe488622b1e5335c6110e81fd8637947b,"experiment outputs, metrics, review artifacts, overlays"
results/ball_tracking_calibration/IMG_8166_seg3000/final_hsv/debug_frames/frame_03120.png,results/ball_tracking_calibration/IMG_8166_seg3000/final_hsv/debug_frames/frame_03120.png,618590,bda0301245b019ba5c6ae2bfdc07c16ed77da41917b3a8c7f1fa4100f6e9c190,"experiment outputs, metrics, review artifacts, overlays"
results/ball_tracking_calibration/IMG_8166_seg3000/final_hsv/debug_frames/frame_03090.png,results/ball_tracking_calibration/IMG_8166_seg3000/final_hsv/debug_frames/frame_03090.png,590511,1659e8820e5030f812efba9bc9f53f57db2768a2caed5d541fe0bbdec2a5a602,"experiment outputs, metrics, review artifacts, overlays"
results/ball_tracking_calibration/IMG_8166_seg3000/final_hsv/debug_frames/frame_03060.png,results/ball_tracking_calibration/IMG_8166_seg3000/final_hsv/debug_frames/frame_03060.png,625859,6ac4685abc6479700040cb3bbb919fd70fd82123f55109e84845f868165b16ed,"experiment outputs, metrics, review artifacts, overlays"
results/ball_tracking_calibration/IMG_8166_seg3000/final_hsv/debug_frames/frame_03000.png,results/ball_tracking_calibration/IMG_8166_seg3000/final_hsv/debug_frames/frame_03000.png,609436,0c62db1f8d3ddc1bbb0ea4286fde90cef2c42ba5e5e69b209281787181634c72,"experiment outputs, metrics, review artifacts, overlays"
results/ball_tracking_calibration/IMG_8166_seg3000/final_hsv/debug_frames/frame_03210.png,results/ball_tracking_calibration/IMG_8166_seg3000/final_hsv/debug_frames/frame_03210.png,598679,b57f7aa0295e5a44f3ca48410c778393f29b72408016b1b139a52a497903b885,"experiment outputs, metrics, review artifacts, overlays"
results/ball_tracking_calibration/IMG_8166_seg3000/final_diff/debug_frames/frame_03180.png,results/ball_tracking_calibration/IMG_8166_seg3000/final_diff/debug_frames/frame_03180.png,627353,d2c706275e6cd1ce678709fc55daa8677b9d20861dfa89bad0fc25cf77ed3b63,"experiment outputs, metrics, review artifacts, overlays"
results/ball_tracking_calibration/IMG_8166_seg3000/final_diff/debug_frames/frame_03150.png,results/ball_tracking_calibration/IMG_8166_seg3000/final_diff/debug_frames/frame_03150.png,597611,21304447d11cc8e1eeb36331058ad3fd07989fa1cf093858c12bad9b91b5bec3,"experiment outputs, metrics, review artifacts, overlays"
results/ball_tracking_calibration/IMG_8166_seg3000/final_diff/debug_frames/frame_03030.png,results/ball_tracking_calibration/IMG_8166_seg3000/final_diff/debug_frames/frame_03030.png,590356,cef7cf983abe856766fec90f4dd2e7f170acc71e03bd277544a318c88ed6ada2,"experiment outputs, metrics, review artifacts, overlays"
results/ball_tracking_calibration/IMG_8166_seg3000/final_diff/debug_frames/frame_03120.png,results/ball_tracking_calibration/IMG_8166_seg3000/final_diff/debug_frames/frame_03120.png,618309,51f79474923291838dc211f13a1217ca1f089aa7943412a5dd1bce90742c6ecd,"experiment outputs, metrics, review artifacts, overlays"
results/ball_tracking_calibration/IMG_8166_seg3000/final_diff/debug_frames/frame_03090.png,results/ball_tracking_calibration/IMG_8166_seg3000/final_diff/debug_frames/frame_03090.png,590199,fdd5a34475f8b422d02bd8229698a7e8426de57abfd236e07e9e3426aad45314,"experiment outputs, metrics, review artifacts, overlays"
results/ball_tracking_calibration/IMG_8166_seg3000/final_diff/debug_frames/frame_03060.png,results/ball_tracking_calibration/IMG_8166_seg3000/final_diff/debug_frames/frame_03060.png,625618,33747760b4d222d9ff74391688f423145c136910ed884c4ee8002b600541e89c,"experiment outputs, metrics, review artifacts, overlays"
results/ball_tracking_calibration/IMG_8166_seg3000/final_diff/debug_frames/frame_03000.png,results/ball_tracking_calibration/IMG_8166_seg3000/final_diff/debug_frames/frame_03000.png,608940,315319febc3372b201834738d5e11288cdff32c9fd2514450f79ac212b3bc0cb,"experiment outputs, metrics, review artifacts, overlays"
results/ball_tracking_calibration/IMG_8166_seg3000/final_diff/debug_frames/frame_03210.png,results/ball_tracking_calibration/IMG_8166_seg3000/final_diff/debug_frames/frame_03210.png,598369,48ad5bbd0ac0a47e466b42c0f0ef8ee5b2f41f6e71a40b7d3ee62edaa180a743,"experiment outputs, metrics, review artifacts, overlays"
results/ball_tracking_calibration/IMG_8166_seg3000/final_shape/debug_frames/frame_03180.png,results/ball_tracking_calibration/IMG_8166_seg3000/final_shape/debug_frames/frame_03180.png,640573,67b7dabf072d6c9abbba5a01f31095200557d4c607f2b1e34b966a0e50684eb2,"experiment outputs, metrics, review artifacts, overlays"
results/ball_tracking_calibration/IMG_8166_seg3000/final_shape/debug_frames/frame_03150.png,results/ball_tracking_calibration/IMG_8166_seg3000/final_shape/debug_frames/frame_03150.png,610501,3631e373b732f308724b326746269ed2e4336517152ae135bf86b7a912a20e65,"experiment outputs, metrics, review artifacts, overlays"
results/ball_tracking_calibration/IMG_8166_seg3000/final_shape/debug_frames/frame_03030.png,results/ball_tracking_calibration/IMG_8166_seg3000/final_shape/debug_frames/frame_03030.png,604700,b2036bef6bcc193cf3d43b932a22766999c26a851cda7ec8cddca1add17cac13,"experiment outputs, metrics, review artifacts, overlays"
results/ball_tracking_calibration/IMG_8166_seg3000/final_shape/debug_frames/frame_03120.png,results/ball_tracking_calibration/IMG_8166_seg3000/final_shape/debug_frames/frame_03120.png,631274,6e255c2af5a8e66d7e2ce07a235fa1e29b5b1163afe2baad3360f82ab51dffbd,"experiment outputs, metrics, review artifacts, overlays"
results/ball_tracking_calibration/IMG_8166_seg3000/final_shape/debug_frames/frame_03090.png,results/ball_tracking_calibration/IMG_8166_seg3000/final_shape/debug_frames/frame_03090.png,601433,fae101c750004fd6c1fda24374305b1895ff6526e05d919226b71b984105ab86,"experiment outputs, metrics, review artifacts, overlays"
results/ball_tracking_calibration/IMG_8166_seg3000/final_shape/debug_frames/frame_03060.png,results/ball_tracking_calibration/IMG_8166_seg3000/final_shape/debug_frames/frame_03060.png,641086,8b0016f80012ae680ee84763a5a05b489e3f1513fc0aca8fdf0cd9f3af0bd4be,"experiment outputs, metrics, review artifacts, overlays"
results/ball_tracking_calibration/IMG_8166_seg3000/final_shape/debug_frames/frame_03000.png,results/ball_tracking_calibration/IMG_8166_seg3000/final_shape/debug_frames/frame_03000.png,608940,315319febc3372b201834738d5e11288cdff32c9fd2514450f79ac212b3bc0cb,"experiment outputs, metrics, review artifacts, overlays"
results/ball_tracking_calibration/IMG_8166_seg3000/final_shape/debug_frames/frame_03210.png,results/ball_tracking_calibration/IMG_8166_seg3000/final_shape/debug_frames/frame_03210.png,612407,d2cbe8d47bbdfc7da6bbc4009ba9bd47aaebbea374c93cb97fd1e79bbccdadb5,"experiment outputs, metrics, review artifacts, overlays"
results/ball_tracking_calibration/IMG_8144/final_shape/ball_overlay.mp4,results/ball_tracking_calibration/IMG_8144/final_shape/ball_overlay.mp4,8769941,887302ca24d712a094a5f8e1a3521758daf4afe9cc300fb0d97bb3f266de3a60,"experiment outputs, metrics, review artifacts, overlays"
results/ball_tracking_calibration/IMG_8144/final_shape/ball_tracking.csv,results/ball_tracking_calibration/IMG_8144/final_shape/ball_tracking.csv,18456,0edb599326019f478d78391c95a3945a36b2f2f284650ab9faa10bbe7ba65055,"experiment outputs, metrics, review artifacts, overlays"
results/ball_tracking_calibration/IMG_8144/final_diff/ball_overlay.mp4,results/ball_tracking_calibration/IMG_8144/final_diff/ball_overlay.mp4,8806644,5f2a4e331377b856c12e44229f615a49295df03460c111ed44206c45aaed03f5,"experiment outputs, metrics, review artifacts, overlays"
results/ball_tracking_calibration/IMG_8144/final_diff/ball_tracking.csv,results/ball_tracking_calibration/IMG_8144/final_diff/ball_tracking.csv,18417,a78645e4b88ad46f370d5aad5ebbf0e372e2df66247f9da6da3683a7d571589c,"experiment outputs, metrics, review artifacts, overlays"
results/ball_tracking_calibration/IMG_8144/hsv_debug/ball_overlay.mp4,results/ball_tracking_calibration/IMG_8144/hsv_debug/ball_overlay.mp4,8393017,23f07a3cb78809584dc2f07efc36fdad00603046fae394ea2e33e5d8b6d30793,"experiment outputs, metrics, review artifacts, overlays"
results/ball_tracking_calibration/IMG_8144/hsv_debug/ball_tracking.csv,results/ball_tracking_calibration/IMG_8144/hsv_debug/ball_tracking.csv,19308,c6ec0fac2d5d56e1d3c6a50df26fb494133d879dfde87bd51e70b2878965ae98,"experiment outputs, metrics, review artifacts, overlays"
results/ball_tracking_calibration/IMG_8144/diff_tighter/ball_overlay.mp4,results/ball_tracking_calibration/IMG_8144/diff_tighter/ball_overlay.mp4,8759058,a0c04b158765d5cc4e2f9e598e11685166cdc9c7dd7e55508a6ad2671980222d,"experiment outputs, metrics, review artifacts, overlays"
results/ball_tracking_calibration/IMG_8144/diff_tighter/ball_tracking.csv,results/ball_tracking_calibration/IMG_8144/diff_tighter/ball_tracking.csv,19018,56c3e3ba5af7eee6c41a5d03acd5facbb3a5dbb090306ea8ce5e9f1e2954f6c7,"experiment outputs, metrics, review artifacts, overlays"
results/ball_tracking_calibration/IMG_8144/shape_strict/ball_overlay.mp4,results/ball_tracking_calibration/IMG_8144/shape_strict/ball_overlay.mp4,8766698,102a623ffea91365fed3ac4b0f584f634a6108541ba4d09048f58fd49bbff8f8,"experiment outputs, metrics, review artifacts, overlays"
results/ball_tracking_calibration/IMG_8144/shape_strict/ball_tracking.csv,results/ball_tracking_calibration/IMG_8144/shape_strict/ball_tracking.csv,18107,be2f35f4ad36c96ebf5244f72b6599b3a4b8f1dcaed50366cf1b56256d4c76e7,"experiment outputs, metrics, review artifacts, overlays"
results/ball_tracking_calibration/IMG_8144/shape_strict/debug_frames/frame_00270.png,results/ball_tracking_calibration/IMG_8144/shape_strict/debug_frames/frame_00270.png,610417,33e1bc17cd96051533fa908f0a11a2c39b84b929466a3ba01445fb947fd0738c,"experiment outputs, metrics, review artifacts, overlays"
results/ball_tracking_calibration/IMG_8144/shape_strict/debug_frames/frame_00300.png,results/ball_tracking_calibration/IMG_8144/shape_strict/debug_frames/frame_00300.png,607237,aa0fba7b6b6f4d16bd31ef1da8e5c449eb0c482e7c0635332cb64d3e811cd1db,"experiment outputs, metrics, review artifacts, overlays"
results/ball_tracking_calibration/IMG_8144/shape_strict/debug_frames/frame_00060.png,results/ball_tracking_calibration/IMG_8144/shape_strict/debug_frames/frame_00060.png,592709,24a4c12481f3f79ce977496203ffba6385352b2f484a1680365c223cd1cbf36b,"experiment outputs, metrics, review artifacts, overlays"
results/ball_tracking_calibration/IMG_8144/shape_strict/debug_frames/frame_00210.png,results/ball_tracking_calibration/IMG_8144/shape_strict/debug_frames/frame_00210.png,611938,64790913fd79ed839d85551e77a2abf116df1b167b4414758f45b7b8924627bc,"experiment outputs, metrics, review artifacts, overlays"
results/ball_tracking_calibration/IMG_8144/shape_strict/debug_frames/frame_00000.png,results/ball_tracking_calibration/IMG_8144/shape_strict/debug_frames/frame_00000.png,536020,9728f0182bc1b37c3de64359bde5769caf3db50c675054da6fac4c3ea02a4edc,"experiment outputs, metrics, review artifacts, overlays"
results/ball_tracking_calibration/IMG_8144/shape_strict/debug_frames/frame_00360.png,results/ball_tracking_calibration/IMG_8144/shape_strict/debug_frames/frame_00360.png,595528,45a7aad93e056124e9cb65c7f02a8bd18e34a1a0d4be79444ba66ebbb64be905,"experiment outputs, metrics, review artifacts, overlays"
results/ball_tracking_calibration/IMG_8144/shape_strict/debug_frames/frame_00030.png,results/ball_tracking_calibration/IMG_8144/shape_strict/debug_frames/frame_00030.png,597651,b895ad7fd34283a0031b11dc39b90cdf216b105948877e9a7b680eaa76b5fb78,"experiment outputs, metrics, review artifacts, overlays"
results/ball_tracking_calibration/IMG_8144/shape_strict/debug_frames/frame_00150.png,results/ball_tracking_calibration/IMG_8144/shape_strict/debug_frames/frame_00150.png,610854,386d06dea61edb281f204a3a53420791c88315482c180d17dd0dc01b15ceb146,"experiment outputs, metrics, review artifacts, overlays"
results/ball_tracking_calibration/IMG_8144/shape_strict/debug_frames/frame_00180.png,results/ball_tracking_calibration/IMG_8144/shape_strict/debug_frames/frame_00180.png,606709,b213342f29d80690cb7c4e35102a41f03e4b0299d6b541f3c126ad0c7261c1e8,"experiment outputs, metrics, review artifacts, overlays"
results/ball_tracking_calibration/IMG_8144/shape_strict/debug_frames/frame_00090.png,results/ball_tracking_calibration/IMG_8144/shape_strict/debug_frames/frame_00090.png,613025,445c057b175f4f74498db9f94be96638f1cacd644bb502ea5f7a8bce1e89e0ca,"experiment outputs, metrics, review artifacts, overlays"
results/ball_tracking_calibration/IMG_8144/shape_strict/debug_frames/frame_00330.png,results/ball_tracking_calibration/IMG_8144/shape_strict/debug_frames/frame_00330.png,600100,fa17c379589c2238c5ddff0b54e1e915300349f1024589556ff31b03e247cd02,"experiment outputs, metrics, review artifacts, overlays"
results/ball_tracking_calibration/IMG_8144/shape_strict/debug_frames/frame_00240.png,results/ball_tracking_calibration/IMG_8144/shape_strict/debug_frames/frame_00240.png,596788,6ed4d3ab2784f9a4832f776f6183de25715c9243cb5775127a1ef4d6fab9949f,"experiment outputs, metrics, review artifacts, overlays"
results/ball_tracking_calibration/IMG_8144/shape_strict/debug_frames/frame_00120.png,results/ball_tracking_calibration/IMG_8144/shape_strict/debug_frames/frame_00120.png,593046,af0afb9e33675e2482f03a58500b7a28c342d95d1e5d533ec3c5a87036ae866a,"experiment outputs, metrics, review artifacts, overlays"
results/ball_tracking_calibration/IMG_8144/diff_tighter/debug_frames/frame_00270.png,results/ball_tracking_calibration/IMG_8144/diff_tighter/debug_frames/frame_00270.png,600715,1f4b218ffaa4f4dab13b76ba44c31dc81cf723856e5aa4e4779dc8875bf853b2,"experiment outputs, metrics, review artifacts, overlays"
results/ball_tracking_calibration/IMG_8144/diff_tighter/debug_frames/frame_00300.png,results/ball_tracking_calibration/IMG_8144/diff_tighter/debug_frames/frame_00300.png,594894,a0b0c14fa65121c0a434bb8d13c818be60fa585ed856bd6057a05ff33550f0a6,"experiment outputs, metrics, review artifacts, overlays"
results/ball_tracking_calibration/IMG_8144/diff_tighter/debug_frames/frame_00060.png,results/ball_tracking_calibration/IMG_8144/diff_tighter/debug_frames/frame_00060.png,581925,65fc640046f462ee78c5c1beb76209a10d79ed805336e921dfdbfdd90d6f6514,"experiment outputs, metrics, review artifacts, overlays"
results/ball_tracking_calibration/IMG_8144/diff_tighter/debug_frames/frame_00210.png,results/ball_tracking_calibration/IMG_8144/diff_tighter/debug_frames/frame_00210.png,599573,ce2e971192da5df84407bfe2d413ff159ae8399e034c90fc7afa7d5374b7a060,"experiment outputs, metrics, review artifacts, overlays"
results/ball_tracking_calibration/IMG_8144/diff_tighter/debug_frames/frame_00000.png,results/ball_tracking_calibration/IMG_8144/diff_tighter/debug_frames/frame_00000.png,538018,68834acf7e145fba97812f837d643f2cdc76d9fab75fcdf3d17cd627d8bda2f5,"experiment outputs, metrics, review artifacts, overlays"
results/ball_tracking_calibration/IMG_8144/diff_tighter/debug_frames/frame_00360.png,results/ball_tracking_calibration/IMG_8144/diff_tighter/debug_frames/frame_00360.png,586395,1c970008b939c6a2ca0892a8bbd09459f695cde9e85df6a44ad2cb56b113a33f,"experiment outputs, metrics, review artifacts, overlays"
results/ball_tracking_calibration/IMG_8144/diff_tighter/debug_frames/frame_00030.png,results/ball_tracking_calibration/IMG_8144/diff_tighter/debug_frames/frame_00030.png,590030,755013a7840622b93e9141ac4a010ce53f137e7051caa48a7008685b8db01978,"experiment outputs, metrics, review artifacts, overlays"
results/ball_tracking_calibration/IMG_8144/diff_tighter/debug_frames/frame_00150.png,results/ball_tracking_calibration/IMG_8144/diff_tighter/debug_frames/frame_00150.png,598111,0f16b24e2e4cf50f3512e06bcb4ada661ba5caf3fe761e9c7ed6db188ab16d56,"experiment outputs, metrics, review artifacts, overlays"
results/ball_tracking_calibration/IMG_8144/diff_tighter/debug_frames/frame_00180.png,results/ball_tracking_calibration/IMG_8144/diff_tighter/debug_frames/frame_00180.png,594306,6e3d28bff1a6d9bafd6ca255c55ac1fa7ce631a70a008a3dbae64ac29978860a,"experiment outputs, metrics, review artifacts, overlays"
results/ball_tracking_calibration/IMG_8144/diff_tighter/debug_frames/frame_00090.png,results/ball_tracking_calibration/IMG_8144/diff_tighter/debug_frames/frame_00090.png,604033,81ac2370247daf589bfa6f9a81ea584cad2bae82871ab63d6522d27f8f7b4c6d,"experiment outputs, metrics, review artifacts, overlays"
results/ball_tracking_calibration/IMG_8144/diff_tighter/debug_frames/frame_00330.png,results/ball_tracking_calibration/IMG_8144/diff_tighter/debug_frames/frame_00330.png,590645,a8ffdf4503ab9f0221645903ecd2a5ceb2ebb77fc80a1177cb0be25f05a7aa52,"experiment outputs, metrics, review artifacts, overlays"
results/ball_tracking_calibration/IMG_8144/diff_tighter/debug_frames/frame_00240.png,results/ball_tracking_calibration/IMG_8144/diff_tighter/debug_frames/frame_00240.png,585655,515aa8fc8eb32c67bdafe47b6ead275000f53df6330d27392db3006e1323b309,"experiment outputs, metrics, review artifacts, overlays"
results/ball_tracking_calibration/IMG_8144/diff_tighter/debug_frames/frame_00120.png,results/ball_tracking_calibration/IMG_8144/diff_tighter/debug_frames/frame_00120.png,580358,128890fb5f493ac7c78339a3c5c51ed73b6d42008b673038a982b8529c6cedb1,"experiment outputs, metrics, review artifacts, overlays"
results/ball_tracking_calibration/IMG_8144/hsv_debug/debug_frames/frame_00270.png,results/ball_tracking_calibration/IMG_8144/hsv_debug/debug_frames/frame_00270.png,610109,fd29bdaeecabb003c20e87d0472b7ca3d16bf647b5b7c05aea10fd46ca51ffd0,"experiment outputs, metrics, review artifacts, overlays"
results/ball_tracking_calibration/IMG_8144/hsv_debug/debug_frames/frame_00300.png,results/ball_tracking_calibration/IMG_8144/hsv_debug/debug_frames/frame_00300.png,601149,d325972df8e1849d1b8180b6aac636b5f6e524a5e3cb1589b1f44e40ad88a41b,"experiment outputs, metrics, review artifacts, overlays"
results/ball_tracking_calibration/IMG_8144/hsv_debug/debug_frames/frame_00060.png,results/ball_tracking_calibration/IMG_8144/hsv_debug/debug_frames/frame_00060.png,589671,a624dff9e7212d98f2732e2688f278ffe54e01b2c8c9ac6bb5f2f047b53a0ba6,"experiment outputs, metrics, review artifacts, overlays"
results/ball_tracking_calibration/IMG_8144/hsv_debug/debug_frames/frame_00210.png,results/ball_tracking_calibration/IMG_8144/hsv_debug/debug_frames/frame_00210.png,605967,21c3a46c1de2030f8486c5f7f93b26e358af0a3f3e2629250b8a59812bb90e76,"experiment outputs, metrics, review artifacts, overlays"
results/ball_tracking_calibration/IMG_8144/hsv_debug/debug_frames/frame_00000.png,results/ball_tracking_calibration/IMG_8144/hsv_debug/debug_frames/frame_00000.png,537836,2f4ae3d0fba08ddc9776d93addc807785f771ddc9e94359991e002691230be35,"experiment outputs, metrics, review artifacts, overlays"
results/ball_tracking_calibration/IMG_8144/hsv_debug/debug_frames/frame_00360.png,results/ball_tracking_calibration/IMG_8144/hsv_debug/debug_frames/frame_00360.png,589687,847a91bb4395a958eb26b575973ecfc010eee2b92bdd48c2d951440769d6564b,"experiment outputs, metrics, review artifacts, overlays"
results/ball_tracking_calibration/IMG_8144/hsv_debug/debug_frames/frame_00030.png,results/ball_tracking_calibration/IMG_8144/hsv_debug/debug_frames/frame_00030.png,597327,b0743848da3ef200cc853dfcc129337ffe358793386be5d28bfc1cb317208de7,"experiment outputs, metrics, review artifacts, overlays"
results/ball_tracking_calibration/IMG_8144/hsv_debug/debug_frames/frame_00150.png,results/ball_tracking_calibration/IMG_8144/hsv_debug/debug_frames/frame_00150.png,602184,88e9bc0b7adf637cd9b97d71ce27098fe1836b93d9e6c2e518b65e043d5d6421,"experiment outputs, metrics, review artifacts, overlays"
results/ball_tracking_calibration/IMG_8144/hsv_debug/debug_frames/frame_00180.png,results/ball_tracking_calibration/IMG_8144/hsv_debug/debug_frames/frame_00180.png,597141,eff6e27a65b5194839b6eb531ce691281c536f5cfcd4f5ffd782b4c87344d9f4,"experiment outputs, metrics, review artifacts, overlays"
results/ball_tracking_calibration/IMG_8144/hsv_debug/debug_frames/frame_00090.png,results/ball_tracking_calibration/IMG_8144/hsv_debug/debug_frames/frame_00090.png,612677,74be3aa149b1f9a10602bb0a951b737c1dd6c1a25c962351f83b67fc92523c49,"experiment outputs, metrics, review artifacts, overlays"
results/ball_tracking_calibration/IMG_8144/hsv_debug/debug_frames/frame_00330.png,results/ball_tracking_calibration/IMG_8144/hsv_debug/debug_frames/frame_00330.png,594775,0bedeeceecf6c796eb67fa97194b34549eb7b96b4167e173f49f65dd05f093ca,"experiment outputs, metrics, review artifacts, overlays"
results/ball_tracking_calibration/IMG_8144/hsv_debug/debug_frames/frame_00240.png,results/ball_tracking_calibration/IMG_8144/hsv_debug/debug_frames/frame_00240.png,591842,cd48190fff28718b5f2de1dd9efe789dd3f2ededb66035bb505dcb580440cbc2,"experiment outputs, metrics, review artifacts, overlays"
results/ball_tracking_calibration/IMG_8144/hsv_debug/debug_frames/frame_00120.png,results/ball_tracking_calibration/IMG_8144/hsv_debug/debug_frames/frame_00120.png,586655,43ed18d29c55c011a9724bc590ca68bfe2697dfd367df46d71bcb3d3c8506904,"experiment outputs, metrics, review artifacts, overlays"
results/ball_tracking_calibration/IMG_8144/final_diff/debug_frames/frame_00270.png,results/ball_tracking_calibration/IMG_8144/final_diff/debug_frames/frame_00270.png,598777,8992f4ea3a59e7278a380057fa0a78bad1b0f550c161ac402d4f5b0749bd6ee1,"experiment outputs, metrics, review artifacts, overlays"
results/ball_tracking_calibration/IMG_8144/final_diff/debug_frames/frame_00300.png,results/ball_tracking_calibration/IMG_8144/final_diff/debug_frames/frame_00300.png,590317,2aa8557c23e881313ea6dcbf08ad2af6aaa4b4e3638c74e2a2774095639a15e7,"experiment outputs, metrics, review artifacts, overlays"
results/ball_tracking_calibration/IMG_8144/final_diff/debug_frames/frame_00060.png,results/ball_tracking_calibration/IMG_8144/final_diff/debug_frames/frame_00060.png,581352,6c909d57de1e7475b00af04c32913054eb4b563dcdfe5d47427080033dabc526,"experiment outputs, metrics, review artifacts, overlays"
results/ball_tracking_calibration/IMG_8144/final_diff/debug_frames/frame_00210.png,results/ball_tracking_calibration/IMG_8144/final_diff/debug_frames/frame_00210.png,595494,22673c494a7e1889aac34ecaf5eb0db3a7e80ff6e1334d5a7efc46805a1eab19,"experiment outputs, metrics, review artifacts, overlays"
results/ball_tracking_calibration/IMG_8144/final_diff/debug_frames/frame_00000.png,results/ball_tracking_calibration/IMG_8144/final_diff/debug_frames/frame_00000.png,528828,fe9825f77b0739b7ecf7b41e3f4f6fe99c1f962f342906544bf309cda233fafd,"experiment outputs, metrics, review artifacts, overlays"
results/ball_tracking_calibration/IMG_8144/final_diff/debug_frames/frame_00360.png,results/ball_tracking_calibration/IMG_8144/final_diff/debug_frames/frame_00360.png,580681,d0f0094bc422aad2e033b4b33c7215354d455a71abb0b6cef5f6017f1cd8832f,"experiment outputs, metrics, review artifacts, overlays"
results/ball_tracking_calibration/IMG_8144/final_diff/debug_frames/frame_00030.png,results/ball_tracking_calibration/IMG_8144/final_diff/debug_frames/frame_00030.png,589361,86dcb6168868ba5016591b0f10693bb0ec513642e964bcee120d7cb71bfca742,"experiment outputs, metrics, review artifacts, overlays"
results/ball_tracking_calibration/IMG_8144/final_diff/debug_frames/frame_00150.png,results/ball_tracking_calibration/IMG_8144/final_diff/debug_frames/frame_00150.png,594498,db322e24958f106006f0742b909fcb0508858bb953476f1ae89223ae95019ea4,"experiment outputs, metrics, review artifacts, overlays"
results/ball_tracking_calibration/IMG_8144/final_diff/debug_frames/frame_00180.png,results/ball_tracking_calibration/IMG_8144/final_diff/debug_frames/frame_00180.png,588482,1b3bfe4f56e79ddcf00b5e17aac150e3d46b45d1ac063d3e8bf9953172aabb15,"experiment outputs, metrics, review artifacts, overlays"
results/ball_tracking_calibration/IMG_8144/final_diff/debug_frames/frame_00090.png,results/ball_tracking_calibration/IMG_8144/final_diff/debug_frames/frame_00090.png,602933,3efd04c32fb015d1c9e80d159626b72e619e14c7a2cdbb4a6d4ca7b1494f9fc0,"experiment outputs, metrics, review artifacts, overlays"
results/ball_tracking_calibration/IMG_8144/final_diff/debug_frames/frame_00330.png,results/ball_tracking_calibration/IMG_8144/final_diff/debug_frames/frame_00330.png,584538,208bfccecc45b12ecf47dd72c71bfa3df1511e532df03114b58c81b0b85e1119,"experiment outputs, metrics, review artifacts, overlays"
results/ball_tracking_calibration/IMG_8144/final_diff/debug_frames/frame_00240.png,results/ball_tracking_calibration/IMG_8144/final_diff/debug_frames/frame_00240.png,581266,5de797a479530b84bb4108a3ce8c5a630a731ae7bd992aa16c88a184ec9d0726,"experiment outputs, metrics, review artifacts, overlays"
results/ball_tracking_calibration/IMG_8144/final_diff/debug_frames/frame_00120.png,results/ball_tracking_calibration/IMG_8144/final_diff/debug_frames/frame_00120.png,578231,80bbd95399f1ad9fc09cfb813d7cef7f40609341cdd60d5d9d4d7d9f4544df6b,"experiment outputs, metrics, review artifacts, overlays"
results/ball_tracking_calibration/IMG_8144/final_shape/debug_frames/frame_00270.png,results/ball_tracking_calibration/IMG_8144/final_shape/debug_frames/frame_00270.png,615071,fb0e34f44331b530d46526c918d3ad658597b564764de28226a3ef5e73e568ea,"experiment outputs, metrics, review artifacts, overlays"
results/ball_tracking_calibration/IMG_8144/final_shape/debug_frames/frame_00300.png,results/ball_tracking_calibration/IMG_8144/final_shape/debug_frames/frame_00300.png,611125,0a8cf96bf5795e4b86ee699ebaa2101df08ad5c1e67c63b2f1154099b80a63cf,"experiment outputs, metrics, review artifacts, overlays"
results/ball_tracking_calibration/IMG_8144/final_shape/debug_frames/frame_00060.png,results/ball_tracking_calibration/IMG_8144/final_shape/debug_frames/frame_00060.png,594875,4cf9727ac5bab6b05c60fda4140194bce8136b295d5222229094b86e2fb53978,"experiment outputs, metrics, review artifacts, overlays"
results/ball_tracking_calibration/IMG_8144/final_shape/debug_frames/frame_00210.png,results/ball_tracking_calibration/IMG_8144/final_shape/debug_frames/frame_00210.png,615784,61158d5d30d68005ec2c3da2ee2f7cc69ddd3d03c1358a75038cdf38630f5ad2,"experiment outputs, metrics, review artifacts, overlays"
results/ball_tracking_calibration/IMG_8144/final_shape/debug_frames/frame_00000.png,results/ball_tracking_calibration/IMG_8144/final_shape/debug_frames/frame_00000.png,528828,fe9825f77b0739b7ecf7b41e3f4f6fe99c1f962f342906544bf309cda233fafd,"experiment outputs, metrics, review artifacts, overlays"
results/ball_tracking_calibration/IMG_8144/final_shape/debug_frames/frame_00360.png,results/ball_tracking_calibration/IMG_8144/final_shape/debug_frames/frame_00360.png,601180,ffc8d070b9769d91ca7c58f8850a60dd135e5f244606e9411d9987c4e9f3c521,"experiment outputs, metrics, review artifacts, overlays"
results/ball_tracking_calibration/IMG_8144/final_shape/debug_frames/frame_00030.png,results/ball_tracking_calibration/IMG_8144/final_shape/debug_frames/frame_00030.png,599089,40efa4f7273cc78c6ab25108604af1ae75d1f1ea13aa8fc7e59d844bec3d5e72,"experiment outputs, metrics, review artifacts, overlays"
results/ball_tracking_calibration/IMG_8144/final_shape/debug_frames/frame_00150.png,results/ball_tracking_calibration/IMG_8144/final_shape/debug_frames/frame_00150.png,614551,8a0379d2228c3aa1a91115cd2fdfc92a1654addd3a6f84071dbf210c555d0f62,"experiment outputs, metrics, review artifacts, overlays"
results/ball_tracking_calibration/IMG_8144/final_shape/debug_frames/frame_00180.png,results/ball_tracking_calibration/IMG_8144/final_shape/debug_frames/frame_00180.png,610506,eb9ce212c263d8973ce25ab44a97edd66f0530e2cf2fac86efc9611920ed1503,"experiment outputs, metrics, review artifacts, overlays"
results/ball_tracking_calibration/IMG_8144/final_shape/debug_frames/frame_00090.png,results/ball_tracking_calibration/IMG_8144/final_shape/debug_frames/frame_00090.png,614947,75224b5b8f2eb8f6075a433acd4b57549fc6a0e9a801891d96794533ee6001a2,"experiment outputs, metrics, review artifacts, overlays"
results/ball_tracking_calibration/IMG_8144/final_shape/debug_frames/frame_00330.png,results/ball_tracking_calibration/IMG_8144/final_shape/debug_frames/frame_00330.png,604551,e0c94015f5189f287bf42577ca6ef6b9cff198dcb06897ae2d93a38c215c118a,"experiment outputs, metrics, review artifacts, overlays"
results/ball_tracking_calibration/IMG_8144/final_shape/debug_frames/frame_00240.png,results/ball_tracking_calibration/IMG_8144/final_shape/debug_frames/frame_00240.png,600274,d0d509cc852f24dc8e5685b42ca2d4e7d43de17f398816d0c0798eb1e8cff60b,"experiment outputs, metrics, review artifacts, overlays"
results/ball_tracking_calibration/IMG_8144/final_shape/debug_frames/frame_00120.png,results/ball_tracking_calibration/IMG_8144/final_shape/debug_frames/frame_00120.png,596603,dada846ad731e61bee2d375816ba9779b40147334753eed63664fcdf23e0adb5,"experiment outputs, metrics, review artifacts, overlays"
figures/photos_for_slides/05_uncertain_review_event.png,photos_for_slides/05_uncertain_review_event.png,1965506,ebf2c37a6af0be9b96f15af6d114466fb625b7051f134510bb2d164c78035736,slide-ready figures and demo event images
figures/photos_for_slides/01_registration_overlay.png,photos_for_slides/01_registration_overlay.png,1871239,82e2d47a9a5a0a879c1dccb203f80612aee0b2b093c5bada59a06f5f460350e6,slide-ready figures and demo event images
figures/photos_for_slides/03_detected_fault_event.png,photos_for_slides/03_detected_fault_event.png,2005795,ca82681f8a77b91c7d5bfbd54d192a9007a3755dbd140d68068e455e336587b9,slide-ready figures and demo event images
figures/photos_for_slides/court_reg_v3_summary_report.json,photos_for_slides/court_reg_v3_summary_report.json,5190,04319e3a8ca116335ef42f628baf95a9c765879877bb4a5d0ab54a5fb04de90b,slide-ready figures and demo event images
figures/photos_for_slides/registration_overlay_video.mp4,photos_for_slides/registration_overlay_video.mp4,11725186,8283dab8cc7ba62bdbf43ccc0558c0cd4a28bf1ebd674c491ade770de9259c3a,slide-ready figures and demo event images
figures/photos_for_slides/README.md,photos_for_slides/README.md,1249,7fae6a7cc488cc0d6664e103eb402a635c58dea4beccc29611e8c76e8e4e2802,slide-ready figures and demo event images
figures/photos_for_slides/04_uncertain_event.png,photos_for_slides/04_uncertain_event.png,1978753,d84acba2365fd46af3bf16f2acde671f662fb03a40768bd2833bb708267c461e,slide-ready figures and demo event images
figures/photos_for_slides/TECHNICAL_SUMMARY.md,photos_for_slides/TECHNICAL_SUMMARY.md,17939,3d96df026432e9398d023c2ee05c4f479c50362b7528fb1951304d72af834f98,slide-ready figures and demo event images
figures/photos_for_slides/demo_foot_fault_summary.json,photos_for_slides/demo_foot_fault_summary.json,212,deb98465e771c737986bf94fd6ca164c01d4849da9693b5a4389891fa699ff04,slide-ready figures and demo event images
figures/photos_for_slides/02_registration_comparison.png,photos_for_slides/02_registration_comparison.png,3863895,1da304a6440f3308fde65f2194c4371b7bec1a605cff7edf675d32e39fe39bbb,slide-ready figures and demo event images
figures/photos_for_slides/demo_foot_fault_events.csv,photos_for_slides/demo_foot_fault_events.csv,1306,8f6e42ea511e745ed3f2aa33e538b4ce30dc88c2f2fd05fdf42dd5730f110f63,slide-ready figures and demo event images
misc_analysis/demo_pipeline_active_side.yaml,misc/demo_pipeline_active_side.yaml,2129,7a6978595bd5725689c157cc937d9a17aa157038b1435127a0cb46bfdc068041,ad hoc ball-analysis/debug/export artifacts
misc_analysis/demo_pipeline_foot_review.yaml,misc/demo_pipeline_foot_review.yaml,2129,6e87941b89ceef3b19e4395c257cdf2613c67ec4fd92c7d2ece1d846f45fd86b,ad hoc ball-analysis/debug/export artifacts
misc_analysis/ball_analysis/frame_00273.jpg,misc/ball_analysis/frame_00273.jpg,145729,97b9a1a7aec44680616cb9d45591e4ed59435d2f7e15e108b49378a324cc520f,ad hoc ball-analysis/debug/export artifacts
misc_analysis/ball_analysis/IMG_8144_frame_00165.jpg,misc/ball_analysis/IMG_8144_frame_00165.jpg,118592,97a90659a9500b75226558b5c57ba984631d5282f5e72afffe3a11d552cbff1f,ad hoc ball-analysis/debug/export artifacts
misc_analysis/ball_analysis/frame_01780.jpg,misc/ball_analysis/frame_01780.jpg,143249,b930182206bdf57694545d25dac4f241ab75c31fd78a58654c50d531362e9dea,ad hoc ball-analysis/debug/export artifacts
misc_analysis/ball_analysis/frame_01232.jpg,misc/ball_analysis/frame_01232.jpg,145681,6e3b89ccfc22714e4bb31fa6c0e7b4479e561d231f75487b8a105dbcbc1bc424,ad hoc ball-analysis/debug/export artifacts
misc_analysis/ball_analysis/bright_00683.jpg,misc/ball_analysis/bright_00683.jpg,165132,144fc47d96d944e61bc532b371ce685436009fe4a3c21beb0b9b2df9a2d5577f,ad hoc ball-analysis/debug/export artifacts
misc_analysis/ball_analysis/IMG_8166_frame_15898.jpg,misc/ball_analysis/IMG_8166_frame_15898.jpg,127067,3f47535010cad95ef5d19977b641660eb0c6ff3167ab63a1ffde76614a7db9aa,ad hoc ball-analysis/debug/export artifacts
misc_analysis/ball_analysis/frame_01369.jpg,misc/ball_analysis/frame_01369.jpg,145939,e43e779c60f330bb2019d368b78d5a33557be208236088167afbe8cde5dfc895,ad hoc ball-analysis/debug/export artifacts
misc_analysis/ball_analysis/IMG_8144_frame_00000.jpg,misc/ball_analysis/IMG_8144_frame_00000.jpg,111942,afafbb15942fefe83125e3c6914b4332de27d712472dd2b83b174a5c9b74d414,ad hoc ball-analysis/debug/export artifacts
misc_analysis/ball_analysis/bright_00136.jpg,misc/ball_analysis/bright_00136.jpg,165873,19a197850bf573ccc0cf2f0394acc1e1e63e90a7dbdd2a224b3fca3f795ea711,ad hoc ball-analysis/debug/export artifacts
misc_analysis/ball_analysis/IMG_8166_frame_31797.jpg,misc/ball_analysis/IMG_8166_frame_31797.jpg,129604,940a079efb22fa1de09eac69a50811adb0ee34593a7818d5222c365b700c70be,ad hoc ball-analysis/debug/export artifacts
misc_analysis/ball_analysis/IMG_8166_frame_10599.jpg,misc/ball_analysis/IMG_8166_frame_10599.jpg,125404,a6a55932f79e757db78d25feac430202b90536077b9cc391b257062e53497fa5,ad hoc ball-analysis/debug/export artifacts
misc_analysis/ball_analysis/frame_01643.jpg,misc/ball_analysis/frame_01643.jpg,144342,9701e3ba6cc637faa792020502e438f5015309d2e4be829f2c50834ddf6315b0,ad hoc ball-analysis/debug/export artifacts
misc_analysis/ball_analysis/IMG_8144_frame_00110.jpg,misc/ball_analysis/IMG_8144_frame_00110.jpg,120332,faf0e244d2788665ff89d063b0e5edcf8afbfb7b6d652d171684621cab83ed64,ad hoc ball-analysis/debug/export artifacts
misc_analysis/ball_analysis/frame_00000.jpg,misc/ball_analysis/frame_00000.jpg,135480,08e5636bf1df4ad5ce396b75627d2208370d323cbec612e8be32c14f04e77e39,ad hoc ball-analysis/debug/export artifacts
misc_analysis/ball_analysis/IMG_8166_frame_00000.jpg,misc/ball_analysis/IMG_8166_frame_00000.jpg,110922,656e72d710ddac1b178c04fced3598472e3dd73264e6eeb0d74f1b1e1c55c3ce,ad hoc ball-analysis/debug/export artifacts
misc_analysis/ball_analysis/frame_00821.jpg,misc/ball_analysis/frame_00821.jpg,144922,e6a9b82b698440639a7f8687b3f7f25a9c33c5bcb7fc4b54d627b2ed212aa4ab,ad hoc ball-analysis/debug/export artifacts
misc_analysis/ball_analysis/frame_00410.jpg,misc/ball_analysis/frame_00410.jpg,145595,030d5ab2c217b3e9b60bad6bbe72933a04a0c74228cec9decfeea874e039b0b2,ad hoc ball-analysis/debug/export artifacts
misc_analysis/ball_analysis/IMG_8166_frame_37097.jpg,misc/ball_analysis/IMG_8166_frame_37097.jpg,125801,3bb3a321664dfc909c6fd99baeb4d919d5aa5ac6b30e72454de6819c53fd9b46,ad hoc ball-analysis/debug/export artifacts
misc_analysis/ball_analysis/IMG_8144_frame_00275.jpg,misc/ball_analysis/IMG_8144_frame_00275.jpg,121292,04cfac07ca7154e3588b503ac93768b272c259358bb102a1732ef96ff2460bd8,ad hoc ball-analysis/debug/export artifacts
misc_analysis/ball_analysis/frame_01095.jpg,misc/ball_analysis/frame_01095.jpg,144358,b53b157d5f01b7bf4f322f445959cb24b4ce640a7067899f1c7496a938d477c6,ad hoc ball-analysis/debug/export artifacts
misc_analysis/ball_analysis/frame_01917.jpg,misc/ball_analysis/frame_01917.jpg,144471,66a8e1ca66fc7d18e4b5bfaac1f18dba5f42667e1a2fdf284afbc9458c7316c0,ad hoc ball-analysis/debug/export artifacts
misc_analysis/ball_analysis/IMG_8144_frame_00330.jpg,misc/ball_analysis/IMG_8144_frame_00330.jpg,117914,162296e24ea2b968d1cae12f3fa1474cdac50246b075c3ef41dae133e0404815,ad hoc ball-analysis/debug/export artifacts
misc_analysis/ball_analysis/frame_00958.jpg,misc/ball_analysis/frame_00958.jpg,146692,19db42039641b7233d02a7a584ed1ea141819d567d2ec5caea8b1f6526568888,ad hoc ball-analysis/debug/export artifacts
misc_analysis/ball_analysis/IMG_8144_frame_00055.jpg,misc/ball_analysis/IMG_8144_frame_00055.jpg,118868,5e796c4158dd17b86a2f6f47d33839082114ec2e6c684a8eb228584d80462bd6,ad hoc ball-analysis/debug/export artifacts
misc_analysis/ball_analysis/bright_00956.jpg,misc/ball_analysis/bright_00956.jpg,167114,d5a461839a71531711fede5b18a25dd5893fa131a959399f70bc500dbc346de5,ad hoc ball-analysis/debug/export artifacts
misc_analysis/ball_analysis/bright_00410.jpg,misc/ball_analysis/bright_00410.jpg,164124,a7f76f293f6c1d99c29fcd1dce55b69d18aa4c2c5b477f4bc1b43c94e9d1326b,ad hoc ball-analysis/debug/export artifacts
misc_analysis/ball_analysis/IMG_8166_frame_21198.jpg,misc/ball_analysis/IMG_8166_frame_21198.jpg,125039,05a53cce4df4d939a51f6595b73d2f7bcef264cbfb72a3dcf3d293eb2cb29c3c,ad hoc ball-analysis/debug/export artifacts
misc_analysis/ball_analysis/bright_00000.jpg,misc/ball_analysis/bright_00000.jpg,151968,2df847085bbcd2a2ebb5520afdd415f3d0d7106ecaec48160ca6a66e3ebf01c0,ad hoc ball-analysis/debug/export artifacts
misc_analysis/ball_analysis/frame_01506.jpg,misc/ball_analysis/frame_01506.jpg,146415,56656f81de13fad80c7d3932a11d75b11bf52625b7c691dbb4706a36dcbede72,ad hoc ball-analysis/debug/export artifacts
misc_analysis/ball_analysis/frame_00547.jpg,misc/ball_analysis/frame_00547.jpg,142666,1d82f7ee366a809728adc7d8d4d8b7d15e6b8d0de54028b28db5ee33d86aba4c,ad hoc ball-analysis/debug/export artifacts
misc_analysis/ball_analysis/frame_02054.jpg,misc/ball_analysis/frame_02054.jpg,103158,b49d63ce368a200ae80d8554ae3800b0f39782cc098667071d246a97e4549963,ad hoc ball-analysis/debug/export artifacts
misc_analysis/ball_analysis/IMG_8144_frame_00386.jpg,misc/ball_analysis/IMG_8144_frame_00386.jpg,118554,d27c94b63fbaffca60ef3cfe8cc05863c6e76949fbcc7f980f3c2626bdb46105,ad hoc ball-analysis/debug/export artifacts
misc_analysis/ball_analysis/bright_00273.jpg,misc/ball_analysis/bright_00273.jpg,162213,8e1ee8d5a7da9c356f14507cd5fcc106301156507385c695e1b3d5cc76137c49,ad hoc ball-analysis/debug/export artifacts
misc_analysis/ball_analysis/IMG_8144_frame_00220.jpg,misc/ball_analysis/IMG_8144_frame_00220.jpg,122178,62b6d82a6241f31204e7934e180846e19b786baa6096c7dbcafad72a5463aa97,ad hoc ball-analysis/debug/export artifacts
misc_analysis/ball_analysis/frame_00136.jpg,misc/ball_analysis/frame_00136.jpg,148581,5863ebc026a13dbfdb9cd51792291b70d1975459fecc568113dd75077e60f51c,ad hoc ball-analysis/debug/export artifacts
misc_analysis/ball_analysis/frame_00684.jpg,misc/ball_analysis/frame_00684.jpg,148296,d4d1e15fc40b5e2ab82a403130faca05a90c1161f41e1b46f3ed1f770c9b4191,ad hoc ball-analysis/debug/export artifacts
misc_analysis/ball_analysis/IMG_8166_frame_05299.jpg,misc/ball_analysis/IMG_8166_frame_05299.jpg,128514,c0ad0962a84d95b69c946613e2e647606fd17def96700b9b770ec1c5bffa8d22,ad hoc ball-analysis/debug/export artifacts
misc_analysis/ball_analysis/IMG_8166_frame_26497.jpg,misc/ball_analysis/IMG_8166_frame_26497.jpg,124569,dee73b524da0d1674720bf8700a3776f88ac1f13dd4d5d33a45753e04bddf184,ad hoc ball-analysis/debug/export artifacts
misc_analysis/ball_test/debug_mask_f5.png,misc/ball_test/debug_mask_f5.png,14479,e3f526496d90621fd26659799ef6c5ffb1b795de848e04b3c8c9cf77cd433cbf,ad hoc ball-analysis/debug/export artifacts
misc_analysis/ball_test/ball_tracking.csv,misc/ball_test/ball_tracking.csv,9106,8f927a9308e0135cebe1d07e36d3290469f7e42829e0ac911bcf04b054ca7bc2,ad hoc ball-analysis/debug/export artifacts
misc_analysis/ball_test/debug_all_candidates_f5.png,misc/ball_test/debug_all_candidates_f5.png,604382,cddb2534c1c1396bfc0de61f5d5fc6a9120f39b8e122d0a8bbaa315cfa5ea753,ad hoc ball-analysis/debug/export artifacts
misc_analysis/export_for_chatgpt/repo_tree.txt,misc/export_for_chatgpt/repo_tree.txt,596,7e4dd0d62a2cdc4f2cb0d09f4643f179cb4868b6ea552065a07323a4cb5b8c0b,ad hoc ball-analysis/debug/export artifacts
misc_analysis/export_for_chatgpt/metrics_full.csv,misc/export_for_chatgpt/metrics_full.csv,197,49ee50fb024f697e03feee856526990a1724d0c3e7fd4680bdff917ff45ccf40,ad hoc ball-analysis/debug/export artifacts
misc_analysis/export_for_chatgpt/NOTES.txt,misc/export_for_chatgpt/NOTES.txt,272,cde7e1c59847cec46b22e71e899c426eea13b42d260e29ae6e42aaeb3e0edf12,ad hoc ball-analysis/debug/export artifacts
misc_analysis/export_for_chatgpt/README_from_claude.md,misc/export_for_chatgpt/README_from_claude.md,1705,b9da395230bc8960bbab067dc51257542acc1941b07426072fdfad16e2cf6d81,ad hoc ball-analysis/debug/export artifacts
misc_analysis/export_for_chatgpt/synthetic_generation_files.txt,misc/export_for_chatgpt/synthetic_generation_files.txt,158,fb2d8cdd55006ccf522f794e31ac60bee52e2884d671f20ce63a6f0729fb3c1c,ad hoc ball-analysis/debug/export artifacts
misc_analysis/export_for_chatgpt/predictions_full.csv,misc/export_for_chatgpt/predictions_full.csv,3255,000f7c42d2c8f93f7af4de14ead786dbb6a6f1891c4992055e06422335a8dda2,ad hoc ball-analysis/debug/export artifacts
misc_analysis/export_for_chatgpt/generated_metadata_csv_example.csv,misc/export_for_chatgpt/generated_metadata_csv_example.csv,238,4b13eda5d908e02f9bb8d3da7ccc2efc890d6017f79340dcc91118d986823f5f,ad hoc ball-analysis/debug/export artifacts
misc_analysis/export_for_chatgpt/generated_metrics_csv_example.csv,misc/export_for_chatgpt/generated_metrics_csv_example.csv,195,8e7cf00af3412f5a0450a58c7b84fabca97f8de70aab00a1ba06df5485ee3756,ad hoc ball-analysis/debug/export artifacts
misc_analysis/export_for_chatgpt/paste_bundle.md,misc/export_for_chatgpt/paste_bundle.md,3433,5a14ce2d72d46019deba042c0eb03e5b6938dc04f42386ec926c2f659f7dd790,ad hoc ball-analysis/debug/export artifacts
misc_analysis/ball_test/debug_frames/frame_00060.png,misc/ball_test/debug_frames/frame_00060.png,622703,577318dce02cda97e229e8278a91dd5ba99669ea15ad582bba69fac171fe8117,ad hoc ball-analysis/debug/export artifacts
misc_analysis/ball_test/debug_frames/frame_00000.png,misc/ball_test/debug_frames/frame_00000.png,528893,33b3a9f557220623d7ea69f9abc3ba041065cd93ba23fd2ab36e4d664561046b,ad hoc ball-analysis/debug/export artifacts
misc_analysis/ball_test/debug_frames/frame_00030.png,misc/ball_test/debug_frames/frame_00030.png,624344,287af4ce1aebae3982cf5f4b9d7cd118f09f28a99409198655249751d6205e32,ad hoc ball-analysis/debug/export artifacts
misc_analysis/ball_test/debug_frames/frame_00150.png,misc/ball_test/debug_frames/frame_00150.png,654187,e49654596abd4baff0d34eabf8f9044ba2676bc01f5ceca56a2357eb400c3daf,ad hoc ball-analysis/debug/export artifacts
misc_analysis/ball_test/debug_frames/frame_00180.png,misc/ball_test/debug_frames/frame_00180.png,632344,d15b40a14084c3c60a3d38825fb271b6cddb04e9fc14511854aec31b93bc918a,ad hoc ball-analysis/debug/export artifacts
misc_analysis/ball_test/debug_frames/frame_00090.png,misc/ball_test/debug_frames/frame_00090.png,653467,1cbb0d714ce611325ad8f648be57765467b6fe04e90c0f220e7c451c5579dc36,ad hoc ball-analysis/debug/export artifacts
misc_analysis/ball_test/debug_frames/frame_00120.png,misc/ball_test/debug_frames/frame_00120.png,632372,300e696b649cdf456ccd74f4626637b76bb142df406af7b4187baba56f3e5a55,ad hoc ball-analysis/debug/export artifacts
misc_analysis/ball_analysis/img8144_samples/frame_00300.jpg,misc/ball_analysis/img8144_samples/frame_00300.jpg,119830,63d8062779173e03f19c2204ba600734943879774f11700c178fe566e3d1b9a8,ad hoc ball-analysis/debug/export artifacts
misc_analysis/ball_analysis/img8144_samples/frame_00100.jpg,misc/ball_analysis/img8144_samples/frame_00100.jpg,121244,55bb078a1d4c9325b710b4b03e2f5b7fc36b09a97b12c1843d40b9ad21f42979,ad hoc ball-analysis/debug/export artifacts
misc_analysis/ball_analysis/img8144_samples/frame_00000.jpg,misc/ball_analysis/img8144_samples/frame_00000.jpg,109333,b93930b4e80a67a22798c57ddd0578e2073ed34f0a448afd6f00b21319168beb,ad hoc ball-analysis/debug/export artifacts
misc_analysis/ball_analysis/img8144_samples/frame_00200.jpg,misc/ball_analysis/img8144_samples/frame_00200.jpg,120867,32f269c7e658d4f733a01b33d568ce1e00d2a4dbcc05188548a6aa1b2d2653fa,ad hoc ball-analysis/debug/export artifacts
misc_analysis/ball_analysis/img8144_samples/frame_00350.jpg,misc/ball_analysis/img8144_samples/frame_00350.jpg,113522,5a94268b24e05602fcbcdaabff114b2239fef250a14f541a22a95c47c6c3d971,ad hoc ball-analysis/debug/export artifacts
misc_analysis/ball_analysis/img8144_samples/frame_00050.jpg,misc/ball_analysis/img8144_samples/frame_00050.jpg,117819,da4773418ba9b5cf0f258cb91482b320cabc0e6ff1e2a89fd5a9ee1af8ad39ba,ad hoc ball-analysis/debug/export artifacts
outputs/slides/kitchenmaster-prof-deck/output.pptx,outputs/slides/kitchenmaster-prof-deck/output.pptx,16197924,fcded2f966895d1c143877ca6b87964c36d3d763bc8089e9eec447e8933f15d9,presentation deck and narrative plan
outputs/slides/kitchenmaster-prof-deck/narrative_plan.md,outputs/slides/kitchenmaster-prof-deck/narrative_plan.md,2336,1e230519ddfec9c8c86cb6ca20d1e41c954cdb9d1238a3f68676361df8b76c96,presentation deck and narrative plan
prior_context/TotalPrompts/chat2.md,TotalPrompts/chat2.md,128188,2e9f67bf3fce22d79b8c37015c510c995551a23860105d5aa4c51fb45a8b072d,prior chat/prompt context
prior_context/TotalPrompts/chat6.md,TotalPrompts/chat6.md,0,e3b0c44298fc1c149afbf4c8996fb92427ae41e4649b934ca495991b7852b855,prior chat/prompt context
prior_context/TotalPrompts/chat3.md,TotalPrompts/chat3.md,53105,e8a20814f25c7cb78144b241e6daeff86a9a40bf1af8470f0dd45cdae3d8b271,prior chat/prompt context
prior_context/TotalPrompts/chat4.md,TotalPrompts/chat4.md,1806,530bcb850cb08bf472067d0a85b0628d61bca55b9d2cd11fdcbe6f92ff43aa66,prior chat/prompt context
prior_context/TotalPrompts/chat1.md,TotalPrompts/chat1.md,11474,feff69042c9418fa48794c429169c8e9a91c9e4853484bd93ae249ad6f887fa0,prior chat/prompt context
prior_context/TotalPrompts/chat5.md,TotalPrompts/chat5.md,25313,30a691a4cb5e441edca934d36b0e326492bedb585225458e79fac7149ee5bf08,prior chat/prompt context
prior_generated_bundle/00_START_HERE.md,final_report_bundle/00_START_HERE.md,1821,1ab78216b9bda0cfb575d530d889808b75466b4807bea7d091c661c160b2c13f,previous report bundle summary/reference
prior_generated_bundle/01_FINAL_REPORT_BRIEF.md,final_report_bundle/01_FINAL_REPORT_BRIEF.md,4878,87712a3811699d9922bd163eadf82e7f2c7efcb6ca90eb009fdac55dbd814f70,previous report bundle summary/reference
prior_generated_bundle/02_RESULTS_AND_FIGURES.md,final_report_bundle/02_RESULTS_AND_FIGURES.md,2197,42759fafe6bf22a38f3e681b064746c3e444ab84051dd85486dc54bb74360cde,previous report bundle summary/reference
prior_generated_bundle/03_METHODS_CODE_INDEX.md,final_report_bundle/03_METHODS_CODE_INDEX.md,2278,dbbe92a771ded4162cda8c24506537e292890108905bf7e096fe0f751c525aaa,previous report bundle summary/reference
prior_generated_bundle/04_REPRODUCIBILITY_AND_GAPS.md,final_report_bundle/04_REPRODUCIBILITY_AND_GAPS.md,1726,955d2f2755f8d9d7e9fc21a2c518ba80ae6791f7b5fca959039c89933b106a7b,previous report bundle summary/reference
prior_generated_bundle/CLAUDE_PASTE_CONTEXT.md,final_report_bundle/CLAUDE_PASTE_CONTEXT.md,2474,0bbde62e019bf1b10772f5aff2e61c05c7782b4c6634fea9dcb0fe1db2b40ef6,previous report bundle summary/reference
prior_generated_bundle/bundle_manifest.csv,final_report_bundle/bundle_manifest.csv,30371,b28c6bd3855671b24afc4e7e6383dbe2fde07fdba48bc0a13bddac9c7b166ce5,previous report bundle summary/reference
prior_generated_bundle/missing_or_regenerate.csv,final_report_bundle/missing_or_regenerate.csv,26,d46122b0b0cca1b0d33db237946ef34d1235c35bf3fb9b8a58c158653ead61d1,previous report bundle summary/reference
prior_generated_bundle/generated_charts/synthetic_rates.svg,final_report_bundle/generated_charts/synthetic_rates.svg,1167,c553b499c26035f156c10ebabef7994679b37b08642a3baf7efb75a74976b89c,previous generated charts
prior_generated_bundle/generated_charts/registration_fallback_comparison.svg,final_report_bundle/generated_charts/registration_fallback_comparison.svg,1164,8f1ed33784ea31949a03f25c45302cf705a75af682ab923ac9ed59326662669f,previous generated charts
prior_generated_bundle/tables/synthetic_confusion_matrix.csv,final_report_bundle/tables/synthetic_confusion_matrix.csv,80,8660606dc81bc3fb8d7df111fcea853c58a3444fc76884cbf867cb527aa848ed,previous generated tables
prior_generated_bundle/tables/results_summary.csv,final_report_bundle/tables/results_summary.csv,1476,b297ec83b9ff7fee21e332fd87e498857df3316f7e5a89c28bdbaa07b9bfc40f,previous generated tables
tables/results_summary.csv,[generated],2811,ee6ad61efde3ebe3177058249d7c6e2d70d1df5092b7b2a34c6d456a73068d35,generated summary table/chart from repository results
generated_charts/demo_event_label_counts.svg,[generated],1040,41fcd42355948a80e7293a5d26c0c495a33e3daaaa3b0bc4cf54098a41aa960d,generated summary table/chart from repository results
generated_charts/registration_fallback_comparison.svg,[generated],1309,9b448acc0dc23bd36686177921a27bbfbd63e85da1b4be052f2b8bb46da7bc86,generated summary table/chart from repository results
generated_charts/synthetic_key_rates.svg,[generated],1294,45399da26bb7d961c6d40b851e6cb626e6b0221ced2b1b01e34fa22248ad8cdd,generated summary table/chart from repository results
00_START_HERE.md,[generated],2100,7216870bd088a4cd91d81093959a14fb68a4fca0d0135db696ca3fd1a5b64699,generated report handoff documentation
01_REPORT_WRITING_BRIEF.md,[generated],2917,2758bd58059c9b70f7f337317754b9a3c20f139bb690421ba6ad1d555c5d6b55,generated report handoff documentation
02_RESULTS_DEEP_DIVE.md,[generated],4956,a3edffb3f80eaacfb160b823510228f6d7dc206a0452988ea1ebbf1f8f4ff6cf,generated report handoff documentation
03_CODE_AND_EXPERIMENT_INDEX.md,[generated],2902,12f0e12e7ad5818f831fa057154c2cfb9340409e7a4a4657c0152e28c6e75e99,generated report handoff documentation
04_REPRODUCIBILITY_AND_GAPS.md,[generated],1762,4afcb105273fe254181a8b426ce8fe768c866f02747a29f531ac200af6282632,generated report handoff documentation
CLAUDE_FULL_HANDOFF.md,[generated],3621,8dbf7769bc97aacc5a4e67c82d88cf465b0bdb08d6a99fb97bbb7bad602f87f2,generated report handoff documentation
