frame_index,timestamp_s,ball_x,ball_y,raw_ball_x,raw_ball_y,radius_px,circularity,v_at_center,raw_confidence,bbox_x0,bbox_y0,bbox_x1,bbox_y1,tracking_backend,confidence,n_candidates
0,0.0,266.57,320.53,379.88,456.79,4.41,,,0.569,375.48,452.27,384.29,461.3,ultralytics,0.569,1
1,0.0167,359.61,432.46,380.34,457.3,4.42,,,0.675,375.48,452.88,385.2,461.72,ultralytics,0.675,2
2,0.0334,380.62,457.89,380.68,457.81,4.64,,,0.694,375.76,453.17,385.59,462.45,ultralytics,0.694,2
3,0.05,380.92,458.45,380.85,458.64,5.0,,,0.733,375.84,453.56,385.85,463.71,ultralytics,0.733,2
4,0.0667,381.26,458.87,381.22,458.85,4.78,,,0.745,376.43,453.93,386.0,463.78,ultralytics,0.745,2
5,0.0834,381.65,459.19,381.7,459.21,4.68,,,0.76,376.95,454.53,386.44,463.9,ultralytics,0.76,2
6,0.1001,381.98,459.48,382.04,459.53,4.52,,,0.763,377.14,455.0,386.93,464.05,ultralytics,0.763,2
7,0.1168,382.26,459.74,382.21,459.65,4.57,,,0.749,377.23,455.08,387.19,464.22,ultralytics,0.749,2
8,0.1335,382.54,460.01,382.56,460.11,4.52,,,0.734,377.76,455.59,387.37,464.63,ultralytics,0.734,1
9,0.1501,382.85,460.25,382.82,460.23,4.45,,,0.716,377.94,455.78,387.7,464.67,ultralytics,0.716,1
10,0.1668,383.17,460.48,383.18,460.43,4.25,,,0.646,378.38,456.19,387.98,464.68,ultralytics,0.646,1
11,0.1835,383.48,460.75,383.53,460.76,4.2,,,0.538,378.72,456.55,388.35,464.96,ultralytics,0.538,1
12,0.2002,383.76,461.06,383.71,461.05,4.14,,,0.693,378.82,456.92,388.61,465.19,ultralytics,0.693,1
13,0.2169,384.05,461.42,384.12,461.32,4.05,,,0.553,379.28,457.27,388.95,465.38,ultralytics,0.553,1
14,0.2336,384.37,461.83,384.18,461.92,4.43,,,0.629,379.31,457.48,389.05,466.35,ultralytics,0.629,1
15,0.2502,384.77,462.2,384.91,462.2,4.3,,,0.537,380.04,457.9,389.78,466.5,ultralytics,0.537,2
16,0.2669,385.16,462.56,385.09,462.51,4.3,,,0.568,380.52,458.21,389.67,466.8,ultralytics,0.568,2
17,0.2836,385.53,462.94,385.57,462.96,4.55,,,0.664,380.71,458.41,390.43,467.51,ultralytics,0.664,1
18,0.3003,385.85,463.32,385.9,463.38,4.42,,,0.696,381.02,458.96,390.78,467.8,ultralytics,0.696,1
19,0.317,386.12,463.69,386.1,463.54,4.28,,,0.647,381.24,459.26,390.96,467.81,ultralytics,0.647,1
20,0.3337,386.4,464.12,386.38,464.25,4.44,,,0.711,381.51,459.81,391.25,468.69,ultralytics,0.711,1
21,0.3503,386.7,464.49,386.7,464.47,4.5,,,0.701,381.96,459.97,391.43,468.97,ultralytics,0.701,1
22,0.367,387.0,464.75,387.0,464.89,4.71,,,0.764,382.16,460.17,391.85,469.6,ultralytics,0.764,1
23,0.3837,387.31,464.96,387.3,464.83,4.49,,,0.748,382.5,460.34,392.11,469.32,ultralytics,0.748,1
24,0.4004,387.63,465.26,387.59,465.19,4.65,,,0.774,382.93,460.54,392.26,469.84,ultralytics,0.774,1
25,0.4171,387.94,465.63,388.06,465.77,4.73,,,0.731,383.32,460.81,392.79,470.74,ultralytics,0.731,1
26,0.4337,388.2,465.96,388.09,465.86,4.67,,,0.733,383.41,461.19,392.77,470.54,ultralytics,0.733,2
27,0.4504,388.48,466.31,388.54,466.33,4.62,,,0.695,383.89,461.71,393.19,470.94,ultralytics,0.695,2
28,0.4671,388.76,466.67,388.72,466.66,4.62,,,0.687,383.98,462.04,393.47,471.28,ultralytics,0.687,2
29,0.4838,389.02,467.0,389.11,467.1,4.51,,,0.721,384.3,462.59,393.91,471.61,ultralytics,0.721,2
30,0.5005,389.24,467.22,389.18,467.22,4.31,,,0.679,384.42,462.91,393.94,471.53,ultralytics,0.679,2
31,0.5172,389.47,467.41,389.49,467.4,4.5,,,0.67,384.67,462.9,394.31,471.9,ultralytics,0.67,2
32,0.5338,389.73,467.63,389.65,467.58,4.51,,,0.676,384.74,463.07,394.56,472.09,ultralytics,0.676,2
33,0.5505,390.05,467.9,390.1,467.93,4.5,,,0.611,385.19,463.43,395.0,472.43,ultralytics,0.611,2
34,0.5672,390.38,468.18,390.33,468.15,4.37,,,0.584,385.41,463.78,395.24,472.52,ultralytics,0.584,2
35,0.5839,390.72,468.4,390.75,468.53,4.6,,,0.69,385.68,463.92,395.81,473.13,ultralytics,0.69,2
36,0.6006,391.04,468.51,391.08,468.49,4.32,,,0.681,386.21,464.17,395.94,472.82,ultralytics,0.681,2
37,0.6173,391.35,468.63,391.25,468.56,4.3,,,0.635,386.35,464.26,396.16,472.87,ultralytics,0.635,2
38,0.6339,391.66,468.89,391.79,468.73,4.22,,,0.681,387.01,464.51,396.56,472.95,ultralytics,0.681,2
39,0.6506,391.9,469.26,391.87,469.44,4.58,,,0.738,387.13,464.87,396.62,474.02,ultralytics,0.738,2
40,0.6673,392.15,469.54,392.1,469.57,4.61,,,0.722,387.26,464.96,396.95,474.18,ultralytics,0.722,1
41,0.684,392.45,469.72,392.46,469.69,4.56,,,0.752,387.6,465.14,397.32,474.25,ultralytics,0.752,1
42,0.7007,392.73,469.85,392.8,469.92,4.53,,,0.732,387.98,465.39,397.62,474.46,ultralytics,0.732,1
43,0.7173,392.96,469.93,392.91,469.93,4.5,,,0.734,388.09,465.43,397.72,474.44,ultralytics,0.734,1
44,0.734,393.17,469.99,393.23,469.97,4.53,,,0.732,388.45,465.45,398.01,474.5,ultralytics,0.732,1
45,0.7507,393.37,470.08,393.32,470.05,4.51,,,0.691,388.56,465.54,398.08,474.56,ultralytics,0.691,1
46,0.7674,393.65,470.27,393.54,470.16,4.48,,,0.719,388.72,465.68,398.35,474.65,ultralytics,0.719,1
47,0.7841,393.99,470.56,394.09,470.61,4.78,,,0.739,389.17,465.83,399.0,475.39,ultralytics,0.739,1
48,0.8008,394.28,470.84,394.33,470.92,4.92,,,0.759,389.36,466.0,399.29,475.84,ultralytics,0.759,1
49,0.8174,394.56,471.06,394.4,470.96,4.85,,,0.743,389.54,466.07,399.25,475.86,ultralytics,0.743,1
50,0.8341,394.88,471.29,395.02,471.39,4.91,,,0.772,390.11,466.32,399.93,476.46,ultralytics,0.772,2
51,0.8508,395.12,471.48,395.18,471.47,4.94,,,0.765,390.25,466.46,400.12,476.48,ultralytics,0.765,2
52,0.8675,395.23,471.72,395.25,471.58,4.86,,,0.746,390.39,466.64,400.11,476.53,ultralytics,0.746,1
53,0.8842,395.27,472.1,395.26,472.07,4.84,,,0.732,390.42,466.93,400.1,477.22,ultralytics,0.732,1
54,0.9009,395.32,472.45,395.31,472.67,4.69,,,0.741,390.61,467.54,400.0,477.79,ultralytics,0.741,2
55,0.9175,395.42,472.58,395.37,472.67,4.73,,,0.745,390.64,467.45,400.1,477.9,ultralytics,0.745,1
56,0.9342,395.58,472.59,395.55,472.46,4.93,,,0.733,390.62,467.43,400.49,477.49,ultralytics,0.733,1
57,0.9509,395.76,472.68,395.82,472.64,4.74,,,0.738,391.07,467.57,400.56,477.72,ultralytics,0.738,1
58,0.9676,395.93,472.88,395.92,472.81,4.76,,,0.725,391.15,467.71,400.68,477.92,ultralytics,0.725,1
59,0.9843,396.15,472.96,395.99,473.43,4.79,,,0.751,391.2,468.09,400.79,478.78,ultralytics,0.751,1
60,1.001,396.51,472.76,396.54,472.51,4.65,,,0.744,391.79,467.86,401.28,477.16,ultralytics,0.744,1
61,1.0176,396.91,472.59,396.97,472.54,4.57,,,0.732,391.99,467.97,401.95,477.11,ultralytics,0.732,1
62,1.0343,397.3,472.56,397.22,472.56,4.47,,,0.675,392.32,468.09,402.11,477.03,ultralytics,0.675,1
63,1.051,397.71,472.59,397.74,472.58,4.41,,,0.706,392.72,468.17,402.77,476.99,ultralytics,0.706,1
64,1.0677,398.17,472.61,398.09,472.64,4.32,,,0.621,393.1,468.32,403.09,476.95,ultralytics,0.621,1
65,1.0844,398.66,472.64,398.73,472.58,4.3,,,0.62,393.8,468.28,403.66,476.88,ultralytics,0.62,1
66,1.101,399.11,472.65,399.14,472.75,4.49,,,0.624,394.34,468.26,403.93,477.24,ultralytics,0.624,1
67,1.1177,399.52,472.6,399.48,472.57,4.42,,,0.635,394.62,468.15,404.34,477.0,ultralytics,0.635,1
68,1.1344,399.96,472.56,399.9,472.52,4.41,,,0.664,395.12,468.11,404.68,476.93,ultralytics,0.664,1
69,1.1511,400.45,472.52,400.52,472.59,4.41,,,0.623,395.65,468.18,405.39,477.0,ultralytics,0.623,1
70,1.1678,400.86,472.45,400.92,472.45,4.42,,,0.509,396.0,468.02,405.84,476.87,ultralytics,0.509,1
71,1.1845,401.15,472.39,401.18,472.3,4.62,,,0.642,396.23,467.68,406.12,476.92,ultralytics,0.642,1
72,1.2011,401.35,472.41,401.42,472.43,4.44,,,0.781,396.64,468.0,406.19,476.87,ultralytics,0.781,1
73,1.2178,401.47,472.49,401.45,472.43,4.45,,,0.778,396.72,467.98,406.18,476.89,ultralytics,0.778,1
74,1.2345,401.62,472.58,401.5,472.69,4.63,,,0.74,396.75,468.06,406.25,477.32,ultralytics,0.74,1
75,1.2512,401.81,472.57,401.96,472.58,4.56,,,0.725,397.09,468.02,406.83,477.14,ultralytics,0.725,1
76,1.2679,401.93,472.5,401.92,472.51,4.52,,,0.716,397.08,467.99,406.77,477.03,ultralytics,0.716,1
77,1.2846,401.99,472.42,401.96,472.38,4.54,,,0.769,397.05,467.83,406.88,476.92,ultralytics,0.769,1
78,1.3012,402.05,472.38,402.1,472.37,4.56,,,0.731,397.14,467.8,407.05,476.93,ultralytics,0.731,1
79,1.3179,402.07,472.37,402.09,472.36,4.57,,,0.731,397.13,467.79,407.04,476.92,ultralytics,0.731,2
80,1.3346,402.06,472.37,402.04,472.37,4.54,,,0.734,397.1,467.83,406.98,476.9,ultralytics,0.734,2
81,1.3513,402.09,472.35,402.03,472.39,4.54,,,0.732,397.1,467.85,406.95,476.93,ultralytics,0.732,2
82,1.368,402.17,472.3,402.22,472.27,4.45,,,0.718,397.37,467.82,407.07,476.72,ultralytics,0.718,3
83,1.3846,402.25,472.25,402.22,472.25,4.42,,,0.721,397.36,467.83,407.08,476.67,ultralytics,0.721,2
84,1.4013,402.3,472.2,402.35,472.26,4.68,,,0.748,397.4,467.58,407.3,476.94,ultralytics,0.748,2
85,1.418,402.31,472.12,402.33,472.06,4.49,,,0.642,397.43,467.57,407.22,476.55,ultralytics,0.642,1
86,1.4347,402.27,472.06,402.26,472.05,4.56,,,0.731,397.29,467.5,407.23,476.61,ultralytics,0.731,2
87,1.4514,402.24,472.02,402.23,472.05,4.58,,,0.708,397.35,467.48,407.11,476.63,ultralytics,0.708,1
88,1.4681,402.22,471.98,402.22,471.96,4.62,,,0.64,397.31,467.34,407.13,476.58,ultralytics,0.64,1
89,1.4847,402.21,471.93,402.2,471.93,4.54,,,0.612,397.33,467.39,407.07,476.47,ultralytics,0.612,1
90,1.5014,402.2,471.9,402.2,471.89,4.52,,,0.51,397.34,467.36,407.05,476.41,ultralytics,0.51,1
91,1.5181,402.19,471.87,402.22,471.92,4.52,,,0.567,397.41,467.4,407.02,476.44,ultralytics,0.567,1
92,1.5348,402.17,471.82,402.14,471.77,4.58,,,0.541,397.24,467.2,407.05,476.35,ultralytics,0.541,1
93,1.5515,407.59,471.65,402.17,471.86,4.54,,,0.64,397.28,467.32,407.06,476.4,ultralytics,0.64,1
94,1.5682,426.56,471.25,402.06,471.45,4.49,,,0.543,396.99,466.95,407.13,475.94,ultralytics,0.543,1
95,1.5848,,,,,,,,0.0,,,,,ultralytics,0.0,0
96,1.6015,442.46,470.92,502.15,470.2,6.93,,,0.088,486.08,463.27,518.23,477.14,ultralytics,0.088,2
97,1.6182,426.62,470.97,402.5,471.3,4.3,,,0.433,398.19,466.92,406.8,475.69,ultralytics,0.433,1
98,1.6349,407.45,470.99,401.9,471.16,4.86,,,0.641,396.99,466.3,406.82,476.02,ultralytics,0.641,3
99,1.6516,401.79,470.77,401.7,470.7,4.64,,,0.506,396.92,466.05,406.48,475.34,ultralytics,0.506,1
100,1.6683,401.63,470.55,401.74,470.45,4.54,,,0.477,396.96,465.91,406.52,474.99,ultralytics,0.477,1
101,1.6849,401.46,470.46,401.4,470.47,4.7,,,0.532,396.58,465.77,406.23,475.17,ultralytics,0.532,1
102,1.7016,401.27,470.39,401.31,470.41,4.77,,,0.582,396.41,465.64,406.21,475.18,ultralytics,0.582,2
103,1.7183,401.08,470.25,401.06,470.34,4.95,,,0.604,395.98,465.38,406.13,475.29,ultralytics,0.604,2
104,1.735,400.92,470.04,400.88,469.98,4.88,,,0.627,395.84,465.1,405.92,474.86,ultralytics,0.627,1
105,1.7517,400.81,469.87,400.81,469.82,4.67,,,0.595,395.87,465.15,405.76,474.48,ultralytics,0.595,1
106,1.7683,400.74,469.72,400.74,469.84,4.7,,,0.637,395.8,465.14,405.67,474.54,ultralytics,0.637,1
107,1.785,400.72,469.51,400.64,469.47,4.71,,,0.662,395.66,464.75,405.61,474.18,ultralytics,0.662,1
108,1.8017,400.75,469.29,400.8,469.25,4.54,,,0.644,395.81,464.71,405.79,473.78,ultralytics,0.644,2
109,1.8184,400.77,469.08,400.78,469.17,4.58,,,0.645,395.81,464.59,405.75,473.75,ultralytics,0.645,2
110,1.8351,400.76,468.87,400.75,468.75,4.37,,,0.613,395.92,464.37,405.59,473.12,ultralytics,0.613,1
111,1.8518,400.74,468.73,400.74,468.72,4.36,,,0.621,395.93,464.35,405.55,473.08,ultralytics,0.621,1
112,1.8684,400.72,468.61,400.73,468.7,4.4,,,0.55,395.93,464.31,405.54,473.1,ultralytics,0.55,1
113,1.8851,400.71,468.46,400.69,468.4,4.38,,,0.586,395.88,464.03,405.51,472.78,ultralytics,0.586,1
114,1.9018,400.68,468.32,400.72,468.3,4.46,,,0.636,395.92,463.84,405.52,472.76,ultralytics,0.636,1
115,1.9185,400.65,468.23,400.61,468.22,4.52,,,0.613,395.89,463.7,405.33,472.74,ultralytics,0.613,1
116,1.9352,400.62,468.17,400.64,468.19,4.53,,,0.627,395.97,463.66,405.31,472.72,ultralytics,0.627,1
117,1.9519,400.59,468.11,400.57,468.08,4.45,,,0.64,395.82,463.63,405.31,472.53,ultralytics,0.64,1
118,1.9685,400.59,468.04,400.57,468.08,4.45,,,0.624,395.84,463.64,405.31,472.53,ultralytics,0.624,1
119,1.9852,400.63,467.93,400.61,468.0,4.38,,,0.636,395.97,463.62,405.26,472.38,ultralytics,0.636,1
120,2.0019,400.68,467.78,400.73,467.66,4.33,,,0.679,395.78,463.32,405.68,471.99,ultralytics,0.679,1
121,2.0186,400.68,467.66,400.68,467.74,4.44,,,0.657,395.77,463.3,405.58,472.18,ultralytics,0.657,1
122,2.0353,400.67,467.54,400.67,467.5,4.44,,,0.684,395.79,463.06,405.54,471.95,ultralytics,0.684,1
123,2.0519,400.67,467.43,400.65,467.4,4.51,,,0.655,395.79,462.88,405.51,471.91,ultralytics,0.655,1
124,2.0686,400.68,467.36,400.68,467.36,4.56,,,0.67,395.77,462.8,405.59,471.92,ultralytics,0.67,1
125,2.0853,400.69,467.31,400.72,467.32,4.5,,,0.67,395.8,462.82,405.64,471.82,ultralytics,0.67,1
126,2.102,400.7,467.4,400.68,467.22,4.57,,,0.638,395.72,462.65,405.64,471.79,ultralytics,0.638,1
127,2.1187,400.73,467.78,400.67,467.31,4.48,,,0.616,395.81,462.84,405.54,471.79,ultralytics,0.616,1
128,2.1354,,,,,,,,0.0,,,,,ultralytics,0.0,0
129,2.152,,,,,,,,0.0,,,,,ultralytics,0.0,0
130,2.1687,,,,,,,,0.0,,,,,ultralytics,0.0,0
131,2.1854,400.75,467.95,400.91,469.5,5.1,,,0.365,395.8,462.43,406.01,476.57,ultralytics,0.365,1
132,2.2021,400.69,467.28,400.63,466.55,4.48,,,0.66,395.73,462.07,405.53,471.03,ultralytics,0.66,1
133,2.2188,400.62,466.64,400.62,466.45,4.42,,,0.681,395.71,462.03,405.53,470.86,ultralytics,0.681,1
134,2.2355,400.56,466.44,400.57,466.46,4.65,,,0.677,395.64,461.81,405.49,471.1,ultralytics,0.677,1
135,2.2521,400.48,466.4,400.49,466.4,4.59,,,0.672,395.52,461.81,405.46,470.99,ultralytics,0.672,1
136,2.2688,400.4,466.36,400.38,466.36,4.42,,,0.702,395.46,461.94,405.31,470.78,ultralytics,0.702,1
137,2.2855,400.35,466.33,400.34,466.33,4.48,,,0.731,395.44,461.84,405.24,470.81,ultralytics,0.731,1
138,2.3022,400.32,466.29,400.32,466.28,4.6,,,0.721,395.41,461.68,405.24,470.89,ultralytics,0.721,1
139,2.3189,400.28,466.27,400.32,466.27,4.6,,,0.721,395.4,461.67,405.23,470.86,ultralytics,0.721,1
140,2.3356,400.22,466.21,400.19,466.27,4.67,,,0.715,395.35,461.6,405.04,470.94,ultralytics,0.715,1
141,2.3522,400.16,466.11,400.17,466.09,4.56,,,0.712,395.3,461.52,405.03,470.65,ultralytics,0.712,1
142,2.3689,400.09,466.0,400.11,465.95,4.61,,,0.743,395.3,461.33,404.91,470.56,ultralytics,0.743,2
143,2.3856,399.98,465.87,400.03,466.03,4.59,,,0.714,395.26,461.44,404.8,470.62,ultralytics,0.714,1
144,2.4023,399.84,465.69,399.79,465.54,4.5,,,0.659,394.95,461.04,404.63,470.04,ultralytics,0.659,1
145,2.419,399.72,465.54,399.72,465.62,4.55,,,0.661,394.95,461.07,404.49,470.16,ultralytics,0.661,1
146,2.4356,399.63,465.44,399.63,465.34,4.47,,,0.696,394.91,460.87,404.35,469.81,ultralytics,0.696,2
147,2.4523,399.54,465.4,399.54,465.41,4.48,,,0.671,394.81,460.93,404.27,469.89,ultralytics,0.671,2
148,2.469,399.47,465.39,399.44,465.4,4.47,,,0.695,394.61,460.93,404.27,469.86,ultralytics,0.695,1
149,2.4857,399.42,465.37,399.44,465.36,4.48,,,0.73,394.66,460.88,404.23,469.84,ultralytics,0.73,1
150,2.5024,399.35,465.35,399.38,465.36,4.48,,,0.729,394.58,460.88,404.18,469.85,ultralytics,0.729,1
151,2.5191,399.21,465.32,399.27,465.33,4.49,,,0.709,394.36,460.85,404.18,469.82,ultralytics,0.709,1
152,2.5357,399.04,465.26,398.95,465.27,4.46,,,0.701,394.1,460.8,403.81,469.73,ultralytics,0.701,1
153,2.5524,398.94,465.19,398.93,465.2,4.44,,,0.722,394.04,460.75,403.83,469.64,ultralytics,0.722,1
154,2.5691,398.84,465.11,398.91,465.11,4.55,,,0.749,394.08,460.55,403.75,469.66,ultralytics,0.749,1
155,2.5858,398.69,465.02,398.71,465.03,4.53,,,0.719,393.9,460.5,403.53,469.56,ultralytics,0.719,1
156,2.6025,398.51,464.93,398.47,464.89,4.43,,,0.721,393.65,460.46,403.28,469.32,ultralytics,0.721,2
157,2.6192,398.38,464.89,398.32,464.87,4.37,,,0.707,393.41,460.5,403.23,469.24,ultralytics,0.707,1
158,2.6358,398.28,464.89,398.35,464.91,4.34,,,0.722,393.5,460.57,403.21,469.25,ultralytics,0.722,2
159,2.6525,398.13,464.89,398.17,464.88,4.42,,,0.725,393.2,460.46,403.14,469.3,ultralytics,0.725,2
160,2.6692,397.95,464.88,397.87,464.88,4.37,,,0.707,393.03,460.51,402.71,469.25,ultralytics,0.707,2
161,2.6859,397.83,464.87,397.8,464.87,4.37,,,0.717,392.95,460.5,402.65,469.24,ultralytics,0.717,1
162,2.7026,397.79,464.85,397.79,464.85,4.42,,,0.72,392.96,460.43,402.62,469.27,ultralytics,0.72,1
163,2.7192,397.77,464.82,397.79,464.86,4.43,,,0.72,392.96,460.43,402.62,469.29,ultralytics,0.72,1
164,2.7359,397.74,464.78,397.72,464.73,4.42,,,0.724,392.94,460.31,402.5,469.15,ultralytics,0.724,2
165,2.7526,397.71,464.75,397.71,464.76,4.47,,,0.728,392.92,460.29,402.51,469.23,ultralytics,0.728,1
166,2.7693,397.71,464.75,397.69,464.76,4.47,,,0.727,392.91,460.29,402.47,469.23,ultralytics,0.727,1
167,2.786,397.71,464.79,397.73,464.7,4.44,,,0.733,392.96,460.26,402.5,469.14,ultralytics,0.733,1
168,2.8027,397.71,464.88,397.71,464.95,4.63,,,0.757,392.85,460.32,402.56,469.59,ultralytics,0.757,1
169,2.8193,397.69,464.96,397.7,464.95,4.62,,,0.751,392.87,460.32,402.53,469.57,ultralytics,0.751,2
170,2.836,397.64,465.07,397.66,464.97,4.59,,,0.764,392.82,460.38,402.5,469.56,ultralytics,0.764,1
171,2.8527,397.6,465.23,397.55,465.29,4.72,,,0.785,392.71,460.57,402.39,470.01,ultralytics,0.785,1
172,2.8694,397.58,465.38,397.59,465.41,4.74,,,0.778,392.76,460.66,402.42,470.15,ultralytics,0.778,1
173,2.8861,397.58,465.46,397.57,465.49,4.81,,,0.772,392.76,460.69,402.38,470.3,ultralytics,0.772,1
174,2.9028,397.57,465.49,397.58,465.47,4.77,,,0.757,392.79,460.7,402.36,470.24,ultralytics,0.757,1
175,2.9194,397.56,465.5,397.57,465.55,4.8,,,0.753,392.78,460.71,402.37,470.39,ultralytics,0.753,1
176,2.9361,397.54,465.47,397.52,465.48,4.75,,,0.748,392.72,460.74,402.33,470.23,ultralytics,0.748,1
177,2.9528,397.53,465.43,397.52,465.39,4.65,,,0.751,392.72,460.75,402.31,470.04,ultralytics,0.751,1
178,2.9695,397.54,465.41,397.54,465.41,4.65,,,0.758,392.76,460.76,402.32,470.06,ultralytics,0.758,1
179,2.9862,397.57,465.41,397.54,465.41,4.65,,,0.758,392.75,460.76,402.32,470.06,ultralytics,0.758,1
180,3.0029,397.62,465.43,397.65,465.42,4.53,,,0.768,392.81,460.89,402.5,469.95,ultralytics,0.768,1
181,3.0195,397.64,465.48,397.67,465.43,4.55,,,0.762,392.78,460.88,402.56,469.97,ultralytics,0.762,1
182,3.0362,397.6,465.58,397.61,465.57,4.57,,,0.767,392.79,460.99,402.43,470.14,ultralytics,0.767,1
183,3.0529,397.53,465.72,397.52,465.73,4.6,,,0.753,392.71,461.12,402.32,470.33,ultralytics,0.753,1
184,3.0696,397.47,465.86,397.46,465.86,4.64,,,0.757,392.67,461.22,402.24,470.5,ultralytics,0.757,1
185,3.0863,397.41,465.97,397.41,465.99,4.56,,,0.734,392.6,461.42,402.21,470.55,ultralytics,0.734,1
186,3.1029,397.37,466.07,397.36,466.09,4.63,,,0.722,392.55,461.46,402.17,470.73,ultralytics,0.722,1
187,3.1196,397.3,466.22,397.37,466.06,4.64,,,0.721,392.6,461.42,402.15,470.69,ultralytics,0.721,1
188,3.1363,397.2,466.42,397.13,466.61,4.6,,,0.747,392.27,462.0,401.99,471.21,ultralytics,0.747,1
189,3.153,397.15,466.53,397.13,466.52,4.5,,,0.742,392.28,462.02,401.99,471.02,ultralytics,0.742,1
190,3.1697,397.12,466.58,397.14,466.57,4.52,,,0.748,392.34,462.05,401.95,471.1,ultralytics,0.748,1
191,3.1864,397.06,466.66,397.13,466.62,4.5,,,0.74,392.33,462.12,401.93,471.11,ultralytics,0.74,1
192,3.203,396.96,466.76,396.9,466.8,4.44,,,0.772,392.08,462.36,401.72,471.24,ultralytics,0.772,2
193,3.2197,396.89,466.89,396.9,466.81,4.44,,,0.775,392.06,462.37,401.73,471.25,ultralytics,0.775,1
194,3.2364,396.84,467.06,396.82,467.1,4.45,,,0.763,391.96,462.65,401.68,471.55,ultralytics,0.763,2
195,3.2531,396.81,467.22,396.8,467.24,4.51,,,0.773,391.95,462.73,401.66,471.74,ultralytics,0.773,1
196,3.2698,396.8,467.38,396.78,467.3,4.5,,,0.778,391.96,462.79,401.6,471.8,ultralytics,0.778,1
197,3.2865,396.79,467.58,396.82,467.61,4.72,,,0.771,391.94,462.89,401.71,472.33,ultralytics,0.771,1
198,3.3031,396.76,467.79,396.77,467.82,4.58,,,0.742,391.94,463.25,401.61,472.4,ultralytics,0.742,1
199,3.3198,396.7,468.01,396.68,467.87,4.63,,,0.756,391.88,463.24,401.48,472.5,ultralytics,0.756,1
200,3.3365,396.6,468.25,396.69,468.42,4.73,,,0.778,391.92,463.69,401.46,473.15,ultralytics,0.778,1
201,3.3532,396.44,468.44,396.42,468.39,4.49,,,0.768,391.78,463.91,401.05,472.88,ultralytics,0.768,2
202,3.3699,396.29,468.66,396.21,468.49,4.55,,,0.785,391.48,463.94,400.93,473.03,ultralytics,0.785,1
203,3.3866,396.19,468.97,396.26,469.17,4.73,,,0.807,391.53,464.29,400.98,474.05,ultralytics,0.807,1
204,3.4032,396.06,469.19,396.04,469.16,4.71,,,0.767,391.18,464.46,400.9,473.87,ultralytics,0.767,1
205,3.4199,395.92,469.35,395.94,469.34,4.68,,,0.763,391.13,464.67,400.75,474.02,ultralytics,0.763,1
206,3.4366,395.79,469.58,395.73,469.44,4.63,,,0.754,391.05,464.82,400.42,474.07,ultralytics,0.754,1
207,3.4533,395.72,469.84,395.73,470.04,4.78,,,0.774,390.95,465.02,400.52,475.06,ultralytics,0.774,1
208,3.47,395.66,469.99,395.67,469.99,4.79,,,0.758,390.84,465.2,400.5,474.78,ultralytics,0.758,1
209,3.4866,395.59,470.09,395.59,470.05,4.78,,,0.756,390.67,465.26,400.51,474.83,ultralytics,0.756,1
210,3.5033,395.49,470.35,395.51,470.12,4.77,,,0.763,390.63,465.35,400.38,474.89,ultralytics,0.763,1
211,3.52,395.27,471.01,395.49,470.68,4.82,,,0.712,390.67,465.75,400.31,475.61,ultralytics,0.712,1
212,3.5367,,,,,,,,0.0,,,,,ultralytics,0.0,0
213,3.5534,,,,,,,,0.0,,,,,ultralytics,0.0,0
214,3.5701,,,,,,,,0.0,,,,,ultralytics,0.0,0
215,3.5867,,,,,,,,0.0,,,,,ultralytics,0.0,0
216,3.6034,,,,,,,,0.0,,,,,ultralytics,0.0,0
217,3.6201,,,,,,,,0.0,,,,,ultralytics,0.0,0
218,3.6368,394.93,471.84,394.71,472.33,4.29,,,0.54,389.94,468.05,399.49,476.62,ultralytics,0.54,1
219,3.6535,394.72,472.34,394.67,472.43,4.46,,,0.691,389.84,467.97,399.51,476.89,ultralytics,0.691,1
220,3.6702,394.64,472.56,394.68,472.5,4.34,,,0.763,389.92,468.16,399.45,476.85,ultralytics,0.763,1
221,3.6868,394.6,472.76,394.55,472.74,4.53,,,0.77,389.8,468.22,399.3,477.27,ultralytics,0.77,2
222,3.7035,394.57,473.0,394.58,473.04,4.69,,,0.774,389.75,468.35,399.42,477.73,ultralytics,0.774,2
223,3.7202,394.54,473.32,394.58,473.12,4.71,,,0.774,389.76,468.41,399.39,477.83,ultralytics,0.774,2
224,3.7369,394.51,473.88,394.41,473.8,4.65,,,0.767,389.64,469.15,399.17,478.45,ultralytics,0.767,3
225,3.7536,394.44,474.76,394.71,474.42,4.02,,,0.524,390.46,470.4,398.96,478.44,ultralytics,0.524,1
226,3.7702,,,,,,,,0.0,,,,,ultralytics,0.0,0
227,3.7869,,,,,,,,0.0,,,,,ultralytics,0.0,0
228,3.8036,,,,,,,,0.0,,,,,ultralytics,0.0,0
229,3.8203,,,,,,,,0.0,,,,,ultralytics,0.0,0
230,3.837,,,,,,,,0.0,,,,,ultralytics,0.0,0
231,3.8537,,,,,,,,0.0,,,,,ultralytics,0.0,0
232,3.8703,394.26,475.8,394.06,476.25,3.98,,,0.618,389.25,472.27,398.88,480.23,ultralytics,0.618,1
233,3.887,394.15,476.64,394.11,476.56,4.24,,,0.655,389.21,472.32,399.01,480.81,ultralytics,0.655,1
234,3.9037,394.15,477.32,394.19,477.32,4.48,,,0.645,389.23,472.84,399.15,481.79,ultralytics,0.645,1
235,3.9204,394.2,477.9,394.12,478.07,4.8,,,0.715,389.18,473.27,399.07,482.88,ultralytics,0.715,1
236,3.9371,394.27,478.29,394.33,478.36,4.72,,,0.74,389.48,473.63,399.19,483.08,ultralytics,0.74,1
237,3.9538,394.3,478.55,394.32,478.45,4.51,,,0.714,389.44,473.94,399.19,482.96,ultralytics,0.714,1
238,3.9704,394.28,478.82,394.28,478.93,4.84,,,0.762,389.37,474.08,399.2,483.77,ultralytics,0.762,1
239,3.9871,394.27,479.07,394.22,479.0,4.62,,,0.767,389.37,474.38,399.07,483.62,ultralytics,0.767,1
240,4.0038,394.28,479.33,394.34,479.32,4.64,,,0.767,389.44,474.68,399.24,483.95,ultralytics,0.767,1
241,4.0205,394.25,479.62,394.26,479.63,4.49,,,0.752,389.4,475.14,399.11,484.12,ultralytics,0.752,1
242,4.0372,394.19,479.92,394.14,479.9,4.51,,,0.727,389.21,475.39,399.08,484.42,ultralytics,0.727,1
243,4.0539,394.13,480.22,394.21,480.28,4.69,,,0.722,389.27,475.58,399.14,484.97,ultralytics,0.722,2
244,4.0705,394.02,480.49,394.02,480.43,4.69,,,0.757,388.93,475.74,399.12,485.12,ultralytics,0.757,1
245,4.0872,393.86,480.77,393.9,480.82,4.84,,,0.692,388.94,475.98,398.85,485.67,ultralytics,0.692,1
246,4.1039,393.67,481.06,393.64,480.97,4.79,,,0.654,388.74,476.18,398.54,485.77,ultralytics,0.654,1
247,4.1206,393.49,481.38,393.5,481.45,4.52,,,0.591,388.62,476.92,398.39,485.97,ultralytics,0.591,1
248,4.1373,393.29,481.61,393.35,481.75,4.71,,,0.601,388.38,477.04,398.32,486.46,ultralytics,0.601,1
249,4.1539,393.03,481.73,393.0,481.61,4.52,,,0.69,388.07,477.09,397.93,486.13,ultralytics,0.69,1
250,4.1706,392.73,481.87,392.8,481.92,4.43,,,0.67,387.87,477.49,397.73,486.35,ultralytics,0.67,1
251,4.1873,392.38,482.06,392.39,481.98,4.42,,,0.725,387.36,477.56,397.43,486.39,ultralytics,0.725,1
252,4.204,392.04,482.36,391.92,482.27,4.56,,,0.692,387.17,477.71,396.66,486.83,ultralytics,0.692,1
253,4.2207,391.79,482.7,391.87,482.86,4.74,,,0.684,387.04,478.13,396.69,487.6,ultralytics,0.684,1
254,4.2374,391.58,482.92,391.45,482.97,4.73,,,0.693,386.67,478.24,396.24,487.7,ultralytics,0.693,1
255,4.254,391.44,483.04,391.47,482.98,4.6,,,0.688,386.7,478.38,396.23,487.58,ultralytics,0.688,2
256,4.2707,391.33,483.2,391.31,483.16,4.62,,,0.678,386.48,478.54,396.14,487.78,ultralytics,0.678,1
257,4.2874,391.18,483.42,391.29,483.47,4.64,,,0.654,386.49,478.82,396.1,488.11,ultralytics,0.654,1
258,4.3041,390.98,483.64,390.86,483.58,4.64,,,0.687,386.01,478.93,395.71,488.22,ultralytics,0.687,1
259,4.3208,390.84,483.93,390.86,483.85,4.56,,,0.697,385.97,479.29,395.76,488.41,ultralytics,0.697,1
260,4.3375,390.76,484.25,390.71,484.38,4.8,,,0.718,385.82,479.57,395.6,489.18,ultralytics,0.718,1
261,4.3541,390.77,484.51,390.71,484.49,4.61,,,0.698,385.81,479.88,395.6,489.11,ultralytics,0.698,1
262,4.3708,390.85,484.76,390.89,484.68,4.67,,,0.712,385.89,480.0,395.9,489.35,ultralytics,0.712,1
263,4.3875,390.94,485.04,390.9,485.13,4.81,,,0.707,385.97,480.33,395.84,489.94,ultralytics,0.707,1
264,4.4042,391.03,485.32,391.06,485.23,4.56,,,0.601,386.2,480.66,395.91,489.79,ultralytics,0.601,1
265,4.4209,391.14,485.61,391.11,485.72,4.79,,,0.608,386.17,480.92,396.06,490.51,ultralytics,0.608,2
266,4.4375,391.26,485.89,391.26,485.75,4.72,,,0.609,386.38,481.03,396.14,490.48,ultralytics,0.609,1
267,4.4542,391.38,486.24,391.38,486.3,4.81,,,0.611,386.48,481.48,396.28,491.11,ultralytics,0.611,1
268,4.4709,391.49,486.64,391.53,486.52,4.8,,,0.626,386.74,481.64,396.33,491.4,ultralytics,0.626,1
269,4.4876,391.56,487.05,391.56,487.23,4.75,,,0.697,386.81,482.21,396.31,492.24,ultralytics,0.697,1
270,4.5043,391.62,487.33,391.61,487.34,4.64,,,0.699,386.85,482.7,396.38,491.97,ultralytics,0.699,1
271,4.521,391.7,487.59,391.65,487.47,4.81,,,0.624,386.83,482.66,396.47,492.29,ultralytics,0.624,1
272,4.5376,391.82,487.97,391.86,487.93,4.68,,,0.727,386.87,483.25,396.85,492.62,ultralytics,0.727,2
273,4.5543,391.94,488.38,391.94,488.5,4.85,,,0.713,387.04,483.65,396.84,493.34,ultralytics,0.713,1
274,4.571,392.07,488.71,392.01,488.67,4.78,,,0.68,387.17,483.89,396.86,493.45,ultralytics,0.68,1
275,4.5877,392.24,489.03,392.26,489.04,4.73,,,0.613,387.44,484.31,397.08,493.77,ultralytics,0.613,1
276,4.6044,392.41,489.38,392.47,489.33,4.47,,,0.755,387.63,484.86,397.32,493.81,ultralytics,0.755,1
277,4.6211,392.58,489.79,392.44,489.77,4.55,,,0.771,387.62,485.21,397.26,494.32,ultralytics,0.771,1
278,4.6377,392.8,490.22,392.92,490.26,4.75,,,0.71,388.07,485.5,397.77,495.01,ultralytics,0.71,1
279,4.6544,392.97,490.64,392.97,490.6,4.75,,,0.71,388.1,485.85,397.85,495.35,ultralytics,0.71,1
280,4.6711,393.1,491.05,393.08,491.06,4.71,,,0.65,388.14,486.36,398.02,495.77,ultralytics,0.65,2
281,4.6878,393.24,491.42,393.26,491.55,4.45,,,0.67,388.44,487.1,398.08,496.0,ultralytics,0.67,1
282,4.7045,393.39,491.68,393.38,491.61,4.56,,,0.659,388.62,487.04,398.14,496.17,ultralytics,0.659,1
283,4.7212,393.56,491.91,393.53,491.96,4.4,,,0.709,388.79,487.56,398.26,496.36,ultralytics,0.709,2
284,4.7378,393.78,492.11,393.72,492.11,4.29,,,0.759,388.89,487.82,398.55,496.39,ultralytics,0.759,1
285,4.7545,394.04,492.29,394.14,492.29,4.14,,,0.717,389.28,488.15,399.0,496.44,ultralytics,0.717,1
286,4.7712,394.26,492.53,394.21,492.43,4.09,,,0.743,389.43,488.34,399.0,496.52,ultralytics,0.743,1
287,4.7879,394.46,492.81,394.5,492.89,4.37,,,0.74,389.72,488.51,399.27,497.26,ultralytics,0.74,1
288,4.8046,394.66,493.04,394.66,493.09,4.28,,,0.769,389.68,488.81,399.64,497.37,ultralytics,0.769,1
289,4.8212,394.92,493.26,394.77,493.11,4.25,,,0.741,389.78,488.87,399.75,497.36,ultralytics,0.741,1
290,4.8379,395.31,493.54,395.36,493.67,4.54,,,0.755,390.38,489.13,400.33,498.22,ultralytics,0.755,1
291,4.8546,395.73,493.83,395.71,493.72,4.36,,,0.726,390.7,489.36,400.71,498.08,ultralytics,0.726,2
292,4.8713,396.14,494.13,396.15,494.22,4.53,,,0.755,391.23,489.69,401.07,498.76,ultralytics,0.755,1
293,4.888,396.54,494.46,396.56,494.32,4.32,,,0.737,391.73,490.0,401.39,498.64,ultralytics,0.737,2
294,4.9047,396.96,494.84,396.89,494.93,4.6,,,0.762,391.99,490.33,401.8,499.53,ultralytics,0.762,1
295,4.9213,397.4,495.17,397.47,495.22,4.59,,,0.758,392.52,490.63,402.41,499.8,ultralytics,0.758,1
296,4.938,397.83,495.4,397.78,495.42,4.6,,,0.773,392.77,490.82,402.79,500.02,ultralytics,0.773,1
297,4.9547,398.28,495.63,398.29,495.55,4.6,,,0.703,393.38,490.95,403.21,500.15,ultralytics,0.703,1
298,4.9714,398.7,495.89,398.77,495.94,4.5,,,0.701,393.94,491.43,403.59,500.44,ultralytics,0.701,1
299,4.9881,399.03,496.17,399.07,496.13,4.51,,,0.684,394.35,491.62,403.8,500.64,ultralytics,0.684,1
300,5.0048,399.28,496.42,399.27,496.5,4.72,,,0.749,394.27,491.78,404.26,501.22,ultralytics,0.749,1
301,5.0214,399.53,496.59,399.51,496.61,4.62,,,0.752,394.53,491.99,404.49,501.22,ultralytics,0.752,1
302,5.0381,399.8,496.7,399.82,496.69,4.42,,,0.766,394.94,492.26,404.69,501.11,ultralytics,0.766,1
303,5.0548,400.05,496.82,400.09,496.81,4.55,,,0.773,395.11,492.26,405.06,501.37,ultralytics,0.773,1
304,5.0715,400.22,496.94,400.25,496.97,4.61,,,0.755,395.09,492.36,405.42,501.58,ultralytics,0.755,1
305,5.0882,400.33,497.05,400.34,497.04,4.5,,,0.706,395.24,492.54,405.45,501.55,ultralytics,0.706,2
306,5.1048,400.42,497.15,400.44,497.13,4.61,,,0.715,395.32,492.51,405.56,501.74,ultralytics,0.715,1
307,5.1215,400.51,497.26,400.45,497.32,4.77,,,0.735,395.35,492.55,405.54,502.09,ultralytics,0.735,1
308,5.1382,400.66,497.33,400.64,497.29,4.82,,,0.706,395.59,492.47,405.69,502.11,ultralytics,0.706,1
309,5.1549,400.85,497.38,400.84,497.44,4.66,,,0.699,395.65,492.78,406.03,502.1,ultralytics,0.699,1
310,5.1716,401.02,497.41,401.11,497.36,4.67,,,0.702,396.17,492.69,406.05,502.03,ultralytics,0.702,1
311,5.1883,401.12,497.5,401.08,497.42,4.63,,,0.69,396.15,492.79,406.02,502.05,ultralytics,0.69,1
312,5.2049,401.24,497.64,401.19,497.74,4.52,,,0.661,396.18,493.22,406.19,502.26,ultralytics,0.661,1
313,5.2216,401.41,497.75,401.42,497.69,4.47,,,0.684,396.63,493.22,406.21,502.16,ultralytics,0.684,1
314,5.2383,401.6,497.79,401.6,497.92,4.6,,,0.719,396.75,493.32,406.44,502.52,ultralytics,0.719,1
315,5.255,401.78,497.77,401.83,497.72,4.61,,,0.698,397.02,493.1,406.65,502.33,ultralytics,0.698,1
316,5.2717,402.02,497.69,401.85,497.73,4.66,,,0.668,397.09,493.06,406.62,502.39,ultralytics,0.668,1
317,5.2884,471.82,518.23,402.23,497.64,4.41,,,0.49,397.49,493.23,406.98,502.05,ultralytics,0.49,1
318,5.305,713.73,590.13,403.63,497.17,3.77,,,0.117,399.86,492.96,407.41,501.38,ultralytics,0.117,1
319,5.3217,,,,,,,,0.0,,,,,ultralytics,0.0,0
320,5.3384,,,,,,,,0.0,,,,,ultralytics,0.0,0
321,5.3551,,,,,,,,0.0,,,,,ultralytics,0.0,0
322,5.3718,,,,,,,,0.0,,,,,ultralytics,0.0,0
323,5.3885,,,,,,,,0.0,,,,,ultralytics,0.0,0
324,5.4051,915.52,650.28,1675.29,877.16,4.57,,,0.066,1670.72,859.03,1679.86,895.29,ultralytics,0.066,1
325,5.4218,,,,,,,,0.0,,,,,ultralytics,0.0,1
326,5.4385,714.12,590.17,403.54,497.46,4.26,,,0.316,399.03,493.2,408.06,501.72,ultralytics,0.316,1
327,5.4552,472.9,518.12,403.56,497.52,4.23,,,0.536,398.93,493.29,408.18,501.75,ultralytics,0.536,1
328,5.4719,403.75,497.33,403.66,497.31,4.22,,,0.724,399.03,493.09,408.29,501.53,ultralytics,0.724,1
329,5.4885,403.97,497.25,404.05,497.15,4.43,,,0.735,399.33,492.72,408.77,501.59,ultralytics,0.735,1
330,5.5052,404.14,497.24,404.16,497.3,4.58,,,0.721,399.28,492.72,409.03,501.88,ultralytics,0.721,1
331,5.5219,404.23,497.23,404.26,497.21,4.52,,,0.755,399.53,492.69,408.99,501.73,ultralytics,0.755,1
332,5.5386,404.29,497.2,404.29,497.28,4.3,,,0.773,399.63,492.98,408.95,501.58,ultralytics,0.773,2
333,5.5553,467.34,486.32,404.32,496.94,4.62,,,0.764,399.7,491.99,408.94,501.88,ultralytics,0.764,1
334,5.572,747.7,437.57,404.46,497.62,4.42,,,0.684,400.05,493.15,408.88,502.09,ultralytics,0.684,1
335,5.5886,,,,,,,,0.0,,,,,ultralytics,0.0,0
336,5.6053,1204.41,357.05,1560.41,297.16,6.54,,,0.058,1553.56,290.62,1567.25,303.7,ultralytics,0.058,1
337,5.622,,,,,,,,0.0,,,,,ultralytics,0.0,0
338,5.6387,,,,,,,,0.0,,,,,ultralytics,0.0,0
339,5.6554,,,,,,,,0.0,,,,,ultralytics,0.0,0
340,5.6721,1411.69,318.99,1523.9,297.39,5.09,,,0.063,1518.81,291.29,1528.98,303.48,ultralytics,0.063,1
341,5.6887,1193.13,356.64,1527.24,297.0,5.43,,,0.184,1521.8,290.93,1532.67,303.07,ultralytics,0.184,2
342,5.7054,,,,,,,,0.0,,,,,ultralytics,0.0,1
343,5.7221,740.23,436.82,405.34,496.31,4.32,,,0.585,400.54,491.99,410.15,500.63,ultralytics,0.585,1
344,5.7388,466.41,485.49,405.26,496.38,4.39,,,0.625,400.38,491.98,410.13,500.77,ultralytics,0.625,1
345,5.7555,405.25,496.35,405.24,496.36,4.39,,,0.664,400.36,491.98,410.13,500.75,ultralytics,0.664,1
346,5.7722,405.23,496.32,405.23,496.31,4.38,,,0.691,400.34,491.92,410.12,500.69,ultralytics,0.691,1
347,5.7888,405.22,496.28,405.22,496.31,4.38,,,0.704,400.35,491.93,410.09,500.69,ultralytics,0.704,1
348,5.8055,405.2,496.18,405.24,496.27,4.63,,,0.641,400.35,491.64,410.13,500.91,ultralytics,0.641,1
349,5.8222,405.16,496.02,405.12,495.91,4.85,,,0.688,400.24,491.06,410.0,500.77,ultralytics,0.688,1
350,5.8389,405.16,495.87,405.14,495.95,4.83,,,0.665,400.31,491.06,409.97,500.84,ultralytics,0.665,1
351,5.8556,405.18,495.73,405.19,495.65,4.7,,,0.552,400.44,490.95,409.94,500.34,ultralytics,0.552,1
352,5.8722,405.21,495.62,405.23,495.66,4.69,,,0.637,400.46,490.97,409.99,500.34,ultralytics,0.637,1
353,5.8889,405.21,495.48,405.19,495.56,4.73,,,0.732,400.43,490.83,409.95,500.29,ultralytics,0.732,1
354,5.9056,405.2,495.27,405.22,495.21,4.48,,,0.72,400.53,490.73,409.92,499.69,ultralytics,0.72,1
355,5.9223,405.16,495.06,405.18,495.07,4.56,,,0.71,400.43,490.51,409.92,499.62,ultralytics,0.71,1
356,5.939,405.13,494.83,405.09,494.89,4.59,,,0.716,400.29,490.3,409.89,499.48,ultralytics,0.716,1
357,5.9557,405.12,494.57,405.1,494.49,4.5,,,0.717,400.3,489.98,409.91,498.99,ultralytics,0.717,1
358,5.9723,405.13,494.24,405.16,494.43,4.57,,,0.705,400.33,489.85,409.99,499.0,ultralytics,0.705,1
359,5.989,405.12,493.76,405.12,493.77,4.52,,,0.669,400.32,489.25,409.93,498.29,ultralytics,0.669,1
360,6.0057,405.08,493.17,405.13,493.17,4.54,,,0.745,400.27,488.64,409.99,497.71,ultralytics,0.745,1
361,6.0224,405.01,492.59,405.0,492.53,4.38,,,0.766,400.18,488.16,409.81,496.91,ultralytics,0.766,1
362,6.0391,404.95,492.11,404.9,492.02,4.49,,,0.748,400.09,487.53,409.71,496.51,ultralytics,0.748,2
363,6.0558,404.93,491.7,404.94,491.78,4.48,,,0.695,400.15,487.3,409.73,496.26,ultralytics,0.695,1
364,6.0724,404.92,491.27,404.93,491.29,4.48,,,0.66,400.14,486.81,409.73,495.77,ultralytics,0.66,1
365,6.0891,404.88,490.85,404.9,490.73,4.73,,,0.682,400.06,486.0,409.73,495.45,ultralytics,0.682,1
366,6.1058,404.83,490.55,404.82,490.51,4.58,,,0.602,399.99,485.93,409.65,495.08,ultralytics,0.602,1
367,6.1225,404.79,490.32,404.79,490.39,4.55,,,0.68,400.0,485.83,409.58,494.94,ultralytics,0.68,1
368,6.1392,404.75,490.09,404.75,489.97,4.58,,,0.689,399.93,485.39,409.57,494.54,ultralytics,0.689,1
369,6.1558,404.7,489.84,404.7,490.02,4.66,,,0.704,399.91,485.36,409.5,494.69,ultralytics,0.704,1
370,6.1725,404.62,489.48,404.68,489.45,4.48,,,0.639,399.89,484.97,409.47,493.93,ultralytics,0.639,1
371,6.1892,404.5,489.13,404.49,489.04,4.54,,,0.585,399.74,484.5,409.24,493.57,ultralytics,0.585,1
372,6.2059,404.37,488.9,404.32,488.82,4.47,,,0.688,399.54,484.35,409.11,493.3,ultralytics,0.688,1
373,6.2226,404.3,488.77,404.29,488.82,4.52,,,0.705,399.53,484.3,409.05,493.34,ultralytics,0.705,1
374,6.2393,404.21,488.62,404.3,488.69,4.48,,,0.688,399.56,484.22,409.04,493.17,ultralytics,0.688,2
375,6.2559,404.08,488.44,404.03,488.35,4.63,,,0.664,399.4,483.7,408.65,492.99,ultralytics,0.664,1
376,6.2726,403.95,488.29,403.94,488.28,4.55,,,0.691,399.2,483.74,408.67,492.83,ultralytics,0.691,1
377,6.2893,403.79,488.07,403.91,488.32,4.64,,,0.703,399.18,483.69,408.65,492.96,ultralytics,0.703,1
378,6.306,403.55,487.75,403.46,487.49,4.57,,,0.665,398.56,482.92,408.36,492.05,ultralytics,0.665,1
379,6.3227,403.31,487.57,403.38,487.51,4.49,,,0.611,398.46,483.03,408.3,492.0,ultralytics,0.611,1
380,6.3394,403.1,487.53,402.99,487.58,4.59,,,0.628,398.04,482.99,407.93,492.17,ultralytics,0.628,1
381,6.356,402.94,487.49,402.96,487.5,4.52,,,0.672,398.04,482.98,407.89,492.02,ultralytics,0.672,1
382,6.3727,402.76,487.32,402.86,487.5,4.9,,,0.633,397.96,482.6,407.75,492.41,ultralytics,0.633,1
383,6.3894,402.51,487.0,402.43,486.94,4.64,,,0.58,397.62,482.3,407.25,491.59,ultralytics,0.58,1
384,6.4061,402.28,486.65,402.31,486.59,4.66,,,0.708,397.38,481.93,407.25,491.25,ultralytics,0.708,2
385,6.4228,402.08,486.29,402.01,486.49,4.62,,,0.703,397.08,481.87,406.94,491.11,ultralytics,0.703,1
386,6.4395,401.88,485.91,401.99,485.64,4.76,,,0.644,397.03,480.88,406.95,490.4,ultralytics,0.644,1
387,6.4561,401.65,485.65,401.6,485.74,4.54,,,0.595,396.77,481.21,406.43,490.28,ultralytics,0.595,2
388,6.4728,401.42,485.45,401.4,485.41,4.57,,,0.607,396.52,480.84,406.29,489.98,ultralytics,0.607,1
389,6.4895,401.22,485.25,401.25,485.27,4.62,,,0.522,396.3,480.66,406.2,489.89,ultralytics,0.522,2
390,6.5062,401.0,485.06,401.03,485.02,4.45,,,0.644,395.99,480.58,406.08,489.47,ultralytics,0.644,1
391,6.5229,400.75,484.87,400.7,484.93,4.5,,,0.621,395.68,480.43,405.72,489.43,ultralytics,0.621,1
392,6.5395,400.49,484.69,400.56,484.58,4.37,,,0.614,395.44,480.22,405.67,488.95,ultralytics,0.614,1
393,6.5562,400.22,484.56,400.15,484.59,4.38,,,0.729,395.13,480.21,405.16,488.97,ultralytics,0.729,1
394,6.5729,399.97,484.44,400.03,484.46,4.41,,,0.697,395.07,480.05,404.99,488.86,ultralytics,0.697,1
395,6.5896,399.7,484.26,399.67,484.32,4.52,,,0.728,394.81,479.8,404.54,488.84,ultralytics,0.728,1
396,6.6063,399.47,484.05,399.4,483.98,4.61,,,0.785,394.54,479.38,404.25,488.59,ultralytics,0.785,1
397,6.623,399.32,483.84,399.33,483.93,4.61,,,0.763,394.49,479.32,404.18,488.53,ultralytics,0.763,1
398,6.6396,399.18,483.61,399.19,483.54,4.55,,,0.692,394.41,478.99,403.97,488.1,ultralytics,0.692,1
399,6.6563,399.02,483.42,399.06,483.4,4.56,,,0.74,394.2,478.85,403.92,487.96,ultralytics,0.74,2
400,6.673,398.81,483.26,398.79,483.3,4.55,,,0.688,394.11,478.74,403.47,487.85,ultralytics,0.688,1
401,6.6897,398.59,483.11,398.61,483.06,4.5,,,0.71,393.84,478.56,403.38,487.56,ultralytics,0.71,1
402,6.7064,398.39,482.98,398.32,483.0,4.57,,,0.694,393.61,478.43,403.02,487.58,ultralytics,0.694,1
403,6.7231,398.24,482.82,398.26,482.85,4.68,,,0.642,393.49,478.18,403.03,487.53,ultralytics,0.642,1
404,6.7397,398.07,482.6,398.12,482.69,4.76,,,0.677,393.3,477.94,402.94,487.45,ultralytics,0.677,1
405,6.7564,397.86,482.34,397.82,482.22,4.56,,,0.705,392.96,477.66,402.67,486.79,ultralytics,0.705,1
406,6.7731,397.62,482.11,397.71,482.17,4.59,,,0.705,392.89,477.58,402.52,486.76,ultralytics,0.705,1
407,6.7898,397.31,481.91,397.33,481.88,4.53,,,0.71,392.49,477.35,402.18,486.41,ultralytics,0.71,1
408,6.8065,397.0,481.73,396.9,481.7,4.65,,,0.718,392.23,477.05,401.56,486.35,ultralytics,0.718,1
409,6.8231,396.81,481.56,396.75,481.59,4.64,,,0.691,392.11,476.9,401.39,486.28,ultralytics,0.691,1
410,6.8398,396.7,481.37,396.74,481.38,4.64,,,0.698,392.1,476.72,401.37,486.04,ultralytics,0.698,1
411,6.8565,396.57,481.18,396.59,481.16,4.59,,,0.704,392.0,476.44,401.18,485.88,ultralytics,0.704,1
412,6.8732,396.34,480.99,396.48,481.0,4.57,,,0.728,391.91,476.23,401.05,485.77,ultralytics,0.728,1
413,6.8899,396.02,480.82,395.89,480.81,4.72,,,0.707,391.05,476.09,400.73,485.54,ultralytics,0.707,1
414,6.9066,395.72,480.63,395.78,480.66,4.69,,,0.748,391.0,475.98,400.55,485.35,ultralytics,0.748,1
415,6.9232,395.49,480.43,395.37,480.4,4.81,,,0.758,390.46,475.6,400.28,485.21,ultralytics,0.758,1
416,6.9399,395.36,480.25,395.38,480.26,4.73,,,0.785,390.5,475.53,400.27,485.0,ultralytics,0.785,1
417,6.9566,395.23,480.08,395.26,480.07,4.64,,,0.782,390.36,475.43,400.16,484.72,ultralytics,0.782,2
418,6.9733,395.01,479.84,395.14,479.98,4.7,,,0.795,390.3,475.28,399.98,484.69,ultralytics,0.795,1
419,6.99,394.7,479.54,394.58,479.41,4.57,,,0.758,389.68,474.84,399.49,483.99,ultralytics,0.758,1
420,7.0067,394.4,479.32,394.49,479.28,4.53,,,0.77,389.6,474.75,399.38,483.82,ultralytics,0.77,1
421,7.0233,394.09,479.13,394.01,479.24,4.59,,,0.78,389.18,474.65,398.85,483.83,ultralytics,0.78,1
422,7.04,393.79,478.93,393.87,478.83,4.55,,,0.749,389.05,474.28,398.69,483.38,ultralytics,0.749,1
423,7.0567,393.45,478.73,393.47,478.77,4.56,,,0.77,388.58,474.21,398.35,483.33,ultralytics,0.77,1
424,7.0734,393.11,478.5,392.98,478.59,4.64,,,0.75,388.01,473.96,397.94,483.23,ultralytics,0.75,1
425,7.0901,392.83,478.17,392.91,478.14,4.62,,,0.755,387.96,473.52,397.85,482.75,ultralytics,0.755,1
426,7.1068,392.55,477.81,392.57,477.82,4.41,,,0.693,387.69,473.41,397.46,482.24,ultralytics,0.693,1
427,7.1234,392.3,477.42,392.16,477.48,4.59,,,0.704,387.24,472.9,397.07,482.07,ultralytics,0.704,2
428,7.1401,392.15,476.99,392.17,476.94,4.32,,,0.684,387.28,472.62,397.07,481.26,ultralytics,0.684,1
429,7.1568,392.03,476.58,392.09,476.56,4.11,,,0.655,387.27,472.45,396.92,480.66,ultralytics,0.655,1
430,7.1735,391.86,476.21,391.79,476.24,4.06,,,0.687,387.0,472.18,396.58,480.3,ultralytics,0.687,1
431,7.1902,391.59,475.89,391.85,475.74,4.2,,,0.731,387.07,471.53,396.64,479.94,ultralytics,0.731,1
432,7.2068,,,,,,,,0.0,,,,,ultralytics,0.0,0
433,7.2235,,,,,,,,0.0,,,,,ultralytics,0.0,0
434,7.2402,391.2,475.66,391.0,475.74,4.32,,,0.734,386.17,471.42,395.83,480.06,ultralytics,0.734,1
435,7.2569,390.86,475.5,390.85,475.39,4.6,,,0.76,385.85,470.79,395.85,479.99,ultralytics,0.76,1
436,7.2736,390.57,475.38,390.69,475.42,4.57,,,0.787,385.73,470.85,395.65,479.99,ultralytics,0.787,1
437,7.2903,390.26,475.23,390.14,475.33,4.63,,,0.797,385.26,470.71,395.03,479.96,ultralytics,0.797,1
438,7.3069,390.02,475.04,389.98,474.91,4.55,,,0.782,385.16,470.36,394.8,479.46,ultralytics,0.782,1
439,7.3236,389.85,474.88,389.88,474.97,4.68,,,0.785,385.08,470.29,394.69,479.65,ultralytics,0.785,1
440,7.3403,389.66,474.71,389.71,474.67,4.61,,,0.773,384.91,470.06,394.52,479.27,ultralytics,0.773,1
441,7.357,389.45,474.49,389.35,474.58,4.7,,,0.775,384.58,469.88,394.12,479.28,ultralytics,0.775,1
442,7.3737,389.32,474.26,389.29,474.17,4.7,,,0.765,384.55,469.47,394.03,478.86,ultralytics,0.765,1
443,7.3904,389.24,474.12,389.26,474.04,4.77,,,0.761,384.49,469.26,394.03,478.82,ultralytics,0.761,1
444,7.407,389.13,474.08,389.22,474.1,4.81,,,0.792,384.41,469.17,394.03,479.02,ultralytics,0.792,1
445,7.4237,388.98,473.95,388.88,474.19,4.73,,,0.779,384.15,469.28,393.62,479.1,ultralytics,0.779,1
446,7.4404,388.9,473.69,388.88,473.49,4.79,,,0.792,384.09,468.66,393.67,478.32,ultralytics,0.792,1
447,7.4571,388.87,473.52,388.88,473.49,4.79,,,0.789,384.08,468.66,393.67,478.32,ultralytics,0.789,3
448,7.4738,388.85,473.46,388.83,473.49,4.81,,,0.783,384.01,468.62,393.64,478.35,ultralytics,0.783,2
449,7.4904,388.83,473.4,388.86,473.41,4.79,,,0.788,384.07,468.6,393.65,478.22,ultralytics,0.788,3
450,7.5071,388.75,473.32,388.79,473.28,4.74,,,0.786,384.05,468.48,393.53,478.08,ultralytics,0.786,1
451,7.5238,388.61,473.28,388.66,473.29,4.8,,,0.773,383.86,468.46,393.47,478.13,ultralytics,0.773,1
452,7.5405,388.42,473.25,388.36,473.25,4.7,,,0.787,383.66,468.45,393.06,478.05,ultralytics,0.787,1
453,7.5572,388.28,473.21,388.27,473.24,4.79,,,0.79,383.48,468.36,393.06,478.12,ultralytics,0.79,1
454,7.5739,388.19,473.16,388.16,473.14,4.82,,,0.784,383.35,468.28,392.98,477.99,ultralytics,0.784,1
455,7.5905,388.13,473.09,388.17,473.1,4.85,,,0.783,383.32,468.15,393.02,478.04,ultralytics,0.783,1
456,7.6072,388.06,473.01,388.01,473.05,4.93,,,0.768,383.08,467.97,392.94,478.14,ultralytics,0.768,1
457,7.6239,388.02,472.9,388.02,472.86,4.94,,,0.763,383.09,467.88,392.96,477.84,ultralytics,0.763,1
458,7.6406,388.0,472.82,388.0,472.82,4.92,,,0.762,383.07,467.77,392.92,477.87,ultralytics,0.762,1
459,7.6573,387.97,472.74,387.98,472.77,4.9,,,0.758,383.07,467.75,392.88,477.79,ultralytics,0.758,1
460,7.674,387.93,472.63,387.93,472.65,4.86,,,0.761,383.01,467.79,392.85,477.51,ultralytics,0.761,1
461,7.6906,387.85,472.53,387.9,472.48,4.77,,,0.753,382.99,467.71,392.81,477.26,ultralytics,0.753,1
462,7.7073,387.75,472.49,387.69,472.41,4.7,,,0.765,382.93,467.71,392.44,477.1,ultralytics,0.765,2
463,7.724,387.69,472.53,387.67,472.6,4.68,,,0.754,382.94,467.92,392.4,477.27,ultralytics,0.754,1
464,7.7407,387.68,472.58,387.67,472.54,4.71,,,0.69,382.96,467.82,392.39,477.26,ultralytics,0.69,1
465,7.7574,387.76,472.61,387.65,472.61,4.58,,,0.656,383.05,468.03,392.25,477.19,ultralytics,0.656,1
466,7.7741,,,,,,,,0.0,,,,,ultralytics,0.0,0
467,7.7907,,,,,,,,0.0,,,,,ultralytics,0.0,0
468,7.8074,,,,,,,,0.0,,,,,ultralytics,0.0,0
469,7.8241,,,,,,,,0.0,,,,,ultralytics,0.0,0
470,7.8408,387.91,472.56,387.98,472.76,4.59,,,0.599,383.38,467.87,392.57,477.65,ultralytics,0.599,1
471,7.8575,388.08,472.41,388.02,472.24,4.63,,,0.747,383.17,467.62,392.86,476.87,ultralytics,0.747,1
472,7.8741,388.28,472.29,388.27,472.31,4.6,,,0.699,383.63,467.71,392.92,476.91,ultralytics,0.699,1
473,7.8908,388.48,472.22,388.56,472.26,4.65,,,0.717,383.92,467.53,393.21,477.0,ultralytics,0.717,1
474,7.9075,388.6,472.14,388.61,472.09,4.6,,,0.718,384.01,467.49,393.21,476.69,ultralytics,0.718,1
475,7.9242,388.67,472.06,388.66,472.08,4.58,,,0.744,384.04,467.51,393.27,476.66,ultralytics,0.744,1
476,7.9409,388.79,471.99,388.71,472.0,4.47,,,0.71,384.08,467.52,393.33,476.47,ultralytics,0.71,1
477,7.9576,388.94,471.93,389.01,471.91,4.47,,,0.732,384.32,467.44,393.71,476.38,ultralytics,0.732,1
478,7.9742,389.08,471.89,389.08,471.85,4.59,,,0.707,384.38,467.26,393.77,476.43,ultralytics,0.707,1
479,7.9909,389.22,471.91,389.17,471.89,4.58,,,0.718,384.47,467.31,393.86,476.47,ultralytics,0.718,1
480,8.0076,389.45,471.94,389.35,472.0,4.62,,,0.675,384.61,467.37,394.1,476.62,ultralytics,0.675,1
481,8.0243,389.82,471.93,389.81,471.9,4.58,,,0.676,384.91,467.33,394.72,476.48,ultralytics,0.676,1
482,8.041,390.28,471.92,390.26,471.93,4.63,,,0.626,385.19,467.3,395.32,476.56,ultralytics,0.626,2
483,8.0577,390.77,471.95,390.76,471.87,4.66,,,0.612,385.63,467.2,395.88,476.53,ultralytics,0.612,1
484,8.0743,391.25,472.07,391.29,472.08,4.53,,,0.584,386.34,467.55,396.23,476.6,ultralytics,0.584,1
485,8.091,391.73,472.31,391.69,472.1,4.47,,,0.589,386.8,467.63,396.58,476.57,ultralytics,0.589,2
486,8.1077,392.21,472.64,392.21,472.87,4.7,,,0.684,387.36,468.17,397.05,477.57,ultralytics,0.684,1
487,8.1244,392.63,472.85,392.79,472.85,4.76,,,0.652,387.94,468.1,397.63,477.61,ultralytics,0.652,1
488,8.1411,392.97,473.02,392.86,472.91,4.51,,,0.662,388.03,468.4,397.68,477.42,ultralytics,0.662,2
489,8.1577,393.32,473.21,393.33,473.33,4.66,,,0.706,388.48,468.67,398.18,477.99,ultralytics,0.706,1
490,8.1744,393.7,473.41,393.7,473.3,4.53,,,0.704,388.9,468.77,398.49,477.83,ultralytics,0.704,1
491,8.1911,394.01,473.6,394.12,473.71,4.75,,,0.705,389.32,468.96,398.93,478.46,ultralytics,0.705,2
492,8.2078,394.19,473.71,394.23,473.75,4.75,,,0.764,389.33,469.0,399.14,478.5,ultralytics,0.764,3
493,8.2245,394.33,473.77,394.23,473.72,4.75,,,0.761,389.34,468.97,399.13,478.47,ultralytics,0.761,1
494,8.2412,394.49,473.86,394.57,473.82,4.66,,,0.748,389.66,469.15,399.47,478.48,ultralytics,0.748,2
495,8.2578,394.62,473.97,394.61,474.04,4.63,,,0.737,389.7,469.42,399.53,478.67,ultralytics,0.737,1
496,8.2745,394.74,474.06,394.73,474.01,4.65,,,0.739,389.71,469.36,399.74,478.66,ultralytics,0.739,2
497,8.2912,394.91,474.16,394.82,474.14,4.61,,,0.732,389.83,469.53,399.8,478.76,ultralytics,0.732,2
498,8.3079,395.14,474.25,395.18,474.34,4.66,,,0.75,390.26,469.68,400.1,479.01,ultralytics,0.75,2
499,8.3246,395.39,474.26,395.4,474.27,4.66,,,0.757,390.56,469.6,400.25,478.93,ultralytics,0.757,2
500,8.3413,395.64,474.2,395.57,474.21,4.58,,,0.751,390.78,469.63,400.35,478.79,ultralytics,0.751,2
501,8.3579,395.95,474.11,395.98,474.13,4.69,,,0.744,391.15,469.44,400.81,478.82,ultralytics,0.744,1
502,8.3746,396.26,474.02,396.24,473.99,4.71,,,0.746,391.42,469.29,401.07,478.7,ultralytics,0.746,2
503,8.3913,396.55,473.93,396.6,473.95,4.72,,,0.768,391.88,469.15,401.31,478.75,ultralytics,0.768,1
504,8.408,396.8,473.85,396.79,473.82,4.69,,,0.777,392.09,469.13,401.5,478.51,ultralytics,0.777,1
505,8.4247,396.99,473.78,397.08,473.78,4.62,,,0.778,392.1,469.16,402.05,478.4,ultralytics,0.778,1
506,8.4414,397.09,473.72,397.1,473.75,4.7,,,0.783,392.17,469.05,402.02,478.45,ultralytics,0.783,1
507,8.458,397.17,473.66,397.12,473.58,4.51,,,0.774,392.2,469.07,402.05,478.09,ultralytics,0.774,1
508,8.4747,397.26,473.65,397.3,473.69,4.51,,,0.795,392.42,469.18,402.17,478.2,ultralytics,0.795,1
509,8.4914,397.33,473.62,397.34,473.66,4.56,,,0.793,392.45,469.11,402.23,478.22,ultralytics,0.793,1
510,8.5081,397.4,473.55,397.37,473.53,4.45,,,0.787,392.53,469.07,402.21,477.98,ultralytics,0.787,1
511,8.5248,397.48,473.46,397.47,473.47,4.43,,,0.786,392.64,469.04,402.3,477.91,ultralytics,0.786,1
512,8.5414,397.56,473.4,397.6,473.36,4.37,,,0.779,392.8,468.99,402.39,477.72,ultralytics,0.779,1
513,8.5581,397.61,473.37,397.63,473.41,4.51,,,0.783,392.77,468.89,402.5,477.92,ultralytics,0.783,1
514,8.5748,397.63,473.32,397.6,473.29,4.51,,,0.76,392.65,468.78,402.56,477.81,ultralytics,0.76,1
515,8.5915,397.67,473.25,397.64,473.33,4.62,,,0.76,392.7,468.71,402.58,477.96,ultralytics,0.76,1
516,8.6082,397.72,473.14,397.77,473.07,4.55,,,0.722,392.84,468.52,402.7,477.62,ultralytics,0.722,1
517,8.6249,397.74,473.05,397.76,473.06,4.58,,,0.711,392.84,468.48,402.67,477.64,ultralytics,0.711,1
518,8.6415,397.71,473.0,397.73,472.99,4.59,,,0.724,392.84,468.4,402.63,477.57,ultralytics,0.724,1
519,8.6582,397.66,472.95,397.66,472.95,4.59,,,0.729,392.79,468.35,402.52,477.54,ultralytics,0.729,1
520,8.6749,397.61,472.88,397.59,472.92,4.65,,,0.751,392.71,468.28,402.47,477.57,ultralytics,0.751,1
521,8.6916,397.57,472.76,397.57,472.8,4.66,,,0.741,392.73,468.14,402.41,477.46,ultralytics,0.741,1
522,8.7083,397.52,472.57,397.53,472.59,4.74,,,0.757,392.67,467.85,402.38,477.32,ultralytics,0.757,1
523,8.725,397.46,472.35,397.49,472.35,4.61,,,0.755,392.6,467.74,402.37,476.96,ultralytics,0.755,1
524,8.7416,397.36,472.18,397.35,472.08,4.52,,,0.764,392.36,467.56,402.34,476.59,ultralytics,0.764,1
525,8.7583,397.16,472.12,397.33,472.1,4.61,,,0.743,392.48,467.49,402.18,476.71,ultralytics,0.743,1
526,8.775,396.88,472.14,396.75,472.17,4.67,,,0.73,391.97,467.51,401.53,476.84,ultralytics,0.73,1
527,8.7917,396.62,472.18,396.62,472.08,4.66,,,0.717,391.9,467.42,401.34,476.74,ultralytics,0.717,1
528,8.8084,396.39,472.25,396.44,472.34,4.79,,,0.717,391.64,467.33,401.23,477.35,ultralytics,0.717,2
529,8.8251,396.16,472.28,396.08,472.27,4.7,,,0.696,391.38,467.28,400.78,477.25,ultralytics,0.696,2
530,8.8417,396.02,472.3,395.97,472.29,4.79,,,0.67,391.18,467.37,400.76,477.2,ultralytics,0.67,2
531,8.8584,395.99,472.34,395.95,472.33,4.81,,,0.683,391.14,467.38,400.75,477.28,ultralytics,0.683,2
532,8.8751,396.03,472.36,396.04,472.42,4.84,,,0.712,391.21,467.43,400.88,477.41,ultralytics,0.712,2
533,8.8918,396.08,472.38,396.07,472.33,4.87,,,0.715,391.2,467.26,400.95,477.39,ultralytics,0.715,2
534,8.9085,396.12,472.51,396.14,472.32,4.89,,,0.716,391.25,467.3,401.03,477.34,ultralytics,0.716,2
535,8.9251,396.08,472.73,396.18,472.97,4.85,,,0.767,391.33,467.73,401.03,478.2,ultralytics,0.767,2
536,8.9418,395.84,472.94,396.0,472.73,4.95,,,0.769,391.05,467.74,400.95,477.72,ultralytics,0.769,2
537,8.9585,395.42,473.27,395.35,473.22,4.91,,,0.779,390.44,468.19,400.26,478.25,ultralytics,0.779,2
538,8.9752,394.97,473.64,395.0,473.81,4.77,,,0.771,390.23,468.66,399.77,478.95,ultralytics,0.771,2
539,8.9919,394.61,473.89,394.44,473.88,4.81,,,0.778,389.63,468.99,399.24,478.76,ultralytics,0.778,2
540,9.0086,394.42,474.08,394.41,474.05,4.82,,,0.757,389.5,469.24,399.31,478.87,ultralytics,0.757,2
541,9.0252,394.28,474.31,394.33,474.28,4.9,,,0.752,389.4,469.38,399.26,479.18,ultralytics,0.752,2
542,9.0419,394.12,474.5,394.14,474.65,4.62,,,0.76,389.27,470.03,399.01,479.26,ultralytics,0.76,2
543,9.0586,393.96,474.58,393.87,474.54,4.66,,,0.708,389.11,469.88,398.63,479.2,ultralytics,0.708,2
544,9.0753,393.89,474.6,393.87,474.64,4.6,,,0.725,389.07,470.05,398.66,479.24,ultralytics,0.725,2
545,9.092,393.88,474.61,393.89,474.58,4.54,,,0.742,389.08,470.04,398.69,479.11,ultralytics,0.742,1
546,9.1087,393.87,474.65,393.88,474.6,4.52,,,0.75,389.08,470.08,398.67,479.11,ultralytics,0.75,1
547,9.1253,393.83,474.7,393.85,474.82,4.75,,,0.743,389.08,470.07,398.63,479.56,ultralytics,0.743,1
548,9.142,393.78,474.69,393.77,474.64,4.58,,,0.751,388.95,470.05,398.59,479.22,ultralytics,0.751,1
549,9.1587,393.73,474.64,393.73,474.67,4.67,,,0.739,388.9,470.0,398.56,479.34,ultralytics,0.739,1
550,9.1754,393.68,474.51,393.67,474.68,4.68,,,0.722,388.86,470.0,398.47,479.36,ultralytics,0.722,1
551,9.1921,393.55,474.36,393.71,474.06,4.57,,,0.742,388.99,469.49,398.43,478.63,ultralytics,0.742,1
552,9.2087,393.21,474.37,393.39,474.39,4.7,,,0.697,388.7,469.6,398.09,479.18,ultralytics,0.697,1
553,9.2254,,,,,,,,0.0,,,,,ultralytics,0.0,0
554,9.2421,,,,,,,,0.0,,,,,ultralytics,0.0,0
555,9.2588,,,,,,,,0.0,,,,,ultralytics,0.0,0
556,9.2755,,,,,,,,0.0,,,,,ultralytics,0.0,0
557,9.2922,,,,,,,,0.0,,,,,ultralytics,0.0,0
558,9.3088,392.87,474.36,392.38,474.63,4.57,,,0.563,386.97,470.06,397.8,479.2,ultralytics,0.563,1
559,9.3255,392.87,474.15,392.95,474.07,4.8,,,0.244,388.15,469.1,397.75,479.05,ultralytics,0.244,2
560,9.3422,392.99,473.89,393.05,473.86,4.65,,,0.586,388.24,469.21,397.85,478.51,ultralytics,0.586,1
561,9.3589,393.02,473.74,393.06,473.65,4.45,,,0.679,388.24,469.21,397.89,478.1,ultralytics,0.679,1
562,9.3756,392.96,473.68,392.97,473.71,4.59,,,0.716,388.08,469.13,397.86,478.3,ultralytics,0.716,1
563,9.3923,392.87,473.66,392.88,473.66,4.6,,,0.667,388.0,469.06,397.76,478.26,ultralytics,0.667,1
564,9.4089,392.77,473.67,392.73,473.57,4.68,,,0.743,387.82,468.89,397.65,478.26,ultralytics,0.743,1
565,9.4256,392.68,473.69,392.71,473.82,4.91,,,0.726,387.79,468.91,397.64,478.73,ultralytics,0.726,1
566,9.4423,392.58,473.6,392.6,473.67,4.84,,,0.763,387.76,468.79,397.44,478.54,ultralytics,0.763,1
567,9.459,392.43,473.4,392.44,473.38,4.77,,,0.745,387.67,468.53,397.22,478.23,ultralytics,0.745,1
568,9.4757,392.22,473.19,392.29,473.14,4.65,,,0.731,387.51,468.49,397.06,477.79,ultralytics,0.731,2
569,9.4924,391.97,473.06,391.9,473.01,4.63,,,0.718,387.02,468.38,396.77,477.63,ultralytics,0.718,1
570,9.509,391.75,472.99,391.79,472.98,4.65,,,0.684,387.0,468.33,396.58,477.64,ultralytics,0.684,1
571,9.5257,391.55,472.86,391.46,473.05,4.66,,,0.652,386.7,468.38,396.22,477.71,ultralytics,0.652,2
572,9.5424,391.39,472.62,391.47,472.52,4.74,,,0.548,386.64,467.78,396.29,477.26,ultralytics,0.548,1
573,9.5591,391.21,472.38,391.21,472.33,4.58,,,0.452,386.36,467.75,396.06,476.91,ultralytics,0.452,1
574,9.5758,391.01,472.2,390.96,472.3,4.55,,,0.609,386.09,467.75,395.84,476.85,ultralytics,0.609,1
575,9.5924,390.85,472.04,390.87,471.9,4.54,,,0.581,385.94,467.37,395.79,476.44,ultralytics,0.581,1
576,9.6091,390.73,471.93,390.66,471.98,4.66,,,0.663,385.76,467.32,395.57,476.64,ultralytics,0.663,1
577,9.6258,390.69,471.8,390.67,471.89,4.69,,,0.655,385.79,467.2,395.55,476.57,ultralytics,0.655,1
578,9.6425,390.67,471.61,390.7,471.52,4.71,,,0.666,385.86,466.82,395.53,476.23,ultralytics,0.666,1
579,9.6592,390.6,471.35,390.66,471.55,4.8,,,0.678,385.85,466.76,395.47,476.35,ultralytics,0.678,1
580,9.6759,390.45,471.04,390.42,470.84,4.71,,,0.501,385.57,466.13,395.27,475.54,ultralytics,0.501,1
581,9.6925,390.25,470.8,390.36,470.83,4.77,,,0.676,385.47,466.07,395.25,475.6,ultralytics,0.676,1
582,9.7092,389.96,470.63,389.96,470.63,4.9,,,0.677,385.02,465.73,394.89,475.54,ultralytics,0.677,1
583,9.7259,389.53,470.42,389.58,470.39,4.55,,,0.672,384.51,465.85,394.65,474.94,ultralytics,0.672,1
584,9.7426,388.78,469.93,389.35,470.64,4.56,,,0.537,384.39,466.08,394.32,475.21,ultralytics,0.537,1
585,9.7593,,,,,,,,0.0,,,,,ultralytics,0.0,0
586,9.776,,,,,,,,0.0,,,,,ultralytics,0.0,0
587,9.7926,,,,,,,,0.0,,,,,ultralytics,0.0,0
588,9.8093,,,,,,,,0.0,,,,,ultralytics,0.0,0
589,9.826,,,,,,,,0.0,,,,,ultralytics,0.0,0
590,9.8427,,,,,,,,0.0,,,,,ultralytics,0.0,0
591,9.8594,,,,,,,,0.0,,,,,ultralytics,0.0,0
592,9.876,387.81,469.16,387.15,468.37,4.24,,,0.683,382.24,464.13,392.07,472.61,ultralytics,0.683,1
593,9.8927,387.17,468.74,387.18,468.87,4.62,,,0.737,382.24,464.25,392.12,473.5,ultralytics,0.737,1
594,9.9094,386.82,468.59,386.86,468.52,4.27,,,0.745,382.08,464.25,391.65,472.8,ultralytics,0.745,1
595,9.9261,386.51,468.51,386.46,468.5,4.35,,,0.751,381.52,464.15,391.4,472.86,ultralytics,0.751,1
596,9.9428,386.14,468.45,386.27,468.44,4.39,,,0.732,381.39,464.05,391.15,472.83,ultralytics,0.732,1
597,9.9595,385.69,468.41,385.66,468.41,4.42,,,0.729,380.62,463.99,390.69,472.82,ultralytics,0.729,1
598,9.9761,385.26,468.37,385.15,468.38,4.4,,,0.769,380.22,463.98,390.08,472.78,ultralytics,0.769,1
599,9.9928,384.94,468.33,384.97,468.33,4.4,,,0.721,380.2,463.94,389.74,472.73,ultralytics,0.721,1
600,10.0095,384.69,468.27,384.63,468.27,4.25,,,0.609,379.8,464.02,389.46,472.53,ultralytics,0.609,1
601,10.0262,384.49,468.22,384.46,468.23,4.36,,,0.633,379.55,463.87,389.36,472.58,ultralytics,0.633,1
602,10.0429,384.37,468.17,384.36,468.14,4.39,,,0.593,379.45,463.75,389.28,472.53,ultralytics,0.593,1
603,10.0596,384.27,468.12,384.27,468.14,4.4,,,0.599,379.37,463.74,389.16,472.53,ultralytics,0.599,1
604,10.0762,384.19,468.05,384.15,468.08,4.41,,,0.601,379.33,463.67,388.97,472.49,ultralytics,0.601,1
605,10.0929,384.16,467.95,384.17,467.94,4.43,,,0.541,379.36,463.52,388.97,472.37,ultralytics,0.541,1
606,10.1096,384.16,467.81,384.13,467.85,4.49,,,0.598,379.28,463.36,388.97,472.34,ultralytics,0.598,1
607,10.1263,384.19,467.65,384.18,467.62,4.45,,,0.576,379.32,463.16,389.04,472.07,ultralytics,0.576,1
608,10.143,384.25,467.5,384.27,467.48,4.45,,,0.6,379.43,463.02,389.1,471.93,ultralytics,0.6,1
609,10.1597,384.29,467.4,384.28,467.39,4.39,,,0.61,379.47,463.0,389.1,471.78,ultralytics,0.61,1
610,10.1763,384.33,467.33,384.31,467.31,4.36,,,0.626,379.53,462.95,389.09,471.67,ultralytics,0.626,2
611,10.193,384.38,467.26,384.41,467.31,4.42,,,0.661,379.59,462.9,389.23,471.73,ultralytics,0.661,1
612,10.2097,384.43,467.18,384.41,467.12,4.44,,,0.581,379.58,462.68,389.25,471.56,ultralytics,0.581,1
613,10.2264,384.47,467.11,384.5,467.15,4.49,,,0.582,379.63,462.65,389.37,471.64,ultralytics,0.582,1
614,10.2431,384.49,466.99,384.5,467.09,4.52,,,0.666,379.68,462.57,389.31,471.61,ultralytics,0.666,1
615,10.2597,384.52,466.81,384.47,466.71,4.41,,,0.58,379.71,462.3,389.23,471.12,ultralytics,0.58,1
616,10.2764,384.59,466.67,384.58,466.67,4.32,,,0.633,379.88,462.35,389.27,470.99,ultralytics,0.633,1
617,10.2931,384.71,466.54,384.68,466.58,4.46,,,0.65,379.98,462.12,389.39,471.04,ultralytics,0.65,1
618,10.3098,384.85,466.33,384.89,466.46,4.6,,,0.67,380.15,461.86,389.63,471.07,ultralytics,0.67,2
619,10.3265,384.99,466.03,384.98,465.91,4.65,,,0.597,380.16,461.26,389.8,470.55,ultralytics,0.597,1
620,10.3432,385.13,465.72,385.09,465.85,4.84,,,0.649,380.13,461.0,390.05,470.69,ultralytics,0.649,1
621,10.3598,385.34,465.39,385.32,465.29,4.44,,,0.611,380.41,460.86,390.24,469.73,ultralytics,0.611,1
622,10.3765,385.6,465.09,385.57,465.15,4.45,,,0.674,380.7,460.7,390.44,469.6,ultralytics,0.674,1
623,10.3932,385.88,464.87,385.91,464.69,4.42,,,0.701,380.91,460.28,390.91,469.11,ultralytics,0.701,1
624,10.4099,386.13,464.78,386.17,464.8,4.64,,,0.753,381.19,460.16,391.14,469.44,ultralytics,0.753,1
625,10.4266,386.35,464.7,386.28,464.81,4.76,,,0.707,381.29,460.05,391.27,469.57,ultralytics,0.707,1
626,10.4433,386.58,464.56,386.65,464.45,4.48,,,0.748,381.97,459.98,391.33,468.93,ultralytics,0.748,1
627,10.4599,386.81,464.47,386.76,464.48,4.6,,,0.755,382.0,459.88,391.52,469.08,ultralytics,0.755,1
628,10.4766,387.03,464.41,387.06,464.42,4.65,,,0.732,382.27,459.76,391.85,469.07,ultralytics,0.732,1
629,10.4933,387.27,464.33,387.23,464.35,4.61,,,0.743,382.33,459.74,392.13,468.96,ultralytics,0.743,1
630,10.51,387.51,464.2,387.53,464.23,4.58,,,0.724,382.73,459.65,392.33,468.81,ultralytics,0.724,1
631,10.5267,387.74,464.03,387.77,464.01,4.52,,,0.714,382.89,459.5,392.66,468.53,ultralytics,0.714,1
632,10.5433,387.95,463.88,387.91,463.88,4.52,,,0.713,383.18,459.36,392.64,468.4,ultralytics,0.713,1
633,10.56,388.18,463.75,388.17,463.7,4.51,,,0.743,383.22,459.19,393.13,468.21,ultralytics,0.743,1
634,10.5767,388.47,463.66,388.41,463.68,4.49,,,0.744,383.71,459.18,393.11,468.17,ultralytics,0.744,1
635,10.5934,388.78,463.57,388.84,463.57,4.42,,,0.708,384.18,459.15,393.5,467.99,ultralytics,0.708,1
636,10.6101,389.06,463.5,389.09,463.47,4.37,,,0.729,384.28,459.1,393.9,467.84,ultralytics,0.729,1
637,10.6268,389.28,463.46,389.26,463.45,4.38,,,0.77,384.47,459.07,394.05,467.82,ultralytics,0.77,1
638,10.6434,389.49,463.44,389.5,463.46,4.34,,,0.72,384.7,459.11,394.31,467.8,ultralytics,0.72,1
639,10.6601,389.69,463.42,389.69,463.42,4.31,,,0.709,384.92,459.11,394.47,467.73,ultralytics,0.709,1
640,10.6768,389.9,463.41,389.87,463.39,4.33,,,0.701,385.06,459.07,394.69,467.72,ultralytics,0.701,1
641,10.6935,390.1,463.42,390.16,463.43,4.35,,,0.634,385.26,459.09,395.06,467.78,ultralytics,0.634,1
642,10.7102,390.29,463.44,390.24,463.43,4.31,,,0.604,385.37,459.12,395.11,467.73,ultralytics,0.604,1
643,10.7269,390.5,463.48,390.49,463.46,4.3,,,0.598,385.68,459.16,395.31,467.76,ultralytics,0.598,1
644,10.7435,390.79,463.55,390.71,463.54,4.27,,,0.511,385.91,459.27,395.52,467.81,ultralytics,0.511,1
645,10.7602,391.15,463.64,391.16,463.64,4.37,,,0.566,386.43,459.27,395.89,468.0,ultralytics,0.566,1
646,10.7769,391.51,463.74,391.58,463.76,4.45,,,0.589,386.92,459.31,396.24,468.21,ultralytics,0.589,1
647,10.7936,391.82,463.87,391.79,463.78,4.36,,,0.592,387.1,459.42,396.49,468.14,ultralytics,0.592,1
648,10.8103,392.12,464.02,392.13,464.12,4.66,,,0.722,387.23,459.46,397.03,468.78,ultralytics,0.722,1
649,10.827,392.41,464.12,392.42,464.15,4.64,,,0.705,387.38,459.51,397.46,468.79,ultralytics,0.705,1
650,10.8436,392.7,464.15,392.67,464.11,4.51,,,0.673,387.67,459.6,397.67,468.62,ultralytics,0.673,1
651,10.8603,392.99,464.18,393.02,464.23,4.58,,,0.671,387.99,459.65,398.05,468.81,ultralytics,0.671,1
652,10.877,393.24,464.22,393.31,464.16,4.49,,,0.637,388.49,459.68,398.12,468.65,ultralytics,0.637,1
653,10.8937,393.5,464.32,393.34,464.25,4.57,,,0.687,388.45,459.68,398.23,468.82,ultralytics,0.687,1
654,10.9104,393.84,464.48,393.88,464.56,4.3,,,0.693,389.05,460.26,398.71,468.86,ultralytics,0.693,1
655,10.927,394.21,464.66,394.26,464.57,4.36,,,0.713,389.42,460.2,399.1,468.93,ultralytics,0.713,1
656,10.9437,394.57,464.88,394.46,464.88,4.5,,,0.718,389.57,460.38,399.36,469.38,ultralytics,0.718,1
657,10.9604,394.95,465.11,395.08,465.18,4.73,,,0.778,390.18,460.45,399.99,469.9,ultralytics,0.778,1
658,10.9771,395.27,465.3,395.21,465.23,4.75,,,0.717,390.39,460.48,400.04,469.97,ultralytics,0.717,1
659,10.9938,395.6,465.48,395.63,465.55,4.75,,,0.67,390.79,460.8,400.47,470.31,ultralytics,0.67,1
660,11.0105,395.98,465.63,395.83,465.64,4.67,,,0.653,391.16,460.84,400.5,470.44,ultralytics,0.653,1
661,11.0271,414.67,465.24,396.57,465.68,4.58,,,0.708,391.87,461.09,401.26,470.26,ultralytics,0.708,1
662,11.0438,478.55,463.59,396.84,466.06,4.49,,,0.697,391.94,461.57,401.75,470.55,ultralytics,0.697,1
663,11.0605,,,,,,,,0.0,,,,,ultralytics,0.0,0
664,11.0772,,,,,,,,0.0,,,,,ultralytics,0.0,0
665,11.0939,531.97,462.47,731.73,456.12,11.69,,,0.899,720.04,442.42,743.42,469.82,ultralytics,0.899,2
666,11.1106,,,,,,,,0.0,,,,,ultralytics,0.0,1
667,11.1272,479.47,464.74,397.8,467.4,4.66,,,0.722,392.96,462.75,402.65,472.06,ultralytics,0.722,1
668,11.1439,416.51,467.21,398.27,467.93,4.83,,,0.651,393.45,463.09,403.1,472.76,ultralytics,0.651,1
669,11.1606,398.72,468.08,398.84,468.08,4.71,,,0.726,394.02,463.37,403.67,472.79,ultralytics,0.726,1
670,11.1773,399.06,468.3,399.02,468.25,4.47,,,0.677,394.13,463.78,403.9,472.72,ultralytics,0.677,1
671,11.194,399.4,468.46,399.38,468.67,4.76,,,0.655,394.47,463.91,404.29,473.42,ultralytics,0.655,1
672,11.2107,399.77,468.57,399.76,468.34,4.28,,,0.703,394.74,464.06,404.78,472.63,ultralytics,0.703,2
673,11.2273,400.17,468.75,400.15,468.85,4.53,,,0.71,395.07,464.33,405.22,473.38,ultralytics,0.71,3
674,11.244,400.6,468.92,400.57,468.97,4.38,,,0.593,395.48,464.59,405.66,473.35,ultralytics,0.593,1
675,11.2607,401.05,469.08,401.1,468.94,4.41,,,0.652,396.05,464.53,406.15,473.36,ultralytics,0.652,1
676,11.2774,401.5,469.31,401.45,469.39,4.47,,,0.6,396.5,464.93,406.41,473.86,ultralytics,0.6,2
677,11.2941,401.96,469.58,401.96,469.48,4.47,,,0.619,397.05,465.01,406.87,473.96,ultralytics,0.619,1
678,11.3107,402.41,469.87,402.45,469.95,4.54,,,0.529,397.55,465.4,407.36,474.49,ultralytics,0.529,1
679,11.3274,402.83,470.16,402.83,470.11,4.6,,,0.505,398.04,465.51,407.62,474.72,ultralytics,0.505,1
680,11.3441,403.24,470.47,403.23,470.43,4.7,,,0.522,398.34,465.72,408.12,475.13,ultralytics,0.522,1
681,11.3608,403.64,470.83,403.65,470.89,4.71,,,0.566,398.83,466.18,408.48,475.6,ultralytics,0.566,1
682,11.3775,404.03,471.2,404.04,471.09,4.56,,,0.658,399.16,466.53,408.92,475.65,ultralytics,0.658,1
683,11.3942,404.41,471.54,404.43,471.74,4.61,,,0.696,399.54,467.14,409.32,476.35,ultralytics,0.696,1
684,11.4108,404.8,471.72,404.71,471.77,4.46,,,0.683,399.87,467.31,409.55,476.23,ultralytics,0.683,1
685,11.4275,405.24,471.78,405.32,471.77,4.53,,,0.724,400.23,467.24,410.4,476.31,ultralytics,0.724,1
686,11.4442,402.99,473.25,405.63,471.75,4.82,,,0.682,400.48,466.94,410.78,476.57,ultralytics,0.682,1
687,11.4609,391.27,480.14,406.04,472.12,4.34,,,0.64,400.9,467.78,411.17,476.46,ultralytics,0.64,1
688,11.4776,,,,,,,,0.0,,,,,ultralytics,0.0,0
689,11.4943,,,,,,,,0.0,,,,,ultralytics,0.0,0
690,11.5109,,,,,,,,0.0,,,,,ultralytics,0.0,0
691,11.5276,370.91,493.51,357.64,497.49,8.46,,,0.128,347.89,489.03,367.39,505.96,ultralytics,0.128,1
692,11.5443,360.01,504.06,354.49,507.55,9.12,,,0.064,343.85,498.43,365.12,516.66,ultralytics,0.064,1
693,11.561,369.25,501.45,350.3,518.72,9.73,,,0.304,339.06,508.98,361.54,528.45,ultralytics,0.304,2
694,11.5777,391.74,486.7,408.94,473.92,4.77,,,0.661,404.16,469.15,413.72,478.68,ultralytics,0.661,1
695,11.5943,405.98,476.52,409.22,473.81,4.46,,,0.708,404.43,469.35,414.0,478.27,ultralytics,0.708,1
696,11.611,409.38,474.41,409.3,474.56,4.63,,,0.777,404.54,469.93,414.07,479.2,ultralytics,0.777,1
697,11.6277,409.62,474.7,409.66,474.79,4.53,,,0.774,404.92,470.27,414.39,479.32,ultralytics,0.774,1
698,11.6444,409.9,474.85,409.84,474.81,4.6,,,0.782,405.11,470.21,414.57,479.42,ultralytics,0.782,1
699,11.6611,410.18,474.95,410.26,475.02,4.68,,,0.791,405.41,470.34,415.1,479.7,ultralytics,0.791,1
700,11.6778,410.48,475.01,410.37,475.0,4.67,,,0.769,405.54,470.33,415.2,479.67,ultralytics,0.769,1
701,11.6944,410.85,475.07,410.85,475.03,4.69,,,0.756,405.96,470.34,415.74,479.73,ultralytics,0.756,1
702,11.7111,411.19,475.18,411.31,475.16,4.73,,,0.708,406.33,470.42,416.29,479.89,ultralytics,0.708,1
703,11.7278,411.41,475.33,411.45,475.35,4.75,,,0.682,406.51,470.6,416.38,480.1,ultralytics,0.682,1
704,11.7445,411.56,475.5,411.49,475.47,4.63,,,0.67,406.67,470.85,416.31,480.1,ultralytics,0.67,1
705,11.7612,411.74,475.7,411.78,475.69,4.66,,,0.727,407.04,471.03,416.52,480.35,ultralytics,0.727,1
706,11.7779,411.97,475.88,411.85,475.94,4.5,,,0.692,407.09,471.44,416.61,480.44,ultralytics,0.692,1
707,11.7945,412.25,476.02,412.36,476.03,4.49,,,0.716,407.58,471.54,417.13,480.53,ultralytics,0.716,1
708,11.8112,412.49,476.12,412.51,476.11,4.24,,,0.757,407.87,471.87,417.15,480.35,ultralytics,0.757,1
709,11.8279,412.69,476.24,412.62,476.2,4.12,,,0.722,408.02,472.08,417.22,480.33,ultralytics,0.722,1
710,11.8446,412.93,476.4,412.97,476.39,4.24,,,0.7,408.24,472.14,417.7,480.63,ultralytics,0.7,1
711,11.8613,413.18,476.61,413.15,476.61,4.16,,,0.664,408.47,472.45,417.84,480.77,ultralytics,0.664,1
712,11.878,413.41,476.88,413.47,476.78,4.12,,,0.623,408.86,472.66,418.07,480.9,ultralytics,0.623,1
713,11.8946,413.57,477.24,413.61,477.26,4.32,,,0.603,408.94,472.94,418.28,481.58,ultralytics,0.603,1
714,11.9113,413.71,477.57,413.64,477.69,4.55,,,0.594,408.95,473.14,418.33,482.23,ultralytics,0.594,2
715,11.928,413.89,477.8,413.87,477.78,4.24,,,0.549,409.17,473.54,418.57,482.03,ultralytics,0.549,2
716,11.9447,414.08,478.01,414.18,477.96,4.51,,,0.696,409.4,473.45,418.96,482.47,ultralytics,0.696,1
717,11.9614,414.23,478.24,414.16,478.29,4.51,,,0.721,409.37,473.78,418.95,482.8,ultralytics,0.721,1
718,11.978,414.38,478.45,414.4,478.44,4.54,,,0.714,409.69,473.89,419.11,482.98,ultralytics,0.714,1
719,11.9947,414.57,478.7,414.5,478.63,4.54,,,0.695,409.71,474.09,419.29,483.16,ultralytics,0.695,1
720,12.0114,414.8,479.0,414.83,479.0,4.54,,,0.665,410.1,474.46,419.56,483.54,ultralytics,0.665,1
721,12.0281,415.01,479.27,415.07,479.39,4.71,,,0.745,410.36,474.65,419.78,484.14,ultralytics,0.745,1
722,12.0448,415.15,479.41,415.15,479.47,4.61,,,0.72,410.31,474.87,419.99,484.08,ultralytics,0.72,1
723,12.0615,415.29,479.45,415.25,479.39,4.58,,,0.715,410.38,474.81,420.12,483.98,ultralytics,0.715,1
724,12.0781,415.48,479.54,415.46,479.48,4.52,,,0.697,410.81,474.96,420.11,484.01,ultralytics,0.697,1
725,12.0948,415.7,479.7,415.72,479.76,4.67,,,0.739,410.87,475.09,420.57,484.43,ultralytics,0.739,1
726,12.1115,415.89,479.82,415.94,479.82,4.67,,,0.712,411.09,475.16,420.79,484.49,ultralytics,0.712,1
727,12.1282,416.02,479.94,416.01,479.93,4.65,,,0.704,411.15,475.28,420.86,484.58,ultralytics,0.704,1
728,12.1449,416.16,480.1,416.12,480.02,4.71,,,0.726,411.31,475.31,420.93,484.73,ultralytics,0.726,1
729,12.1616,416.31,480.3,416.38,480.4,4.75,,,0.707,411.63,475.63,421.13,485.16,ultralytics,0.707,1
730,12.1782,416.42,480.45,416.39,480.43,4.71,,,0.696,411.68,475.71,421.11,485.14,ultralytics,0.696,1
731,12.1949,416.52,480.58,416.54,480.54,4.68,,,0.684,411.74,475.85,421.34,485.22,ultralytics,0.684,1
732,12.2116,416.61,480.74,416.62,480.78,4.67,,,0.723,411.86,476.11,421.39,485.44,ultralytics,0.723,1
733,12.2283,416.67,480.9,416.68,480.88,4.61,,,0.723,411.95,476.28,421.41,485.49,ultralytics,0.723,1
734,12.245,416.72,481.03,416.71,481.06,4.52,,,0.687,412.01,476.54,421.41,485.58,ultralytics,0.687,1
735,12.2616,416.78,481.16,416.78,481.15,4.47,,,0.678,411.99,476.68,421.56,485.63,ultralytics,0.678,1
736,12.2783,416.9,481.31,416.8,481.24,4.39,,,0.645,411.97,476.85,421.63,485.64,ultralytics,0.645,1
737,12.295,417.08,481.54,417.15,481.54,4.59,,,0.593,412.27,476.95,422.03,486.13,ultralytics,0.593,1
738,12.3117,417.28,481.8,417.18,481.8,4.53,,,0.658,412.29,477.28,422.08,486.33,ultralytics,0.658,1
739,12.3284,417.48,482.01,417.6,482.1,4.63,,,0.735,412.8,477.47,422.39,486.72,ultralytics,0.735,1
740,12.3451,417.61,482.18,417.59,482.11,4.6,,,0.743,412.8,477.51,422.38,486.71,ultralytics,0.743,1
741,12.3617,417.7,482.34,417.7,482.38,4.63,,,0.736,412.94,477.75,422.46,487.01,ultralytics,0.736,2
742,12.3784,417.76,482.49,417.82,482.51,4.67,,,0.714,413.05,477.84,422.59,487.18,ultralytics,0.714,1
743,12.3951,417.76,482.63,417.76,482.56,4.65,,,0.722,413.03,477.91,422.49,487.21,ultralytics,0.722,1
744,12.4118,417.76,482.81,417.72,482.82,4.74,,,0.763,412.84,478.08,422.59,487.55,ultralytics,0.763,1
745,12.4285,417.8,483.01,417.8,483.03,4.66,,,0.709,412.99,478.37,422.61,487.69,ultralytics,0.709,1
746,12.4452,417.82,483.15,417.9,483.22,4.68,,,0.672,413.04,478.55,422.76,487.9,ultralytics,0.672,1
747,12.4618,417.77,483.23,417.75,483.2,4.49,,,0.709,412.93,478.71,422.56,487.7,ultralytics,0.709,1
748,12.4785,417.72,483.35,417.71,483.27,4.61,,,0.708,412.88,478.67,422.54,487.88,ultralytics,0.708,1
749,12.4952,417.7,483.56,417.66,483.54,4.64,,,0.696,412.94,478.9,422.39,488.18,ultralytics,0.696,1
750,12.5119,417.76,483.79,417.72,483.89,4.59,,,0.693,412.93,479.3,422.52,488.48,ultralytics,0.693,1
751,12.5286,417.9,483.95,417.84,483.91,4.55,,,0.674,413.02,479.36,422.66,488.46,ultralytics,0.674,1
752,12.5453,418.08,484.06,418.13,484.11,4.49,,,0.691,413.33,479.62,422.94,488.6,ultralytics,0.691,1
753,12.5619,418.2,484.11,418.29,484.14,4.4,,,0.729,413.43,479.73,423.14,488.54,ultralytics,0.729,1
754,12.5786,418.26,484.14,418.2,484.09,4.5,,,0.689,413.37,479.59,423.02,488.59,ultralytics,0.689,1
755,12.5953,418.34,484.19,418.3,484.2,4.4,,,0.703,413.56,479.8,423.03,488.61,ultralytics,0.703,1
756,12.612,418.46,484.24,418.51,484.3,4.33,,,0.792,413.83,479.98,423.19,488.63,ultralytics,0.792,1
757,12.6287,418.54,484.23,418.54,484.2,4.38,,,0.787,413.84,479.82,423.25,488.58,ultralytics,0.787,1
758,12.6453,418.58,484.24,418.62,484.22,4.44,,,0.777,413.91,479.78,423.33,488.66,ultralytics,0.777,1
759,12.662,418.58,484.27,418.59,484.27,4.4,,,0.771,413.87,479.86,423.31,488.67,ultralytics,0.771,1
760,12.6787,418.57,484.3,418.54,484.32,4.34,,,0.748,413.89,479.98,423.19,488.66,ultralytics,0.748,1
761,12.6954,418.58,484.33,418.56,484.32,4.33,,,0.698,413.86,479.99,423.27,488.65,ultralytics,0.698,1
762,12.7121,418.62,484.38,418.64,484.36,4.23,,,0.695,413.91,480.13,423.38,488.6,ultralytics,0.695,1
763,12.7288,418.64,484.44,418.66,484.44,4.23,,,0.654,413.97,480.21,423.35,488.66,ultralytics,0.654,1
764,12.7454,418.62,484.52,418.63,484.52,4.21,,,0.611,413.92,480.31,423.34,488.73,ultralytics,0.611,1
765,12.7621,418.56,484.6,418.57,484.6,4.17,,,0.642,413.92,480.44,423.21,488.77,ultralytics,0.642,1
766,12.7788,418.48,484.72,418.48,484.66,4.15,,,0.593,413.79,480.52,423.16,488.81,ultralytics,0.593,1
767,12.7955,418.37,484.9,418.39,484.86,4.24,,,0.618,413.67,480.62,423.11,489.1,ultralytics,0.618,1
768,12.8122,418.24,485.09,418.26,485.19,4.47,,,0.722,413.49,480.72,423.03,489.66,ultralytics,0.722,1
769,12.8289,418.1,485.18,418.05,485.23,4.42,,,0.694,413.38,480.81,422.71,489.65,ultralytics,0.694,1
770,12.8455,418.0,485.18,417.97,485.17,4.46,,,0.693,413.25,480.71,422.69,489.64,ultralytics,0.693,1
771,12.8622,417.95,485.16,417.97,485.14,4.43,,,0.706,413.25,480.72,422.69,489.57,ultralytics,0.706,1
772,12.8789,417.87,485.16,417.93,485.17,4.4,,,0.697,413.19,480.77,422.67,489.57,ultralytics,0.697,1
773,12.8956,417.75,485.16,417.68,485.15,4.35,,,0.664,412.97,480.8,422.39,489.49,ultralytics,0.664,1
774,12.9123,417.66,485.16,417.69,485.15,4.34,,,0.716,412.94,480.81,422.43,489.49,ultralytics,0.716,1
775,12.9289,417.58,485.17,417.54,485.19,4.38,,,0.704,412.86,480.81,422.21,489.57,ultralytics,0.704,1
776,12.9456,417.55,485.18,417.54,485.17,4.39,,,0.698,412.85,480.78,422.24,489.57,ultralytics,0.698,1
777,12.9623,417.53,485.18,417.55,485.17,4.39,,,0.688,412.84,480.78,422.26,489.57,ultralytics,0.688,1
778,12.979,417.44,485.21,417.55,485.21,4.45,,,0.684,412.83,480.76,422.28,489.67,ultralytics,0.684,1
779,12.9957,417.26,485.28,417.22,485.22,4.46,,,0.743,412.32,480.76,422.12,489.68,ultralytics,0.743,1
780,13.0124,417.07,485.36,417.05,485.43,4.49,,,0.762,412.24,480.94,421.85,489.92,ultralytics,0.762,1
781,13.029,416.92,485.4,416.88,485.4,4.5,,,0.75,412.08,480.91,421.68,489.9,ultralytics,0.75,1
782,13.0457,416.82,485.42,416.85,485.42,4.51,,,0.739,412.08,480.92,421.62,489.93,ultralytics,0.739,1
783,13.0624,416.71,485.43,416.7,485.42,4.5,,,0.726,412.01,480.93,421.39,489.92,ultralytics,0.726,1
784,13.0791,416.63,485.44,416.59,485.46,4.54,,,0.716,411.86,480.92,421.32,490.0,ultralytics,0.716,1
785,13.0958,416.55,485.44,416.59,485.46,4.6,,,0.711,411.94,480.86,421.24,490.06,ultralytics,0.711,1
786,13.1125,416.44,485.43,416.48,485.36,4.58,,,0.674,411.74,480.78,421.22,489.94,ultralytics,0.674,1
787,13.1291,416.26,485.46,416.3,485.51,4.63,,,0.689,411.56,480.88,421.05,490.13,ultralytics,0.689,1
788,13.1458,416.03,485.47,415.98,485.5,4.67,,,0.702,411.1,480.82,420.85,490.17,ultralytics,0.702,1
789,13.1625,415.77,485.42,415.85,485.41,4.65,,,0.665,410.97,480.76,420.72,490.06,ultralytics,0.665,1
790,13.1792,415.48,485.35,415.46,485.39,4.55,,,0.648,410.61,480.84,420.31,489.93,ultralytics,0.648,1
791,13.1959,415.17,485.29,415.15,485.22,4.41,,,0.58,410.22,480.82,420.09,489.63,ultralytics,0.58,1
792,13.2126,414.81,485.26,414.95,485.3,4.53,,,0.709,410.11,480.78,419.8,489.83,ultralytics,0.709,1
793,13.2292,414.26,485.22,414.4,485.25,4.44,,,0.72,409.34,480.81,419.46,489.7,ultralytics,0.72,1
794,13.2459,,,,,,,,0.0,,,,,ultralytics,0.0,0
795,13.2626,,,,,,,,0.0,,,,,ultralytics,0.0,0
796,13.2793,413.57,485.16,413.42,485.1,4.43,,,0.71,408.68,480.66,418.17,489.53,ultralytics,0.71,1
797,13.296,412.97,485.15,412.94,485.15,4.34,,,0.536,408.1,480.8,417.79,489.49,ultralytics,0.536,1
798,13.3126,412.48,485.17,412.47,485.18,4.34,,,0.645,407.56,480.84,417.39,489.52,ultralytics,0.645,1
799,13.3293,412.02,485.21,412.05,485.16,4.38,,,0.701,407.19,480.78,416.91,489.53,ultralytics,0.701,1
800,13.346,411.54,485.28,411.55,485.3,4.41,,,0.526,406.66,480.88,416.44,489.71,ultralytics,0.526,1
801,13.3627,411.03,485.35,411.04,485.37,4.46,,,0.653,405.95,480.91,416.13,489.82,ultralytics,0.653,1
802,13.3794,410.5,485.38,410.52,485.4,4.5,,,0.627,405.4,480.9,415.65,489.9,ultralytics,0.627,1
803,13.3961,409.95,485.39,409.96,485.38,4.51,,,0.666,404.92,480.87,415.01,489.9,ultralytics,0.666,1
804,13.4127,409.42,485.39,409.36,485.4,4.38,,,0.568,404.47,481.01,414.25,489.78,ultralytics,0.568,1
805,13.4294,408.97,485.35,408.92,485.39,4.4,,,0.577,404.11,480.99,413.73,489.79,ultralytics,0.577,1
806,13.4461,408.56,485.27,408.6,485.28,4.41,,,0.529,403.86,480.87,413.35,489.69,ultralytics,0.529,1
807,13.4628,408.12,485.19,408.17,485.15,4.42,,,0.564,403.24,480.73,413.09,489.57,ultralytics,0.564,1
808,13.4795,407.64,485.12,407.58,485.13,4.52,,,0.679,402.63,480.61,412.52,489.65,ultralytics,0.679,1
809,13.4962,407.15,485.02,407.2,485.1,4.42,,,0.651,402.29,480.68,412.1,489.52,ultralytics,0.651,3
810,13.5128,406.64,484.88,406.67,484.8,4.32,,,0.541,401.92,480.48,411.42,489.13,ultralytics,0.541,1
811,13.5295,406.11,484.8,406.07,484.73,4.3,,,0.57,401.15,480.43,410.98,489.04,ultralytics,0.57,1
812,13.5462,405.59,484.82,405.61,484.82,4.39,,,0.704,400.69,480.43,410.52,489.21,ultralytics,0.704,1
813,13.5629,405.08,484.85,405.09,484.89,4.3,,,0.653,400.24,480.58,409.95,489.19,ultralytics,0.653,1
814,13.5796,404.58,484.84,404.54,484.86,4.38,,,0.679,399.64,480.48,409.43,489.23,ultralytics,0.679,1
815,13.5962,404.16,484.79,404.08,484.77,4.3,,,0.605,399.33,480.47,408.84,489.07,ultralytics,0.605,1
816,13.6129,403.78,484.76,403.87,484.74,4.4,,,0.709,399.07,480.34,408.66,489.14,ultralytics,0.709,1
817,13.6296,403.39,484.75,403.33,484.76,4.47,,,0.731,398.35,480.29,408.3,489.23,ultralytics,0.731,1
818,13.6463,402.96,484.75,403.06,484.73,4.47,,,0.69,398.1,480.26,408.03,489.21,ultralytics,0.69,1
819,13.663,402.5,484.76,402.43,484.79,4.51,,,0.717,397.5,480.28,407.36,489.29,ultralytics,0.717,1
820,13.6797,402.06,484.73,402.04,484.74,4.44,,,0.726,397.16,480.3,406.93,489.18,ultralytics,0.726,1
821,13.6963,401.66,484.68,401.66,484.69,4.4,,,0.708,396.86,480.29,406.45,489.09,ultralytics,0.708,1
822,13.713,401.26,484.62,401.29,484.61,4.45,,,0.619,396.55,480.16,406.04,489.06,ultralytics,0.619,1
823,13.7297,400.74,484.6,400.81,484.54,4.4,,,0.629,395.88,480.14,405.74,488.93,ultralytics,0.629,1
824,13.7464,399.79,484.57,400.56,484.69,4.41,,,0.473,395.84,480.28,405.28,489.1,ultralytics,0.473,1
825,13.7631,,,,,,,,0.0,,,,,ultralytics,0.0,0
826,13.7798,,,,,,,,0.0,,,,,ultralytics,0.0,0
827,13.7964,,,,,,,,0.0,,,,,ultralytics,0.0,0
828,13.8131,,,,,,,,0.0,,,,,ultralytics,0.0,0
829,13.8298,,,,,,,,0.0,,,,,ultralytics,0.0,0
830,13.8465,398.46,484.49,397.7,484.44,4.33,,,0.671,392.91,480.11,402.48,488.77,ultralytics,0.671,1
831,13.8632,397.56,484.4,397.39,484.38,4.25,,,0.711,392.58,480.13,402.2,488.63,ultralytics,0.711,1
832,13.8799,397.1,484.34,397.2,484.35,4.27,,,0.676,392.37,480.08,402.03,488.61,ultralytics,0.676,1
833,13.8965,396.66,484.29,396.74,484.29,4.26,,,0.639,392.08,480.04,401.4,488.55,ultralytics,0.639,1
834,13.9132,396.12,484.23,396.05,484.24,4.33,,,0.61,391.27,479.91,400.83,488.57,ultralytics,0.61,1
835,13.9299,395.6,484.13,395.57,484.15,4.35,,,0.699,390.75,479.8,400.4,488.51,ultralytics,0.699,1
836,13.9466,395.1,483.93,395.2,484.11,4.41,,,0.727,390.49,479.7,399.92,488.52,ultralytics,0.727,1
837,13.9633,394.56,483.59,394.51,483.5,4.69,,,0.706,389.68,478.81,399.34,488.2,ultralytics,0.706,1
838,13.9799,394.0,483.21,394.04,483.26,4.55,,,0.66,389.18,478.72,398.9,487.81,ultralytics,0.66,1
839,13.9966,393.41,482.77,393.4,482.85,4.74,,,0.567,388.55,478.11,398.26,487.6,ultralytics,0.567,1
840,14.0133,392.79,482.28,392.84,482.22,4.62,,,0.719,388.03,477.59,397.64,486.84,ultralytics,0.719,1
841,14.03,392.14,481.82,392.12,481.78,4.55,,,0.636,387.31,477.23,396.92,486.34,ultralytics,0.636,1
842,14.0467,391.49,481.41,391.46,481.45,4.67,,,0.575,386.71,476.78,396.22,486.12,ultralytics,0.575,1
843,14.0634,390.91,481.06,390.88,480.92,4.75,,,0.49,385.91,476.17,395.86,485.67,ultralytics,0.49,1
844,14.08,390.39,480.77,390.35,480.87,4.67,,,0.542,385.47,476.2,395.23,485.54,ultralytics,0.542,1
845,14.0967,389.9,480.51,389.95,480.41,4.73,,,0.66,384.95,475.69,394.95,485.14,ultralytics,0.66,1
846,14.1134,389.4,480.3,389.36,480.32,4.71,,,0.705,384.47,475.61,394.26,485.03,ultralytics,0.705,1
847,14.1301,388.94,480.13,388.91,480.08,4.75,,,0.686,383.99,475.32,393.84,484.83,ultralytics,0.686,1
848,14.1468,388.51,480.01,388.55,480.04,4.8,,,0.693,383.7,475.24,393.4,484.85,ultralytics,0.693,1
849,14.1635,388.05,479.92,388.06,479.86,4.81,,,0.737,383.24,474.97,392.87,484.74,ultralytics,0.737,2
850,14.1801,387.61,479.81,387.54,479.91,4.8,,,0.762,382.75,475.05,392.34,484.77,ultralytics,0.762,1
851,14.1968,387.19,479.65,387.24,479.64,4.69,,,0.746,382.44,474.96,392.04,484.33,ultralytics,0.746,1
852,14.2135,386.77,479.47,386.76,479.46,4.68,,,0.777,382.08,474.78,391.44,484.15,ultralytics,0.777,1
853,14.2302,386.32,479.33,386.38,479.29,4.65,,,0.756,381.68,474.64,391.08,483.93,ultralytics,0.756,1
854,14.2469,385.81,479.24,385.79,479.23,4.69,,,0.732,380.99,474.53,390.58,483.92,ultralytics,0.732,1
855,14.2636,385.31,479.15,385.28,479.23,4.73,,,0.761,380.46,474.5,390.11,483.95,ultralytics,0.761,1
856,14.2802,384.84,479.01,384.88,478.95,4.71,,,0.73,380.05,474.24,389.71,483.67,ultralytics,0.73,1
857,14.2969,384.35,478.9,384.32,478.9,4.73,,,0.761,379.47,474.17,389.18,483.63,ultralytics,0.761,1
858,14.3136,383.84,478.81,383.93,478.8,4.68,,,0.702,379.15,474.12,388.71,483.49,ultralytics,0.702,3
859,14.3303,383.28,478.71,383.24,478.76,4.8,,,0.716,378.43,473.96,388.05,483.56,ultralytics,0.716,1
860,14.347,382.7,478.61,382.74,478.54,4.53,,,0.731,377.98,474.01,387.49,483.07,ultralytics,0.731,1
861,14.3636,382.14,478.48,382.07,478.6,4.7,,,0.764,377.19,473.89,386.95,483.3,ultralytics,0.764,1
862,14.3803,381.63,478.3,381.6,478.26,4.75,,,0.74,376.85,473.47,386.34,483.04,ultralytics,0.74,1
863,14.397,381.16,478.14,381.22,478.05,4.7,,,0.732,376.42,473.36,386.02,482.75,ultralytics,0.732,1
864,14.4137,380.64,478.07,380.65,478.08,4.89,,,0.726,375.76,473.14,385.54,483.01,ultralytics,0.726,1
865,14.4304,380.12,478.02,380.03,478.09,4.89,,,0.768,375.14,473.15,384.91,483.02,ultralytics,0.768,1
866,14.4471,379.69,477.94,379.69,477.84,4.72,,,0.778,374.9,473.13,384.48,482.56,ultralytics,0.778,1
867,14.4637,379.32,477.86,379.3,477.92,4.87,,,0.784,374.42,473.05,384.18,482.8,ultralytics,0.784,1
868,14.4804,378.95,477.65,379.01,477.88,4.8,,,0.781,374.21,472.95,383.81,482.81,ultralytics,0.781,1
869,14.4971,378.52,477.23,378.57,477.16,4.44,,,0.762,373.69,472.72,383.45,481.6,ultralytics,0.762,1
870,14.5138,378.06,476.81,377.97,476.68,4.35,,,0.736,373.09,472.33,382.85,481.03,ultralytics,0.736,1
871,14.5305,377.65,476.52,377.67,476.55,4.23,,,0.751,372.83,472.32,382.52,480.79,ultralytics,0.751,1
872,14.5472,377.24,476.3,377.27,476.25,4.23,,,0.692,372.35,472.02,382.19,480.48,ultralytics,0.692,1
873,14.5638,376.77,476.12,376.81,476.11,4.3,,,0.724,371.92,471.81,381.69,480.41,ultralytics,0.724,1
874,14.5805,376.26,475.97,376.25,475.99,4.43,,,0.729,371.22,471.56,381.27,480.42,ultralytics,0.729,1
875,14.5972,375.71,475.82,375.72,475.8,4.48,,,0.719,370.7,471.31,380.75,480.28,ultralytics,0.719,1
876,14.6139,375.04,475.7,375.24,475.65,4.64,,,0.759,370.21,471.01,380.27,480.29,ultralytics,0.759,1
877,14.6306,374.15,475.64,374.19,475.65,4.66,,,0.733,369.13,470.99,379.25,480.31,ultralytics,0.733,1
878,14.6472,373.22,475.62,373.04,475.58,4.63,,,0.745,368.1,470.94,377.97,480.21,ultralytics,0.745,1
879,14.6639,372.41,475.61,372.36,475.66,4.59,,,0.748,367.62,471.08,377.1,480.25,ultralytics,0.748,1
880,14.6806,371.42,475.64,372.06,475.49,4.16,,,0.764,367.89,470.85,376.22,480.12,ultralytics,0.764,1
881,14.6973,,,,,,,,0.0,,,,,ultralytics,0.0,0
882,14.714,,,,,,,,0.0,,,,,ultralytics,0.0,0
883,14.7307,370.06,475.64,369.67,475.95,3.85,,,0.166,364.73,472.1,374.6,479.8,ultralytics,0.166,1
884,14.7473,368.92,475.49,368.61,475.34,4.6,,,0.68,364.0,470.74,373.22,479.94,ultralytics,0.68,1
885,14.764,368.29,475.34,368.19,475.35,4.63,,,0.712,363.37,470.72,373.02,479.98,ultralytics,0.712,1
886,14.7807,367.92,475.22,367.98,475.23,4.6,,,0.657,363.1,470.63,372.86,479.83,ultralytics,0.657,1
887,14.7974,367.57,475.1,367.53,475.12,4.59,,,0.738,362.74,470.52,372.31,479.71,ultralytics,0.738,1
888,14.8141,367.21,474.98,367.26,474.91,4.73,,,0.765,362.41,470.18,372.12,479.64,ultralytics,0.765,1
889,14.8308,366.82,474.9,366.78,474.93,4.81,,,0.775,361.96,470.12,371.59,479.74,ultralytics,0.775,1
890,14.8474,366.4,474.82,366.5,474.82,4.8,,,0.753,361.7,469.94,371.31,479.7,ultralytics,0.753,1
891,14.8641,365.88,474.76,365.95,474.72,4.84,,,0.785,361.03,469.88,370.87,479.56,ultralytics,0.785,2
892,14.8808,365.27,474.71,365.2,474.74,4.82,,,0.791,360.38,469.77,370.03,479.71,ultralytics,0.791,2
893,14.8975,364.72,474.61,364.7,474.68,4.89,,,0.749,359.81,469.75,369.59,479.61,ultralytics,0.749,1
894,14.9142,364.25,474.44,364.15,474.4,4.91,,,0.72,359.24,469.38,369.06,479.42,ultralytics,0.72,1
895,14.9309,363.84,474.25,363.98,474.3,4.72,,,0.754,359.25,469.3,368.7,479.29,ultralytics,0.754,1
896,14.9475,363.38,474.04,363.32,474.01,4.8,,,0.739,358.51,469.16,368.12,478.87,ultralytics,0.739,1
897,14.9642,362.89,473.86,362.94,473.79,4.68,,,0.76,358.1,469.11,367.79,478.46,ultralytics,0.76,1
898,14.9809,362.4,473.72,362.34,473.77,4.78,,,0.764,357.48,468.99,367.21,478.55,ultralytics,0.764,1
899,14.9976,361.94,473.53,361.93,473.65,4.69,,,0.725,357.08,468.97,366.79,478.34,ultralytics,0.725,1
900,15.0143,361.49,473.26,361.53,473.14,4.57,,,0.684,356.69,468.57,366.37,477.71,ultralytics,0.684,1
901,15.0309,361.03,473.05,360.97,473.02,4.61,,,0.726,355.96,468.41,365.99,477.63,ultralytics,0.726,1
902,15.0476,360.59,472.98,360.64,472.9,4.58,,,0.704,355.48,468.31,365.79,477.48,ultralytics,0.704,1
903,15.0643,360.15,472.95,360.08,473.01,4.72,,,0.703,355.13,468.29,365.03,477.74,ultralytics,0.703,1
904,15.081,359.62,472.76,359.88,473.06,4.32,,,0.712,354.96,468.74,364.81,477.37,ultralytics,0.712,1
905,15.0977,,,,,,,,0.0,,,,,ultralytics,0.0,0
906,15.1144,,,,,,,,0.0,,,,,ultralytics,0.0,0
907,15.131,358.97,472.37,358.8,472.15,4.32,,,0.672,354.02,467.83,363.58,476.47,ultralytics,0.672,1
908,15.1477,358.37,472.04,358.35,472.05,4.54,,,0.759,353.52,467.51,363.18,476.59,ultralytics,0.759,1
909,15.1644,357.84,471.83,357.85,471.74,4.57,,,0.722,352.96,467.16,362.75,476.31,ultralytics,0.722,1
910,15.1811,357.35,471.73,357.32,471.74,4.64,,,0.692,352.29,467.11,362.35,476.38,ultralytics,0.692,1
911,15.1978,356.9,471.68,356.88,471.61,4.69,,,0.696,351.98,466.92,361.78,476.3,ultralytics,0.696,1
912,15.2145,356.53,471.68,356.42,471.76,4.71,,,0.731,351.51,467.05,361.32,476.46,ultralytics,0.731,1
913,15.2311,356.23,471.67,356.32,471.6,4.91,,,0.739,351.35,466.7,361.3,476.51,ultralytics,0.739,1
914,15.2478,355.88,471.63,355.96,471.74,4.88,,,0.733,351.08,466.81,360.85,476.67,ultralytics,0.733,1
915,15.2645,355.45,471.51,355.34,471.55,4.91,,,0.74,350.4,466.64,360.28,476.46,ultralytics,0.74,1
916,15.2812,355.03,471.35,355.12,471.25,4.84,,,0.767,350.2,466.42,360.04,476.09,ultralytics,0.767,1
917,15.2979,354.62,471.23,354.58,471.28,4.74,,,0.743,349.69,466.54,359.47,476.02,ultralytics,0.743,1
918,15.3145,354.24,471.13,354.14,471.11,4.61,,,0.711,349.22,466.5,359.05,475.71,ultralytics,0.711,1
919,15.3312,353.93,471.04,354.04,471.04,4.63,,,0.685,349.09,466.41,358.99,475.67,ultralytics,0.685,1
920,15.3479,353.63,470.94,353.54,470.93,4.68,,,0.562,348.75,466.25,358.32,475.61,ultralytics,0.562,1
921,15.3646,353.38,470.84,353.36,470.89,4.71,,,0.626,348.47,466.18,358.25,475.6,ultralytics,0.626,1
922,15.3813,353.18,470.74,353.16,470.67,4.6,,,0.572,348.36,466.07,357.95,475.26,ultralytics,0.572,1
923,15.398,353.02,470.68,353.05,470.69,4.6,,,0.663,348.2,466.1,357.9,475.29,ultralytics,0.663,1
924,15.4146,352.85,470.64,352.8,470.62,4.62,,,0.726,347.91,466.0,357.7,475.24,ultralytics,0.726,1
925,15.4313,352.71,470.61,352.75,470.62,4.66,,,0.725,347.91,465.96,357.6,475.28,ultralytics,0.725,2
926,15.448,352.54,470.58,352.55,470.56,4.75,,,0.609,347.79,465.81,357.31,475.3,ultralytics,0.609,2
927,15.4647,352.36,470.57,352.31,470.57,4.79,,,0.708,347.36,465.78,357.26,475.36,ultralytics,0.708,1
928,15.4814,352.16,470.57,352.27,470.57,4.88,,,0.661,347.38,465.68,357.15,475.47,ultralytics,0.661,1
929,15.4981,351.91,470.57,351.84,470.56,4.85,,,0.7,346.96,465.71,356.72,475.4,ultralytics,0.7,1
930,15.5147,351.65,470.56,351.73,470.58,4.85,,,0.705,346.83,465.73,356.63,475.43,ultralytics,0.705,1
931,15.5314,351.41,470.57,351.29,470.51,4.84,,,0.652,346.35,465.67,356.23,475.35,ultralytics,0.652,1
932,15.5481,351.23,470.6,351.23,470.63,4.88,,,0.676,346.28,465.75,356.18,475.51,ultralytics,0.676,1
933,15.5648,351.05,470.61,351.18,470.63,4.95,,,0.643,346.2,465.67,356.16,475.58,ultralytics,0.643,1
934,15.5815,350.83,470.62,350.7,470.58,4.8,,,0.64,345.71,465.78,355.7,475.38,ultralytics,0.64,1
935,15.5982,350.65,470.65,350.69,470.67,4.8,,,0.671,345.63,465.87,355.75,475.47,ultralytics,0.671,1
936,15.6148,350.52,470.68,350.45,470.68,4.73,,,0.544,345.44,465.96,355.45,475.41,ultralytics,0.544,2
937,15.6315,350.45,470.71,350.44,470.69,4.62,,,0.48,345.42,466.06,355.46,475.31,ultralytics,0.48,2
938,15.6482,350.42,470.75,350.45,470.74,4.66,,,0.56,345.46,466.07,355.44,475.4,ultralytics,0.56,1
939,15.6649,350.38,470.82,350.37,470.83,4.71,,,0.625,345.46,466.12,355.28,475.54,ultralytics,0.625,1
940,15.6816,350.31,470.91,350.37,470.87,4.68,,,0.609,345.5,466.18,355.24,475.55,ultralytics,0.609,1
941,15.6982,350.16,471.07,350.19,471.0,4.71,,,0.671,345.33,466.3,355.05,475.71,ultralytics,0.671,1
942,15.7149,349.98,471.32,349.93,471.3,4.79,,,0.605,345.13,466.5,354.72,476.09,ultralytics,0.605,1
943,15.7316,349.84,471.59,349.83,471.65,4.67,,,0.668,345.03,466.98,354.63,476.32,ultralytics,0.668,1
944,15.7483,349.76,471.78,349.73,471.84,4.6,,,0.701,344.94,467.25,354.51,476.44,ultralytics,0.701,1
945,15.765,349.73,471.92,349.69,471.86,4.71,,,0.738,344.85,467.15,354.53,476.57,ultralytics,0.738,1
946,15.7817,349.73,472.08,349.79,472.03,4.7,,,0.706,344.88,467.33,354.7,476.73,ultralytics,0.706,1
947,15.7983,349.66,472.21,349.73,472.42,4.81,,,0.665,344.87,467.61,354.6,477.23,ultralytics,0.665,1
948,15.815,349.52,472.21,349.47,472.13,4.8,,,0.728,344.55,467.32,354.38,476.93,ultralytics,0.728,1
949,15.8317,349.39,472.17,349.37,472.19,4.57,,,0.75,344.54,467.62,354.2,476.76,ultralytics,0.75,1
950,15.8484,349.25,472.17,349.38,472.15,4.56,,,0.689,344.51,467.59,354.24,476.72,ultralytics,0.689,1
951,15.8651,349.1,472.21,348.91,472.13,4.54,,,0.69,344.06,467.58,353.76,476.67,ultralytics,0.69,1
952,15.8818,349.05,472.32,349.08,472.36,4.69,,,0.746,344.2,467.67,353.95,477.05,ultralytics,0.746,2
953,15.8984,349.03,472.44,349.08,472.43,4.66,,,0.688,344.26,467.77,353.9,477.09,ultralytics,0.688,1
954,15.9151,348.98,472.59,348.95,472.54,4.4,,,0.752,344.04,468.15,353.86,476.94,ultralytics,0.752,1
955,15.9318,,,,,,,,0.0,,,,,ultralytics,0.0,0
956,15.9485,,,,,,,,0.0,,,,,ultralytics,0.0,0
957,15.9652,,,,,,,,0.0,,,,,ultralytics,0.0,0
958,15.9818,348.92,472.77,348.95,472.81,4.65,,,0.693,344.15,468.15,353.74,477.46,ultralytics,0.693,1
959,15.9985,348.89,472.97,348.81,472.88,4.64,,,0.592,344.09,468.24,353.53,477.52,ultralytics,0.592,1
960,16.0152,348.9,473.18,348.94,473.3,4.76,,,0.696,344.18,468.25,353.71,478.35,ultralytics,0.696,1
961,16.0319,348.93,473.26,348.92,473.35,4.76,,,0.687,344.16,468.24,353.68,478.45,ultralytics,0.687,1
962,16.0486,348.94,473.21,348.95,473.17,4.8,,,0.714,344.16,468.23,353.75,478.11,ultralytics,0.714,1
963,16.0653,348.94,473.13,348.95,473.16,4.82,,,0.736,344.13,468.25,353.77,478.06,ultralytics,0.736,1
964,16.0819,348.94,473.05,348.94,473.04,4.81,,,0.727,344.13,468.21,353.74,477.86,ultralytics,0.727,1
965,16.0986,348.95,472.98,348.93,472.98,4.78,,,0.732,344.14,468.2,353.73,477.76,ultralytics,0.732,1
966,16.1153,348.96,472.92,348.97,472.89,4.7,,,0.726,344.15,468.19,353.79,477.59,ultralytics,0.726,1
967,16.132,348.98,472.93,348.98,472.87,4.65,,,0.726,344.13,468.22,353.84,477.52,ultralytics,0.726,1
968,16.1487,349.0,472.97,348.98,473.03,4.71,,,0.703,344.15,468.32,353.82,477.74,ultralytics,0.703,1
969,16.1654,349.04,472.99,349.03,473.02,4.67,,,0.679,344.21,468.35,353.85,477.69,ultralytics,0.679,1
970,16.182,349.1,473.0,349.13,472.91,4.59,,,0.64,344.26,468.32,354.0,477.5,ultralytics,0.64,1
971,16.1987,349.11,473.08,349.13,473.04,4.49,,,0.624,344.31,468.55,353.94,477.54,ultralytics,0.624,1
972,16.2154,349.11,473.23,349.09,473.29,4.59,,,0.717,344.28,468.7,353.9,477.88,ultralytics,0.717,1
973,16.2321,349.1,473.33,349.1,473.34,4.56,,,0.705,344.27,468.78,353.92,477.89,ultralytics,0.705,1
974,16.2488,349.11,473.38,349.11,473.43,4.58,,,0.695,344.27,468.84,353.96,478.01,ultralytics,0.695,1
975,16.2655,349.14,473.35,349.12,473.36,4.62,,,0.658,344.31,468.74,353.93,477.98,ultralytics,0.658,1
976,16.2821,349.25,473.27,349.16,473.31,4.54,,,0.716,344.3,468.78,354.02,477.85,ultralytics,0.716,1
977,16.2988,349.49,473.14,349.41,473.12,4.59,,,0.748,344.56,468.52,354.26,477.71,ultralytics,0.748,1
978,16.3155,,,,,,,,0.0,,,,,ultralytics,0.0,0
979,16.3322,,,,,,,,0.0,,,,,ultralytics,0.0,0
980,16.3489,349.76,473.05,349.93,473.0,4.57,,,0.692,344.93,468.44,354.93,477.57,ultralytics,0.692,1
981,16.3655,349.89,473.02,349.94,473.0,4.64,,,0.729,344.94,468.37,354.94,477.64,ultralytics,0.729,1
982,16.3822,349.89,473.08,349.89,472.98,4.61,,,0.721,344.98,468.37,354.8,477.59,ultralytics,0.721,1
983,16.3989,349.81,473.2,349.91,473.28,4.72,,,0.715,344.95,468.56,354.87,477.99,ultralytics,0.715,1
984,16.4156,349.69,473.26,349.61,473.3,4.61,,,0.706,344.76,468.69,354.46,477.91,ultralytics,0.706,1
985,16.4323,349.61,473.24,349.56,473.26,4.6,,,0.727,344.68,468.67,354.45,477.86,ultralytics,0.727,1
986,16.449,349.64,473.2,349.6,473.17,4.5,,,0.718,344.7,468.68,354.5,477.67,ultralytics,0.718,1
987,16.4656,349.75,473.18,349.76,473.16,4.48,,,0.667,344.94,468.68,354.59,477.65,ultralytics,0.667,1
988,16.4823,349.89,473.19,349.87,473.18,4.46,,,0.701,345.1,468.73,354.64,477.64,ultralytics,0.701,1
989,16.499,350.06,473.22,350.03,473.22,4.44,,,0.7,345.24,468.77,354.82,477.66,ultralytics,0.7,1
990,16.5157,350.23,473.27,350.3,473.24,4.42,,,0.692,345.46,468.83,355.15,477.66,ultralytics,0.692,2
991,16.5324,350.39,473.36,350.33,473.34,4.43,,,0.664,345.47,468.91,355.19,477.76,ultralytics,0.664,1
992,16.5491,350.58,473.47,350.55,473.51,4.46,,,0.69,345.64,469.05,355.46,477.97,ultralytics,0.69,1
993,16.5657,350.81,473.58,350.84,473.54,4.36,,,0.616,345.98,469.18,355.69,477.9,ultralytics,0.616,1
994,16.5824,351.07,473.73,351.0,473.69,4.45,,,0.682,346.04,469.24,355.97,478.15,ultralytics,0.682,1
995,16.5991,351.36,473.98,351.4,473.86,4.47,,,0.681,346.59,469.38,356.2,478.33,ultralytics,0.681,2
996,16.6158,351.65,474.29,351.67,474.45,4.74,,,0.763,346.93,469.58,356.41,479.33,ultralytics,0.763,1
997,16.6325,351.95,474.53,351.84,474.48,4.7,,,0.802,347.12,469.78,356.56,479.18,ultralytics,0.802,2
998,16.6492,352.32,474.66,352.35,474.82,4.75,,,0.716,347.56,470.07,357.14,479.56,ultralytics,0.716,1
999,16.6658,352.69,474.67,352.72,474.63,4.51,,,0.719,347.87,470.12,357.57,479.14,ultralytics,0.719,1
1000,16.6825,353.03,474.64,353.02,474.63,4.5,,,0.73,348.11,470.13,357.92,479.13,ultralytics,0.73,1
1001,16.6992,353.31,474.65,353.42,474.61,4.47,,,0.735,348.5,470.15,358.34,479.08,ultralytics,0.735,1
1002,16.7159,353.51,474.74,353.47,474.66,4.51,,,0.718,348.57,470.15,358.38,479.17,ultralytics,0.718,1
1003,16.7326,353.69,474.87,353.68,474.98,4.65,,,0.692,348.85,470.32,358.52,479.63,ultralytics,0.692,1
1004,16.7492,353.93,474.96,353.87,474.95,4.58,,,0.742,349.02,470.37,358.72,479.53,ultralytics,0.742,1
1005,16.7659,354.2,474.99,354.24,474.99,4.59,,,0.731,349.52,470.4,358.95,479.59,ultralytics,0.731,1
1006,16.7826,354.45,475.05,354.51,475.02,4.64,,,0.753,349.71,470.38,359.31,479.66,ultralytics,0.753,1
1007,16.7993,354.69,475.14,354.58,475.13,4.66,,,0.757,349.74,470.46,359.42,479.79,ultralytics,0.757,1
1008,16.816,354.99,475.24,354.98,475.28,4.71,,,0.766,350.16,470.57,359.8,479.99,ultralytics,0.766,1
1009,16.8327,355.31,475.36,355.39,475.24,4.69,,,0.796,350.43,470.55,360.34,479.93,ultralytics,0.796,1
1010,16.8493,355.67,475.48,355.51,475.67,4.95,,,0.781,350.56,470.56,360.46,480.77,ultralytics,0.781,1
1011,16.866,356.16,475.49,356.11,475.47,4.84,,,0.761,351.09,470.63,361.13,480.31,ultralytics,0.761,1
1012,16.8827,356.77,475.44,356.81,475.43,4.67,,,0.772,351.95,470.76,361.68,480.1,ultralytics,0.772,1
1013,16.8994,357.42,475.41,357.37,475.36,4.57,,,0.774,352.39,470.79,362.34,479.93,ultralytics,0.774,1
1014,16.9161,358.13,475.45,358.07,475.45,4.56,,,0.787,353.06,470.88,363.07,480.01,ultralytics,0.787,2
1015,16.9328,358.87,475.48,358.99,475.53,4.55,,,0.798,354.1,470.97,363.89,480.08,ultralytics,0.798,3
1016,16.9494,359.51,475.45,359.51,475.46,4.54,,,0.796,354.61,470.92,364.4,480.0,ultralytics,0.796,1
1017,16.9661,360.11,475.42,360.11,475.38,4.54,,,0.786,355.09,470.85,365.14,479.92,ultralytics,0.786,1
1018,16.9828,360.69,475.4,360.68,475.41,4.62,,,0.766,355.63,470.79,365.72,480.03,ultralytics,0.766,2
1019,16.9995,361.25,475.39,361.32,475.38,4.62,,,0.734,356.47,470.76,366.18,480.0,ultralytics,0.734,1
1020,17.0162,361.74,475.39,361.75,475.4,4.67,,,0.779,356.7,470.72,366.8,480.07,ultralytics,0.779,1
1021,17.0328,362.18,475.36,362.18,475.39,4.63,,,0.788,357.16,470.75,367.21,480.02,ultralytics,0.788,1
1022,17.0495,362.59,475.3,362.6,475.31,4.67,,,0.793,357.52,470.64,367.67,479.99,ultralytics,0.793,1
1023,17.0662,362.96,475.21,363.01,475.22,4.62,,,0.781,357.99,470.59,368.04,479.84,ultralytics,0.781,1
1024,17.0829,363.3,475.12,363.24,475.1,4.62,,,0.79,358.25,470.48,368.23,479.72,ultralytics,0.79,1
1025,17.0996,363.67,475.05,363.66,475.03,4.59,,,0.784,358.65,470.44,368.67,479.63,ultralytics,0.784,1
1026,17.1163,364.08,475.0,364.05,475.01,4.71,,,0.772,359.1,470.3,369.0,479.72,ultralytics,0.772,1
1027,17.1329,364.54,474.89,364.56,474.98,4.72,,,0.782,359.6,470.26,369.52,479.7,ultralytics,0.782,1
1028,17.1496,365.03,474.7,364.93,474.71,4.95,,,0.784,359.99,469.71,369.88,479.7,ultralytics,0.784,1
1029,17.1663,365.58,474.45,365.66,474.41,4.7,,,0.778,360.66,469.72,370.65,479.11,ultralytics,0.778,1
1030,17.183,366.12,474.16,366.1,474.34,4.73,,,0.768,361.16,469.61,371.05,479.07,ultralytics,0.768,1
1031,17.1997,366.64,473.79,366.67,473.6,4.63,,,0.709,361.73,468.97,371.61,478.23,ultralytics,0.709,1
1032,17.2164,367.15,473.44,367.09,473.62,4.75,,,0.758,362.0,468.87,372.18,478.36,ultralytics,0.758,1
1033,17.233,367.69,473.07,367.73,472.93,4.63,,,0.701,362.68,468.3,372.77,477.56,ultralytics,0.701,1
1034,17.2497,368.24,472.76,368.2,472.74,4.75,,,0.639,363.03,467.99,373.38,477.49,ultralytics,0.639,1
1035,17.2664,368.75,472.51,368.84,472.55,4.6,,,0.652,363.68,467.95,374.0,477.14,ultralytics,0.652,1
1036,17.2831,369.19,472.26,369.2,472.24,4.54,,,0.701,364.27,467.7,374.12,476.78,ultralytics,0.701,1
1037,17.2998,369.54,472.0,369.6,472.04,4.67,,,0.711,364.64,467.37,374.57,476.71,ultralytics,0.711,1
1038,17.3165,369.85,471.74,369.81,471.67,4.65,,,0.697,364.83,467.02,374.78,476.33,ultralytics,0.697,1
1039,17.3331,370.15,471.51,370.19,471.54,4.64,,,0.695,365.2,466.9,375.19,476.19,ultralytics,0.695,1
1040,17.3498,370.42,471.32,370.44,471.23,4.8,,,0.7,365.55,466.43,375.33,476.03,ultralytics,0.7,1
1041,17.3665,370.68,471.17,370.65,471.22,4.81,,,0.695,365.65,466.41,375.65,476.03,ultralytics,0.695,1
1042,17.3832,370.94,471.01,370.95,471.03,4.9,,,0.675,365.89,466.12,376.01,475.93,ultralytics,0.675,1
1043,17.3999,371.16,470.82,371.25,470.83,4.82,,,0.7,366.35,466.0,376.15,475.65,ultralytics,0.7,1
1044,17.4165,371.3,470.64,371.3,470.58,4.79,,,0.675,366.29,465.79,376.31,475.37,ultralytics,0.675,1
1045,17.4332,371.39,470.53,371.38,470.52,4.79,,,0.702,366.45,465.74,376.32,475.31,ultralytics,0.702,1
1046,17.4499,371.47,470.46,371.51,470.46,4.76,,,0.727,366.73,465.7,376.3,475.22,ultralytics,0.727,1
1047,17.4666,371.55,470.37,371.48,470.41,4.77,,,0.727,366.69,465.64,376.27,475.17,ultralytics,0.727,1
1048,17.4833,371.7,470.18,371.69,470.32,4.68,,,0.735,367.02,465.5,376.37,475.14,ultralytics,0.735,1
1049,17.5,371.89,469.9,371.88,469.78,4.6,,,0.753,367.2,465.18,376.57,474.38,ultralytics,0.753,1
1050,17.5166,372.06,469.67,372.14,469.67,4.47,,,0.757,367.34,465.2,376.95,474.13,ultralytics,0.757,1
1051,17.5333,372.16,469.52,372.15,469.45,4.46,,,0.714,367.37,464.99,376.93,473.91,ultralytics,0.714,1
1052,17.55,372.24,469.43,372.2,469.44,4.48,,,0.697,367.39,464.96,377.01,473.93,ultralytics,0.697,1
1053,17.5667,372.33,469.35,372.37,469.39,4.54,,,0.747,367.62,464.84,377.11,473.93,ultralytics,0.747,1
1054,17.5834,372.41,469.24,372.39,469.21,4.63,,,0.716,367.62,464.58,377.16,473.84,ultralytics,0.716,1
1055,17.6001,372.49,469.12,372.5,469.16,4.63,,,0.754,367.72,464.54,377.28,473.79,ultralytics,0.754,1
1056,17.6167,372.57,469.0,372.58,468.93,4.58,,,0.723,367.72,464.36,377.44,473.51,ultralytics,0.723,2
1057,17.6334,372.65,468.92,372.64,468.95,4.68,,,0.756,367.8,464.28,377.49,473.63,ultralytics,0.756,1
1058,17.6501,372.73,468.82,372.71,468.85,4.65,,,0.759,367.79,464.2,377.63,473.49,ultralytics,0.759,1
1059,17.6668,372.85,468.7,372.83,468.68,4.49,,,0.77,367.93,464.19,377.73,473.17,ultralytics,0.77,1
1060,17.6835,372.98,468.57,373.02,468.61,4.53,,,0.784,368.07,464.08,377.97,473.14,ultralytics,0.784,1
1061,17.7001,373.06,468.41,373.09,468.38,4.5,,,0.754,368.19,463.88,377.98,472.89,ultralytics,0.754,1
1062,17.7168,373.13,468.25,373.06,468.3,4.46,,,0.733,368.18,463.84,377.94,472.76,ultralytics,0.733,2
1063,17.7335,373.24,468.03,373.25,468.01,4.61,,,0.704,368.51,463.4,377.98,472.61,ultralytics,0.704,1
1064,17.7502,373.44,467.67,373.32,467.99,4.75,,,0.691,368.57,463.2,378.06,472.79,ultralytics,0.691,1
1065,17.7669,,,,,,,,0.0,,,,,ultralytics,0.0,0
1066,17.7836,,,,,,,,0.0,,,,,ultralytics,0.0,0
1067,17.8002,,,,,,,,0.0,,,,,ultralytics,0.0,0
1068,17.8169,373.68,467.17,373.83,466.84,4.44,,,0.641,369.05,462.4,378.61,471.29,ultralytics,0.641,1
1069,17.8336,373.82,466.83,373.87,466.83,4.48,,,0.639,369.05,462.36,378.7,471.31,ultralytics,0.639,1
1070,17.8503,373.88,466.67,373.83,466.57,4.47,,,0.704,369.0,462.1,378.65,471.04,ultralytics,0.704,1
1071,17.867,373.95,466.56,373.95,466.7,4.49,,,0.698,369.14,462.21,378.77,471.19,ultralytics,0.698,1
1072,17.8837,374.03,466.38,374.05,466.36,4.54,,,0.631,369.18,461.82,378.92,470.9,ultralytics,0.631,1
1073,17.9003,374.11,466.18,374.08,466.14,4.88,,,0.671,369.18,461.26,378.98,471.02,ultralytics,0.671,1
1074,17.917,374.16,466.05,374.22,466.0,4.71,,,0.637,369.36,461.3,379.08,470.71,ultralytics,0.637,1
1075,17.9337,374.14,465.98,374.2,465.99,4.64,,,0.661,369.34,461.35,379.05,470.62,ultralytics,0.661,1
1076,17.9504,374.06,465.91,374.0,465.95,4.7,,,0.694,369.03,461.25,378.96,470.65,ultralytics,0.694,1
1077,17.9671,374.02,465.81,373.97,465.8,4.7,,,0.715,368.98,461.11,378.96,470.5,ultralytics,0.715,1
1078,17.9838,374.06,465.67,374.05,465.71,4.76,,,0.709,369.15,460.95,378.95,470.47,ultralytics,0.709,1
1079,18.0004,374.14,465.54,374.12,465.45,4.55,,,0.673,369.22,460.9,379.03,470.0,ultralytics,0.673,1
1080,18.0171,374.23,465.46,374.28,465.5,4.63,,,0.717,369.45,460.87,379.12,470.13,ultralytics,0.717,1
1081,18.0338,374.27,465.37,374.28,465.41,4.6,,,0.71,369.41,460.81,379.15,470.01,ultralytics,0.71,1
1082,18.0505,374.26,465.18,374.27,465.26,4.62,,,0.726,369.44,460.64,379.1,469.88,ultralytics,0.726,1
1083,18.0672,374.26,464.93,374.22,464.87,4.52,,,0.744,369.35,460.35,379.09,469.39,ultralytics,0.744,1
1084,18.0838,374.3,464.74,374.27,464.68,4.45,,,0.759,369.45,460.24,379.09,469.13,ultralytics,0.759,1
1085,18.1005,374.38,464.62,374.41,464.61,4.41,,,0.757,369.58,460.2,379.23,469.03,ultralytics,0.757,1
1086,18.1172,374.43,464.51,374.44,464.58,4.36,,,0.76,369.62,460.22,379.26,468.94,ultralytics,0.76,1
1087,18.1339,374.47,464.38,374.47,464.33,4.36,,,0.757,369.71,459.97,379.22,468.69,ultralytics,0.757,1
1088,18.1506,374.52,464.27,374.51,464.24,4.25,,,0.731,369.81,459.99,379.2,468.49,ultralytics,0.731,1
1089,18.1673,374.6,464.2,374.57,464.23,4.32,,,0.748,369.89,459.91,379.26,468.56,ultralytics,0.748,1
1090,18.1839,374.72,464.09,374.71,464.11,4.3,,,0.736,370.06,459.8,379.36,468.41,ultralytics,0.736,1
1091,18.2006,374.87,463.91,374.85,464.0,4.51,,,0.753,370.15,459.49,379.55,468.52,ultralytics,0.753,1
1092,18.2173,375.01,463.64,375.06,463.61,4.55,,,0.705,370.24,459.06,379.88,468.16,ultralytics,0.705,1
1093,18.234,375.11,463.35,375.11,463.34,4.35,,,0.725,370.36,458.99,379.86,467.68,ultralytics,0.725,1
1094,18.2507,375.17,463.14,375.2,463.04,4.43,,,0.641,370.42,458.6,379.97,467.47,ultralytics,0.641,2
1095,18.2674,368.81,464.96,375.19,463.06,4.39,,,0.666,370.46,458.67,379.92,467.45,ultralytics,0.666,1
1096,18.284,339.87,474.17,375.3,462.94,4.36,,,0.596,370.53,458.59,380.07,467.3,ultralytics,0.596,1
1097,18.3007,,,,,,,,0.0,,,,,ultralytics,0.0,0
1098,18.3174,291.23,491.8,257.59,498.3,4.86,,,0.062,252.73,490.42,262.46,506.18,ultralytics,0.062,1
1099,18.3341,,,,,,,,0.0,,,,,ultralytics,0.0,0
1100,18.3508,260.13,508.07,253.26,509.93,4.65,,,0.072,248.6,502.03,257.91,517.82,ultralytics,0.072,1
1101,18.3674,,,,,,,,0.0,,,,,ultralytics,0.0,1
1102,18.3841,259.12,515.15,249.2,520.63,4.96,,,0.177,244.24,512.65,254.16,528.62,ultralytics,0.177,2
1103,18.4008,289.43,505.05,256.06,526.97,9.35,,,0.168,241.89,517.62,270.22,536.33,ultralytics,0.168,2
1104,18.4175,338.21,480.97,373.99,461.89,4.41,,,0.651,369.23,457.48,378.75,466.3,ultralytics,0.651,1
1105,18.4342,367.07,465.35,373.45,461.88,4.37,,,0.658,368.56,457.51,378.35,466.25,ultralytics,0.658,1
1106,18.4509,373.18,461.7,373.07,461.61,4.22,,,0.646,368.32,457.39,377.83,465.82,ultralytics,0.646,1
1107,18.4675,372.99,461.65,372.98,461.65,4.3,,,0.672,368.2,457.34,377.77,465.95,ultralytics,0.672,1
1108,18.4842,372.87,461.64,372.85,461.64,4.41,,,0.712,368.07,457.23,377.64,466.04,ultralytics,0.712,1
1109,18.5009,372.8,461.6,372.8,461.63,4.49,,,0.666,368.05,457.15,377.55,466.12,ultralytics,0.666,1
1110,18.5176,372.77,461.48,372.72,461.59,4.58,,,0.696,367.94,457.0,377.5,466.17,ultralytics,0.696,1
1111,18.5343,372.81,461.29,372.78,461.19,4.29,,,0.683,367.96,456.9,377.61,465.49,ultralytics,0.683,1
1112,18.551,372.89,461.15,372.91,461.12,4.32,,,0.66,368.05,456.8,377.77,465.45,ultralytics,0.66,1
1113,18.5676,372.96,461.1,372.98,461.08,4.32,,,0.643,368.14,456.76,377.81,465.41,ultralytics,0.643,1
1114,18.5843,373.01,461.07,373.01,461.08,4.36,,,0.673,368.18,456.72,377.84,465.44,ultralytics,0.673,1
1115,18.601,373.04,461.01,373.04,461.08,4.35,,,0.687,368.22,456.73,377.86,465.44,ultralytics,0.687,1
1116,18.6177,373.06,460.9,373.09,460.88,4.33,,,0.542,368.28,456.55,377.91,465.21,ultralytics,0.542,1
1117,18.6344,373.06,460.8,373.04,460.76,4.35,,,0.551,368.2,456.41,377.87,465.11,ultralytics,0.551,1
1118,18.6511,373.06,460.76,373.06,460.76,4.39,,,0.567,368.19,456.37,377.93,465.15,ultralytics,0.567,2
1119,18.6677,373.06,460.75,373.06,460.72,4.42,,,0.594,368.16,456.31,377.95,465.14,ultralytics,0.594,2
1120,18.6844,373.08,460.77,373.04,460.75,4.43,,,0.591,368.17,456.31,377.92,465.18,ultralytics,0.591,3
1121,18.7011,373.15,460.84,373.14,460.84,4.36,,,0.518,368.3,456.48,377.99,465.2,ultralytics,0.518,3
1122,18.7178,373.23,460.92,373.26,460.92,4.36,,,0.426,368.49,456.56,378.03,465.28,ultralytics,0.426,2
1123,18.7345,373.28,460.97,373.28,461.0,4.33,,,0.445,368.52,456.67,378.04,465.33,ultralytics,0.445,3
1124,18.7511,373.32,460.98,373.29,461.0,4.32,,,0.419,368.5,456.68,378.09,465.32,ultralytics,0.419,2
1125,18.7678,373.36,460.98,373.39,460.96,4.22,,,0.343,368.64,456.74,378.13,465.18,ultralytics,0.343,3
1126,18.7845,373.41,461.0,373.39,460.98,4.25,,,0.387,368.67,456.73,378.12,465.23,ultralytics,0.387,2
1127,18.8012,373.49,461.08,373.46,461.01,4.2,,,0.47,368.7,456.81,378.21,465.21,ultralytics,0.47,2
1128,18.8179,373.6,461.22,373.58,461.28,4.32,,,0.676,368.87,456.96,378.29,465.61,ultralytics,0.676,2
1129,18.8346,373.68,461.32,373.83,461.35,4.26,,,0.676,369.08,457.09,378.57,465.61,ultralytics,0.676,2
1130,18.8512,373.71,461.36,373.55,461.37,4.32,,,0.637,368.83,457.04,378.27,465.69,ultralytics,0.637,2
1131,18.8679,373.79,461.41,373.86,461.32,4.47,,,0.633,368.97,456.85,378.74,465.8,ultralytics,0.633,2
1132,18.8846,373.9,461.5,373.87,461.55,4.57,,,0.558,368.96,456.97,378.79,466.12,ultralytics,0.558,1
1133,18.9013,374.06,461.57,373.99,461.62,4.59,,,0.599,369.12,457.02,378.86,466.21,ultralytics,0.599,2
1134,18.918,374.3,461.52,374.28,461.59,4.5,,,0.605,369.39,457.09,379.16,466.09,ultralytics,0.605,1
1135,18.9347,374.63,461.38,374.56,461.39,4.49,,,0.519,369.68,456.9,379.45,465.88,ultralytics,0.519,1
1136,18.9513,375.02,461.18,375.04,461.18,4.47,,,0.593,370.2,456.71,379.88,465.65,ultralytics,0.593,2
1137,18.968,375.38,461.0,375.49,460.93,4.35,,,0.533,370.58,456.59,380.39,465.28,ultralytics,0.533,2
1138,18.9847,375.62,460.94,375.64,460.87,4.38,,,0.546,370.72,456.49,380.56,465.25,ultralytics,0.546,1
1139,19.0014,375.77,460.97,375.79,460.98,4.47,,,0.62,370.77,456.51,380.82,465.45,ultralytics,0.62,1
1140,19.0181,375.87,461.02,375.9,461.03,4.3,,,0.71,370.92,456.74,380.88,465.33,ultralytics,0.71,1
1141,19.0347,375.94,461.04,375.93,461.05,4.28,,,0.7,370.96,456.77,380.89,465.33,ultralytics,0.7,1
1142,19.0514,376.01,461.07,376.01,461.06,4.27,,,0.675,371.06,456.79,380.96,465.32,ultralytics,0.675,1
1143,19.0681,376.14,461.11,376.03,461.07,4.29,,,0.651,371.07,456.78,380.98,465.37,ultralytics,0.651,3
1144,19.0848,376.31,461.19,376.43,461.22,4.35,,,0.665,371.57,456.87,381.28,465.58,ultralytics,0.665,1
1145,19.1015,376.4,461.24,376.42,461.26,4.42,,,0.62,371.55,456.83,381.29,465.68,ultralytics,0.62,2
1146,19.1182,376.42,461.27,376.42,461.26,4.42,,,0.641,371.54,456.85,381.29,465.68,ultralytics,0.641,2
1147,19.1348,376.44,461.29,376.42,461.3,4.42,,,0.658,371.52,456.87,381.33,465.72,ultralytics,0.658,2
1148,19.1515,376.49,461.31,376.47,461.31,4.37,,,0.664,371.61,456.94,381.34,465.68,ultralytics,0.664,2
1149,19.1682,376.57,461.33,376.57,461.31,4.35,,,0.65,371.65,456.96,381.49,465.66,ultralytics,0.65,1
1150,19.1849,376.66,461.39,376.69,461.38,4.36,,,0.673,371.88,457.02,381.49,465.74,ultralytics,0.673,1
1151,19.2016,376.72,461.54,376.7,461.37,4.37,,,0.672,371.89,457.01,381.5,465.74,ultralytics,0.672,1
1152,19.2183,376.78,461.84,376.82,461.91,4.72,,,0.697,371.91,457.19,381.73,466.63,ultralytics,0.697,1
1153,19.2349,376.79,462.13,376.79,462.15,4.95,,,0.696,371.84,457.16,381.74,467.15,ultralytics,0.696,1
1154,19.2516,376.79,462.33,376.8,462.42,4.87,,,0.714,371.93,457.43,381.67,467.41,ultralytics,0.714,1
1155,19.2683,376.78,462.41,376.75,462.43,4.83,,,0.73,371.92,457.49,381.58,467.37,ultralytics,0.73,2
1156,19.285,376.8,462.41,376.8,462.43,4.8,,,0.735,372.0,457.59,381.6,467.27,ultralytics,0.735,2
1157,19.3017,376.83,462.37,376.81,462.37,4.66,,,0.744,371.99,457.71,381.63,467.03,ultralytics,0.744,2
1158,19.3184,376.88,462.34,376.89,462.3,4.63,,,0.734,372.08,457.68,381.7,466.93,ultralytics,0.734,2
1159,19.335,376.94,462.35,376.9,462.33,4.65,,,0.731,372.08,457.69,381.72,466.98,ultralytics,0.731,2
1160,19.3517,377.04,462.4,377.04,462.43,4.55,,,0.745,372.11,457.88,381.97,466.97,ultralytics,0.745,2
1161,19.3684,377.15,462.47,377.16,462.37,4.41,,,0.735,372.25,457.97,382.06,466.78,ultralytics,0.735,2
1162,19.3851,377.29,462.62,377.21,462.64,4.58,,,0.721,372.33,458.06,382.08,467.22,ultralytics,0.721,2
1163,19.4018,377.43,462.79,377.55,462.8,4.63,,,0.733,372.74,458.16,382.35,467.43,ultralytics,0.733,2
1164,19.4184,377.54,462.93,377.47,462.98,4.66,,,0.748,372.69,458.31,382.25,467.64,ultralytics,0.748,2
1165,19.4351,377.7,463.04,377.63,462.99,4.64,,,0.755,372.82,458.34,382.44,467.63,ultralytics,0.755,3
1166,19.4518,377.9,463.15,378.02,463.16,4.61,,,0.764,373.04,458.55,383.01,467.77,ultralytics,0.764,2
1167,19.4685,378.03,463.27,378.03,463.3,4.56,,,0.76,373.09,458.74,382.98,467.85,ultralytics,0.76,2
1168,19.4852,378.11,463.34,378.08,463.37,4.5,,,0.719,373.19,458.86,382.98,467.87,ultralytics,0.719,2
1169,19.5019,378.25,463.35,378.16,463.37,4.53,,,0.681,373.22,458.83,383.09,467.9,ultralytics,0.681,2
1170,19.5185,378.46,463.35,378.52,463.31,4.45,,,0.671,373.69,458.86,383.35,467.76,ultralytics,0.671,2
1171,19.5352,378.67,463.39,378.66,463.35,4.38,,,0.707,373.81,458.97,383.5,467.73,ultralytics,0.707,2
1172,19.5519,378.88,463.5,378.83,463.5,4.5,,,0.688,374.05,459.0,383.61,468.0,ultralytics,0.688,2
1173,19.5686,379.1,463.63,379.18,463.64,4.63,,,0.74,374.31,459.01,384.05,468.27,ultralytics,0.74,1
1174,19.5853,379.31,463.76,379.24,463.73,4.63,,,0.702,374.36,459.1,384.12,468.35,ultralytics,0.702,1
1175,19.602,379.54,463.95,379.56,463.91,4.72,,,0.661,374.72,459.19,384.41,468.63,ultralytics,0.661,1
1176,19.6186,379.81,464.24,379.74,464.1,4.67,,,0.716,374.92,459.43,384.56,468.77,ultralytics,0.716,1
1177,19.6353,380.09,464.58,380.22,464.8,4.86,,,0.768,375.36,459.79,385.07,469.8,ultralytics,0.768,2
1178,19.652,380.31,464.78,380.24,464.79,4.87,,,0.773,375.37,459.8,385.11,469.78,ultralytics,0.773,1
1179,19.6687,380.51,464.86,380.56,464.85,4.9,,,0.745,375.67,459.85,385.46,469.85,ultralytics,0.745,2
1180,19.6854,380.69,464.93,380.69,464.96,4.87,,,0.742,375.82,460.01,385.56,469.91,ultralytics,0.742,2
1181,19.7021,380.91,465.0,380.83,464.95,4.81,,,0.706,375.94,460.14,385.71,469.76,ultralytics,0.706,2
1182,19.7187,381.21,465.12,381.16,465.07,4.8,,,0.718,376.24,460.27,386.08,469.87,ultralytics,0.718,2
1183,19.7354,381.55,465.25,381.63,465.38,4.61,,,0.736,377.02,460.63,386.25,470.13,ultralytics,0.736,2
1184,19.7521,381.77,465.31,381.89,465.26,4.73,,,0.726,377.09,460.54,386.69,469.99,ultralytics,0.726,2
1185,19.7688,381.86,465.36,381.84,465.36,4.75,,,0.708,377.05,460.61,386.63,470.11,ultralytics,0.708,2
1186,19.7855,381.92,465.44,381.86,465.41,4.77,,,0.704,377.09,460.63,386.63,470.19,ultralytics,0.704,2
1187,19.8021,382.05,465.54,382.05,465.54,4.74,,,0.691,377.2,460.8,386.89,470.27,ultralytics,0.691,2
1188,19.8188,382.2,465.64,382.22,465.67,4.73,,,0.693,377.4,460.94,387.03,470.41,ultralytics,0.693,2
1189,19.8355,382.36,465.7,382.34,465.74,4.79,,,0.696,377.53,460.96,387.16,470.53,ultralytics,0.696,2
1190,19.8522,382.56,465.71,382.5,465.73,4.67,,,0.735,377.73,461.06,387.27,470.4,ultralytics,0.735,2
1191,19.8689,382.81,465.71,382.86,465.62,4.49,,,0.692,378.07,461.13,387.65,470.12,ultralytics,0.692,2
1192,19.8856,383.0,465.77,383.06,465.8,4.6,,,0.671,378.35,461.2,387.76,470.4,ultralytics,0.671,2
1193,19.9022,383.12,465.88,383.09,465.79,4.5,,,0.67,378.33,461.29,387.85,470.29,ultralytics,0.67,2
1194,19.9189,383.29,466.03,383.19,466.1,4.48,,,0.556,378.46,461.62,387.91,470.58,ultralytics,0.556,2
1195,19.9356,383.52,466.15,383.58,466.13,4.37,,,0.592,378.85,461.76,388.31,470.5,ultralytics,0.592,2
1196,19.9523,383.72,466.25,383.77,466.3,4.4,,,0.654,379.1,461.89,388.45,470.7,ultralytics,0.654,2
1197,19.969,383.84,466.32,383.86,466.29,4.41,,,0.648,379.15,461.88,388.57,470.7,ultralytics,0.648,2
1198,19.9857,383.91,466.42,383.92,466.39,4.42,,,0.663,379.26,461.96,388.58,470.81,ultralytics,0.663,2
1199,20.0023,383.97,466.55,383.97,466.57,4.64,,,0.679,379.19,461.93,388.75,471.21,ultralytics,0.679,1
1200,20.019,384.02,466.65,384.01,466.72,4.66,,,0.598,379.11,462.06,388.91,471.38,ultralytics,0.598,1
1201,20.0357,384.09,466.69,384.06,466.66,4.58,,,0.589,379.18,462.07,388.94,471.24,ultralytics,0.589,1
1202,20.0524,384.19,466.72,384.19,466.73,4.55,,,0.596,379.35,462.18,389.04,471.28,ultralytics,0.596,2
1203,20.0691,384.34,466.74,384.31,466.78,4.52,,,0.594,379.49,462.26,389.12,471.3,ultralytics,0.594,2
1204,20.0857,384.55,466.74,384.49,466.71,4.45,,,0.552,379.67,462.26,389.32,471.17,ultralytics,0.552,2
1205,20.1024,384.8,466.75,384.87,466.75,4.42,,,0.549,380.04,462.34,389.7,471.17,ultralytics,0.549,2
1206,20.1191,385.01,466.78,385.05,466.77,4.4,,,0.577,380.2,462.36,389.9,471.17,ultralytics,0.577,2
1207,20.1358,385.16,466.85,385.13,466.8,4.38,,,0.604,380.28,462.42,389.97,471.18,ultralytics,0.604,2
1208,20.1525,385.28,466.94,385.33,467.01,4.45,,,0.528,380.47,462.56,390.2,471.46,ultralytics,0.528,2
1209,20.1692,385.4,466.97,385.32,467.0,4.46,,,0.597,380.47,462.54,390.18,471.46,ultralytics,0.597,2
1210,20.1858,385.54,466.98,385.62,466.92,4.49,,,0.622,380.74,462.44,390.5,471.41,ultralytics,0.622,1
1211,20.2025,385.67,467.01,385.63,467.04,4.6,,,0.691,380.72,462.44,390.55,471.64,ultralytics,0.691,1
1212,20.2192,385.8,467.05,385.81,467.05,4.53,,,0.722,380.81,462.52,390.82,471.58,ultralytics,0.722,2
1213,20.2359,385.94,467.09,385.93,467.07,4.52,,,0.695,380.81,462.54,391.04,471.59,ultralytics,0.695,1
1214,20.2526,386.07,467.16,386.1,467.16,4.42,,,0.701,380.97,462.74,391.24,471.58,ultralytics,0.701,1
1215,20.2693,386.19,467.24,386.14,467.24,4.49,,,0.683,381.08,462.75,391.19,471.72,ultralytics,0.683,2
1216,20.2859,386.31,467.32,386.38,467.35,4.46,,,0.717,381.56,462.89,391.2,471.81,ultralytics,0.717,1
1217,20.3026,386.38,467.37,386.39,467.36,4.45,,,0.697,381.56,462.91,391.21,471.81,ultralytics,0.697,1
1218,20.3193,386.41,467.44,386.39,467.41,4.43,,,0.706,381.57,462.98,391.21,471.85,ultralytics,0.706,1
1219,20.336,386.43,467.54,386.44,467.52,4.42,,,0.715,381.65,463.09,391.22,471.94,ultralytics,0.715,1
1220,20.3527,386.44,467.65,386.46,467.69,4.5,,,0.714,381.7,463.19,391.22,472.19,ultralytics,0.714,1
1221,20.3694,386.44,467.7,386.43,467.74,4.57,,,0.709,381.65,463.17,391.21,472.3,ultralytics,0.709,1
1222,20.386,386.45,467.7,386.42,467.69,4.56,,,0.701,381.6,463.13,391.24,472.25,ultralytics,0.701,1
1223,20.4027,386.54,467.7,386.46,467.66,4.54,,,0.721,381.62,463.12,391.31,472.19,ultralytics,0.721,1
1224,20.4194,386.66,467.73,386.76,467.76,4.58,,,0.716,382.01,463.18,391.5,472.34,ultralytics,0.716,1
1225,20.4361,386.73,467.75,386.74,467.76,4.56,,,0.689,382.0,463.2,391.49,472.32,ultralytics,0.689,1
1226,20.4528,386.73,467.76,386.74,467.74,4.55,,,0.701,381.99,463.18,391.49,472.29,ultralytics,0.701,1
1227,20.4694,386.71,467.78,386.69,467.76,4.57,,,0.696,381.89,463.19,391.48,472.33,ultralytics,0.696,1
1228,20.4861,386.69,467.83,386.69,467.85,4.66,,,0.709,381.85,463.19,391.53,472.51,ultralytics,0.709,1
1229,20.5028,386.68,467.86,386.7,467.87,4.59,,,0.694,381.86,463.28,391.53,472.46,ultralytics,0.694,1
1230,20.5195,386.66,467.88,386.67,467.86,4.6,,,0.694,381.87,463.26,391.47,472.47,ultralytics,0.694,1
1231,20.5362,386.63,467.91,386.59,467.94,4.54,,,0.657,381.81,463.4,391.38,472.49,ultralytics,0.657,1
1232,20.5529,386.64,467.92,386.65,467.91,4.59,,,0.683,381.87,463.32,391.44,472.5,ultralytics,0.683,1
1233,20.5695,386.65,467.93,386.66,467.93,4.61,,,0.689,381.89,463.32,391.42,472.54,ultralytics,0.689,1
1234,20.5862,386.65,467.92,386.65,467.93,4.63,,,0.702,381.87,463.3,391.42,472.56,ultralytics,0.702,1
1235,20.6029,386.61,467.89,386.65,467.94,4.63,,,0.713,381.86,463.31,391.43,472.57,ultralytics,0.713,1
1236,20.6196,386.57,467.82,386.52,467.77,4.54,,,0.65,381.71,463.23,391.33,472.31,ultralytics,0.65,2
1237,20.6363,386.57,467.79,386.56,467.75,4.55,,,0.647,381.73,463.2,391.38,472.31,ultralytics,0.647,1
1238,20.653,386.59,467.82,386.61,467.83,4.58,,,0.64,381.79,463.25,391.42,472.4,ultralytics,0.64,1
1239,20.6696,386.59,467.86,386.6,467.85,4.6,,,0.722,381.74,463.26,391.46,472.45,ultralytics,0.722,2
1240,20.6863,386.57,467.91,386.57,467.91,4.62,,,0.709,381.7,463.29,391.44,472.53,ultralytics,0.709,1
1241,20.703,386.54,467.97,386.53,467.94,4.58,,,0.702,381.74,463.36,391.32,472.53,ultralytics,0.702,1
1242,20.7197,386.5,468.02,386.52,468.08,4.46,,,0.679,381.73,463.62,391.31,472.54,ultralytics,0.679,1
1243,20.7364,386.44,468.03,386.43,468.04,4.49,,,0.699,381.64,463.55,391.23,472.53,ultralytics,0.699,2
1244,20.753,386.35,468.01,386.39,468.01,4.53,,,0.699,381.54,463.49,391.25,472.54,ultralytics,0.699,1
1245,20.7697,386.23,468.0,386.24,467.98,4.51,,,0.696,381.41,463.47,391.07,472.49,ultralytics,0.696,1
1246,20.7864,386.08,468.01,386.09,467.99,4.48,,,0.679,381.2,463.52,390.99,472.47,ultralytics,0.679,1
1247,20.8031,385.92,468.06,385.91,468.05,4.49,,,0.67,381.02,463.56,390.8,472.54,ultralytics,0.67,1
1248,20.8198,385.8,468.12,385.73,468.13,4.37,,,0.707,380.77,463.76,390.7,472.51,ultralytics,0.707,1
1249,20.8365,385.72,468.18,385.78,468.16,4.37,,,0.676,380.8,463.79,390.75,472.53,ultralytics,0.676,1
1250,20.8531,385.62,468.26,385.63,468.27,4.29,,,0.646,380.77,463.99,390.49,472.56,ultralytics,0.646,1
1251,20.8698,385.48,468.34,385.47,468.35,4.35,,,0.635,380.67,464.0,390.26,472.7,ultralytics,0.635,1
1252,20.8865,385.34,468.43,385.32,468.41,4.32,,,0.667,380.5,464.08,390.14,472.73,ultralytics,0.667,1
1253,20.9032,385.19,468.56,385.25,468.51,4.34,,,0.647,380.42,464.17,390.08,472.85,ultralytics,0.647,1
1254,20.9199,384.99,468.74,385.05,468.74,4.51,,,0.618,380.19,464.23,389.91,473.25,ultralytics,0.618,1
1255,20.9366,384.79,468.92,384.6,468.96,4.46,,,0.616,379.7,464.5,389.49,473.42,ultralytics,0.616,1
1256,20.9532,384.72,469.05,384.74,469.08,4.42,,,0.594,379.75,464.66,389.72,473.49,ultralytics,0.594,1
1257,20.9699,384.73,469.15,384.74,469.13,4.41,,,0.662,379.84,464.72,389.65,473.54,ultralytics,0.662,1
1258,20.9866,384.69,469.28,384.75,469.22,4.41,,,0.645,379.84,464.8,389.66,473.63,ultralytics,0.645,1
1259,21.0033,384.57,469.46,384.59,469.48,4.46,,,0.685,379.82,465.02,389.36,473.95,ultralytics,0.685,1
1260,21.02,384.42,469.6,384.37,469.7,4.65,,,0.716,379.57,465.06,389.16,474.35,ultralytics,0.716,1
1261,21.0367,384.29,469.66,384.34,469.63,4.55,,,0.705,379.52,465.08,389.15,474.17,ultralytics,0.705,1
1262,21.0533,384.16,469.67,384.12,469.7,4.6,,,0.642,379.19,465.1,389.05,474.3,ultralytics,0.642,1
1263,21.07,384.03,469.67,384.06,469.65,4.61,,,0.643,379.07,465.04,389.04,474.26,ultralytics,0.643,1
1264,21.0867,383.9,469.71,383.89,469.69,4.63,,,0.617,378.9,465.06,388.88,474.32,ultralytics,0.617,1
1265,21.1034,383.74,469.83,383.79,469.7,4.6,,,0.596,378.85,465.1,388.73,474.3,ultralytics,0.596,1
1266,21.1201,383.54,470.05,383.51,470.13,4.77,,,0.407,378.75,465.26,388.28,475.01,ultralytics,0.407,1
1267,21.1367,383.33,470.25,383.37,470.26,4.82,,,0.457,378.51,465.44,388.22,475.08,ultralytics,0.457,1
1268,21.1534,383.11,470.38,383.08,470.41,4.56,,,0.42,378.31,465.85,387.84,474.97,ultralytics,0.42,1
1269,21.1701,382.89,470.5,382.93,470.46,4.61,,,0.409,378.23,465.85,387.62,475.07,ultralytics,0.409,1
1270,21.1868,382.65,470.68,382.63,470.61,4.71,,,0.525,377.75,465.9,387.51,475.31,ultralytics,0.525,1
1271,21.2035,382.4,470.89,382.41,470.98,4.77,,,0.666,377.64,466.16,387.18,475.79,ultralytics,0.666,1
1272,21.2202,382.11,471.05,382.17,471.09,4.91,,,0.661,377.24,466.19,387.1,476.0,ultralytics,0.661,1
1273,21.2368,381.79,471.24,381.72,471.03,4.83,,,0.684,376.88,466.12,386.55,475.94,ultralytics,0.684,1
1274,21.2535,381.48,471.59,381.49,471.61,4.79,,,0.651,376.69,466.54,386.28,476.69,ultralytics,0.651,1
1275,21.2702,381.15,471.94,381.24,472.07,4.94,,,0.668,376.3,467.01,386.18,477.13,ultralytics,0.668,1
1276,21.2869,380.77,472.14,380.74,472.23,5.1,,,0.712,375.61,467.14,385.87,477.33,ultralytics,0.712,1
1277,21.3036,380.4,472.27,380.31,472.1,4.78,,,0.707,375.23,467.32,385.4,476.88,ultralytics,0.707,1
1278,21.3203,380.1,472.5,380.18,472.54,4.84,,,0.698,375.29,467.7,385.08,477.38,ultralytics,0.698,1
1279,21.3369,379.81,472.79,379.75,472.77,4.76,,,0.694,374.84,468.01,384.66,477.53,ultralytics,0.694,1
1280,21.3536,379.51,473.07,379.55,473.1,4.73,,,0.751,374.73,468.37,384.36,477.82,ultralytics,0.751,1
1281,21.3703,379.23,473.32,379.18,473.34,4.82,,,0.758,374.27,468.52,384.08,478.16,ultralytics,0.758,1
1282,21.387,378.95,473.51,378.99,473.57,4.62,,,0.767,374.16,468.95,383.82,478.19,ultralytics,0.767,1
1283,21.4037,378.67,473.7,378.64,473.57,4.6,,,0.746,373.8,468.96,383.48,478.17,ultralytics,0.746,1
1284,21.4203,378.36,473.97,378.43,474.01,4.66,,,0.796,373.57,469.34,383.29,478.67,ultralytics,0.796,1
1285,21.437,378.02,474.25,377.99,474.26,4.58,,,0.795,373.17,469.68,382.82,478.84,ultralytics,0.795,1
1286,21.4537,377.68,474.52,377.63,474.48,4.61,,,0.783,372.84,469.86,382.42,479.09,ultralytics,0.783,1
1287,21.4704,377.32,474.76,377.47,474.91,4.68,,,0.792,372.73,470.22,382.22,479.59,ultralytics,0.792,1
1288,21.4871,376.87,474.97,376.83,474.8,4.61,,,0.745,372.03,470.19,381.62,479.41,ultralytics,0.745,1
1289,21.5038,376.45,475.21,376.34,475.29,4.69,,,0.726,371.42,470.6,381.25,479.98,ultralytics,0.726,1
1290,21.5204,376.12,475.43,376.18,475.48,4.81,,,0.71,371.23,470.67,381.12,480.29,ultralytics,0.71,1
1291,21.5371,375.82,475.59,375.75,475.58,4.62,,,0.712,370.82,470.97,380.69,480.2,ultralytics,0.712,1
1292,21.5538,375.53,475.79,375.58,475.66,4.64,,,0.642,370.68,471.03,380.49,480.3,ultralytics,0.642,1
1293,21.5705,375.24,476.07,375.21,476.18,4.58,,,0.735,370.22,471.6,380.19,480.75,ultralytics,0.735,2
1294,21.5872,374.93,476.3,375.0,476.28,4.56,,,0.763,370.06,471.72,379.94,480.84,ultralytics,0.763,1
1295,21.6039,374.61,476.5,374.53,476.56,4.19,,,0.712,369.68,472.37,379.38,480.75,ultralytics,0.712,1
1296,21.6205,374.34,476.73,374.32,476.54,4.25,,,0.657,369.35,472.29,379.28,480.79,ultralytics,0.657,1
1297,21.6372,374.08,477.04,374.16,477.18,4.27,,,0.643,369.3,472.92,379.02,481.45,ultralytics,0.643,1
1298,21.6539,373.78,477.31,373.75,477.33,4.26,,,0.563,368.88,473.07,378.62,481.59,ultralytics,0.563,1
1299,21.6706,373.47,477.61,373.47,477.4,4.23,,,0.558,368.67,473.17,378.26,481.63,ultralytics,0.558,1
1300,21.6873,373.17,478.08,373.13,478.09,4.42,,,0.594,368.2,473.67,378.06,482.51,ultralytics,0.594,1
1301,21.704,372.87,478.59,372.96,478.72,4.54,,,0.605,368.04,474.17,377.89,483.26,ultralytics,0.605,1
1302,21.7206,372.55,478.96,372.47,479.01,4.55,,,0.674,367.52,474.46,377.42,483.56,ultralytics,0.674,1
1303,21.7373,372.26,479.25,372.27,479.17,4.37,,,0.693,367.42,474.8,377.12,483.55,ultralytics,0.693,1
1304,21.754,371.98,479.56,372.03,479.61,4.54,,,0.738,367.11,475.07,376.95,484.15,ultralytics,0.738,1
1305,21.7707,371.67,479.86,371.6,479.85,4.64,,,0.745,366.63,475.22,376.58,484.49,ultralytics,0.745,1
1306,21.7874,371.37,480.16,371.45,480.16,4.72,,,0.719,366.56,475.44,376.34,484.89,ultralytics,0.719,1
1307,21.804,371.06,480.44,370.99,480.49,4.78,,,0.704,365.93,475.72,376.06,485.27,ultralytics,0.704,1
1308,21.8207,370.8,480.66,370.77,480.7,4.88,,,0.661,365.86,475.82,375.67,485.58,ultralytics,0.661,1
1309,21.8374,370.57,480.85,370.65,480.78,4.72,,,0.66,365.74,476.06,375.55,485.5,ultralytics,0.66,1
1310,21.8541,370.3,481.14,370.26,481.05,4.89,,,0.632,365.37,476.15,375.14,485.95,ultralytics,0.632,1
1311,21.8708,369.98,481.52,370.08,481.59,4.69,,,0.627,365.28,476.9,374.87,486.28,ultralytics,0.627,1
1312,21.8875,369.62,481.89,369.56,481.89,4.65,,,0.694,364.78,477.24,374.34,486.53,ultralytics,0.694,1
1313,21.9041,369.28,482.27,369.26,482.19,4.5,,,0.667,364.37,477.7,374.15,486.69,ultralytics,0.667,1
1314,21.9208,369.01,482.73,368.98,482.72,4.6,,,0.482,364.13,478.12,373.83,487.32,ultralytics,0.482,1
1315,21.9375,368.76,483.19,368.79,483.3,4.61,,,0.602,364.0,478.69,373.58,487.92,ultralytics,0.602,1
1316,21.9542,368.52,483.55,368.5,483.53,4.67,,,0.611,363.7,478.86,373.29,488.2,ultralytics,0.611,1
1317,21.9709,368.28,483.86,368.29,483.89,4.58,,,0.587,363.42,479.31,373.17,488.48,ultralytics,0.587,1
1318,21.9876,368.01,484.16,368.06,484.1,4.62,,,0.66,363.08,479.48,373.04,488.71,ultralytics,0.66,1
1319,22.0042,367.73,484.45,367.68,484.6,4.72,,,0.69,362.75,479.89,372.61,489.32,ultralytics,0.69,1
1320,22.0209,367.48,484.72,367.44,484.49,4.34,,,0.71,362.7,480.15,372.18,488.83,ultralytics,0.71,1
1321,22.0376,367.3,485.06,367.3,485.21,4.48,,,0.7,362.49,480.73,372.1,489.69,ultralytics,0.7,1
1322,22.0543,367.11,485.47,367.18,485.31,4.53,,,0.718,362.31,480.78,372.04,489.85,ultralytics,0.718,1
1323,22.071,366.85,486.02,366.84,485.9,4.52,,,0.635,362.04,481.37,371.64,490.42,ultralytics,0.635,1
1324,22.0876,366.5,486.67,366.62,486.81,4.71,,,0.645,361.9,482.06,371.33,491.55,ultralytics,0.645,1
1325,22.1043,366.1,487.23,366.0,487.27,4.91,,,0.65,361.01,482.36,371.0,492.19,ultralytics,0.65,1
1326,22.121,365.76,487.68,365.7,487.68,4.65,,,0.63,360.81,483.03,370.59,492.33,ultralytics,0.63,1
1327,22.1377,365.48,488.18,365.56,488.06,4.57,,,0.646,360.7,483.49,370.42,492.64,ultralytics,0.646,1
1328,22.1544,365.19,488.84,365.12,488.76,4.63,,,0.647,360.29,484.13,369.96,493.39,ultralytics,0.647,1
1329,22.1711,364.89,489.63,364.99,489.64,4.81,,,0.675,360.18,484.59,369.79,494.7,ultralytics,0.675,1
1330,22.1877,364.61,490.42,364.46,490.5,5.34,,,0.491,359.12,485.06,369.79,495.94,ultralytics,0.491,1
1331,22.2044,,,,,,,,0.0,,,,,ultralytics,0.0,0
1332,22.2211,364.43,491.08,364.4,491.15,4.86,,,0.786,359.55,486.13,369.26,496.16,ultralytics,0.786,1
1333,22.2378,364.3,491.57,364.37,491.68,4.84,,,0.766,359.52,486.73,369.21,496.64,ultralytics,0.766,1
1334,22.2545,364.09,491.93,364.18,491.88,4.46,,,0.719,359.52,487.42,368.85,496.33,ultralytics,0.719,1
1335,22.2712,363.81,492.27,363.74,492.3,4.44,,,0.677,359.03,487.85,368.46,496.74,ultralytics,0.677,1
1336,22.2878,363.6,492.71,363.51,492.52,4.26,,,0.63,358.71,488.26,368.3,496.79,ultralytics,0.63,1
1337,22.3045,363.51,493.3,363.53,493.31,4.41,,,0.666,358.76,488.89,368.3,497.72,ultralytics,0.666,1
1338,22.3212,363.47,493.95,363.42,494.01,4.6,,,0.681,358.64,489.41,368.2,498.62,ultralytics,0.681,1
1339,22.3379,363.45,494.49,363.47,494.63,4.76,,,0.643,358.7,489.81,368.23,499.45,ultralytics,0.643,1
1340,22.3546,363.41,494.87,363.44,494.81,4.45,,,0.625,358.81,490.37,368.07,499.26,ultralytics,0.625,1
1341,22.3713,363.35,495.19,363.31,495.27,4.63,,,0.628,358.57,490.64,368.05,499.91,ultralytics,0.628,1
1342,22.3879,363.32,495.46,363.3,495.47,4.77,,,0.662,358.52,490.71,368.08,500.24,ultralytics,0.662,1
1343,22.4046,363.32,495.72,363.3,495.63,4.58,,,0.626,358.6,491.05,367.99,500.22,ultralytics,0.626,2
1344,22.4213,363.31,496.08,363.43,496.04,4.51,,,0.677,358.78,491.53,368.08,500.55,ultralytics,0.677,1
1345,22.438,363.28,496.58,363.12,496.47,4.55,,,0.647,358.4,491.92,367.85,501.02,ultralytics,0.647,1
1346,22.4547,363.29,497.09,363.36,497.33,4.73,,,0.697,358.62,492.44,368.09,502.22,ultralytics,0.697,1
1347,22.4713,363.3,497.43,363.33,497.39,4.77,,,0.73,358.56,492.58,368.1,502.2,ultralytics,0.73,1
1348,22.488,363.27,497.65,363.25,497.73,4.79,,,0.703,358.45,492.94,368.04,502.53,ultralytics,0.703,1
1349,22.5047,363.24,497.81,363.25,497.83,4.77,,,0.725,358.45,493.06,368.05,502.6,ultralytics,0.725,1
1350,22.5214,363.22,498.05,363.22,497.78,4.74,,,0.661,358.42,493.04,368.02,502.52,ultralytics,0.661,1
1351,22.5381,363.23,498.42,363.18,498.63,4.81,,,0.669,358.38,493.56,367.99,503.71,ultralytics,0.669,1
1352,22.5548,363.29,498.73,363.3,498.71,4.82,,,0.73,358.48,493.79,368.13,503.63,ultralytics,0.73,1
1353,22.5714,363.36,498.91,363.37,499.01,4.8,,,0.745,358.56,493.99,368.17,504.02,ultralytics,0.745,1
1354,22.5881,363.42,499.0,363.44,498.99,4.82,,,0.732,358.62,494.14,368.25,503.83,ultralytics,0.732,1
1355,22.6048,363.48,499.06,363.42,499.04,4.84,,,0.752,358.58,494.18,368.25,503.91,ultralytics,0.752,1
1356,22.6215,363.57,499.13,363.61,499.15,4.71,,,0.754,358.9,494.42,368.33,503.87,ultralytics,0.754,1
1357,22.6382,363.63,499.18,363.65,499.19,4.57,,,0.754,358.96,494.62,368.34,503.77,ultralytics,0.754,1
1358,22.6549,363.65,499.23,363.64,499.2,4.6,,,0.737,358.93,494.59,368.35,503.8,ultralytics,0.737,1
1359,22.6715,363.68,499.29,363.68,499.29,4.66,,,0.76,358.96,494.62,368.4,503.95,ultralytics,0.76,1
1360,22.6882,363.72,499.37,363.68,499.37,4.55,,,0.776,358.97,494.81,368.39,503.92,ultralytics,0.776,1
1361,22.7049,363.8,499.46,363.81,499.46,4.7,,,0.747,359.03,494.76,368.59,504.16,ultralytics,0.747,1
1362,22.7216,363.9,499.55,363.91,499.58,4.55,,,0.716,359.07,495.03,368.75,504.14,ultralytics,0.716,1
1363,22.7383,364.01,499.61,363.95,499.58,4.57,,,0.734,359.01,495.02,368.89,504.15,ultralytics,0.734,1
1364,22.755,364.19,499.68,364.15,499.7,4.54,,,0.744,359.27,495.16,369.03,504.23,ultralytics,0.744,1
1365,22.7716,364.43,499.73,364.45,499.73,4.51,,,0.748,359.35,495.22,369.55,504.24,ultralytics,0.748,2
1366,22.7883,364.65,499.75,364.72,499.79,4.56,,,0.756,359.75,495.24,369.68,504.35,ultralytics,0.756,1
1367,22.805,364.8,499.73,364.77,499.75,4.51,,,0.773,359.82,495.24,369.71,504.26,ultralytics,0.773,1
1368,22.8217,364.93,499.7,364.98,499.65,4.38,,,0.795,360.09,495.27,369.86,504.03,ultralytics,0.795,1
1369,22.8384,365.03,499.72,365.0,499.68,4.36,,,0.794,360.14,495.32,369.87,504.04,ultralytics,0.794,1
1370,22.855,365.16,499.82,365.09,499.78,4.42,,,0.794,360.3,495.36,369.88,504.2,ultralytics,0.794,1
1371,22.8717,365.34,499.95,365.42,500.03,4.34,,,0.777,360.56,495.69,370.28,504.38,ultralytics,0.777,1
1372,22.8884,365.48,500.03,365.46,500.04,4.35,,,0.771,360.66,495.69,370.26,504.4,ultralytics,0.771,1
1373,22.9051,365.66,500.06,365.58,500.06,4.4,,,0.769,360.74,495.67,370.41,504.46,ultralytics,0.769,1
1374,22.9218,365.92,500.06,365.93,500.08,4.4,,,0.752,360.89,495.68,370.96,504.48,ultralytics,0.752,1
1375,22.9385,366.15,500.03,366.25,500.04,4.37,,,0.714,361.32,495.68,371.19,504.41,ultralytics,0.714,2
1376,22.9551,366.31,500.0,366.29,499.97,4.4,,,0.734,361.3,495.57,371.27,504.37,ultralytics,0.734,1
1377,22.9718,366.51,499.98,366.38,499.99,4.44,,,0.712,361.55,495.55,371.21,504.42,ultralytics,0.712,2
1378,22.9885,366.79,499.97,366.87,499.96,4.43,,,0.703,362.19,495.53,371.56,504.39,ultralytics,0.703,2
1379,23.0052,367.07,499.93,367.07,499.98,4.5,,,0.739,362.23,495.48,371.9,504.48,ultralytics,0.739,2
1380,23.0219,367.34,499.81,367.3,499.88,4.49,,,0.785,362.45,495.39,372.14,504.37,ultralytics,0.785,2
1381,23.0386,367.64,499.67,367.64,499.53,4.5,,,0.743,362.73,495.04,372.56,504.03,ultralytics,0.743,2
1382,23.0552,368.01,499.55,367.96,499.72,4.58,,,0.747,362.89,495.14,373.03,504.3,ultralytics,0.747,2
1383,23.0719,368.46,499.35,368.39,499.3,4.69,,,0.7,363.15,494.61,373.63,503.99,ultralytics,0.7,1
1384,23.0886,369.02,499.13,369.0,499.1,4.93,,,0.699,363.86,494.17,374.15,504.02,ultralytics,0.699,1
1385,23.1053,369.7,498.87,369.58,499.03,4.79,,,0.764,364.31,494.24,374.86,503.83,ultralytics,0.764,1
1386,23.122,370.54,498.46,370.48,498.51,4.96,,,0.738,365.18,493.55,375.78,503.47,ultralytics,0.738,1
1387,23.1386,371.57,497.91,371.48,497.89,4.77,,,0.733,366.22,493.11,376.74,502.66,ultralytics,0.733,1
1388,23.1553,372.94,497.27,372.55,497.41,4.79,,,0.759,367.14,492.62,377.96,502.19,ultralytics,0.759,2
1389,23.172,374.83,496.52,374.68,496.48,4.44,,,0.588,367.41,492.04,381.96,500.92,ultralytics,0.588,2
1390,23.1887,377.2,495.75,376.96,495.72,4.73,,,0.629,369.51,490.99,384.42,500.45,ultralytics,0.629,1
1391,23.2054,379.85,495.04,379.98,494.99,4.47,,,0.547,373.3,490.53,386.66,499.46,ultralytics,0.547,1
1392,23.2221,382.46,494.34,382.52,494.46,4.47,,,0.698,377.27,490.0,387.76,498.93,ultralytics,0.698,2
1393,23.2387,384.8,493.58,385.08,493.53,4.37,,,0.683,380.29,489.16,389.87,497.9,ultralytics,0.683,2
1394,23.2554,386.75,492.85,386.88,492.79,4.34,,,0.552,381.68,488.45,392.07,497.12,ultralytics,0.552,2
1395,23.2721,388.28,492.23,388.52,492.18,4.36,,,0.555,383.23,487.82,393.81,496.54,ultralytics,0.555,1
1396,23.2888,389.43,491.72,389.53,491.66,4.41,,,0.584,384.22,487.26,394.83,496.07,ultralytics,0.584,2
1397,23.3055,390.24,491.32,390.46,491.31,4.48,,,0.635,385.15,486.83,395.76,495.79,ultralytics,0.635,2
1398,23.3222,390.73,491.0,390.78,490.9,4.6,,,0.565,385.52,486.29,396.04,495.5,ultralytics,0.565,2
1399,23.3388,391.03,490.77,391.08,490.83,4.52,,,0.473,386.03,486.31,396.13,495.35,ultralytics,0.473,3
1400,23.3555,391.21,490.56,391.23,490.49,4.64,,,0.664,386.33,485.85,396.13,495.13,ultralytics,0.664,1
1401,23.3722,391.33,490.34,391.37,490.45,4.68,,,0.712,386.44,485.78,396.29,495.13,ultralytics,0.712,2
1402,23.3889,391.37,490.13,391.4,490.02,4.61,,,0.644,386.51,485.4,396.28,494.63,ultralytics,0.644,1
1403,23.4056,391.31,490.04,391.41,489.88,4.56,,,0.666,386.49,485.32,396.32,494.45,ultralytics,0.666,1
1404,23.4223,391.2,490.1,391.05,490.2,4.8,,,0.737,385.73,485.4,396.38,494.99,ultralytics,0.737,1
1405,23.4389,391.18,490.14,391.2,490.15,4.8,,,0.717,385.95,485.35,396.44,494.95,ultralytics,0.717,1
1406,23.4556,391.18,490.1,391.22,490.17,4.94,,,0.737,386.09,485.23,396.35,495.1,ultralytics,0.737,1
1407,23.4723,391.13,489.98,391.16,489.96,4.92,,,0.707,386.07,485.05,396.25,494.88,ultralytics,0.707,1
1408,23.489,391.04,489.84,391.03,489.83,4.79,,,0.666,386.02,485.04,396.04,494.63,ultralytics,0.666,1
1409,23.5057,390.97,489.66,390.93,489.8,4.87,,,0.691,385.89,484.93,395.98,494.66,ultralytics,0.691,1
1410,23.5223,390.95,489.41,390.95,489.29,4.75,,,0.711,386.0,484.54,395.9,494.04,ultralytics,0.711,1
1411,23.539,390.95,489.22,390.96,489.22,4.84,,,0.691,386.0,484.38,395.92,494.06,ultralytics,0.691,1
1412,23.5557,390.93,489.1,390.96,489.06,4.75,,,0.696,385.89,484.31,396.03,493.81,ultralytics,0.696,1
1413,23.5724,390.88,489.06,390.89,489.01,4.62,,,0.661,385.97,484.39,395.8,493.63,ultralytics,0.661,1
1414,23.5891,390.84,489.03,390.79,489.15,4.7,,,0.643,386.0,484.44,395.57,493.85,ultralytics,0.643,1
1415,23.6058,390.81,488.93,390.86,488.91,4.62,,,0.603,386.16,484.29,395.56,493.53,ultralytics,0.603,1
1416,23.6224,390.77,488.82,390.72,488.77,4.58,,,0.675,385.96,484.2,395.48,493.35,ultralytics,0.675,1
1417,23.6391,390.74,488.73,390.79,488.75,4.54,,,0.672,386.08,484.21,395.49,493.29,ultralytics,0.672,1
1418,23.6558,390.7,488.61,390.68,488.68,4.62,,,0.654,385.92,484.06,395.44,493.31,ultralytics,0.654,1
1419,23.6725,390.66,488.44,390.65,488.41,4.48,,,0.681,385.88,483.92,395.41,492.89,ultralytics,0.681,1
1420,23.6892,390.64,488.24,390.62,488.28,4.45,,,0.675,385.88,483.83,395.37,492.73,ultralytics,0.675,1
1421,23.7059,390.64,488.05,390.64,487.96,4.61,,,0.611,385.77,483.35,395.51,492.58,ultralytics,0.611,1
1422,23.7225,390.66,487.94,390.67,487.94,4.51,,,0.586,385.89,483.42,395.45,492.45,ultralytics,0.586,1
1423,23.7392,390.68,487.84,390.66,487.89,4.58,,,0.538,385.83,483.31,395.49,492.48,ultralytics,0.538,1
1424,23.7559,390.7,487.66,390.73,487.76,4.6,,,0.578,385.81,483.16,395.65,492.36,ultralytics,0.578,1
1425,23.7726,390.7,487.42,390.69,487.31,4.44,,,0.575,385.74,482.87,395.64,491.75,ultralytics,0.575,1
1426,23.7893,390.69,487.23,390.69,487.21,4.39,,,0.614,385.85,482.82,395.53,491.61,ultralytics,0.614,1
1427,23.8059,390.69,487.14,390.69,487.11,4.66,,,0.648,385.73,482.45,395.65,491.77,ultralytics,0.648,1
1428,23.8226,390.71,487.07,390.67,487.06,4.95,,,0.616,385.38,482.11,395.96,492.02,ultralytics,0.616,1
1429,23.8393,390.75,486.88,390.76,487.16,5.06,,,0.616,385.56,482.1,395.96,492.22,ultralytics,0.616,1
1430,23.856,390.81,486.53,390.8,486.34,4.83,,,0.596,385.78,481.52,395.82,491.17,ultralytics,0.596,1
1431,23.8727,390.89,486.2,390.86,486.25,4.68,,,0.622,385.83,481.57,395.89,490.93,ultralytics,0.622,1
1432,23.8894,390.99,485.93,391.0,485.9,4.63,,,0.633,385.82,481.27,396.18,490.54,ultralytics,0.633,1
1433,23.906,391.1,485.72,391.09,485.63,4.7,,,0.634,386.03,480.93,396.15,490.33,ultralytics,0.634,1
1434,23.9227,391.18,485.59,391.23,485.6,4.69,,,0.656,386.25,480.91,396.22,490.29,ultralytics,0.656,1
1435,23.9394,391.24,485.47,391.2,485.55,4.72,,,0.681,386.24,480.83,396.17,490.28,ultralytics,0.681,1
1436,23.9561,391.28,485.26,391.37,485.24,4.7,,,0.614,386.56,480.53,396.17,489.94,ultralytics,0.614,1
1437,23.9728,391.29,485.0,391.2,485.09,4.66,,,0.677,386.23,480.43,396.16,489.75,ultralytics,0.677,1
1438,23.9895,391.31,484.72,391.36,484.56,4.44,,,0.654,386.48,480.12,396.23,489.01,ultralytics,0.654,1
1439,24.0061,391.3,484.5,391.37,484.6,4.51,,,0.706,386.47,480.09,396.27,489.11,ultralytics,0.706,1
1440,24.0228,391.21,484.33,391.16,484.21,4.39,,,0.651,386.13,479.82,396.19,488.6,ultralytics,0.651,1
1441,24.0395,391.11,484.21,391.17,484.23,4.29,,,0.68,386.16,479.95,396.18,488.52,ultralytics,0.68,2
1442,24.0562,390.94,484.05,390.98,484.2,4.36,,,0.66,385.85,479.84,396.11,488.57,ultralytics,0.66,1
1443,24.0729,390.7,483.81,390.74,483.7,4.6,,,0.607,385.63,479.1,395.86,488.3,ultralytics,0.607,1
1444,24.0896,390.44,483.61,390.35,483.58,4.46,,,0.671,385.28,479.11,395.41,488.04,ultralytics,0.671,1
1445,24.1062,390.25,483.49,390.26,483.49,4.34,,,0.648,385.29,479.15,395.22,487.83,ultralytics,0.648,1
1446,24.1229,390.11,483.39,390.1,483.38,4.45,,,0.665,385.18,478.93,395.03,487.83,ultralytics,0.665,1
1447,24.1396,389.99,483.3,389.99,483.31,4.43,,,0.682,385.07,478.88,394.91,487.74,ultralytics,0.682,1
1448,24.1563,389.91,483.16,389.86,483.25,4.4,,,0.714,385.01,478.85,394.71,487.65,ultralytics,0.714,1
1449,24.173,389.88,482.98,389.86,482.89,4.42,,,0.671,384.93,478.47,394.79,487.31,ultralytics,0.671,2
1450,24.1896,389.91,482.84,389.91,482.84,4.47,,,0.636,384.9,478.37,394.93,487.3,ultralytics,0.636,2
1451,24.2063,389.98,482.73,389.92,482.77,4.49,,,0.687,384.94,478.28,394.89,487.25,ultralytics,0.687,2
1452,24.223,390.08,482.58,390.16,482.57,4.51,,,0.674,385.36,478.06,394.95,487.07,ultralytics,0.674,2
1453,24.2397,390.14,482.39,390.09,482.44,4.48,,,0.716,385.34,477.96,394.84,486.93,ultralytics,0.716,2
1454,24.2564,390.19,482.19,390.25,482.09,4.55,,,0.677,385.44,477.55,395.06,486.64,ultralytics,0.677,1
1455,24.2731,390.2,482.06,390.2,482.09,4.57,,,0.714,385.37,477.53,395.04,486.66,ultralytics,0.714,1
1456,24.2897,390.17,481.95,390.17,481.96,4.56,,,0.725,385.44,477.4,394.9,486.52,ultralytics,0.725,1
1457,24.3064,390.13,481.79,390.15,481.83,4.52,,,0.688,385.36,477.31,394.94,486.35,ultralytics,0.688,1
1458,24.3231,390.1,481.59,390.04,481.61,4.66,,,0.702,385.17,476.95,394.91,486.26,ultralytics,0.702,1
1459,24.3398,390.08,481.39,390.16,481.3,4.45,,,0.662,385.31,476.85,395.01,485.75,ultralytics,0.662,1
1460,24.3565,390.06,481.22,389.99,481.29,4.47,,,0.627,385.18,476.81,394.8,485.76,ultralytics,0.627,1
1461,24.3732,390.06,481.05,390.05,481.01,4.71,,,0.681,385.23,476.3,394.87,485.72,ultralytics,0.681,1
1462,24.3898,390.04,480.8,390.16,480.97,4.72,,,0.14,385.21,476.25,395.11,485.69,ultralytics,0.14,1
1463,24.4065,,,,,,,,0.0,,,,,ultralytics,0.0,0
1464,24.4232,,,,,,,,0.0,,,,,ultralytics,0.0,0
1465,24.4399,389.97,480.48,389.87,480.33,4.67,,,0.516,384.84,475.66,394.89,485.0,ultralytics,0.516,1
1466,24.4566,389.93,480.2,389.91,480.21,4.64,,,0.58,384.93,475.57,394.89,484.84,ultralytics,0.58,1
1467,24.4732,389.94,479.98,389.96,479.99,4.81,,,0.707,384.99,475.18,394.93,484.81,ultralytics,0.707,1
1468,24.4899,389.93,479.76,389.96,479.75,4.7,,,0.704,385.13,475.05,394.8,484.45,ultralytics,0.704,1
1469,24.5066,389.91,479.54,389.88,479.58,4.66,,,0.625,384.81,474.92,394.94,484.24,ultralytics,0.625,1
1470,24.5233,389.96,479.33,389.86,479.24,4.54,,,0.641,384.69,474.7,395.03,483.79,ultralytics,0.641,3
1471,24.54,390.12,479.14,390.13,479.21,4.51,,,0.654,385.07,474.7,395.19,483.72,ultralytics,0.654,1
1472,24.5567,390.41,478.83,390.25,479.06,4.51,,,0.667,385.27,474.55,395.23,483.57,ultralytics,0.667,1
1473,24.5733,390.86,478.35,390.86,478.16,4.52,,,0.644,385.95,473.64,395.77,482.69,ultralytics,0.644,1
1474,24.59,391.36,477.93,391.41,477.95,4.62,,,0.581,386.67,473.33,396.15,482.57,ultralytics,0.581,1
1475,24.6067,391.81,477.6,391.85,477.54,4.32,,,0.665,387.07,473.22,396.63,481.86,ultralytics,0.665,1
1476,24.6234,392.21,477.36,392.15,477.31,4.42,,,0.707,387.22,472.89,397.08,481.72,ultralytics,0.707,1
1477,24.6401,392.59,477.13,392.69,477.25,4.38,,,0.693,387.73,472.87,397.64,481.63,ultralytics,0.693,1
1478,24.6568,392.9,476.87,392.9,476.74,4.42,,,0.578,388.07,472.33,397.74,481.16,ultralytics,0.578,1
1479,24.6734,393.18,476.65,393.15,476.71,4.46,,,0.627,388.33,472.25,397.97,481.17,ultralytics,0.627,1
1480,24.6901,393.4,476.42,393.54,476.45,4.32,,,0.563,388.79,472.13,398.28,480.76,ultralytics,0.563,1
1481,24.7068,393.51,476.21,393.52,476.08,4.51,,,0.527,388.72,471.56,398.32,480.59,ultralytics,0.527,1
1482,24.7235,393.53,476.08,393.51,476.11,4.47,,,0.592,388.75,471.64,398.28,480.59,ultralytics,0.592,1
1483,24.7402,393.53,476.01,393.57,475.97,4.46,,,0.659,388.75,471.51,398.38,480.43,ultralytics,0.659,1
1484,24.7569,393.51,475.92,393.5,476.02,4.49,,,0.696,388.69,471.53,398.3,480.5,ultralytics,0.696,1
1485,24.7735,393.48,475.79,393.48,475.71,4.69,,,0.699,388.63,471.02,398.32,480.4,ultralytics,0.699,1
1486,24.7902,393.41,475.7,393.46,475.66,4.64,,,0.606,388.61,471.02,398.3,480.3,ultralytics,0.606,1
1487,24.8069,457.98,475.7,393.31,475.68,4.39,,,0.684,388.58,471.29,398.04,480.07,ultralytics,0.684,1
1488,24.8236,747.84,475.68,393.0,475.8,4.15,,,0.742,388.31,471.64,397.7,479.95,ultralytics,0.742,1
1489,24.8403,,,,,,,,0.0,,,,,ultralytics,0.0,0
1490,24.8569,1225.88,475.57,1580.77,475.53,6.78,,,0.054,1571.26,468.75,1590.29,482.31,ultralytics,0.054,1
1491,24.8736,1451.14,475.44,1580.19,475.41,7.14,,,0.268,1570.91,468.28,1589.46,482.55,ultralytics,0.268,1
1492,24.8903,,,,,,,,0.0,,,,,ultralytics,0.0,0
1493,24.907,1225.83,475.3,1581.03,475.43,6.74,,,0.06,1572.17,468.69,1589.9,482.17,ultralytics,0.06,1
1494,24.9237,,,,,,,,0.0,,,,,ultralytics,0.0,1
1495,24.9404,747.48,475.12,392.58,474.98,4.53,,,0.684,387.89,470.45,397.28,479.51,ultralytics,0.684,1
1496,24.957,457.2,475.0,392.49,475.02,4.73,,,0.759,387.71,470.29,397.27,479.75,ultralytics,0.759,1
1497,24.9737,392.26,474.92,392.31,474.92,4.66,,,0.755,387.45,470.26,397.17,479.58,ultralytics,0.755,1
1498,24.9904,392.05,474.85,391.96,474.83,4.63,,,0.747,387.14,470.19,396.79,479.46,ultralytics,0.747,1
1499,25.0071,391.9,474.77,391.92,474.85,4.7,,,0.743,387.08,470.15,396.77,479.56,ultralytics,0.743,1
1500,25.0238,391.78,474.65,391.76,474.57,4.5,,,0.756,386.95,470.07,396.56,479.07,ultralytics,0.756,1
1501,25.0405,391.69,474.59,391.66,474.57,4.5,,,0.756,386.92,470.08,396.41,479.07,ultralytics,0.756,1
1502,25.0571,391.6,474.55,391.65,474.58,4.61,,,0.742,386.96,469.98,396.34,479.19,ultralytics,0.742,1
1503,25.0738,391.49,474.47,391.49,474.53,4.62,,,0.759,386.73,469.92,396.25,479.15,ultralytics,0.759,1
1504,25.0905,391.35,474.36,391.36,474.28,4.57,,,0.752,386.6,469.71,396.13,478.85,ultralytics,0.752,1
1505,25.1072,391.18,474.27,391.22,474.32,4.62,,,0.726,386.39,469.7,396.05,478.94,ultralytics,0.726,1
1506,25.1239,390.97,474.18,390.97,474.13,4.51,,,0.726,386.11,469.61,395.84,478.64,ultralytics,0.726,1
1507,25.1406,390.78,474.11,390.72,474.15,4.56,,,0.741,385.81,469.6,395.62,478.71,ultralytics,0.741,1
1508,25.1572,390.64,473.99,390.63,474.04,4.45,,,0.741,385.9,469.59,395.36,478.49,ultralytics,0.741,1
1509,25.1739,390.53,473.85,390.54,473.79,4.29,,,0.75,385.82,469.51,395.26,478.08,ultralytics,0.75,1
1510,25.1906,390.37,473.74,390.45,473.75,4.41,,,0.74,385.71,469.34,395.19,478.16,ultralytics,0.74,1
1511,25.2073,390.17,473.66,390.12,473.66,4.41,,,0.745,385.33,469.24,394.91,478.07,ultralytics,0.745,1
1512,25.224,389.98,473.58,389.94,473.57,4.6,,,0.747,385.13,468.97,394.76,478.16,ultralytics,0.747,1
1513,25.2406,389.81,473.5,389.9,473.49,4.48,,,0.747,385.08,469.01,394.71,477.97,ultralytics,0.747,1
1514,25.2573,389.64,473.46,389.52,473.44,4.42,,,0.75,384.64,469.02,394.41,477.87,ultralytics,0.75,1
1515,25.274,389.55,473.42,389.55,473.46,4.5,,,0.746,384.65,468.97,394.44,477.96,ultralytics,0.746,1
1516,25.2907,389.48,473.38,389.53,473.34,4.5,,,0.751,384.61,468.84,394.45,477.84,ultralytics,0.751,1
1517,25.3074,389.35,473.35,389.43,473.34,4.49,,,0.751,384.59,468.86,394.28,477.83,ultralytics,0.751,1
1518,25.3241,389.16,473.34,389.07,473.39,4.5,,,0.755,384.24,468.89,393.9,477.88,ultralytics,0.755,1
1519,25.3407,389.0,473.3,389.03,473.27,4.46,,,0.754,384.25,468.82,393.8,477.73,ultralytics,0.754,1
1520,25.3574,388.89,473.26,388.83,473.25,4.49,,,0.757,384.05,468.76,393.61,477.75,ultralytics,0.757,1
1521,25.3741,388.83,473.23,388.83,473.23,4.49,,,0.765,384.06,468.74,393.6,477.72,ultralytics,0.765,1
1522,25.3908,388.77,473.2,388.8,473.23,4.6,,,0.75,384.02,468.63,393.59,477.83,ultralytics,0.75,1
1523,25.4075,388.65,473.17,388.72,473.09,4.55,,,0.746,383.93,468.54,393.52,477.64,ultralytics,0.746,1
1524,25.4242,388.49,473.18,388.4,473.22,4.81,,,0.797,383.51,468.41,393.29,478.04,ultralytics,0.797,1
1525,25.4408,388.39,473.14,388.38,473.21,4.84,,,0.805,383.48,468.37,393.27,478.05,ultralytics,0.805,1
1526,25.4575,388.33,473.01,388.36,473.04,4.74,,,0.796,383.47,468.29,393.26,477.78,ultralytics,0.796,1
1527,25.4742,388.24,472.87,388.26,472.77,4.5,,,0.797,383.36,468.27,393.16,477.27,ultralytics,0.797,1
1528,25.4909,388.13,472.8,388.1,472.82,4.5,,,0.808,383.24,468.32,392.96,477.32,ultralytics,0.808,1
1529,25.5076,388.04,472.76,388.01,472.78,4.63,,,0.824,383.13,468.16,392.88,477.41,ultralytics,0.824,1
1530,25.5242,387.99,472.72,387.99,472.69,4.51,,,0.828,383.05,468.18,392.92,477.19,ultralytics,0.828,1
1531,25.5409,387.95,472.69,387.97,472.71,4.63,,,0.808,382.98,468.07,392.95,477.34,ultralytics,0.808,1
1532,25.5576,387.9,472.67,387.87,472.66,4.6,,,0.791,382.94,468.07,392.81,477.26,ultralytics,0.791,1
1533,25.5743,395.18,473.58,387.96,472.66,4.6,,,0.762,383.12,468.06,392.8,477.26,ultralytics,0.762,1
1534,25.591,420.81,476.8,387.36,472.59,4.97,,,0.681,381.92,467.62,392.8,477.56,ultralytics,0.681,1
1535,25.6077,442.31,479.47,523.56,489.77,10.29,,,0.593,512.99,479.48,534.13,500.05,ultralytics,0.593,2
1536,25.6243,,,,,,,,0.0,,,,,ultralytics,0.0,0
1537,25.641,420.8,476.68,387.63,472.46,4.54,,,0.658,383.09,467.74,392.17,477.17,ultralytics,0.658,1
1538,25.6577,395.01,473.33,387.59,472.44,4.74,,,0.727,382.85,467.18,392.33,477.69,ultralytics,0.727,1
1539,25.6744,387.62,472.33,387.56,472.22,4.77,,,0.741,382.79,467.03,392.33,477.42,ultralytics,0.741,1
1540,25.6911,387.65,472.3,387.72,472.39,4.67,,,0.744,383.05,467.15,392.39,477.64,ultralytics,0.744,1
1541,25.7078,387.62,472.2,387.65,472.29,4.68,,,0.741,382.97,467.02,392.33,477.56,ultralytics,0.741,1
1542,25.7244,387.51,472.02,387.51,471.92,4.69,,,0.651,382.82,466.86,392.21,476.98,ultralytics,0.651,1
1543,25.7411,387.33,471.84,387.44,471.92,4.72,,,0.697,382.72,466.84,392.17,476.99,ultralytics,0.697,1
1544,25.7578,387.03,471.67,387.05,471.58,4.65,,,0.672,382.39,466.75,391.7,476.41,ultralytics,0.672,1
1545,25.7745,386.7,471.53,386.61,471.56,4.81,,,0.674,381.8,466.67,391.41,476.46,ultralytics,0.674,1
1546,25.7912,386.48,471.41,386.38,471.4,4.89,,,0.717,381.48,466.51,391.27,476.29,ultralytics,0.717,1
1547,25.8079,386.4,471.28,386.4,471.32,4.89,,,0.708,381.49,466.42,391.3,476.21,ultralytics,0.708,1
1548,25.8245,386.37,471.14,386.37,471.07,5.02,,,0.716,381.35,466.05,391.39,476.1,ultralytics,0.716,2
1549,25.8412,386.35,471.04,386.35,471.06,5.01,,,0.705,381.34,466.05,391.37,476.07,ultralytics,0.705,2
1550,25.8579,386.34,470.97,386.34,470.96,4.95,,,0.687,381.3,466.02,391.38,475.91,ultralytics,0.687,1
1551,25.8746,386.32,470.9,386.34,470.91,4.93,,,0.711,381.31,465.98,391.37,475.84,ultralytics,0.711,1
1552,25.8913,386.28,470.82,386.28,470.83,4.93,,,0.727,381.25,465.89,391.31,475.76,ultralytics,0.727,1
1553,25.9079,386.22,470.75,386.23,470.71,4.84,,,0.727,381.21,465.88,391.25,475.55,ultralytics,0.727,1
1554,25.9246,386.17,470.71,386.17,470.71,4.89,,,0.728,381.12,465.82,391.23,475.6,ultralytics,0.728,1
1555,25.9413,386.15,470.68,386.06,470.69,4.86,,,0.725,381.03,465.83,391.1,475.55,ultralytics,0.725,2
1556,25.958,386.16,470.61,386.29,470.66,4.84,,,0.699,381.45,465.78,391.13,475.55,ultralytics,0.699,1
1557,25.9747,386.11,470.52,386.06,470.47,4.71,,,0.746,381.08,465.76,391.04,475.18,ultralytics,0.746,1
1558,25.9914,386.06,470.44,386.02,470.44,4.86,,,0.711,381.0,465.57,391.04,475.3,ultralytics,0.711,1
1559,26.008,386.08,470.31,386.06,470.47,4.97,,,0.721,381.05,465.5,391.06,475.44,ultralytics,0.721,1
1560,26.0247,386.1,470.09,386.16,469.98,4.8,,,0.715,381.12,465.18,391.19,474.78,ultralytics,0.715,1
1561,26.0414,386.05,469.89,386.09,469.91,4.76,,,0.738,381.11,465.15,391.08,474.67,ultralytics,0.738,1
1562,26.0581,385.94,469.73,385.95,469.71,4.67,,,0.718,380.94,465.04,390.95,474.38,ultralytics,0.718,1
1563,26.0748,385.76,469.6,385.79,469.59,4.52,,,0.698,380.91,465.07,390.66,474.12,ultralytics,0.698,1
1564,26.0915,385.51,469.48,385.62,469.48,4.54,,,0.716,380.68,464.94,390.57,474.03,ultralytics,0.716,1
1565,26.1081,385.19,469.37,385.07,469.36,4.52,,,0.684,380.2,464.84,389.95,473.87,ultralytics,0.684,1
1566,26.1248,384.9,469.25,384.97,469.31,4.5,,,0.717,380.1,464.81,389.84,473.81,ultralytics,0.717,1
1567,26.1415,384.63,469.13,384.57,469.05,4.54,,,0.713,379.59,464.51,389.55,473.58,ultralytics,0.713,1
1568,26.1582,384.41,469.05,384.39,469.06,4.61,,,0.617,379.42,464.45,389.36,473.67,ultralytics,0.617,1
1569,26.1749,,,,,,,,0.0,,,,,ultralytics,0.0,0
1570,26.1915,,,,,,,,0.0,,,,,ultralytics,0.0,0
1571,26.2082,,,,,,,,0.0,,,,,ultralytics,0.0,0
1572,26.2249,,,,,,,,0.0,,,,,ultralytics,0.0,0
1573,26.2416,,,,,,,,0.0,,,,,ultralytics,0.0,0
1574,26.2583,,,,,,,,0.0,,,,,ultralytics,0.0,0
1575,26.275,384.27,469.03,384.21,468.97,4.39,,,0.685,379.39,464.58,389.02,473.36,ultralytics,0.685,1
1576,26.2916,384.21,469.04,384.18,469.1,4.48,,,0.705,379.38,464.62,388.97,473.58,ultralytics,0.705,1
1577,26.3083,384.18,469.06,384.21,469.03,4.47,,,0.673,379.4,464.56,389.01,473.5,ultralytics,0.673,1
1578,26.325,384.15,469.13,384.16,469.02,4.54,,,0.683,379.33,464.48,388.99,473.56,ultralytics,0.683,1
1579,26.3417,384.11,469.28,384.06,469.35,4.56,,,0.713,379.23,464.8,388.88,473.91,ultralytics,0.713,1
1580,26.3584,384.11,469.42,384.11,469.44,4.62,,,0.715,379.34,464.82,388.89,474.07,ultralytics,0.715,1
1581,26.3751,384.14,469.48,384.15,469.52,4.67,,,0.708,379.39,464.85,388.92,474.19,ultralytics,0.708,1
1582,26.3917,384.18,469.44,384.17,469.48,4.64,,,0.703,379.41,464.84,388.93,474.11,ultralytics,0.703,1
1583,26.4084,384.24,469.3,384.21,469.41,4.65,,,0.703,379.41,464.75,389.01,474.06,ultralytics,0.703,1
1584,26.4251,384.3,469.1,384.35,468.98,4.54,,,0.617,379.53,464.44,389.17,473.53,ultralytics,0.617,1
1585,26.4418,384.32,468.97,384.34,468.93,4.55,,,0.654,379.52,464.39,389.17,473.48,ultralytics,0.654,1
1586,26.4585,384.31,468.94,384.27,468.94,4.56,,,0.7,379.41,464.39,389.14,473.5,ultralytics,0.7,1
1587,26.4752,384.37,468.95,384.32,468.93,4.5,,,0.708,379.44,464.43,389.21,473.43,ultralytics,0.708,1
1588,26.4918,384.52,468.99,384.45,468.95,4.57,,,0.642,379.62,464.38,389.27,473.52,ultralytics,0.642,1
1589,26.5085,384.71,469.05,384.8,469.09,4.63,,,0.616,379.97,464.46,389.63,473.72,ultralytics,0.616,1
1590,26.5252,384.84,469.09,384.85,469.1,4.63,,,0.654,380.04,464.47,389.65,473.72,ultralytics,0.654,1
1591,26.5419,384.9,469.13,384.91,469.07,4.6,,,0.693,380.12,464.46,389.69,473.67,ultralytics,0.693,1
1592,26.5586,384.95,469.19,384.94,469.22,4.64,,,0.699,380.11,464.57,389.77,473.86,ultralytics,0.699,1
1593,26.5752,385.0,469.27,385.0,469.26,4.67,,,0.692,380.18,464.59,389.83,473.93,ultralytics,0.692,1
1594,26.5919,385.05,469.32,385.07,469.34,4.59,,,0.733,380.28,464.75,389.85,473.93,ultralytics,0.733,1
1595,26.6086,385.1,469.36,385.06,469.37,4.64,,,0.743,380.26,464.74,389.86,474.01,ultralytics,0.743,1
1596,26.6253,385.15,469.37,385.18,469.38,4.56,,,0.752,380.36,464.82,390.01,473.94,ultralytics,0.752,1
1597,26.642,385.18,469.37,385.18,469.36,4.54,,,0.746,380.35,464.83,390.01,473.9,ultralytics,0.746,1
1598,26.6587,385.22,469.38,385.2,469.35,4.44,,,0.722,380.35,464.91,390.05,473.8,ultralytics,0.722,1
1599,26.6753,385.26,469.42,385.28,469.43,4.5,,,0.731,380.46,464.93,390.09,473.92,ultralytics,0.731,1
1600,26.692,385.3,469.48,385.28,469.45,4.51,,,0.752,380.43,464.94,390.13,473.96,ultralytics,0.752,1
1601,26.7087,385.33,469.53,385.35,469.57,4.51,,,0.747,380.55,465.06,390.14,474.08,ultralytics,0.747,1
1602,26.7254,385.35,469.57,385.34,469.57,4.52,,,0.767,380.54,465.05,390.14,474.08,ultralytics,0.767,1
1603,26.7421,385.4,469.58,385.38,469.59,4.53,,,0.785,380.55,465.06,390.21,474.12,ultralytics,0.785,1
1604,26.7588,385.5,469.58,385.41,469.57,4.5,,,0.774,380.54,465.07,390.29,474.08,ultralytics,0.774,1
1605,26.7754,385.68,469.6,385.74,469.6,4.44,,,0.745,380.96,465.16,390.53,474.05,ultralytics,0.745,1
1606,26.7921,385.84,469.6,385.84,469.62,4.41,,,0.698,380.99,465.21,390.68,474.03,ultralytics,0.698,1
1607,26.8088,386.01,469.58,385.95,469.6,4.4,,,0.714,381.0,465.2,390.91,474.0,ultralytics,0.714,1
1608,26.8255,386.2,469.57,386.27,469.53,4.42,,,0.724,381.25,465.11,391.29,473.95,ultralytics,0.724,1
1609,26.8422,386.35,469.6,386.32,469.54,4.43,,,0.736,381.29,465.11,391.35,473.98,ultralytics,0.736,1
1610,26.8588,386.47,469.69,386.54,469.74,4.54,,,0.734,381.63,465.2,391.44,474.28,ultralytics,0.734,1
1611,26.8755,386.52,469.76,386.52,469.78,4.51,,,0.765,381.68,465.28,391.35,474.29,ultralytics,0.765,1
1612,26.8922,386.55,469.82,386.52,469.76,4.57,,,0.726,381.74,465.18,391.3,474.33,ultralytics,0.726,1
1613,26.9089,386.63,469.92,386.57,469.92,4.68,,,0.727,381.8,465.24,391.35,474.6,ultralytics,0.727,1
1614,26.9256,386.82,470.02,386.77,470.08,4.69,,,0.735,382.06,465.39,391.47,474.77,ultralytics,0.735,1
1615,26.9423,387.04,470.08,387.11,470.05,4.51,,,0.708,382.35,465.54,391.87,474.56,ultralytics,0.708,1
1616,26.9589,387.23,470.13,387.23,470.14,4.59,,,0.724,382.4,465.55,392.07,474.73,ultralytics,0.724,1
1617,26.9756,387.4,470.2,387.39,470.18,4.55,,,0.749,382.63,465.63,392.16,474.73,ultralytics,0.749,1
1618,26.9923,387.6,470.31,387.56,470.25,4.56,,,0.752,382.83,465.69,392.29,474.81,ultralytics,0.752,1
1619,27.009,387.83,470.48,387.88,470.46,4.7,,,0.765,383.09,465.76,392.67,475.16,ultralytics,0.765,1
1620,27.0257,388.04,470.64,388.03,470.75,4.79,,,0.721,383.24,465.96,392.82,475.54,ultralytics,0.721,1
1621,27.0424,388.24,470.71,388.24,470.74,4.69,,,0.696,383.55,465.94,392.93,475.54,ultralytics,0.696,1
1622,27.059,388.39,470.75,388.49,470.64,4.68,,,0.708,383.67,465.96,393.32,475.33,ultralytics,0.708,1
1623,27.0757,388.44,470.84,388.43,470.89,4.72,,,0.652,383.65,466.17,393.21,475.6,ultralytics,0.652,1
1624,27.0924,388.47,470.94,388.45,470.94,4.64,,,0.67,383.74,466.3,393.15,475.57,ultralytics,0.67,1
1625,27.1091,388.52,471.06,388.52,470.99,4.65,,,0.643,383.78,466.34,393.25,475.63,ultralytics,0.643,1
1626,27.1258,388.59,471.21,388.56,471.27,4.7,,,0.65,383.85,466.53,393.26,476.01,ultralytics,0.65,1
1627,27.1425,388.69,471.37,388.69,471.32,4.73,,,0.649,383.96,466.54,393.42,476.1,ultralytics,0.649,1
1628,27.1591,388.78,471.52,388.82,471.6,4.7,,,0.703,384.05,466.9,393.59,476.3,ultralytics,0.703,2
1629,27.1758,388.81,471.6,388.84,471.6,4.72,,,0.679,384.05,466.89,393.63,476.32,ultralytics,0.679,1
1630,27.1925,388.81,471.64,388.77,471.65,4.71,,,0.637,384.06,466.94,393.48,476.36,ultralytics,0.637,1
1631,27.2092,388.84,471.65,388.82,471.69,4.67,,,0.644,384.12,467.02,393.52,476.36,ultralytics,0.644,1
1632,27.2259,388.89,471.63,388.91,471.61,4.63,,,0.698,384.21,466.98,393.61,476.23,ultralytics,0.698,2
1633,27.2425,388.94,471.61,388.93,471.62,4.63,,,0.686,384.21,466.99,393.65,476.25,ultralytics,0.686,1
1634,27.2592,389.0,471.6,388.99,471.6,4.54,,,0.722,384.27,467.06,393.72,476.14,ultralytics,0.722,1
1635,27.2759,389.07,471.58,389.06,471.58,4.65,,,0.735,384.22,466.93,393.9,476.23,ultralytics,0.735,2
1636,27.2926,389.15,471.53,389.16,471.6,4.75,,,0.735,384.27,466.85,394.06,476.35,ultralytics,0.735,1
1637,27.3093,389.22,471.42,389.24,471.41,4.88,,,0.744,384.26,466.53,394.21,476.29,ultralytics,0.744,1
1638,27.326,389.27,471.3,389.25,471.24,4.91,,,0.749,384.27,466.33,394.23,476.15,ultralytics,0.749,1
1639,27.3426,389.3,471.22,389.33,471.25,4.89,,,0.746,384.35,466.36,394.3,476.14,ultralytics,0.746,1
1640,27.3593,389.33,471.16,389.31,471.14,4.77,,,0.763,384.39,466.36,394.24,475.91,ultralytics,0.763,1
1641,27.376,389.35,471.11,389.36,471.08,4.71,,,0.74,384.48,466.37,394.24,475.79,ultralytics,0.74,1
1642,27.3927,389.39,471.05,389.35,471.13,4.77,,,0.734,384.42,466.36,394.27,475.9,ultralytics,0.734,4
1643,27.4094,389.49,470.93,389.42,470.93,4.64,,,0.723,384.49,466.28,394.35,475.57,ultralytics,0.723,1
1644,27.4261,419.93,474.29,389.71,470.73,4.76,,,0.705,384.73,465.97,394.68,475.48,ultralytics,0.705,1
1645,27.4427,556.13,490.32,389.73,470.75,4.87,,,0.704,384.64,465.88,394.81,475.62,ultralytics,0.704,1
1646,27.4594,,,,,,,,0.0,,,,,ultralytics,0.0,0
1647,27.4761,,,,,,,,0.0,,,,,ultralytics,0.0,0
1648,27.4928,,,,,,,,0.0,,,,,ultralytics,0.0,0
1649,27.5095,,,,,,,,0.0,,,,,ultralytics,0.0,0
1650,27.5261,781.54,518.67,945.82,534.62,13.28,,,0.611,931.74,521.34,959.89,547.9,ultralytics,0.611,1
1651,27.5428,919.87,540.44,951.83,543.51,8.01,,,0.866,943.82,527.65,959.84,559.38,ultralytics,0.866,1
1652,27.5595,951.89,552.37,952.24,552.12,7.6,,,0.873,944.64,536.11,959.84,568.13,ultralytics,0.873,1
1653,27.5762,952.47,561.83,952.53,561.25,7.32,,,0.83,945.21,545.41,959.85,577.1,ultralytics,0.83,2
1654,27.5929,952.57,572.1,952.72,571.89,7.12,,,0.871,945.61,555.94,959.84,587.85,ultralytics,0.871,1
1655,27.6096,952.41,582.95,952.57,582.88,7.27,,,0.883,945.3,567.09,959.85,598.67,ultralytics,0.883,1
1656,27.6262,952.05,594.08,951.96,593.9,7.88,,,0.771,944.08,577.42,959.85,610.38,ultralytics,0.771,1
1657,27.6429,921.09,596.59,951.72,605.7,8.13,,,0.662,943.59,588.53,959.85,622.86,ultralytics,0.662,1
1658,27.6596,783.75,568.31,951.21,615.74,8.7,,,0.168,942.51,600.99,959.9,630.5,ultralytics,0.168,1
1659,27.6763,,,,,,,,0.0,,,,,ultralytics,0.0,0
1660,27.693,,,,,,,,0.0,,,,,ultralytics,0.0,0
1661,27.7097,,,,,,,,0.0,,,,,ultralytics,0.0,0
1662,27.7263,557.69,512.36,390.0,469.16,4.4,,,0.542,385.03,464.76,394.96,473.56,ultralytics,0.542,1
1663,27.743,420.66,477.04,390.09,469.09,4.43,,,0.615,385.3,464.66,394.88,473.52,ultralytics,0.615,1
1664,27.7597,390.13,468.96,390.14,468.91,4.43,,,0.574,385.3,464.48,394.98,473.34,ultralytics,0.574,1
1665,27.7764,390.17,468.86,390.18,468.9,4.52,,,0.62,385.36,464.37,394.99,473.42,ultralytics,0.62,1
1666,27.7931,390.21,468.69,390.18,468.79,4.62,,,0.577,385.29,464.17,395.06,473.42,ultralytics,0.577,2
1667,27.8098,390.28,468.45,390.26,468.38,4.3,,,0.59,385.41,464.09,395.1,472.68,ultralytics,0.59,1
1668,27.8264,390.37,468.25,390.42,468.19,4.33,,,0.681,385.6,463.86,395.24,472.52,ultralytics,0.681,1
1669,27.8431,390.4,468.12,390.44,468.18,4.32,,,0.64,385.6,463.86,395.27,472.51,ultralytics,0.64,1
1670,27.8598,390.4,468.0,390.34,467.96,4.53,,,0.602,385.49,463.43,395.19,472.49,ultralytics,0.602,1
1671,27.8765,390.43,467.88,390.41,467.87,4.47,,,0.603,385.62,463.41,395.2,472.34,ultralytics,0.603,1
1672,27.8932,390.49,467.77,390.53,467.8,4.39,,,0.521,385.76,463.41,395.3,472.18,ultralytics,0.521,1
1673,27.9098,390.54,467.67,390.53,467.61,4.38,,,0.604,385.7,463.23,395.36,471.99,ultralytics,0.604,2
1674,27.9265,390.56,467.55,390.57,467.69,4.59,,,0.593,385.75,463.11,395.39,472.28,ultralytics,0.593,1
1675,27.9432,390.57,467.33,390.58,467.3,4.79,,,0.63,385.66,462.51,395.5,472.09,ultralytics,0.63,1
1676,27.9599,390.61,467.08,390.54,467.09,4.59,,,0.62,385.56,462.5,395.52,471.68,ultralytics,0.62,1
1677,27.9766,390.72,466.85,390.69,466.8,4.39,,,0.556,385.9,462.41,395.49,471.19,ultralytics,0.556,1
1678,27.9933,390.85,466.65,390.93,466.67,4.51,,,0.546,386.0,462.16,395.85,471.17,ultralytics,0.546,1
1679,28.0099,390.95,466.46,390.87,466.45,4.37,,,0.587,385.89,462.08,395.85,470.82,ultralytics,0.587,1
1680,28.0266,391.06,466.28,391.14,466.23,4.39,,,0.709,386.23,461.83,396.04,470.62,ultralytics,0.709,1
1681,28.0433,391.13,466.1,391.12,466.23,4.58,,,0.69,386.19,461.65,396.05,470.81,ultralytics,0.69,1
1682,28.06,391.18,465.87,391.16,465.75,4.56,,,0.676,386.21,461.2,396.11,470.31,ultralytics,0.676,1
1683,28.0767,391.24,465.7,391.23,465.69,4.63,,,0.696,386.34,461.05,396.13,470.32,ultralytics,0.696,1
1684,28.0934,391.29,465.58,391.33,465.59,4.78,,,0.688,386.41,460.81,396.26,470.38,ultralytics,0.688,1
1685,28.11,391.32,465.41,391.31,465.52,4.85,,,0.718,386.34,460.67,396.28,470.37,ultralytics,0.718,1
1686,28.1267,391.34,465.19,391.33,465.06,4.7,,,0.686,386.38,460.36,396.29,469.76,ultralytics,0.686,1
1687,28.1434,391.39,465.01,391.38,465.07,4.85,,,0.707,386.45,460.22,396.3,469.92,ultralytics,0.707,1
1688,28.1601,391.49,464.86,391.4,464.78,4.65,,,0.725,386.49,460.12,396.31,469.43,ultralytics,0.725,1
1689,28.1768,391.61,464.74,391.77,464.82,4.56,,,0.724,387.02,460.27,396.53,469.38,ultralytics,0.724,1
1690,28.1935,391.64,464.58,391.63,464.55,4.62,,,0.703,386.93,459.94,396.32,469.17,ultralytics,0.703,1
1691,28.2101,391.61,464.39,391.58,464.44,4.54,,,0.682,386.88,459.9,396.28,468.98,ultralytics,0.682,1
1692,28.2268,391.61,464.2,391.62,464.11,4.55,,,0.702,386.97,459.56,396.27,468.67,ultralytics,0.702,1
1693,28.2435,391.6,464.07,391.61,464.08,4.6,,,0.694,386.93,459.49,396.28,468.68,ultralytics,0.694,1
1694,28.2602,391.59,463.94,391.58,464.02,4.63,,,0.731,386.9,459.39,396.27,468.65,ultralytics,0.731,1
1695,28.2769,391.62,463.77,391.56,463.72,4.35,,,0.733,386.9,459.37,396.22,468.06,ultralytics,0.733,1
1696,28.2935,391.77,463.58,391.66,463.62,4.48,,,0.684,386.89,459.14,396.44,468.1,ultralytics,0.684,1
1697,28.3102,392.01,463.34,392.11,463.39,4.59,,,0.757,387.0,458.8,397.22,467.97,ultralytics,0.757,1
1698,28.3269,392.26,463.08,392.2,462.98,4.37,,,0.62,387.02,458.61,397.39,467.34,ultralytics,0.62,1
1699,28.3436,392.56,462.85,392.52,462.91,4.37,,,0.626,387.23,458.54,397.81,467.28,ultralytics,0.626,2
1700,28.3603,393.02,462.54,392.82,462.7,4.66,,,0.617,387.48,458.04,398.16,467.36,ultralytics,0.617,2
1701,28.377,393.75,462.07,393.67,462.03,4.49,,,0.65,388.37,457.53,398.97,466.52,ultralytics,0.65,2
1702,28.3936,394.66,461.51,394.69,461.57,4.53,,,0.571,389.39,457.04,400.0,466.1,ultralytics,0.571,1
1703,28.4103,382.62,467.71,395.6,460.87,4.44,,,0.482,390.42,456.44,400.79,465.31,ultralytics,0.482,1
1704,28.427,325.46,497.53,396.51,460.34,4.45,,,0.647,391.56,455.89,401.47,464.79,ultralytics,0.647,1
1705,28.4437,,,,,,,,0.0,,,,,ultralytics,0.0,0
1706,28.4604,,,,,,,,0.0,,,,,ultralytics,0.0,0
1707,28.4771,,,,,,,,0.0,,,,,ultralytics,0.0,0
1708,28.4937,,,,,,,,0.0,,,,,ultralytics,0.0,0
1709,28.5104,230.94,546.94,159.33,584.46,5.89,,,0.062,153.45,578.43,165.22,590.49,ultralytics,0.062,1
1710,28.5271,174.79,576.36,161.51,583.05,5.86,,,0.152,155.66,576.78,167.37,589.32,ultralytics,0.152,1
1711,28.5438,176.36,589.86,164.54,582.02,5.95,,,0.157,158.6,576.06,170.49,587.99,ultralytics,0.157,1
1712,28.5605,232.81,623.2,166.46,581.24,5.47,,,0.09,160.99,575.56,171.93,586.92,ultralytics,0.09,2
1713,28.5771,,,,,,,,0.0,,,,,ultralytics,0.0,1
1714,28.5938,,,,,,,,0.0,,,,,ultralytics,0.0,0
1715,28.6105,323.3,677.13,391.56,722.43,12.97,,,0.88,378.59,707.84,404.53,737.02,ultralytics,0.88,1
1716,28.6272,377.45,692.27,388.93,713.28,12.87,,,0.849,376.06,698.59,401.8,727.97,ultralytics,0.849,1
1717,28.6439,391.28,633.32,386.51,705.22,12.78,,,0.837,373.73,690.1,399.28,720.35,ultralytics,0.837,1
1718,28.6606,,,,,,,,0.0,,,,,ultralytics,0.0,0
1719,28.6772,,,,,,,,0.0,,,,,ultralytics,0.0,0
1720,28.6939,,,,,,,,0.0,,,,,ultralytics,0.0,0
1721,28.7106,395.67,529.96,399.69,454.78,3.98,,,0.137,395.71,450.46,403.67,459.09,ultralytics,0.137,1
1722,28.7273,398.41,468.15,399.01,454.68,4.61,,,0.587,394.18,450.06,403.85,459.29,ultralytics,0.587,1
1723,28.744,398.77,454.1,398.77,454.08,4.55,,,0.682,394.04,449.54,403.5,458.63,ultralytics,0.682,2
1724,28.7607,398.47,453.63,398.45,453.63,4.75,,,0.586,393.7,448.76,403.19,458.49,ultralytics,0.586,2
1725,28.7773,398.2,453.22,398.2,453.09,4.56,,,0.482,393.51,448.53,402.9,457.64,ultralytics,0.482,2
1726,28.794,397.98,452.95,397.91,452.9,4.77,,,0.679,393.14,448.13,402.68,457.67,ultralytics,0.679,1
1727,28.8107,397.82,452.7,397.83,452.88,4.72,,,0.699,393.05,448.15,402.62,457.6,ultralytics,0.699,3
1728,28.8274,397.71,452.38,397.64,452.26,4.34,,,0.723,392.89,447.92,402.39,456.6,ultralytics,0.723,2
1729,28.8441,397.66,452.13,397.68,452.03,4.5,,,0.624,392.93,447.52,402.43,456.53,ultralytics,0.624,2
1730,28.8608,397.62,451.97,397.6,452.11,4.52,,,0.715,392.82,447.59,402.37,456.62,ultralytics,0.715,2
1731,28.8774,397.61,451.78,397.61,451.69,4.53,,,0.664,392.89,447.16,402.32,456.22,ultralytics,0.664,2
1732,28.8941,397.62,451.61,397.57,451.63,4.52,,,0.675,392.83,447.11,402.3,456.15,ultralytics,0.675,2
1733,28.9108,397.65,451.51,397.71,451.41,4.38,,,0.665,393.06,447.03,402.36,455.78,ultralytics,0.665,2
1734,28.9275,397.65,451.48,397.63,451.53,4.52,,,0.599,393.0,447.01,402.25,456.05,ultralytics,0.599,2
1735,28.9442,397.63,451.47,397.63,451.45,4.44,,,0.631,393.01,447.01,402.25,455.89,ultralytics,0.631,2
1736,28.9608,397.61,451.45,397.61,451.46,4.55,,,0.628,392.94,446.9,402.29,456.01,ultralytics,0.628,2
1737,28.9775,397.61,451.41,397.61,451.4,4.42,,,0.679,392.92,446.98,402.29,455.82,ultralytics,0.679,2
1738,28.9942,397.65,451.34,397.58,451.43,4.41,,,0.677,392.95,447.01,402.2,455.84,ultralytics,0.677,2
1739,29.0109,397.71,451.26,397.79,451.11,4.67,,,0.75,392.97,446.44,402.6,455.78,ultralytics,0.75,2
1740,29.0276,397.76,451.23,397.71,451.36,4.68,,,0.772,392.87,446.68,402.56,456.03,ultralytics,0.772,2
1741,29.0443,397.84,451.19,397.81,451.1,4.57,,,0.808,392.92,446.53,402.69,455.67,ultralytics,0.808,2
1742,29.0609,397.98,451.17,397.93,451.21,4.6,,,0.736,393.13,446.61,402.73,455.82,ultralytics,0.736,2
1743,29.0776,398.16,451.16,398.22,451.16,4.67,,,0.732,393.42,446.49,403.01,455.83,ultralytics,0.732,2
1744,29.0943,398.33,451.17,398.31,451.11,4.65,,,0.745,393.52,446.45,403.1,455.76,ultralytics,0.745,2
1745,29.111,398.54,451.23,398.45,451.24,4.65,,,0.607,393.62,446.59,403.28,455.89,ultralytics,0.607,2
1746,29.1277,398.81,451.34,398.9,451.28,4.63,,,0.578,394.18,446.65,403.61,455.9,ultralytics,0.578,1
1747,29.1444,399.03,451.54,399.03,451.47,4.53,,,0.649,394.32,446.95,403.75,456.0,ultralytics,0.649,1
1748,29.161,399.23,451.79,399.19,451.87,4.41,,,0.723,394.31,447.45,404.07,456.28,ultralytics,0.723,1
1749,29.1777,399.44,451.98,399.47,452.01,4.53,,,0.701,394.56,447.49,404.37,456.54,ultralytics,0.701,1
1750,29.1944,399.64,452.11,399.66,452.1,4.58,,,0.734,394.67,447.52,404.64,456.68,ultralytics,0.734,1
1751,29.2111,399.79,452.22,399.81,452.22,4.38,,,0.706,394.88,447.84,404.75,456.59,ultralytics,0.706,3
1752,29.2278,399.89,452.31,399.9,452.33,4.4,,,0.594,394.92,447.93,404.88,456.73,ultralytics,0.594,1
1753,29.2444,399.97,452.37,399.97,452.4,4.37,,,0.52,395.04,448.03,404.89,456.77,ultralytics,0.52,1
1754,29.2611,400.04,452.38,400.05,452.4,4.3,,,0.552,395.27,448.1,404.82,456.7,ultralytics,0.552,1
1755,29.2778,400.1,452.35,400.09,452.36,4.26,,,0.464,395.22,448.1,404.96,456.62,ultralytics,0.464,1
1756,29.2945,469.67,449.49,400.14,452.34,4.27,,,0.605,395.24,448.07,405.04,456.61,ultralytics,0.605,1
1757,29.3112,711.74,439.73,400.28,452.02,4.31,,,0.426,395.32,447.71,405.24,456.33,ultralytics,0.426,1
1758,29.3279,,,,,,,,0.0,,,,,ultralytics,0.0,0
1759,29.3445,,,,,,,,0.0,,,,,ultralytics,0.0,0
1760,29.3612,,,,,,,,0.0,,,,,ultralytics,0.0,0
1761,29.3779,,,,,,,,0.0,,,,,ultralytics,0.0,0
1762,29.3946,913.83,431.57,1675.87,401.35,3.97,,,0.09,1671.9,386.81,1679.85,415.88,ultralytics,0.09,1
1763,29.4113,,,,,,,,0.0,,,,,ultralytics,0.0,1
1764,29.428,711.67,439.52,400.27,451.77,4.58,,,0.512,395.57,447.19,404.97,456.34,ultralytics,0.512,1
1765,29.4446,469.47,449.09,400.0,451.97,4.38,,,0.54,395.23,447.59,404.76,456.35,ultralytics,0.54,1
1766,29.4613,399.72,451.79,399.63,451.74,4.25,,,0.607,394.85,447.49,404.4,455.99,ultralytics,0.607,1
1767,29.478,399.53,451.73,399.57,451.7,4.35,,,0.558,394.79,447.35,404.36,456.05,ultralytics,0.558,1
1768,29.4947,399.36,451.68,399.34,451.75,4.33,,,0.591,394.55,447.41,404.14,456.08,ultralytics,0.591,1
1769,29.5114,399.23,451.6,399.18,451.59,4.57,,,0.672,394.32,447.02,404.05,456.16,ultralytics,0.672,1
1770,29.5281,399.15,451.48,399.17,451.5,4.51,,,0.555,394.31,446.99,404.04,456.01,ultralytics,0.555,1
1771,29.5447,399.09,451.38,399.05,451.33,4.53,,,0.544,394.23,446.81,403.86,455.86,ultralytics,0.544,1
1772,29.5614,399.08,451.33,399.06,451.32,4.44,,,0.595,394.28,446.87,403.84,455.76,ultralytics,0.595,1
1773,29.5781,399.09,451.28,399.12,451.33,4.57,,,0.622,394.33,446.76,403.9,455.9,ultralytics,0.622,1
1774,29.5948,399.08,451.2,399.06,451.15,4.44,,,0.61,394.31,446.71,403.8,455.59,ultralytics,0.61,1
1775,29.6115,399.05,451.1,399.09,451.18,4.47,,,0.587,394.31,446.72,403.86,455.65,ultralytics,0.587,1
1776,29.6281,398.95,451.02,399.04,450.93,4.4,,,0.744,394.15,446.54,403.93,455.33,ultralytics,0.744,1
1777,29.6448,467.21,439.83,398.74,450.9,4.43,,,0.645,393.99,446.47,403.49,455.33,ultralytics,0.645,1
1778,29.6615,705.34,400.8,398.54,451.45,4.6,,,0.508,393.92,446.85,403.17,456.05,ultralytics,0.508,1
1779,29.6782,,,,,,,,0.0,,,,,ultralytics,0.0,0
1780,29.6949,,,,,,,,0.0,,,,,ultralytics,0.0,0
1781,29.7116,904.33,367.95,1654.46,244.92,9.19,,,0.23,1643.8,235.73,1665.13,254.11,ultralytics,0.23,1
1782,29.7282,,,,,,,,0.0,,,,,ultralytics,0.0,0
1783,29.7449,,,,,,,,0.0,,,,,ultralytics,0.0,0
1784,29.7616,,,,,,,,0.0,,,,,ultralytics,0.0,0
1785,29.7783,,,,,,,,0.0,,,,,ultralytics,0.0,0
1786,29.795,705.53,400.17,398.96,450.5,4.9,,,0.232,394.07,445.35,403.86,455.64,ultralytics,0.232,2
1787,29.8117,467.36,438.85,398.95,449.94,4.58,,,0.559,394.16,445.36,403.74,454.52,ultralytics,0.559,1
1788,29.8283,398.93,449.82,398.96,449.76,4.56,,,0.356,394.08,445.2,403.84,454.32,ultralytics,0.356,1
1789,29.845,398.92,449.71,398.87,449.68,4.56,,,0.511,394.1,445.13,403.63,454.24,ultralytics,0.511,1
1790,29.8617,398.96,449.64,398.92,449.69,4.63,,,0.438,394.2,445.06,403.64,454.32,ultralytics,0.438,2
1791,29.8784,399.05,449.55,399.07,449.56,4.66,,,0.481,394.19,444.9,403.94,454.22,ultralytics,0.481,1
1792,29.8951,399.12,449.46,399.16,449.4,4.62,,,0.573,394.31,444.78,404.01,454.02,ultralytics,0.573,1
1793,29.9117,399.13,449.43,399.16,449.4,4.65,,,0.64,394.33,444.76,404.0,454.05,ultralytics,0.64,1
1794,29.9284,399.08,449.43,399.12,449.47,4.7,,,0.648,394.3,444.77,403.94,454.16,ultralytics,0.648,1
1795,29.9451,398.96,449.41,398.96,449.4,4.61,,,0.635,394.25,444.79,403.67,454.01,ultralytics,0.635,1
1796,29.9618,398.85,449.38,398.8,449.35,4.64,,,0.624,394.17,444.66,403.44,454.03,ultralytics,0.624,1
1797,29.9785,398.78,449.33,398.81,449.43,4.62,,,0.648,394.18,444.69,403.43,454.17,ultralytics,0.648,1
1798,29.9952,398.72,449.18,398.7,449.25,4.6,,,0.603,394.1,444.59,403.3,453.92,ultralytics,0.603,1
1799,30.0118,398.67,448.98,398.69,448.86,4.51,,,0.605,394.02,444.36,403.36,453.37,ultralytics,0.605,1
1800,30.0285,398.63,448.89,398.57,448.82,4.65,,,0.768,393.82,444.17,403.31,453.47,ultralytics,0.768,1
1801,30.0452,398.61,448.92,398.66,448.95,4.73,,,0.743,393.92,444.21,403.39,453.68,ultralytics,0.743,1
1802,30.0619,398.56,448.96,398.58,448.97,4.7,,,0.749,393.85,444.27,403.3,453.67,ultralytics,0.749,1
1803,30.0786,398.44,448.97,398.5,448.98,4.64,,,0.747,393.86,444.27,403.13,453.69,ultralytics,0.747,1
1804,30.0953,398.26,448.99,398.26,448.93,4.7,,,0.742,393.46,444.23,403.07,453.62,ultralytics,0.742,1
1805,30.1119,398.08,449.03,398.03,449.06,4.84,,,0.684,393.05,444.22,403.01,453.9,ultralytics,0.684,1
1806,30.1286,397.97,449.06,397.94,449.1,4.79,,,0.688,393.0,444.31,402.88,453.89,ultralytics,0.688,1
1807,30.1453,397.9,449.07,397.91,449.03,4.72,,,0.704,392.98,444.31,402.83,453.76,ultralytics,0.704,1
1808,30.162,397.83,449.1,397.84,449.1,4.79,,,0.742,392.9,444.31,402.77,453.89,ultralytics,0.742,1
1809,30.1787,397.72,449.13,397.78,449.14,4.78,,,0.769,392.87,444.36,402.7,453.92,ultralytics,0.769,1
1810,30.1954,397.57,449.17,397.51,449.16,4.69,,,0.748,392.64,444.47,402.38,453.86,ultralytics,0.748,1
1811,30.212,397.42,449.22,397.44,449.18,4.74,,,0.749,392.54,444.44,402.35,453.93,ultralytics,0.749,1
1812,30.2287,397.28,449.29,397.31,449.33,4.77,,,0.726,392.43,444.56,402.18,454.1,ultralytics,0.726,1
1813,30.2454,397.1,449.33,397.09,449.35,4.68,,,0.747,392.19,444.67,401.99,454.03,ultralytics,0.747,1
1814,30.2621,396.94,449.34,396.9,449.34,4.67,,,0.775,392.07,444.67,401.73,454.01,ultralytics,0.775,1
1815,30.2788,396.81,449.33,396.84,449.31,4.66,,,0.782,392.04,444.65,401.64,453.97,ultralytics,0.782,1
1816,30.2954,396.71,449.34,396.63,449.36,4.53,,,0.782,391.97,444.83,401.29,453.89,ultralytics,0.782,2
1817,30.3121,396.66,449.36,396.67,449.34,4.49,,,0.778,392.0,444.85,401.34,453.83,ultralytics,0.778,1
1818,30.3288,396.65,449.37,396.66,449.38,4.52,,,0.783,392.0,444.87,401.31,453.9,ultralytics,0.783,1
1819,30.3455,396.63,449.39,396.63,449.39,4.5,,,0.785,391.99,444.89,401.26,453.89,ultralytics,0.785,1
1820,30.3622,396.6,449.38,396.6,449.4,4.49,,,0.784,392.0,444.91,401.21,453.89,ultralytics,0.784,1
1821,30.3789,396.58,449.34,396.56,449.36,4.57,,,0.783,391.93,444.79,401.19,453.94,ultralytics,0.783,1
1822,30.3955,396.57,449.28,396.57,449.26,4.61,,,0.775,391.94,444.66,401.2,453.87,ultralytics,0.775,1
1823,30.4122,396.56,449.2,396.57,449.27,4.61,,,0.781,391.94,444.66,401.2,453.88,ultralytics,0.781,1
1824,30.4289,396.55,449.09,396.55,449.03,4.59,,,0.807,391.96,444.29,401.14,453.76,ultralytics,0.807,1
1825,30.4456,396.55,449.0,396.54,449.02,4.58,,,0.804,391.96,444.31,401.13,453.73,ultralytics,0.804,1
1826,30.4623,396.57,448.93,396.53,448.88,4.58,,,0.788,391.94,444.11,401.11,453.65,ultralytics,0.788,1
1827,30.479,396.62,448.85,396.65,448.95,4.62,,,0.786,392.02,444.09,401.27,453.8,ultralytics,0.786,1
1828,30.4956,396.67,448.58,396.65,448.79,4.66,,,0.782,391.99,443.74,401.31,453.83,ultralytics,0.782,1
1829,30.5123,396.75,448.07,396.72,448.02,4.66,,,0.745,392.06,443.28,401.39,452.76,ultralytics,0.745,1
1830,30.529,396.9,447.48,396.85,447.52,4.74,,,0.667,392.1,442.74,401.59,452.3,ultralytics,0.667,2
1831,30.5457,397.12,446.91,397.13,446.82,4.65,,,0.559,392.35,442.16,401.91,451.47,ultralytics,0.559,2
1832,30.5624,397.4,446.38,397.32,446.43,4.82,,,0.626,392.48,441.6,402.16,451.25,ultralytics,0.626,1
1833,30.5791,397.72,445.84,397.81,445.83,4.71,,,0.465,393.03,441.12,402.59,450.54,ultralytics,0.465,1
1834,30.5957,397.99,445.33,397.98,445.29,4.51,,,0.573,393.23,440.78,402.73,449.8,ultralytics,0.573,1
1835,30.6124,398.23,444.87,398.23,444.84,4.41,,,0.569,393.38,440.43,403.07,449.25,ultralytics,0.569,1
1836,30.6291,398.46,444.48,398.5,444.44,4.24,,,0.615,393.77,440.2,403.24,448.68,ultralytics,0.615,2
1837,30.6458,398.67,444.18,398.6,444.17,4.33,,,0.588,393.88,439.84,403.32,448.5,ultralytics,0.588,1
1838,30.6625,398.88,443.97,398.99,443.83,4.47,,,0.738,394.24,439.36,403.75,448.3,ultralytics,0.738,1
1839,30.6791,399.02,443.9,398.99,443.92,4.39,,,0.741,394.21,439.53,403.76,448.31,ultralytics,0.741,1
1840,30.6958,399.13,443.83,399.13,443.93,4.34,,,0.772,394.31,439.59,403.96,448.27,ultralytics,0.772,2
1841,30.7125,399.22,443.68,399.27,443.62,4.48,,,0.72,394.37,439.14,404.17,448.11,ultralytics,0.72,1
1842,30.7292,399.27,443.53,399.26,443.54,4.5,,,0.777,394.45,439.03,404.07,448.04,ultralytics,0.777,1
1843,30.7459,399.32,443.42,399.3,443.39,4.59,,,0.753,394.47,438.8,404.12,447.98,ultralytics,0.753,1
1844,30.7626,399.39,443.33,399.41,443.36,4.5,,,0.705,394.69,438.86,404.14,447.86,ultralytics,0.705,1
1845,30.7792,399.47,443.26,399.46,443.19,4.36,,,0.752,394.73,438.83,404.18,447.55,ultralytics,0.752,1
1846,30.7959,399.6,443.2,399.49,443.3,4.54,,,0.751,394.78,438.77,404.2,447.84,ultralytics,0.751,1
1847,30.8126,399.77,443.08,399.9,443.09,4.69,,,0.698,395.15,438.4,404.65,447.77,ultralytics,0.698,1
1848,30.8293,399.93,442.95,399.86,442.85,4.57,,,0.665,395.04,438.27,404.68,447.42,ultralytics,0.665,1
1849,30.846,400.13,442.88,400.04,442.92,4.67,,,0.703,395.18,438.25,404.91,447.59,ultralytics,0.703,2
1850,30.8627,400.39,442.82,400.48,442.81,4.61,,,0.671,395.68,438.2,405.29,447.42,ultralytics,0.671,1
1851,30.8793,400.6,442.66,400.64,442.85,4.75,,,0.68,395.7,438.1,405.59,447.6,ultralytics,0.68,1
1852,30.896,400.75,442.42,400.75,442.21,4.63,,,0.569,395.76,437.59,405.74,446.84,ultralytics,0.569,1
1853,30.9127,400.95,442.19,400.77,442.33,4.91,,,0.626,395.87,437.15,405.68,447.52,ultralytics,0.626,1
1854,30.9294,401.26,441.89,401.36,441.98,4.49,,,0.621,396.55,437.49,406.16,446.46,ultralytics,0.621,1
1855,30.9461,401.56,441.53,401.59,441.36,4.47,,,0.525,396.91,436.88,406.28,445.83,ultralytics,0.525,1
1856,30.9627,401.79,441.31,401.79,441.23,4.55,,,0.556,397.16,436.68,406.42,445.77,ultralytics,0.556,1
1857,30.9794,402.02,441.11,401.96,441.39,4.7,,,0.655,397.26,436.65,406.66,446.14,ultralytics,0.655,1
1858,30.9961,402.25,440.75,402.37,440.67,4.6,,,0.651,397.6,436.07,407.13,445.28,ultralytics,0.651,1
1859,31.0128,402.43,440.42,402.4,440.2,4.55,,,0.682,397.62,435.66,407.17,444.75,ultralytics,0.682,1
1860,31.0295,402.63,440.26,402.52,440.4,4.54,,,0.715,397.67,435.86,407.38,444.93,ultralytics,0.715,1
1861,31.0462,402.93,440.14,402.97,440.06,4.56,,,0.683,398.15,435.5,407.79,444.62,ultralytics,0.683,1
1862,31.0628,403.25,440.02,403.29,440.05,4.66,,,0.69,398.47,435.39,408.11,444.71,ultralytics,0.69,1
1863,31.0795,403.54,439.92,403.47,439.85,4.65,,,0.712,398.74,435.2,408.21,444.5,ultralytics,0.712,1
1864,31.0962,403.82,439.85,403.92,439.91,4.61,,,0.705,399.15,435.3,408.68,444.52,ultralytics,0.705,1
1865,31.1129,404.07,439.77,404.02,439.75,4.54,,,0.706,399.35,435.21,408.69,444.3,ultralytics,0.706,1
1866,31.1296,404.28,439.68,404.37,439.68,4.6,,,0.742,399.67,435.08,409.08,444.28,ultralytics,0.742,1
1867,31.1463,404.43,439.6,404.4,439.59,4.5,,,0.718,399.68,435.09,409.11,444.09,ultralytics,0.718,1
1868,31.1629,404.59,439.51,404.53,439.54,4.51,,,0.716,399.8,435.03,409.27,444.04,ultralytics,0.716,1
1869,31.1796,404.84,439.39,404.83,439.41,4.49,,,0.724,400.07,434.92,409.59,443.89,ultralytics,0.724,1
1870,31.1963,405.13,439.24,405.11,439.21,4.58,,,0.742,400.29,434.63,409.94,443.79,ultralytics,0.742,1
1871,31.213,405.41,439.11,405.47,439.12,4.76,,,0.747,400.49,434.36,410.45,443.88,ultralytics,0.747,1
1872,31.2297,405.62,438.97,405.67,438.98,4.8,,,0.69,400.66,434.18,410.67,443.78,ultralytics,0.69,1
1873,31.2464,405.81,438.84,405.69,438.82,4.85,,,0.7,400.69,433.96,410.7,443.67,ultralytics,0.7,1
1874,31.263,406.03,438.73,406.13,438.73,4.78,,,0.692,401.28,433.95,410.98,443.51,ultralytics,0.692,1
1875,31.2797,406.25,438.66,406.21,438.56,4.76,,,0.687,401.28,433.81,411.14,443.32,ultralytics,0.687,1
1876,31.2964,406.53,438.62,406.44,438.75,4.84,,,0.709,401.6,433.77,411.29,443.72,ultralytics,0.709,1
1877,31.3131,406.9,438.51,406.88,438.5,4.81,,,0.695,402.06,433.69,411.7,443.31,ultralytics,0.695,1
1878,31.3298,407.28,438.39,407.38,438.32,4.59,,,0.715,402.54,433.73,412.22,442.9,ultralytics,0.715,1
1879,31.3464,407.58,438.29,407.57,438.35,4.64,,,0.751,402.67,433.71,412.47,442.99,ultralytics,0.751,1
1880,31.3631,407.81,438.19,407.88,438.15,4.55,,,0.741,403.02,433.6,412.75,442.7,ultralytics,0.741,1
1881,31.3798,408.01,438.12,407.95,438.07,4.6,,,0.718,403.05,433.47,412.85,442.67,ultralytics,0.718,1
1882,31.3965,408.24,438.1,408.25,438.13,4.68,,,0.67,403.41,433.45,413.1,442.81,ultralytics,0.67,1
1883,31.4132,408.47,438.09,408.49,438.07,4.6,,,0.623,403.7,433.47,413.28,442.67,ultralytics,0.623,1
1884,31.4299,408.68,438.08,408.7,438.08,4.75,,,0.732,403.96,433.3,413.45,442.87,ultralytics,0.732,1
1885,31.4465,408.86,438.03,408.82,438.12,4.78,,,0.723,403.99,433.34,413.65,442.9,ultralytics,0.723,1
1886,31.4632,409.05,437.92,409.1,437.86,4.63,,,0.716,404.21,433.23,413.99,442.49,ultralytics,0.716,1
1887,31.4799,409.26,437.84,409.17,437.83,4.62,,,0.722,404.27,433.22,414.06,442.45,ultralytics,0.722,1
1888,31.4966,409.57,437.79,409.51,437.79,4.5,,,0.723,404.62,433.29,414.41,442.3,ultralytics,0.723,1
1889,31.5133,409.98,437.78,410.0,437.73,4.41,,,0.706,405.06,433.32,414.95,442.14,ultralytics,0.706,1
1890,31.53,410.48,437.8,410.38,437.84,4.5,,,0.644,405.42,433.34,415.34,442.33,ultralytics,0.644,1
1891,31.5466,411.1,437.8,411.04,437.81,4.46,,,0.62,406.08,433.35,416.01,442.27,ultralytics,0.62,1
1892,31.5633,411.8,437.72,411.86,437.79,4.59,,,0.696,407.09,433.2,416.63,442.38,ultralytics,0.696,1
1893,31.58,412.52,437.57,412.48,437.58,4.34,,,0.682,407.57,433.24,417.39,441.92,ultralytics,0.682,1
1894,31.5967,413.25,437.38,413.22,437.38,4.34,,,0.649,408.32,433.04,418.12,441.72,ultralytics,0.649,1
1895,31.6134,413.97,437.2,414.06,437.15,4.42,,,0.623,409.31,432.73,418.82,441.57,ultralytics,0.623,1
1896,31.63,414.6,437.08,414.66,437.06,4.54,,,0.701,409.75,432.53,419.56,441.6,ultralytics,0.701,1
1897,31.6467,415.1,437.0,415.15,437.01,4.51,,,0.695,410.26,432.5,420.04,441.52,ultralytics,0.695,1
1898,31.6634,415.51,436.95,415.5,436.93,4.56,,,0.588,410.62,432.37,420.38,441.48,ultralytics,0.588,1
1899,31.6801,415.88,436.92,415.94,436.89,4.5,,,0.587,411.01,432.38,420.87,441.39,ultralytics,0.587,1
1900,31.6968,416.21,436.92,416.17,436.93,4.5,,,0.626,411.34,432.43,420.99,441.43,ultralytics,0.626,1
1901,31.7135,416.5,436.91,416.59,436.92,4.55,,,0.696,411.79,432.37,421.39,441.47,ultralytics,0.696,1
1902,31.7301,416.71,436.89,416.77,436.88,4.58,,,0.718,412.08,432.3,421.45,441.46,ultralytics,0.718,1
1903,31.7468,416.86,436.87,416.75,436.88,4.57,,,0.668,412.06,432.31,421.43,441.46,ultralytics,0.668,3
1904,31.7635,417.08,436.87,417.08,436.85,4.49,,,0.698,412.24,432.36,421.91,441.34,ultralytics,0.698,1
1905,31.7802,417.36,436.88,417.31,436.87,4.5,,,0.662,412.42,432.37,422.2,441.37,ultralytics,0.662,1
1906,31.7969,417.65,436.9,417.75,436.92,4.54,,,0.689,412.88,432.38,422.61,441.46,ultralytics,0.689,1
1907,31.8136,417.88,436.89,417.86,436.92,4.55,,,0.719,413.06,432.37,422.67,441.47,ultralytics,0.719,1
1908,31.8302,418.07,436.83,418.11,436.83,4.33,,,0.659,413.45,432.5,422.76,441.16,ultralytics,0.659,1
1909,31.8469,418.25,436.79,418.18,436.75,4.33,,,0.671,413.6,432.42,422.77,441.08,ultralytics,0.671,1
1910,31.8636,418.49,436.76,418.48,436.78,4.38,,,0.748,413.83,432.4,423.13,441.16,ultralytics,0.748,1
1911,31.8803,418.76,436.74,418.78,436.76,4.37,,,0.762,414.15,432.39,423.41,441.13,ultralytics,0.762,1
1912,31.897,419.01,436.7,419.06,436.67,4.4,,,0.679,414.36,432.27,423.75,441.07,ultralytics,0.679,1
1913,31.9137,419.2,436.69,419.19,436.67,4.38,,,0.691,414.41,432.29,423.97,441.06,ultralytics,0.691,1
1914,31.9303,419.37,436.71,419.37,436.71,4.37,,,0.694,414.56,432.34,424.17,441.09,ultralytics,0.694,1
1915,31.947,419.54,436.74,419.54,436.77,4.33,,,0.631,414.89,432.44,424.2,441.1,ultralytics,0.631,1
1916,31.9637,419.72,436.76,419.71,436.75,4.32,,,0.706,415.09,432.43,424.33,441.07,ultralytics,0.706,1
1917,31.9804,419.9,436.8,419.93,436.73,4.32,,,0.704,415.45,432.41,424.42,441.05,ultralytics,0.704,1
1918,31.9971,420.07,436.85,420.06,436.96,4.62,,,0.734,415.44,432.33,424.68,441.58,ultralytics,0.734,3
1919,32.0137,420.23,436.8,420.25,436.85,4.6,,,0.737,415.65,432.23,424.85,441.48,ultralytics,0.737,1
1920,32.0304,420.35,436.71,420.4,436.62,4.41,,,0.709,415.74,432.21,425.06,441.04,ultralytics,0.709,1
1921,32.0471,420.43,436.7,420.43,436.65,4.43,,,0.69,415.76,432.22,425.1,441.08,ultralytics,0.69,2
1922,32.0638,420.51,436.77,420.45,436.8,4.52,,,0.646,415.79,432.28,425.11,441.32,ultralytics,0.646,1
1923,32.0805,420.65,436.87,420.66,436.84,4.6,,,0.64,415.88,432.24,425.43,441.44,ultralytics,0.64,1
1924,32.0972,420.84,436.98,420.8,437.01,4.74,,,0.709,415.87,432.28,425.74,441.75,ultralytics,0.709,1
1925,32.1138,421.08,437.08,421.04,437.08,4.74,,,0.647,416.08,432.34,426.0,441.82,ultralytics,0.647,1
1926,32.1305,421.34,437.13,421.42,437.2,4.67,,,0.669,416.55,432.53,426.29,441.88,ultralytics,0.669,1
1927,32.1472,421.55,437.13,421.56,437.11,4.59,,,0.674,416.76,432.51,426.36,441.7,ultralytics,0.674,1
1928,32.1639,421.72,437.1,421.71,437.13,4.52,,,0.602,416.98,432.61,426.44,441.66,ultralytics,0.602,1
1929,32.1806,421.9,437.1,421.85,437.02,4.49,,,0.595,417.0,432.53,426.69,441.52,ultralytics,0.595,2
1930,32.1973,422.1,437.14,422.15,437.14,4.59,,,0.587,417.21,432.55,427.09,441.73,ultralytics,0.587,1
1931,32.2139,422.34,437.2,422.25,437.28,4.65,,,0.664,417.35,432.63,427.15,441.93,ultralytics,0.664,1
1932,32.2306,422.62,437.22,422.66,437.15,4.55,,,0.722,417.82,432.59,427.49,441.7,ultralytics,0.722,1
1933,32.2473,422.88,437.29,422.93,437.24,4.58,,,0.714,418.06,432.66,427.81,441.81,ultralytics,0.714,1
1934,32.264,423.08,437.44,423.06,437.46,4.66,,,0.681,418.2,432.8,427.91,442.12,ultralytics,0.681,2
1935,32.2807,423.3,437.6,423.27,437.59,4.6,,,0.691,418.42,432.99,428.11,442.19,ultralytics,0.691,1
1936,32.2973,423.56,437.74,423.52,437.81,4.65,,,0.648,418.75,433.16,428.29,442.46,ultralytics,0.648,1
1937,32.314,423.84,437.84,423.92,437.79,4.52,,,0.691,419.09,433.27,428.76,442.3,ultralytics,0.691,1
1938,32.3307,424.06,438.0,424.04,437.89,4.55,,,0.692,419.19,433.35,428.89,442.44,ultralytics,0.692,1
1939,32.3474,424.26,438.22,424.28,438.34,4.59,,,0.739,419.43,433.75,429.13,442.93,ultralytics,0.739,1
1940,32.3641,424.49,438.39,424.42,438.38,4.63,,,0.698,419.59,433.74,429.25,443.01,ultralytics,0.698,1
1941,32.3808,424.76,438.53,424.8,438.53,4.56,,,0.689,420.03,433.97,429.56,443.08,ultralytics,0.689,1
1942,32.3974,425.02,438.74,425.01,438.58,4.57,,,0.67,420.21,434.01,429.8,443.16,ultralytics,0.67,1
1943,32.4141,425.28,438.98,425.26,439.21,4.72,,,0.7,420.41,434.49,430.12,443.94,ultralytics,0.7,1
1944,32.4308,425.52,439.11,425.59,439.08,4.65,,,0.702,420.68,434.42,430.51,443.73,ultralytics,0.702,1
1945,32.4475,425.71,439.19,425.72,439.16,4.64,,,0.742,420.83,434.51,430.61,443.8,ultralytics,0.742,1
1946,32.4642,425.9,439.3,425.82,439.28,4.65,,,0.692,420.94,434.62,430.7,443.93,ultralytics,0.692,1
1947,32.4809,426.11,439.43,426.18,439.47,4.61,,,0.727,421.41,434.86,430.96,444.07,ultralytics,0.727,1
1948,32.4975,426.3,439.53,426.29,439.57,4.54,,,0.738,421.55,435.03,431.04,444.11,ultralytics,0.738,1
1949,32.5142,426.45,439.58,426.46,439.54,4.48,,,0.73,421.78,435.06,431.14,444.03,ultralytics,0.73,1
1950,32.5309,426.57,439.64,426.61,439.67,4.47,,,0.693,421.95,435.19,431.27,444.14,ultralytics,0.693,1
1951,32.5476,426.65,439.66,426.66,439.69,4.46,,,0.714,421.99,435.23,431.33,444.15,ultralytics,0.714,1
1952,32.5643,426.72,439.65,426.71,439.64,4.43,,,0.722,422.03,435.21,431.39,444.07,ultralytics,0.722,1
1953,32.581,426.84,439.64,426.75,439.62,4.42,,,0.743,421.99,435.2,431.52,444.03,ultralytics,0.743,1
1954,32.5976,427.01,439.64,427.11,439.64,4.42,,,0.738,422.24,435.21,431.99,444.06,ultralytics,0.738,1
1955,32.6143,427.14,439.64,427.1,439.68,4.5,,,0.756,422.2,435.18,432.0,444.17,ultralytics,0.756,1
1956,32.631,427.23,439.62,427.28,439.6,4.49,,,0.757,422.45,435.11,432.11,444.1,ultralytics,0.757,1
1957,32.6477,427.28,439.61,427.29,439.61,4.51,,,0.754,422.45,435.1,432.12,444.12,ultralytics,0.754,1
1958,32.6644,427.28,439.62,427.29,439.59,4.55,,,0.754,422.45,435.04,432.14,444.13,ultralytics,0.754,1
1959,32.681,427.27,439.66,427.26,439.64,4.56,,,0.747,422.41,435.08,432.11,444.19,ultralytics,0.747,1
1960,32.6977,427.28,439.74,427.27,439.73,4.57,,,0.761,422.46,435.17,432.07,444.3,ultralytics,0.761,1
1961,32.7144,427.29,439.82,427.29,439.87,4.63,,,0.773,422.49,435.24,432.09,444.49,ultralytics,0.773,1
1962,32.7311,427.32,439.85,427.32,439.86,4.62,,,0.78,422.49,435.24,432.14,444.47,ultralytics,0.78,1
1963,32.7478,427.37,439.86,427.36,439.85,4.66,,,0.758,422.56,435.19,432.16,444.52,ultralytics,0.758,1
1964,32.7645,427.45,439.83,427.41,439.89,4.71,,,0.78,422.63,435.18,432.19,444.61,ultralytics,0.78,1
1965,32.7811,427.55,439.76,427.6,439.71,4.62,,,0.781,422.89,435.09,432.31,444.33,ultralytics,0.781,1
1966,32.7978,427.65,439.68,427.56,439.76,4.62,,,0.765,422.86,435.14,432.26,444.37,ultralytics,0.765,1
1967,32.8145,427.76,439.59,427.89,439.52,4.6,,,0.731,422.95,434.92,432.83,444.11,ultralytics,0.731,1
1968,32.8312,427.81,439.54,427.78,439.54,4.54,,,0.764,423.11,435.0,432.44,444.08,ultralytics,0.764,1
1969,32.8479,427.84,439.49,427.82,439.54,4.52,,,0.772,423.14,435.02,432.5,444.06,ultralytics,0.772,1
1970,32.8646,427.93,439.43,427.88,439.37,4.52,,,0.774,423.2,434.85,432.56,443.89,ultralytics,0.774,1
1971,32.8812,428.07,439.42,428.09,439.4,4.63,,,0.789,423.32,434.77,432.86,444.03,ultralytics,0.789,2
1972,32.8979,428.18,439.42,428.22,439.48,4.75,,,0.791,423.48,434.67,432.97,444.29,ultralytics,0.791,2
1973,32.9146,428.25,439.36,428.26,439.42,4.77,,,0.784,423.49,434.57,433.02,444.27,ultralytics,0.784,2
1974,32.9313,428.28,439.22,428.29,439.16,4.71,,,0.783,423.54,434.45,433.05,443.87,ultralytics,0.783,3
1975,32.948,428.3,439.09,428.31,439.15,4.66,,,0.78,423.58,434.48,433.03,443.81,ultralytics,0.78,3
1976,32.9646,428.3,438.96,428.28,438.89,4.48,,,0.755,423.59,434.4,432.97,443.37,ultralytics,0.755,2
1977,32.9813,428.32,438.86,428.31,438.87,4.52,,,0.746,423.58,434.35,433.03,443.39,ultralytics,0.746,2
1978,32.998,428.4,438.75,428.33,438.85,4.52,,,0.749,423.57,434.32,433.09,443.37,ultralytics,0.749,2
1979,33.0147,428.52,438.63,428.59,438.44,4.41,,,0.72,424.01,434.03,433.16,442.85,ultralytics,0.72,2
1980,33.0314,428.64,438.58,428.59,438.68,4.66,,,0.782,423.93,433.86,433.25,443.5,ultralytics,0.782,1
1981,33.0481,428.75,438.53,428.82,438.52,4.85,,,0.752,423.97,433.63,433.67,443.42,ultralytics,0.752,1
1982,33.0647,428.82,438.43,428.82,438.45,4.79,,,0.739,424.04,433.44,433.61,443.45,ultralytics,0.739,1
1983,33.0814,428.85,438.26,428.84,438.34,4.75,,,0.757,424.09,433.46,433.59,443.21,ultralytics,0.757,1
1984,33.0981,428.87,438.04,428.89,437.96,4.58,,,0.731,424.23,433.38,433.54,442.53,ultralytics,0.731,1
1985,33.1148,428.87,437.79,428.88,437.91,4.57,,,0.741,424.18,433.35,433.57,442.48,ultralytics,0.741,1
1986,33.1315,428.87,437.55,428.86,437.4,4.36,,,0.73,424.09,433.04,433.63,441.76,ultralytics,0.73,1
1987,33.1482,428.89,437.39,428.85,437.41,4.45,,,0.718,424.11,432.96,433.59,441.86,ultralytics,0.718,1
1988,33.1648,428.92,437.2,428.98,437.34,4.54,,,0.676,424.21,432.8,433.76,441.88,ultralytics,0.676,1
1989,33.1815,428.91,436.93,428.92,436.84,4.43,,,0.692,424.21,432.4,433.63,441.27,ultralytics,0.692,2
1990,33.1982,428.84,436.65,428.85,436.71,4.53,,,0.657,424.21,432.18,433.49,441.24,ultralytics,0.657,2
1991,33.2149,428.74,436.4,428.79,436.33,4.45,,,0.638,424.15,431.88,433.44,440.77,ultralytics,0.638,1
1992,33.2316,428.61,436.18,428.56,436.19,4.4,,,0.719,424.0,431.79,433.12,440.59,ultralytics,0.719,1
1993,33.2483,428.51,435.96,428.49,436.02,4.38,,,0.731,423.94,431.64,433.04,440.4,ultralytics,0.731,1
1994,33.2649,428.41,435.69,428.49,435.67,4.6,,,0.733,423.87,431.07,433.12,440.27,ultralytics,0.733,1
1995,33.2816,428.26,435.44,428.25,435.37,4.5,,,0.686,423.59,430.88,432.9,439.87,ultralytics,0.686,2
1996,33.2983,428.12,435.27,428.05,435.26,4.53,,,0.684,423.28,430.73,432.82,439.79,ultralytics,0.684,1
1997,33.315,428.04,435.11,428.04,435.16,4.5,,,0.702,423.23,430.66,432.84,439.65,ultralytics,0.702,1
1998,33.3317,428.01,434.91,428.01,434.9,4.58,,,0.695,423.26,430.32,432.77,439.47,ultralytics,0.695,1
1999,33.3483,427.98,434.71,427.97,434.69,4.61,,,0.695,423.17,430.07,432.76,439.3,ultralytics,0.695,1
2000,33.365,427.97,434.49,427.96,434.58,4.69,,,0.751,423.17,429.89,432.76,439.27,ultralytics,0.751,1
2001,33.3817,427.96,434.23,427.97,434.16,4.37,,,0.756,423.28,429.79,432.67,438.53,ultralytics,0.756,1
2002,33.3984,427.96,433.97,427.96,434.02,4.55,,,0.747,423.24,429.47,432.69,438.57,ultralytics,0.747,1
2003,33.4151,427.96,433.67,427.95,433.71,4.59,,,0.759,423.2,429.13,432.7,438.3,ultralytics,0.759,1
2004,33.4318,427.98,433.32,427.99,433.31,4.44,,,0.794,423.19,428.86,432.79,437.75,ultralytics,0.794,1
2005,33.4484,427.98,432.97,427.98,432.93,4.49,,,0.755,423.24,428.44,432.72,437.42,ultralytics,0.755,1
2006,33.4651,427.98,432.68,427.98,432.67,4.64,,,0.688,423.3,428.03,432.65,437.31,ultralytics,0.688,1
2007,33.4818,427.99,432.43,427.97,432.42,4.62,,,0.735,423.36,427.75,432.59,437.08,ultralytics,0.735,1
2008,33.4985,428.01,432.16,428.01,432.23,4.53,,,0.753,423.35,427.7,432.67,436.76,ultralytics,0.753,1
2009,33.5152,428.01,431.81,428.08,431.84,4.5,,,0.717,423.55,427.34,432.6,436.33,ultralytics,0.717,1
2010,33.5319,427.96,431.4,427.95,431.4,4.53,,,0.715,423.36,426.88,432.55,435.93,ultralytics,0.715,1
2011,33.5485,427.87,430.97,427.88,430.97,4.6,,,0.697,423.26,426.37,432.5,435.57,ultralytics,0.697,1
2012,33.5652,427.77,430.6,427.74,430.51,4.51,,,0.699,423.1,426.01,432.38,435.02,ultralytics,0.699,1
2013,33.5819,427.68,430.3,427.75,430.31,4.52,,,0.73,423.16,425.79,432.34,434.83,ultralytics,0.73,1
2014,33.5986,427.57,430.01,427.48,430.08,4.39,,,0.701,422.7,425.69,432.27,434.46,ultralytics,0.701,3
2015,33.6153,427.52,429.7,427.52,429.6,4.31,,,0.644,422.84,425.28,432.2,433.91,ultralytics,0.644,3
2016,33.632,427.5,429.38,427.49,429.52,4.58,,,0.713,422.73,424.95,432.25,434.1,ultralytics,0.713,3
2017,33.6486,427.49,429.01,427.52,428.97,4.47,,,0.689,422.86,424.49,432.17,433.44,ultralytics,0.689,2
2018,33.6653,427.45,428.65,427.47,428.58,4.37,,,0.713,422.79,424.21,432.14,432.94,ultralytics,0.713,3
2019,33.682,427.37,428.35,427.4,428.37,4.22,,,0.737,422.67,424.15,432.14,432.59,ultralytics,0.737,2
2020,33.6987,427.25,428.1,427.25,428.05,4.31,,,0.678,422.43,423.73,432.07,432.36,ultralytics,0.678,2
2021,33.7154,427.11,427.85,427.12,427.93,4.43,,,0.706,422.25,423.5,431.99,432.36,ultralytics,0.706,2
2022,33.732,426.92,427.54,426.98,427.55,4.59,,,0.718,422.19,422.95,431.77,432.14,ultralytics,0.718,2
2023,33.7487,426.7,427.17,426.62,427.2,4.54,,,0.737,421.89,422.65,431.35,431.74,ultralytics,0.737,2
2024,33.7654,426.54,426.75,426.52,426.77,4.59,,,0.701,421.8,422.17,431.23,431.36,ultralytics,0.701,2
2025,33.7821,426.45,426.38,426.41,426.2,4.63,,,0.624,421.53,421.57,431.28,430.83,ultralytics,0.624,2
2026,33.7988,426.45,426.05,426.39,426.25,4.64,,,0.629,421.55,421.6,431.23,430.89,ultralytics,0.629,2
2027,33.8155,426.55,425.6,426.54,425.68,4.76,,,0.692,421.67,420.92,431.42,430.44,ultralytics,0.692,2
2028,33.8321,426.78,425.05,426.64,424.92,4.33,,,0.698,421.54,420.58,431.74,429.25,ultralytics,0.698,2
2029,33.8488,427.35,424.5,427.02,424.59,4.34,,,0.671,421.98,420.25,432.06,428.93,ultralytics,0.671,2
2030,33.8655,428.43,423.89,428.25,423.97,4.49,,,0.662,422.48,419.48,434.03,428.45,ultralytics,0.662,1
2031,33.8822,430.05,423.19,429.74,423.14,4.86,,,0.611,420.64,418.28,438.85,428.0,ultralytics,0.611,2
2032,33.8989,432.09,422.42,432.06,422.56,4.55,,,0.64,424.22,418.01,439.9,427.11,ultralytics,0.64,1
2033,33.9156,434.3,421.58,434.39,421.47,4.83,,,0.49,429.2,416.63,439.57,426.3,ultralytics,0.49,1
2034,33.9322,436.41,420.68,436.42,420.89,5.03,,,0.607,430.59,415.86,442.25,425.93,ultralytics,0.607,1
2035,33.9489,438.02,419.66,438.82,419.59,4.95,,,0.613,433.51,414.64,444.13,424.54,ultralytics,0.613,1
2036,33.9656,438.82,418.58,438.86,418.64,4.92,,,0.587,433.94,413.71,443.77,423.57,ultralytics,0.587,1
2037,33.9823,439.13,417.41,439.2,417.5,4.85,,,0.664,434.31,412.65,444.1,422.35,ultralytics,0.664,2
2038,33.999,439.25,416.07,439.29,416.1,4.59,,,0.67,434.23,411.51,444.35,420.69,ultralytics,0.67,2
2039,34.0156,439.19,414.47,439.36,414.85,4.73,,,0.706,434.08,410.12,444.64,419.58,ultralytics,0.706,2
2040,34.0323,438.77,412.55,439.05,412.4,4.12,,,0.757,433.25,408.29,444.85,416.52,ultralytics,0.757,3
2041,34.049,437.73,410.45,438.16,410.63,4.15,,,0.654,432.23,406.47,444.09,414.78,ultralytics,0.654,2
2042,34.0657,435.84,407.89,436.32,408.43,4.2,,,0.516,428.22,404.23,444.42,412.63,ultralytics,0.516,2
2043,34.0824,433.11,404.32,433.35,405.0,6.25,,,0.373,427.1,396.45,439.61,413.55,ultralytics,0.373,1
2044,34.0991,429.88,399.47,429.91,400.08,5.53,,,0.24,424.38,392.29,435.44,407.87,ultralytics,0.24,1
2045,34.1157,426.67,393.54,426.32,393.63,5.85,,,0.358,420.46,386.65,432.17,400.61,ultralytics,0.358,1
2046,34.1324,423.88,386.86,423.68,387.4,5.85,,,0.446,417.83,380.33,429.53,394.47,ultralytics,0.446,1
2047,34.1491,421.47,379.41,421.46,379.7,5.64,,,0.327,415.82,372.69,427.1,386.71,ultralytics,0.327,1
2048,34.1658,419.34,371.48,419.15,371.41,5.33,,,0.482,413.82,363.5,424.49,379.32,ultralytics,0.482,1
2049,34.1825,417.63,363.81,417.25,363.04,5.21,,,0.104,412.04,353.72,422.46,372.36,ultralytics,0.104,1
2050,34.1992,416.43,356.81,416.35,357.06,5.19,,,0.076,411.16,346.17,421.54,367.95,ultralytics,0.076,1
2051,34.2158,415.52,350.15,415.52,349.87,5.35,,,0.36,410.17,343.46,420.88,356.28,ultralytics,0.36,2
2052,34.2325,414.75,344.05,414.62,343.5,5.8,,,0.534,408.82,336.55,420.41,350.45,ultralytics,0.534,1
2053,34.2492,391.65,321.01,414.02,338.16,6.0,,,0.255,408.02,330.49,420.01,345.83,ultralytics,0.255,1
2054,34.2659,290.32,236.35,413.85,335.44,5.81,,,0.424,408.04,327.55,419.66,343.34,ultralytics,0.424,1
