frame_index,timestamp_s,near_p1_x,near_p1_y,near_p2_x,near_p2_y,near_a,near_b,near_c,far_p1_x,far_p1_y,far_p2_x,far_p2_y,far_a,far_b,far_c
0,0.0,0.0,469.0,950.0,469.0,0.0,-1.0,469.0,960.0,469.0,1919.0,469.0,0.0,-1.0,469.0
1,0.0167,0.0,469.0,950.0,469.0,0.0,-1.0,469.0,960.0,469.0,1919.0,469.0,0.0,-1.0,469.0
2,0.0334,0.0,469.0,950.0,469.0,0.0,-1.0,469.0,960.0,469.0,1919.0,469.0,0.0,-1.0,469.0
3,0.05,0.0,469.0,950.0,469.0,0.0,-1.0,469.0,960.0,469.0,1919.0,469.0,0.0,-1.0,469.0
4,0.0667,0.0,469.0,950.0,469.0,0.0,-1.0,469.0,960.0,469.0,1919.0,469.0,0.0,-1.0,469.0
5,0.0834,0.0,469.0,950.0,469.0,0.0,-1.0,469.0,960.0,469.0,1919.0,469.0,0.0,-1.0,469.0
6,0.1001,0.0,469.0,950.0,469.0,0.0,-1.0,469.0,960.0,469.0,1919.0,469.0,0.0,-1.0,469.0
7,0.1168,0.0,469.0,950.0,469.0,0.0,-1.0,469.0,960.0,469.0,1919.0,469.0,0.0,-1.0,469.0
8,0.1335,0.0,469.0,950.0,469.0,0.0,-1.0,469.0,960.0,469.0,1919.0,469.0,0.0,-1.0,469.0
9,0.1501,0.0,469.0,950.0,469.0,0.0,-1.0,469.0,960.0,469.0,1919.0,469.0,0.0,-1.0,469.0
10,0.1668,0.0,469.0,950.0,469.0,0.0,-1.0,469.0,960.0,469.0,1919.0,469.0,0.0,-1.0,469.0
11,0.1835,0.0,469.0,950.0,469.0,0.0,-1.0,469.0,960.0,469.0,1919.0,469.0,0.0,-1.0,469.0
12,0.2002,0.0,469.0,950.0,469.0,0.0,-1.0,469.0,960.0,469.0,1919.0,469.0,0.0,-1.0,469.0
13,0.2169,0.0,469.0,950.0,469.0,0.0,-1.0,469.0,960.0,469.0,1919.0,469.0,0.0,-1.0,469.0
14,0.2336,0.0,469.0,950.0,469.0,0.0,-1.0,469.0,960.0,469.0,1919.0,469.0,0.0,-1.0,469.0
15,0.2502,0.0,469.0,950.0,469.0,0.0,-1.0,469.0,960.0,469.0,1919.0,469.0,0.0,-1.0,469.0
16,0.2669,0.0,469.0,950.0,469.0,0.0,-1.0,469.0,960.0,469.0,1919.0,469.0,0.0,-1.0,469.0
17,0.2836,0.0,469.0,950.0,469.0,0.0,-1.0,469.0,960.0,469.0,1919.0,469.0,0.0,-1.0,469.0
18,0.3003,0.0,469.0,950.0,469.0,0.0,-1.0,469.0,960.0,469.0,1919.0,469.0,0.0,-1.0,469.0
19,0.317,0.0,469.0,950.0,469.0,0.0,-1.0,469.0,960.0,469.0,1919.0,469.0,0.0,-1.0,469.0
20,0.3336,0.0,469.0,950.0,469.0,0.0,-1.0,469.0,960.0,469.0,1919.0,469.0,0.0,-1.0,469.0
21,0.3503,0.0,469.0,950.0,469.0,0.0,-1.0,469.0,960.0,469.0,1919.0,469.0,0.0,-1.0,469.0
22,0.367,0.0,469.0,950.0,469.0,0.0,-1.0,469.0,960.0,469.0,1919.0,469.0,0.0,-1.0,469.0
23,0.3837,0.0,469.0,950.0,469.0,0.0,-1.0,469.0,960.0,469.0,1919.0,469.0,0.0,-1.0,469.0
24,0.4004,0.0,469.0,950.0,469.0,0.0,-1.0,469.0,960.0,469.0,1919.0,469.0,0.0,-1.0,469.0
25,0.4171,0.0,469.0,950.0,469.0,0.0,-1.0,469.0,960.0,469.0,1919.0,469.0,0.0,-1.0,469.0
26,0.4337,0.0,469.0,950.0,469.0,0.0,-1.0,469.0,960.0,469.0,1919.0,469.0,0.0,-1.0,469.0
27,0.4504,0.0,469.0,950.0,469.0,0.0,-1.0,469.0,960.0,469.0,1919.0,469.0,0.0,-1.0,469.0
28,0.4671,0.0,469.0,950.0,469.0,0.0,-1.0,469.0,960.0,469.0,1919.0,469.0,0.0,-1.0,469.0
29,0.4838,0.0,469.0,950.0,469.0,0.0,-1.0,469.0,960.0,469.0,1919.0,469.0,0.0,-1.0,469.0
30,0.5005,0.0,469.0,950.0,469.0,0.0,-1.0,469.0,960.0,469.0,1919.0,469.0,0.0,-1.0,469.0
31,0.5172,0.0,469.0,950.0,469.0,0.0,-1.0,469.0,960.0,469.0,1919.0,469.0,0.0,-1.0,469.0
32,0.5338,0.0,469.0,950.0,469.0,0.0,-1.0,469.0,960.0,469.0,1919.0,469.0,0.0,-1.0,469.0
33,0.5505,0.0,469.0,950.0,469.0,0.0,-1.0,469.0,960.0,469.0,1919.0,469.0,0.0,-1.0,469.0
34,0.5672,0.0,469.0,950.0,469.0,0.0,-1.0,469.0,960.0,469.0,1919.0,469.0,0.0,-1.0,469.0
35,0.5839,0.0,469.0,950.0,469.0,0.0,-1.0,469.0,960.0,469.0,1919.0,469.0,0.0,-1.0,469.0
36,0.6006,0.0,469.0,950.0,469.0,0.0,-1.0,469.0,960.0,469.0,1919.0,469.0,0.0,-1.0,469.0
37,0.6173,0.0,469.0,950.0,469.0,0.0,-1.0,469.0,960.0,469.0,1919.0,469.0,0.0,-1.0,469.0
38,0.6339,0.0,469.0,950.0,469.0,0.0,-1.0,469.0,960.0,469.0,1919.0,469.0,0.0,-1.0,469.0
39,0.6506,0.0,469.0,950.0,469.0,0.0,-1.0,469.0,960.0,469.0,1919.0,469.0,0.0,-1.0,469.0
40,0.6673,0.0,469.0,950.0,469.0,0.0,-1.0,469.0,960.0,469.0,1919.0,469.0,0.0,-1.0,469.0
41,0.684,0.0,469.0,950.0,469.0,0.0,-1.0,469.0,960.0,469.0,1919.0,469.0,0.0,-1.0,469.0
42,0.7007,0.0,469.0,950.0,469.0,0.0,-1.0,469.0,960.0,469.0,1919.0,469.0,0.0,-1.0,469.0
43,0.7173,0.0,469.0,950.0,469.0,0.0,-1.0,469.0,960.0,469.0,1919.0,469.0,0.0,-1.0,469.0
44,0.734,0.0,469.0,950.0,469.0,0.0,-1.0,469.0,960.0,469.0,1919.0,469.0,0.0,-1.0,469.0
45,0.7507,0.0,469.0,950.0,469.0,0.0,-1.0,469.0,960.0,469.0,1919.0,469.0,0.0,-1.0,469.0
46,0.7674,0.0,469.0,950.0,469.0,0.0,-1.0,469.0,960.0,469.0,1919.0,469.0,0.0,-1.0,469.0
47,0.7841,0.0,469.0,950.0,469.0,0.0,-1.0,469.0,960.0,469.0,1919.0,469.0,0.0,-1.0,469.0
48,0.8008,0.0,469.0,950.0,469.0,0.0,-1.0,469.0,960.0,469.0,1919.0,469.0,0.0,-1.0,469.0
49,0.8174,0.0,469.0,950.0,469.0,0.0,-1.0,469.0,960.0,469.0,1919.0,469.0,0.0,-1.0,469.0
50,0.8341,0.0,469.0,950.0,469.0,0.0,-1.0,469.0,960.0,469.0,1919.0,469.0,0.0,-1.0,469.0
51,0.8508,0.0,469.0,950.0,469.0,0.0,-1.0,469.0,960.0,469.0,1919.0,469.0,0.0,-1.0,469.0
52,0.8675,0.0,469.0,950.0,469.0,0.0,-1.0,469.0,960.0,469.0,1919.0,469.0,0.0,-1.0,469.0
53,0.8842,0.0,469.0,950.0,469.0,0.0,-1.0,469.0,960.0,469.0,1919.0,469.0,0.0,-1.0,469.0
54,0.9009,0.0,469.0,950.0,469.0,0.0,-1.0,469.0,960.0,469.0,1919.0,469.0,0.0,-1.0,469.0
55,0.9175,0.0,469.0,950.0,469.0,0.0,-1.0,469.0,960.0,469.0,1919.0,469.0,0.0,-1.0,469.0
56,0.9342,0.0,469.0,950.0,469.0,0.0,-1.0,469.0,960.0,469.0,1919.0,469.0,0.0,-1.0,469.0
57,0.9509,0.0,469.0,950.0,469.0,0.0,-1.0,469.0,960.0,469.0,1919.0,469.0,0.0,-1.0,469.0
58,0.9676,0.0,469.0,950.0,469.0,0.0,-1.0,469.0,960.0,469.0,1919.0,469.0,0.0,-1.0,469.0
59,0.9843,0.0,469.0,950.0,469.0,0.0,-1.0,469.0,960.0,469.0,1919.0,469.0,0.0,-1.0,469.0
60,1.0009,0.0,469.0,950.0,469.0,0.0,-1.0,469.0,960.0,469.0,1919.0,469.0,0.0,-1.0,469.0
61,1.0176,0.0,469.0,950.0,469.0,0.0,-1.0,469.0,960.0,469.0,1919.0,469.0,0.0,-1.0,469.0
62,1.0343,0.0,469.0,950.0,469.0,0.0,-1.0,469.0,960.0,469.0,1919.0,469.0,0.0,-1.0,469.0
63,1.051,0.0,469.0,950.0,469.0,0.0,-1.0,469.0,960.0,469.0,1919.0,469.0,0.0,-1.0,469.0
64,1.0677,0.0,469.0,950.0,469.0,0.0,-1.0,469.0,960.0,469.0,1919.0,469.0,0.0,-1.0,469.0
65,1.0844,0.0,469.0,950.0,469.0,0.0,-1.0,469.0,960.0,469.0,1919.0,469.0,0.0,-1.0,469.0
66,1.101,0.0,469.0,950.0,469.0,0.0,-1.0,469.0,960.0,469.0,1919.0,469.0,0.0,-1.0,469.0
67,1.1177,0.0,469.0,950.0,469.0,0.0,-1.0,469.0,960.0,469.0,1919.0,469.0,0.0,-1.0,469.0
68,1.1344,0.0,469.0,950.0,469.0,0.0,-1.0,469.0,960.0,469.0,1919.0,469.0,0.0,-1.0,469.0
69,1.1511,0.0,469.0,950.0,469.0,0.0,-1.0,469.0,960.0,469.0,1919.0,469.0,0.0,-1.0,469.0
70,1.1678,0.0,469.0,950.0,469.0,0.0,-1.0,469.0,960.0,469.0,1919.0,469.0,0.0,-1.0,469.0
71,1.1845,0.0,469.0,950.0,469.0,0.0,-1.0,469.0,960.0,469.0,1919.0,469.0,0.0,-1.0,469.0
72,1.2011,0.0,469.0,950.0,469.0,0.0,-1.0,469.0,960.0,469.0,1919.0,469.0,0.0,-1.0,469.0
73,1.2178,0.0,469.0,950.0,469.0,0.0,-1.0,469.0,960.0,469.0,1919.0,469.0,0.0,-1.0,469.0
74,1.2345,0.0,469.0,950.0,469.0,0.0,-1.0,469.0,960.0,469.0,1919.0,469.0,0.0,-1.0,469.0
75,1.2512,0.0,469.0,950.0,469.0,0.0,-1.0,469.0,960.0,469.0,1919.0,469.0,0.0,-1.0,469.0
76,1.2679,0.0,469.0,950.0,469.0,0.0,-1.0,469.0,960.0,469.0,1919.0,469.0,0.0,-1.0,469.0
77,1.2845,0.0,469.0,950.0,469.0,0.0,-1.0,469.0,960.0,469.0,1919.0,469.0,0.0,-1.0,469.0
78,1.3012,0.0,469.0,950.0,469.0,0.0,-1.0,469.0,960.0,469.0,1919.0,469.0,0.0,-1.0,469.0
79,1.3179,0.0,469.0,950.0,469.0,0.0,-1.0,469.0,960.0,469.0,1919.0,469.0,0.0,-1.0,469.0
80,1.3346,0.0,469.0,950.0,469.0,0.0,-1.0,469.0,960.0,469.0,1919.0,469.0,0.0,-1.0,469.0
81,1.3513,0.0,469.0,950.0,469.0,0.0,-1.0,469.0,960.0,469.0,1919.0,469.0,0.0,-1.0,469.0
82,1.368,0.0,469.0,950.0,469.0,0.0,-1.0,469.0,960.0,469.0,1919.0,469.0,0.0,-1.0,469.0
83,1.3846,0.0,469.0,950.0,469.0,0.0,-1.0,469.0,960.0,469.0,1919.0,469.0,0.0,-1.0,469.0
84,1.4013,0.0,469.0,950.0,469.0,0.0,-1.0,469.0,960.0,469.0,1919.0,469.0,0.0,-1.0,469.0
85,1.418,0.0,469.0,950.0,469.0,0.0,-1.0,469.0,960.0,469.0,1919.0,469.0,0.0,-1.0,469.0
86,1.4347,0.0,469.0,950.0,469.0,0.0,-1.0,469.0,960.0,469.0,1919.0,469.0,0.0,-1.0,469.0
87,1.4514,0.0,469.0,950.0,469.0,0.0,-1.0,469.0,960.0,469.0,1919.0,469.0,0.0,-1.0,469.0
88,1.4681,0.0,469.0,950.0,469.0,0.0,-1.0,469.0,960.0,469.0,1919.0,469.0,0.0,-1.0,469.0
89,1.4847,0.0,469.0,950.0,469.0,0.0,-1.0,469.0,960.0,469.0,1919.0,469.0,0.0,-1.0,469.0
90,1.5014,0.0,469.0,950.0,469.0,0.0,-1.0,469.0,960.0,469.0,1919.0,469.0,0.0,-1.0,469.0
91,1.5181,0.0,469.0,950.0,469.0,0.0,-1.0,469.0,960.0,469.0,1919.0,469.0,0.0,-1.0,469.0
92,1.5348,0.0,469.0,950.0,469.0,0.0,-1.0,469.0,960.0,469.0,1919.0,469.0,0.0,-1.0,469.0
93,1.5515,0.0,469.0,950.0,469.0,0.0,-1.0,469.0,960.0,469.0,1919.0,469.0,0.0,-1.0,469.0
94,1.5681,0.0,469.0,950.0,469.0,0.0,-1.0,469.0,960.0,469.0,1919.0,469.0,0.0,-1.0,469.0
95,1.5848,0.0,469.0,950.0,469.0,0.0,-1.0,469.0,960.0,469.0,1919.0,469.0,0.0,-1.0,469.0
96,1.6015,0.0,469.0,950.0,469.0,0.0,-1.0,469.0,960.0,469.0,1919.0,469.0,0.0,-1.0,469.0
97,1.6182,0.0,469.0,950.0,469.0,0.0,-1.0,469.0,960.0,469.0,1919.0,469.0,0.0,-1.0,469.0
98,1.6349,0.0,469.0,950.0,469.0,0.0,-1.0,469.0,960.0,469.0,1919.0,469.0,0.0,-1.0,469.0
99,1.6516,0.0,469.0,950.0,469.0,0.0,-1.0,469.0,960.0,469.0,1919.0,469.0,0.0,-1.0,469.0
100,1.6682,0.0,469.0,950.0,469.0,0.0,-1.0,469.0,960.0,469.0,1919.0,469.0,0.0,-1.0,469.0
101,1.6849,0.0,469.0,950.0,469.0,0.0,-1.0,469.0,960.0,469.0,1919.0,469.0,0.0,-1.0,469.0
102,1.7016,0.0,469.0,950.0,469.0,0.0,-1.0,469.0,960.0,469.0,1919.0,469.0,0.0,-1.0,469.0
103,1.7183,0.0,469.0,950.0,469.0,0.0,-1.0,469.0,960.0,469.0,1919.0,469.0,0.0,-1.0,469.0
104,1.735,0.0,469.0,950.0,469.0,0.0,-1.0,469.0,960.0,469.0,1919.0,469.0,0.0,-1.0,469.0
105,1.7517,0.0,469.0,950.0,469.0,0.0,-1.0,469.0,960.0,469.0,1919.0,469.0,0.0,-1.0,469.0
106,1.7683,0.0,469.0,950.0,469.0,0.0,-1.0,469.0,960.0,469.0,1919.0,469.0,0.0,-1.0,469.0
107,1.785,0.0,469.0,950.0,469.0,0.0,-1.0,469.0,960.0,469.0,1919.0,469.0,0.0,-1.0,469.0
108,1.8017,0.0,469.0,950.0,469.0,0.0,-1.0,469.0,960.0,469.0,1919.0,469.0,0.0,-1.0,469.0
109,1.8184,0.0,469.0,950.0,469.0,0.0,-1.0,469.0,960.0,469.0,1919.0,469.0,0.0,-1.0,469.0
110,1.8351,0.0,469.0,950.0,469.0,0.0,-1.0,469.0,960.0,469.0,1919.0,469.0,0.0,-1.0,469.0
111,1.8518,0.0,469.0,950.0,469.0,0.0,-1.0,469.0,960.0,469.0,1919.0,469.0,0.0,-1.0,469.0
112,1.8684,0.0,469.0,950.0,469.0,0.0,-1.0,469.0,960.0,469.0,1919.0,469.0,0.0,-1.0,469.0
113,1.8851,0.0,469.0,950.0,469.0,0.0,-1.0,469.0,960.0,469.0,1919.0,469.0,0.0,-1.0,469.0
114,1.9018,0.0,469.0,950.0,469.0,0.0,-1.0,469.0,960.0,469.0,1919.0,469.0,0.0,-1.0,469.0
115,1.9185,0.0,469.0,950.0,469.0,0.0,-1.0,469.0,960.0,469.0,1919.0,469.0,0.0,-1.0,469.0
116,1.9352,0.0,469.0,950.0,469.0,0.0,-1.0,469.0,960.0,469.0,1919.0,469.0,0.0,-1.0,469.0
117,1.9518,0.0,469.0,950.0,469.0,0.0,-1.0,469.0,960.0,469.0,1919.0,469.0,0.0,-1.0,469.0
118,1.9685,0.0,469.0,950.0,469.0,0.0,-1.0,469.0,960.0,469.0,1919.0,469.0,0.0,-1.0,469.0
119,1.9852,0.0,469.0,950.0,469.0,0.0,-1.0,469.0,960.0,469.0,1919.0,469.0,0.0,-1.0,469.0
120,2.0019,0.0,469.0,950.0,469.0,0.0,-1.0,469.0,960.0,469.0,1919.0,469.0,0.0,-1.0,469.0
121,2.0186,0.0,469.0,950.0,469.0,0.0,-1.0,469.0,960.0,469.0,1919.0,469.0,0.0,-1.0,469.0
122,2.0353,0.0,469.0,950.0,469.0,0.0,-1.0,469.0,960.0,469.0,1919.0,469.0,0.0,-1.0,469.0
123,2.0519,0.0,469.0,950.0,469.0,0.0,-1.0,469.0,960.0,469.0,1919.0,469.0,0.0,-1.0,469.0
124,2.0686,0.0,469.0,950.0,469.0,0.0,-1.0,469.0,960.0,469.0,1919.0,469.0,0.0,-1.0,469.0
125,2.0853,0.0,469.0,950.0,469.0,0.0,-1.0,469.0,960.0,469.0,1919.0,469.0,0.0,-1.0,469.0
126,2.102,0.0,469.0,950.0,469.0,0.0,-1.0,469.0,960.0,469.0,1919.0,469.0,0.0,-1.0,469.0
127,2.1187,0.0,469.0,950.0,469.0,0.0,-1.0,469.0,960.0,469.0,1919.0,469.0,0.0,-1.0,469.0
128,2.1354,0.0,469.0,950.0,469.0,0.0,-1.0,469.0,960.0,469.0,1919.0,469.0,0.0,-1.0,469.0
129,2.152,0.0,469.0,950.0,469.0,0.0,-1.0,469.0,960.0,469.0,1919.0,469.0,0.0,-1.0,469.0
130,2.1687,0.0,469.0,950.0,469.0,0.0,-1.0,469.0,960.0,469.0,1919.0,469.0,0.0,-1.0,469.0
131,2.1854,0.0,469.0,950.0,469.0,0.0,-1.0,469.0,960.0,469.0,1919.0,469.0,0.0,-1.0,469.0
132,2.2021,0.0,469.0,950.0,469.0,0.0,-1.0,469.0,960.0,469.0,1919.0,469.0,0.0,-1.0,469.0
133,2.2188,0.0,469.0,950.0,469.0,0.0,-1.0,469.0,960.0,469.0,1919.0,469.0,0.0,-1.0,469.0
134,2.2354,0.0,469.0,950.0,469.0,0.0,-1.0,469.0,960.0,469.0,1919.0,469.0,0.0,-1.0,469.0
135,2.2521,0.0,469.0,950.0,469.0,0.0,-1.0,469.0,960.0,469.0,1919.0,469.0,0.0,-1.0,469.0
136,2.2688,0.0,469.0,950.0,469.0,0.0,-1.0,469.0,960.0,469.0,1919.0,469.0,0.0,-1.0,469.0
137,2.2855,0.0,469.0,950.0,469.0,0.0,-1.0,469.0,960.0,469.0,1919.0,469.0,0.0,-1.0,469.0
138,2.3022,0.0,469.0,950.0,469.0,0.0,-1.0,469.0,960.0,469.0,1919.0,469.0,0.0,-1.0,469.0
139,2.3189,0.0,469.0,950.0,469.0,0.0,-1.0,469.0,960.0,469.0,1919.0,469.0,0.0,-1.0,469.0
140,2.3355,0.0,469.0,950.0,469.0,0.0,-1.0,469.0,960.0,469.0,1919.0,469.0,0.0,-1.0,469.0
141,2.3522,0.0,469.0,950.0,469.0,0.0,-1.0,469.0,960.0,469.0,1919.0,469.0,0.0,-1.0,469.0
142,2.3689,0.0,469.0,950.0,469.0,0.0,-1.0,469.0,960.0,469.0,1919.0,469.0,0.0,-1.0,469.0
143,2.3856,0.0,469.0,950.0,469.0,0.0,-1.0,469.0,960.0,469.0,1919.0,469.0,0.0,-1.0,469.0
144,2.4023,0.0,469.0,950.0,469.0,0.0,-1.0,469.0,960.0,469.0,1919.0,469.0,0.0,-1.0,469.0
145,2.419,0.0,469.0,950.0,469.0,0.0,-1.0,469.0,960.0,469.0,1919.0,469.0,0.0,-1.0,469.0
146,2.4356,0.0,469.0,950.0,469.0,0.0,-1.0,469.0,960.0,469.0,1919.0,469.0,0.0,-1.0,469.0
147,2.4523,0.0,469.0,950.0,469.0,0.0,-1.0,469.0,960.0,469.0,1919.0,469.0,0.0,-1.0,469.0
148,2.469,0.0,469.0,950.0,469.0,0.0,-1.0,469.0,960.0,469.0,1919.0,469.0,0.0,-1.0,469.0
149,2.4857,0.0,469.0,950.0,469.0,0.0,-1.0,469.0,960.0,469.0,1919.0,469.0,0.0,-1.0,469.0
150,2.5024,0.0,469.0,950.0,469.0,0.0,-1.0,469.0,960.0,469.0,1919.0,469.0,0.0,-1.0,469.0
151,2.519,0.0,469.0,950.0,469.0,0.0,-1.0,469.0,960.0,469.0,1919.0,469.0,0.0,-1.0,469.0
152,2.5357,0.0,469.0,950.0,469.0,0.0,-1.0,469.0,960.0,469.0,1919.0,469.0,0.0,-1.0,469.0
153,2.5524,0.0,469.0,950.0,469.0,0.0,-1.0,469.0,960.0,469.0,1919.0,469.0,0.0,-1.0,469.0
154,2.5691,0.0,469.0,950.0,469.0,0.0,-1.0,469.0,960.0,469.0,1919.0,469.0,0.0,-1.0,469.0
155,2.5858,0.0,469.0,950.0,469.0,0.0,-1.0,469.0,960.0,469.0,1919.0,469.0,0.0,-1.0,469.0
156,2.6025,0.0,469.0,950.0,469.0,0.0,-1.0,469.0,960.0,469.0,1919.0,469.0,0.0,-1.0,469.0
157,2.6191,0.0,469.0,950.0,469.0,0.0,-1.0,469.0,960.0,469.0,1919.0,469.0,0.0,-1.0,469.0
158,2.6358,0.0,469.0,950.0,469.0,0.0,-1.0,469.0,960.0,469.0,1919.0,469.0,0.0,-1.0,469.0
159,2.6525,0.0,469.0,950.0,469.0,0.0,-1.0,469.0,960.0,469.0,1919.0,469.0,0.0,-1.0,469.0
160,2.6692,0.0,469.0,950.0,469.0,0.0,-1.0,469.0,960.0,469.0,1919.0,469.0,0.0,-1.0,469.0
161,2.6859,0.0,469.0,950.0,469.0,0.0,-1.0,469.0,960.0,469.0,1919.0,469.0,0.0,-1.0,469.0
162,2.7026,0.0,469.0,950.0,469.0,0.0,-1.0,469.0,960.0,469.0,1919.0,469.0,0.0,-1.0,469.0
163,2.7192,0.0,469.0,950.0,469.0,0.0,-1.0,469.0,960.0,469.0,1919.0,469.0,0.0,-1.0,469.0
164,2.7359,0.0,469.0,950.0,469.0,0.0,-1.0,469.0,960.0,469.0,1919.0,469.0,0.0,-1.0,469.0
165,2.7526,0.0,469.0,950.0,469.0,0.0,-1.0,469.0,960.0,469.0,1919.0,469.0,0.0,-1.0,469.0
166,2.7693,0.0,469.0,950.0,469.0,0.0,-1.0,469.0,960.0,469.0,1919.0,469.0,0.0,-1.0,469.0
167,2.786,0.0,469.0,950.0,469.0,0.0,-1.0,469.0,960.0,469.0,1919.0,469.0,0.0,-1.0,469.0
168,2.8027,0.0,469.0,950.0,469.0,0.0,-1.0,469.0,960.0,469.0,1919.0,469.0,0.0,-1.0,469.0
169,2.8193,0.0,469.0,950.0,469.0,0.0,-1.0,469.0,960.0,469.0,1919.0,469.0,0.0,-1.0,469.0
170,2.836,0.0,469.0,950.0,469.0,0.0,-1.0,469.0,960.0,469.0,1919.0,469.0,0.0,-1.0,469.0
171,2.8527,0.0,469.0,950.0,469.0,0.0,-1.0,469.0,960.0,469.0,1919.0,469.0,0.0,-1.0,469.0
172,2.8694,0.0,469.0,950.0,469.0,0.0,-1.0,469.0,960.0,469.0,1919.0,469.0,0.0,-1.0,469.0
173,2.8861,0.0,469.0,950.0,469.0,0.0,-1.0,469.0,960.0,469.0,1919.0,469.0,0.0,-1.0,469.0
174,2.9027,0.0,469.0,950.0,469.0,0.0,-1.0,469.0,960.0,469.0,1919.0,469.0,0.0,-1.0,469.0
175,2.9194,0.0,469.0,950.0,469.0,0.0,-1.0,469.0,960.0,469.0,1919.0,469.0,0.0,-1.0,469.0
176,2.9361,0.0,469.0,950.0,469.0,0.0,-1.0,469.0,960.0,469.0,1919.0,469.0,0.0,-1.0,469.0
177,2.9528,0.0,469.0,950.0,469.0,0.0,-1.0,469.0,960.0,469.0,1919.0,469.0,0.0,-1.0,469.0
178,2.9695,0.0,469.0,950.0,469.0,0.0,-1.0,469.0,960.0,469.0,1919.0,469.0,0.0,-1.0,469.0
179,2.9862,0.0,469.0,950.0,469.0,0.0,-1.0,469.0,960.0,469.0,1919.0,469.0,0.0,-1.0,469.0
180,3.0028,0.0,469.0,950.0,469.0,0.0,-1.0,469.0,960.0,469.0,1919.0,469.0,0.0,-1.0,469.0
181,3.0195,0.0,469.0,950.0,469.0,0.0,-1.0,469.0,960.0,469.0,1919.0,469.0,0.0,-1.0,469.0
182,3.0362,0.0,469.0,950.0,469.0,0.0,-1.0,469.0,960.0,469.0,1919.0,469.0,0.0,-1.0,469.0
183,3.0529,0.0,469.0,950.0,469.0,0.0,-1.0,469.0,960.0,469.0,1919.0,469.0,0.0,-1.0,469.0
184,3.0696,0.0,469.0,950.0,469.0,0.0,-1.0,469.0,960.0,469.0,1919.0,469.0,0.0,-1.0,469.0
185,3.0863,0.0,469.0,950.0,469.0,0.0,-1.0,469.0,960.0,469.0,1919.0,469.0,0.0,-1.0,469.0
186,3.1029,0.0,469.0,950.0,469.0,0.0,-1.0,469.0,960.0,469.0,1919.0,469.0,0.0,-1.0,469.0
187,3.1196,0.0,469.0,950.0,469.0,0.0,-1.0,469.0,960.0,469.0,1919.0,469.0,0.0,-1.0,469.0
188,3.1363,0.0,469.0,950.0,469.0,0.0,-1.0,469.0,960.0,469.0,1919.0,469.0,0.0,-1.0,469.0
189,3.153,0.0,469.0,950.0,469.0,0.0,-1.0,469.0,960.0,469.0,1919.0,469.0,0.0,-1.0,469.0
190,3.1697,0.0,469.0,950.0,469.0,0.0,-1.0,469.0,960.0,469.0,1919.0,469.0,0.0,-1.0,469.0
191,3.1863,0.0,469.0,950.0,469.0,0.0,-1.0,469.0,960.0,469.0,1919.0,469.0,0.0,-1.0,469.0
192,3.203,0.0,469.0,950.0,469.0,0.0,-1.0,469.0,960.0,469.0,1919.0,469.0,0.0,-1.0,469.0
193,3.2197,0.0,469.0,950.0,469.0,0.0,-1.0,469.0,960.0,469.0,1919.0,469.0,0.0,-1.0,469.0
194,3.2364,0.0,469.0,950.0,469.0,0.0,-1.0,469.0,960.0,469.0,1919.0,469.0,0.0,-1.0,469.0
195,3.2531,0.0,469.0,950.0,469.0,0.0,-1.0,469.0,960.0,469.0,1919.0,469.0,0.0,-1.0,469.0
196,3.2698,0.0,469.0,950.0,469.0,0.0,-1.0,469.0,960.0,469.0,1919.0,469.0,0.0,-1.0,469.0
197,3.2864,0.0,469.0,950.0,469.0,0.0,-1.0,469.0,960.0,469.0,1919.0,469.0,0.0,-1.0,469.0
198,3.3031,0.0,469.0,950.0,469.0,0.0,-1.0,469.0,960.0,469.0,1919.0,469.0,0.0,-1.0,469.0
199,3.3198,0.0,469.0,950.0,469.0,0.0,-1.0,469.0,960.0,469.0,1919.0,469.0,0.0,-1.0,469.0
200,3.3365,0.0,469.0,950.0,469.0,0.0,-1.0,469.0,960.0,469.0,1919.0,469.0,0.0,-1.0,469.0
201,3.3532,0.0,469.0,950.0,469.0,0.0,-1.0,469.0,960.0,469.0,1919.0,469.0,0.0,-1.0,469.0
202,3.3699,0.0,469.0,950.0,469.0,0.0,-1.0,469.0,960.0,469.0,1919.0,469.0,0.0,-1.0,469.0
203,3.3865,0.0,469.0,950.0,469.0,0.0,-1.0,469.0,960.0,469.0,1919.0,469.0,0.0,-1.0,469.0
204,3.4032,0.0,469.0,950.0,469.0,0.0,-1.0,469.0,960.0,469.0,1919.0,469.0,0.0,-1.0,469.0
205,3.4199,0.0,469.0,950.0,469.0,0.0,-1.0,469.0,960.0,469.0,1919.0,469.0,0.0,-1.0,469.0
206,3.4366,0.0,469.0,950.0,469.0,0.0,-1.0,469.0,960.0,469.0,1919.0,469.0,0.0,-1.0,469.0
207,3.4533,0.0,469.0,950.0,469.0,0.0,-1.0,469.0,960.0,469.0,1919.0,469.0,0.0,-1.0,469.0
208,3.4699,0.0,469.0,950.0,469.0,0.0,-1.0,469.0,960.0,469.0,1919.0,469.0,0.0,-1.0,469.0
209,3.4866,0.0,469.0,950.0,469.0,0.0,-1.0,469.0,960.0,469.0,1919.0,469.0,0.0,-1.0,469.0
210,3.5033,0.0,469.0,950.0,469.0,0.0,-1.0,469.0,960.0,469.0,1919.0,469.0,0.0,-1.0,469.0
211,3.52,0.0,469.0,950.0,469.0,0.0,-1.0,469.0,960.0,469.0,1919.0,469.0,0.0,-1.0,469.0
212,3.5367,0.0,469.0,950.0,469.0,0.0,-1.0,469.0,960.0,469.0,1919.0,469.0,0.0,-1.0,469.0
213,3.5534,0.0,469.0,950.0,469.0,0.0,-1.0,469.0,960.0,469.0,1919.0,469.0,0.0,-1.0,469.0
214,3.57,0.0,469.0,950.0,469.0,0.0,-1.0,469.0,960.0,469.0,1919.0,469.0,0.0,-1.0,469.0
215,3.5867,0.0,469.0,950.0,469.0,0.0,-1.0,469.0,960.0,469.0,1919.0,469.0,0.0,-1.0,469.0
216,3.6034,0.0,469.0,950.0,469.0,0.0,-1.0,469.0,960.0,469.0,1919.0,469.0,0.0,-1.0,469.0
217,3.6201,0.0,469.0,950.0,469.0,0.0,-1.0,469.0,960.0,469.0,1919.0,469.0,0.0,-1.0,469.0
218,3.6368,0.0,469.0,950.0,469.0,0.0,-1.0,469.0,960.0,469.0,1919.0,469.0,0.0,-1.0,469.0
219,3.6535,0.0,469.0,950.0,469.0,0.0,-1.0,469.0,960.0,469.0,1919.0,469.0,0.0,-1.0,469.0
220,3.6701,0.0,469.0,950.0,469.0,0.0,-1.0,469.0,960.0,469.0,1919.0,469.0,0.0,-1.0,469.0
221,3.6868,0.0,469.0,950.0,469.0,0.0,-1.0,469.0,960.0,469.0,1919.0,469.0,0.0,-1.0,469.0
222,3.7035,0.0,469.0,950.0,469.0,0.0,-1.0,469.0,960.0,469.0,1919.0,469.0,0.0,-1.0,469.0
223,3.7202,0.0,469.0,950.0,469.0,0.0,-1.0,469.0,960.0,469.0,1919.0,469.0,0.0,-1.0,469.0
224,3.7369,0.0,469.0,950.0,469.0,0.0,-1.0,469.0,960.0,469.0,1919.0,469.0,0.0,-1.0,469.0
225,3.7536,0.0,469.0,950.0,469.0,0.0,-1.0,469.0,960.0,469.0,1919.0,469.0,0.0,-1.0,469.0
226,3.7702,0.0,469.0,950.0,469.0,0.0,-1.0,469.0,960.0,469.0,1919.0,469.0,0.0,-1.0,469.0
227,3.7869,0.0,469.0,950.0,469.0,0.0,-1.0,469.0,960.0,469.0,1919.0,469.0,0.0,-1.0,469.0
228,3.8036,0.0,469.0,950.0,469.0,0.0,-1.0,469.0,960.0,469.0,1919.0,469.0,0.0,-1.0,469.0
229,3.8203,0.0,469.0,950.0,469.0,0.0,-1.0,469.0,960.0,469.0,1919.0,469.0,0.0,-1.0,469.0
230,3.837,0.0,469.0,950.0,469.0,0.0,-1.0,469.0,960.0,469.0,1919.0,469.0,0.0,-1.0,469.0
231,3.8536,0.0,469.0,950.0,469.0,0.0,-1.0,469.0,960.0,469.0,1919.0,469.0,0.0,-1.0,469.0
232,3.8703,0.0,469.0,950.0,469.0,0.0,-1.0,469.0,960.0,469.0,1919.0,469.0,0.0,-1.0,469.0
233,3.887,0.0,469.0,950.0,469.0,0.0,-1.0,469.0,960.0,469.0,1919.0,469.0,0.0,-1.0,469.0
234,3.9037,0.0,469.0,950.0,469.0,0.0,-1.0,469.0,960.0,469.0,1919.0,469.0,0.0,-1.0,469.0
235,3.9204,0.0,469.0,950.0,469.0,0.0,-1.0,469.0,960.0,469.0,1919.0,469.0,0.0,-1.0,469.0
236,3.9371,0.0,469.0,950.0,469.0,0.0,-1.0,469.0,960.0,469.0,1919.0,469.0,0.0,-1.0,469.0
237,3.9537,0.0,469.0,950.0,469.0,0.0,-1.0,469.0,960.0,469.0,1919.0,469.0,0.0,-1.0,469.0
238,3.9704,0.0,469.0,950.0,469.0,0.0,-1.0,469.0,960.0,469.0,1919.0,469.0,0.0,-1.0,469.0
239,3.9871,0.0,469.0,950.0,469.0,0.0,-1.0,469.0,960.0,469.0,1919.0,469.0,0.0,-1.0,469.0
240,4.0038,0.0,469.0,950.0,469.0,0.0,-1.0,469.0,960.0,469.0,1919.0,469.0,0.0,-1.0,469.0
241,4.0205,0.0,469.0,950.0,469.0,0.0,-1.0,469.0,960.0,469.0,1919.0,469.0,0.0,-1.0,469.0
242,4.0372,0.0,469.0,950.0,469.0,0.0,-1.0,469.0,960.0,469.0,1919.0,469.0,0.0,-1.0,469.0
243,4.0538,0.0,469.0,950.0,469.0,0.0,-1.0,469.0,960.0,469.0,1919.0,469.0,0.0,-1.0,469.0
244,4.0705,0.0,469.0,950.0,469.0,0.0,-1.0,469.0,960.0,469.0,1919.0,469.0,0.0,-1.0,469.0
245,4.0872,0.0,469.0,950.0,469.0,0.0,-1.0,469.0,960.0,469.0,1919.0,469.0,0.0,-1.0,469.0
246,4.1039,0.0,469.0,950.0,469.0,0.0,-1.0,469.0,960.0,469.0,1919.0,469.0,0.0,-1.0,469.0
247,4.1206,0.0,469.0,950.0,469.0,0.0,-1.0,469.0,960.0,469.0,1919.0,469.0,0.0,-1.0,469.0
248,4.1372,0.0,469.0,950.0,469.0,0.0,-1.0,469.0,960.0,469.0,1919.0,469.0,0.0,-1.0,469.0
249,4.1539,0.0,469.0,950.0,469.0,0.0,-1.0,469.0,960.0,469.0,1919.0,469.0,0.0,-1.0,469.0
250,4.1706,0.0,469.0,950.0,469.0,0.0,-1.0,469.0,960.0,469.0,1919.0,469.0,0.0,-1.0,469.0
251,4.1873,0.0,469.0,950.0,469.0,0.0,-1.0,469.0,960.0,469.0,1919.0,469.0,0.0,-1.0,469.0
252,4.204,0.0,469.0,950.0,469.0,0.0,-1.0,469.0,960.0,469.0,1919.0,469.0,0.0,-1.0,469.0
253,4.2207,0.0,469.0,950.0,469.0,0.0,-1.0,469.0,960.0,469.0,1919.0,469.0,0.0,-1.0,469.0
254,4.2373,0.0,469.0,950.0,469.0,0.0,-1.0,469.0,960.0,469.0,1919.0,469.0,0.0,-1.0,469.0
255,4.254,0.0,469.0,950.0,469.0,0.0,-1.0,469.0,960.0,469.0,1919.0,469.0,0.0,-1.0,469.0
256,4.2707,0.0,469.0,950.0,469.0,0.0,-1.0,469.0,960.0,469.0,1919.0,469.0,0.0,-1.0,469.0
257,4.2874,0.0,469.0,950.0,469.0,0.0,-1.0,469.0,960.0,469.0,1919.0,469.0,0.0,-1.0,469.0
258,4.3041,0.0,469.0,950.0,469.0,0.0,-1.0,469.0,960.0,469.0,1919.0,469.0,0.0,-1.0,469.0
259,4.3208,0.0,469.0,950.0,469.0,0.0,-1.0,469.0,960.0,469.0,1919.0,469.0,0.0,-1.0,469.0
260,4.3374,0.0,469.0,950.0,469.0,0.0,-1.0,469.0,960.0,469.0,1919.0,469.0,0.0,-1.0,469.0
261,4.3541,0.0,469.0,950.0,469.0,0.0,-1.0,469.0,960.0,469.0,1919.0,469.0,0.0,-1.0,469.0
262,4.3708,0.0,469.0,950.0,469.0,0.0,-1.0,469.0,960.0,469.0,1919.0,469.0,0.0,-1.0,469.0
263,4.3875,0.0,469.0,950.0,469.0,0.0,-1.0,469.0,960.0,469.0,1919.0,469.0,0.0,-1.0,469.0
264,4.4042,0.0,469.0,950.0,469.0,0.0,-1.0,469.0,960.0,469.0,1919.0,469.0,0.0,-1.0,469.0
265,4.4208,0.0,469.0,950.0,469.0,0.0,-1.0,469.0,960.0,469.0,1919.0,469.0,0.0,-1.0,469.0
266,4.4375,0.0,469.0,950.0,469.0,0.0,-1.0,469.0,960.0,469.0,1919.0,469.0,0.0,-1.0,469.0
267,4.4542,0.0,469.0,950.0,469.0,0.0,-1.0,469.0,960.0,469.0,1919.0,469.0,0.0,-1.0,469.0
268,4.4709,0.0,469.0,950.0,469.0,0.0,-1.0,469.0,960.0,469.0,1919.0,469.0,0.0,-1.0,469.0
269,4.4876,0.0,469.0,950.0,469.0,0.0,-1.0,469.0,960.0,469.0,1919.0,469.0,0.0,-1.0,469.0
270,4.5043,0.0,469.0,950.0,469.0,0.0,-1.0,469.0,960.0,469.0,1919.0,469.0,0.0,-1.0,469.0
271,4.5209,0.0,469.0,950.0,469.0,0.0,-1.0,469.0,960.0,469.0,1919.0,469.0,0.0,-1.0,469.0
272,4.5376,0.0,469.0,950.0,469.0,0.0,-1.0,469.0,960.0,469.0,1919.0,469.0,0.0,-1.0,469.0
273,4.5543,0.0,469.0,950.0,469.0,0.0,-1.0,469.0,960.0,469.0,1919.0,469.0,0.0,-1.0,469.0
274,4.571,0.0,469.0,950.0,469.0,0.0,-1.0,469.0,960.0,469.0,1919.0,469.0,0.0,-1.0,469.0
275,4.5877,0.0,469.0,950.0,469.0,0.0,-1.0,469.0,960.0,469.0,1919.0,469.0,0.0,-1.0,469.0
276,4.6044,0.0,469.0,950.0,469.0,0.0,-1.0,469.0,960.0,469.0,1919.0,469.0,0.0,-1.0,469.0
277,4.621,0.0,469.0,950.0,469.0,0.0,-1.0,469.0,960.0,469.0,1919.0,469.0,0.0,-1.0,469.0
278,4.6377,0.0,469.0,950.0,469.0,0.0,-1.0,469.0,960.0,469.0,1919.0,469.0,0.0,-1.0,469.0
279,4.6544,0.0,469.0,950.0,469.0,0.0,-1.0,469.0,960.0,469.0,1919.0,469.0,0.0,-1.0,469.0
280,4.6711,0.0,469.0,950.0,469.0,0.0,-1.0,469.0,960.0,469.0,1919.0,469.0,0.0,-1.0,469.0
281,4.6878,0.0,469.0,950.0,469.0,0.0,-1.0,469.0,960.0,469.0,1919.0,469.0,0.0,-1.0,469.0
282,4.7044,0.0,469.0,950.0,469.0,0.0,-1.0,469.0,960.0,469.0,1919.0,469.0,0.0,-1.0,469.0
283,4.7211,0.0,469.0,950.0,469.0,0.0,-1.0,469.0,960.0,469.0,1919.0,469.0,0.0,-1.0,469.0
284,4.7378,0.0,469.0,950.0,469.0,0.0,-1.0,469.0,960.0,469.0,1919.0,469.0,0.0,-1.0,469.0
285,4.7545,0.0,469.0,950.0,469.0,0.0,-1.0,469.0,960.0,469.0,1919.0,469.0,0.0,-1.0,469.0
286,4.7712,0.0,469.0,950.0,469.0,0.0,-1.0,469.0,960.0,469.0,1919.0,469.0,0.0,-1.0,469.0
287,4.7879,0.0,469.0,950.0,469.0,0.0,-1.0,469.0,960.0,469.0,1919.0,469.0,0.0,-1.0,469.0
288,4.8045,0.0,469.0,950.0,469.0,0.0,-1.0,469.0,960.0,469.0,1919.0,469.0,0.0,-1.0,469.0
289,4.8212,0.0,469.0,950.0,469.0,0.0,-1.0,469.0,960.0,469.0,1919.0,469.0,0.0,-1.0,469.0
290,4.8379,0.0,469.0,950.0,469.0,0.0,-1.0,469.0,960.0,469.0,1919.0,469.0,0.0,-1.0,469.0
291,4.8546,0.0,469.0,950.0,469.0,0.0,-1.0,469.0,960.0,469.0,1919.0,469.0,0.0,-1.0,469.0
292,4.8713,0.0,469.0,950.0,469.0,0.0,-1.0,469.0,960.0,469.0,1919.0,469.0,0.0,-1.0,469.0
293,4.888,0.0,469.0,950.0,469.0,0.0,-1.0,469.0,960.0,469.0,1919.0,469.0,0.0,-1.0,469.0
294,4.9046,0.0,469.0,950.0,469.0,0.0,-1.0,469.0,960.0,469.0,1919.0,469.0,0.0,-1.0,469.0
295,4.9213,0.0,469.0,950.0,469.0,0.0,-1.0,469.0,960.0,469.0,1919.0,469.0,0.0,-1.0,469.0
296,4.938,0.0,469.0,950.0,469.0,0.0,-1.0,469.0,960.0,469.0,1919.0,469.0,0.0,-1.0,469.0
297,4.9547,0.0,469.0,950.0,469.0,0.0,-1.0,469.0,960.0,469.0,1919.0,469.0,0.0,-1.0,469.0
298,4.9714,0.0,469.0,950.0,469.0,0.0,-1.0,469.0,960.0,469.0,1919.0,469.0,0.0,-1.0,469.0
299,4.9881,0.0,469.0,950.0,469.0,0.0,-1.0,469.0,960.0,469.0,1919.0,469.0,0.0,-1.0,469.0
300,5.0047,0.0,469.0,950.0,469.0,0.0,-1.0,469.0,960.0,469.0,1919.0,469.0,0.0,-1.0,469.0
301,5.0214,0.0,469.0,950.0,469.0,0.0,-1.0,469.0,960.0,469.0,1919.0,469.0,0.0,-1.0,469.0
302,5.0381,0.0,469.0,950.0,469.0,0.0,-1.0,469.0,960.0,469.0,1919.0,469.0,0.0,-1.0,469.0
303,5.0548,0.0,469.0,950.0,469.0,0.0,-1.0,469.0,960.0,469.0,1919.0,469.0,0.0,-1.0,469.0
304,5.0715,0.0,469.0,950.0,469.0,0.0,-1.0,469.0,960.0,469.0,1919.0,469.0,0.0,-1.0,469.0
305,5.0881,0.0,469.0,950.0,469.0,0.0,-1.0,469.0,960.0,469.0,1919.0,469.0,0.0,-1.0,469.0
306,5.1048,0.0,469.0,950.0,469.0,0.0,-1.0,469.0,960.0,469.0,1919.0,469.0,0.0,-1.0,469.0
307,5.1215,0.0,469.0,950.0,469.0,0.0,-1.0,469.0,960.0,469.0,1919.0,469.0,0.0,-1.0,469.0
308,5.1382,0.0,469.0,950.0,469.0,0.0,-1.0,469.0,960.0,469.0,1919.0,469.0,0.0,-1.0,469.0
309,5.1549,0.0,469.0,950.0,469.0,0.0,-1.0,469.0,960.0,469.0,1919.0,469.0,0.0,-1.0,469.0
310,5.1716,0.0,469.0,950.0,469.0,0.0,-1.0,469.0,960.0,469.0,1919.0,469.0,0.0,-1.0,469.0
311,5.1882,0.0,469.0,950.0,469.0,0.0,-1.0,469.0,960.0,469.0,1919.0,469.0,0.0,-1.0,469.0
312,5.2049,0.0,469.0,950.0,469.0,0.0,-1.0,469.0,960.0,469.0,1919.0,469.0,0.0,-1.0,469.0
313,5.2216,0.0,469.0,950.0,469.0,0.0,-1.0,469.0,960.0,469.0,1919.0,469.0,0.0,-1.0,469.0
314,5.2383,0.0,469.0,950.0,469.0,0.0,-1.0,469.0,960.0,469.0,1919.0,469.0,0.0,-1.0,469.0
315,5.255,0.0,469.0,950.0,469.0,0.0,-1.0,469.0,960.0,469.0,1919.0,469.0,0.0,-1.0,469.0
316,5.2717,0.0,469.0,950.0,469.0,0.0,-1.0,469.0,960.0,469.0,1919.0,469.0,0.0,-1.0,469.0
317,5.2883,0.0,469.0,950.0,469.0,0.0,-1.0,469.0,960.0,469.0,1919.0,469.0,0.0,-1.0,469.0
318,5.305,0.0,469.0,950.0,469.0,0.0,-1.0,469.0,960.0,469.0,1919.0,469.0,0.0,-1.0,469.0
319,5.3217,0.0,469.0,950.0,469.0,0.0,-1.0,469.0,960.0,469.0,1919.0,469.0,0.0,-1.0,469.0
320,5.3384,0.0,469.0,950.0,469.0,0.0,-1.0,469.0,960.0,469.0,1919.0,469.0,0.0,-1.0,469.0
321,5.3551,0.0,469.0,950.0,469.0,0.0,-1.0,469.0,960.0,469.0,1919.0,469.0,0.0,-1.0,469.0
322,5.3717,0.0,469.0,950.0,469.0,0.0,-1.0,469.0,960.0,469.0,1919.0,469.0,0.0,-1.0,469.0
323,5.3884,0.0,469.0,950.0,469.0,0.0,-1.0,469.0,960.0,469.0,1919.0,469.0,0.0,-1.0,469.0
324,5.4051,0.0,469.0,950.0,469.0,0.0,-1.0,469.0,960.0,469.0,1919.0,469.0,0.0,-1.0,469.0
325,5.4218,0.0,469.0,950.0,469.0,0.0,-1.0,469.0,960.0,469.0,1919.0,469.0,0.0,-1.0,469.0
326,5.4385,0.0,469.0,950.0,469.0,0.0,-1.0,469.0,960.0,469.0,1919.0,469.0,0.0,-1.0,469.0
327,5.4552,0.0,469.0,950.0,469.0,0.0,-1.0,469.0,960.0,469.0,1919.0,469.0,0.0,-1.0,469.0
328,5.4718,0.0,469.0,950.0,469.0,0.0,-1.0,469.0,960.0,469.0,1919.0,469.0,0.0,-1.0,469.0
329,5.4885,0.0,469.0,950.0,469.0,0.0,-1.0,469.0,960.0,469.0,1919.0,469.0,0.0,-1.0,469.0
330,5.5052,0.0,469.0,950.0,469.0,0.0,-1.0,469.0,960.0,469.0,1919.0,469.0,0.0,-1.0,469.0
331,5.5219,0.0,469.0,950.0,469.0,0.0,-1.0,469.0,960.0,469.0,1919.0,469.0,0.0,-1.0,469.0
332,5.5386,0.0,469.0,950.0,469.0,0.0,-1.0,469.0,960.0,469.0,1919.0,469.0,0.0,-1.0,469.0
333,5.5553,0.0,469.0,950.0,469.0,0.0,-1.0,469.0,960.0,469.0,1919.0,469.0,0.0,-1.0,469.0
334,5.5719,0.0,469.0,950.0,469.0,0.0,-1.0,469.0,960.0,469.0,1919.0,469.0,0.0,-1.0,469.0
335,5.5886,0.0,469.0,950.0,469.0,0.0,-1.0,469.0,960.0,469.0,1919.0,469.0,0.0,-1.0,469.0
336,5.6053,0.0,469.0,950.0,469.0,0.0,-1.0,469.0,960.0,469.0,1919.0,469.0,0.0,-1.0,469.0
337,5.622,0.0,469.0,950.0,469.0,0.0,-1.0,469.0,960.0,469.0,1919.0,469.0,0.0,-1.0,469.0
338,5.6387,0.0,469.0,950.0,469.0,0.0,-1.0,469.0,960.0,469.0,1919.0,469.0,0.0,-1.0,469.0
339,5.6553,0.0,469.0,950.0,469.0,0.0,-1.0,469.0,960.0,469.0,1919.0,469.0,0.0,-1.0,469.0
340,5.672,0.0,469.0,950.0,469.0,0.0,-1.0,469.0,960.0,469.0,1919.0,469.0,0.0,-1.0,469.0
341,5.6887,0.0,469.0,950.0,469.0,0.0,-1.0,469.0,960.0,469.0,1919.0,469.0,0.0,-1.0,469.0
342,5.7054,0.0,469.0,950.0,469.0,0.0,-1.0,469.0,960.0,469.0,1919.0,469.0,0.0,-1.0,469.0
343,5.7221,0.0,469.0,950.0,469.0,0.0,-1.0,469.0,960.0,469.0,1919.0,469.0,0.0,-1.0,469.0
344,5.7388,0.0,469.0,950.0,469.0,0.0,-1.0,469.0,960.0,469.0,1919.0,469.0,0.0,-1.0,469.0
345,5.7554,0.0,469.0,950.0,469.0,0.0,-1.0,469.0,960.0,469.0,1919.0,469.0,0.0,-1.0,469.0
346,5.7721,0.0,469.0,950.0,469.0,0.0,-1.0,469.0,960.0,469.0,1919.0,469.0,0.0,-1.0,469.0
347,5.7888,0.0,469.0,950.0,469.0,0.0,-1.0,469.0,960.0,469.0,1919.0,469.0,0.0,-1.0,469.0
348,5.8055,0.0,469.0,950.0,469.0,0.0,-1.0,469.0,960.0,469.0,1919.0,469.0,0.0,-1.0,469.0
349,5.8222,0.0,469.0,950.0,469.0,0.0,-1.0,469.0,960.0,469.0,1919.0,469.0,0.0,-1.0,469.0
350,5.8389,0.0,469.0,950.0,469.0,0.0,-1.0,469.0,960.0,469.0,1919.0,469.0,0.0,-1.0,469.0
351,5.8555,0.0,469.0,950.0,469.0,0.0,-1.0,469.0,960.0,469.0,1919.0,469.0,0.0,-1.0,469.0
352,5.8722,0.0,469.0,950.0,469.0,0.0,-1.0,469.0,960.0,469.0,1919.0,469.0,0.0,-1.0,469.0
353,5.8889,0.0,469.0,950.0,469.0,0.0,-1.0,469.0,960.0,469.0,1919.0,469.0,0.0,-1.0,469.0
354,5.9056,0.0,469.0,950.0,469.0,0.0,-1.0,469.0,960.0,469.0,1919.0,469.0,0.0,-1.0,469.0
355,5.9223,0.0,469.0,950.0,469.0,0.0,-1.0,469.0,960.0,469.0,1919.0,469.0,0.0,-1.0,469.0
356,5.939,0.0,469.0,950.0,469.0,0.0,-1.0,469.0,960.0,469.0,1919.0,469.0,0.0,-1.0,469.0
357,5.9556,0.0,469.0,950.0,469.0,0.0,-1.0,469.0,960.0,469.0,1919.0,469.0,0.0,-1.0,469.0
358,5.9723,0.0,469.0,950.0,469.0,0.0,-1.0,469.0,960.0,469.0,1919.0,469.0,0.0,-1.0,469.0
359,5.989,0.0,469.0,950.0,469.0,0.0,-1.0,469.0,960.0,469.0,1919.0,469.0,0.0,-1.0,469.0
360,6.0057,0.0,469.0,950.0,469.0,0.0,-1.0,469.0,960.0,469.0,1919.0,469.0,0.0,-1.0,469.0
361,6.0224,0.0,469.0,950.0,469.0,0.0,-1.0,469.0,960.0,469.0,1919.0,469.0,0.0,-1.0,469.0
362,6.039,0.0,469.0,950.0,469.0,0.0,-1.0,469.0,960.0,469.0,1919.0,469.0,0.0,-1.0,469.0
363,6.0557,0.0,469.0,950.0,469.0,0.0,-1.0,469.0,960.0,469.0,1919.0,469.0,0.0,-1.0,469.0
364,6.0724,0.0,469.0,950.0,469.0,0.0,-1.0,469.0,960.0,469.0,1919.0,469.0,0.0,-1.0,469.0
365,6.0891,0.0,469.0,950.0,469.0,0.0,-1.0,469.0,960.0,469.0,1919.0,469.0,0.0,-1.0,469.0
366,6.1058,0.0,469.0,950.0,469.0,0.0,-1.0,469.0,960.0,469.0,1919.0,469.0,0.0,-1.0,469.0
367,6.1225,0.0,469.0,950.0,469.0,0.0,-1.0,469.0,960.0,469.0,1919.0,469.0,0.0,-1.0,469.0
368,6.1391,0.0,469.0,950.0,469.0,0.0,-1.0,469.0,960.0,469.0,1919.0,469.0,0.0,-1.0,469.0
369,6.1558,0.0,469.0,950.0,469.0,0.0,-1.0,469.0,960.0,469.0,1919.0,469.0,0.0,-1.0,469.0
370,6.1725,0.0,469.0,950.0,469.0,0.0,-1.0,469.0,960.0,469.0,1919.0,469.0,0.0,-1.0,469.0
371,6.1892,0.0,469.0,950.0,469.0,0.0,-1.0,469.0,960.0,469.0,1919.0,469.0,0.0,-1.0,469.0
372,6.2059,0.0,469.0,950.0,469.0,0.0,-1.0,469.0,960.0,469.0,1919.0,469.0,0.0,-1.0,469.0
373,6.2226,0.0,469.0,950.0,469.0,0.0,-1.0,469.0,960.0,469.0,1919.0,469.0,0.0,-1.0,469.0
374,6.2392,0.0,469.0,950.0,469.0,0.0,-1.0,469.0,960.0,469.0,1919.0,469.0,0.0,-1.0,469.0
375,6.2559,0.0,469.0,950.0,469.0,0.0,-1.0,469.0,960.0,469.0,1919.0,469.0,0.0,-1.0,469.0
376,6.2726,0.0,469.0,950.0,469.0,0.0,-1.0,469.0,960.0,469.0,1919.0,469.0,0.0,-1.0,469.0
377,6.2893,0.0,469.0,950.0,469.0,0.0,-1.0,469.0,960.0,469.0,1919.0,469.0,0.0,-1.0,469.0
378,6.306,0.0,469.0,950.0,469.0,0.0,-1.0,469.0,960.0,469.0,1919.0,469.0,0.0,-1.0,469.0
379,6.3226,0.0,469.0,950.0,469.0,0.0,-1.0,469.0,960.0,469.0,1919.0,469.0,0.0,-1.0,469.0
380,6.3393,0.0,469.0,950.0,469.0,0.0,-1.0,469.0,960.0,469.0,1919.0,469.0,0.0,-1.0,469.0
381,6.356,0.0,469.0,950.0,469.0,0.0,-1.0,469.0,960.0,469.0,1919.0,469.0,0.0,-1.0,469.0
382,6.3727,0.0,469.0,950.0,469.0,0.0,-1.0,469.0,960.0,469.0,1919.0,469.0,0.0,-1.0,469.0
383,6.3894,0.0,469.0,950.0,469.0,0.0,-1.0,469.0,960.0,469.0,1919.0,469.0,0.0,-1.0,469.0
384,6.4061,0.0,469.0,950.0,469.0,0.0,-1.0,469.0,960.0,469.0,1919.0,469.0,0.0,-1.0,469.0
385,6.4227,0.0,469.0,950.0,469.0,0.0,-1.0,469.0,960.0,469.0,1919.0,469.0,0.0,-1.0,469.0
386,6.4394,0.0,469.0,950.0,469.0,0.0,-1.0,469.0,960.0,469.0,1919.0,469.0,0.0,-1.0,469.0
387,6.4561,0.0,469.0,950.0,469.0,0.0,-1.0,469.0,960.0,469.0,1919.0,469.0,0.0,-1.0,469.0
388,6.4728,0.0,469.0,950.0,469.0,0.0,-1.0,469.0,960.0,469.0,1919.0,469.0,0.0,-1.0,469.0
389,6.4895,0.0,469.0,950.0,469.0,0.0,-1.0,469.0,960.0,469.0,1919.0,469.0,0.0,-1.0,469.0
390,6.5062,0.0,469.0,950.0,469.0,0.0,-1.0,469.0,960.0,469.0,1919.0,469.0,0.0,-1.0,469.0
391,6.5228,0.0,469.0,950.0,469.0,0.0,-1.0,469.0,960.0,469.0,1919.0,469.0,0.0,-1.0,469.0
392,6.5395,0.0,469.0,950.0,469.0,0.0,-1.0,469.0,960.0,469.0,1919.0,469.0,0.0,-1.0,469.0
393,6.5562,0.0,469.0,950.0,469.0,0.0,-1.0,469.0,960.0,469.0,1919.0,469.0,0.0,-1.0,469.0
394,6.5729,0.0,469.0,950.0,469.0,0.0,-1.0,469.0,960.0,469.0,1919.0,469.0,0.0,-1.0,469.0
395,6.5896,0.0,469.0,950.0,469.0,0.0,-1.0,469.0,960.0,469.0,1919.0,469.0,0.0,-1.0,469.0
396,6.6062,0.0,469.0,950.0,469.0,0.0,-1.0,469.0,960.0,469.0,1919.0,469.0,0.0,-1.0,469.0
397,6.6229,0.0,469.0,950.0,469.0,0.0,-1.0,469.0,960.0,469.0,1919.0,469.0,0.0,-1.0,469.0
398,6.6396,0.0,469.0,950.0,469.0,0.0,-1.0,469.0,960.0,469.0,1919.0,469.0,0.0,-1.0,469.0
399,6.6563,0.0,469.0,950.0,469.0,0.0,-1.0,469.0,960.0,469.0,1919.0,469.0,0.0,-1.0,469.0
400,6.673,0.0,469.0,950.0,469.0,0.0,-1.0,469.0,960.0,469.0,1919.0,469.0,0.0,-1.0,469.0
401,6.6897,0.0,469.0,950.0,469.0,0.0,-1.0,469.0,960.0,469.0,1919.0,469.0,0.0,-1.0,469.0
402,6.7063,0.0,469.0,950.0,469.0,0.0,-1.0,469.0,960.0,469.0,1919.0,469.0,0.0,-1.0,469.0
403,6.723,0.0,469.0,950.0,469.0,0.0,-1.0,469.0,960.0,469.0,1919.0,469.0,0.0,-1.0,469.0
404,6.7397,0.0,469.0,950.0,469.0,0.0,-1.0,469.0,960.0,469.0,1919.0,469.0,0.0,-1.0,469.0
405,6.7564,0.0,469.0,950.0,469.0,0.0,-1.0,469.0,960.0,469.0,1919.0,469.0,0.0,-1.0,469.0
406,6.7731,0.0,469.0,950.0,469.0,0.0,-1.0,469.0,960.0,469.0,1919.0,469.0,0.0,-1.0,469.0
407,6.7898,0.0,469.0,950.0,469.0,0.0,-1.0,469.0,960.0,469.0,1919.0,469.0,0.0,-1.0,469.0
408,6.8064,0.0,469.0,950.0,469.0,0.0,-1.0,469.0,960.0,469.0,1919.0,469.0,0.0,-1.0,469.0
409,6.8231,0.0,469.0,950.0,469.0,0.0,-1.0,469.0,960.0,469.0,1919.0,469.0,0.0,-1.0,469.0
410,6.8398,0.0,469.0,950.0,469.0,0.0,-1.0,469.0,960.0,469.0,1919.0,469.0,0.0,-1.0,469.0
411,6.8565,0.0,469.0,950.0,469.0,0.0,-1.0,469.0,960.0,469.0,1919.0,469.0,0.0,-1.0,469.0
412,6.8732,0.0,469.0,950.0,469.0,0.0,-1.0,469.0,960.0,469.0,1919.0,469.0,0.0,-1.0,469.0
413,6.8899,0.0,469.0,950.0,469.0,0.0,-1.0,469.0,960.0,469.0,1919.0,469.0,0.0,-1.0,469.0
414,6.9065,0.0,469.0,950.0,469.0,0.0,-1.0,469.0,960.0,469.0,1919.0,469.0,0.0,-1.0,469.0
415,6.9232,0.0,469.0,950.0,469.0,0.0,-1.0,469.0,960.0,469.0,1919.0,469.0,0.0,-1.0,469.0
416,6.9399,0.0,469.0,950.0,469.0,0.0,-1.0,469.0,960.0,469.0,1919.0,469.0,0.0,-1.0,469.0
417,6.9566,0.0,469.0,950.0,469.0,0.0,-1.0,469.0,960.0,469.0,1919.0,469.0,0.0,-1.0,469.0
418,6.9733,0.0,469.0,950.0,469.0,0.0,-1.0,469.0,960.0,469.0,1919.0,469.0,0.0,-1.0,469.0
419,6.9899,0.0,469.0,950.0,469.0,0.0,-1.0,469.0,960.0,469.0,1919.0,469.0,0.0,-1.0,469.0
420,7.0066,0.0,469.0,950.0,469.0,0.0,-1.0,469.0,960.0,469.0,1919.0,469.0,0.0,-1.0,469.0
421,7.0233,0.0,469.0,950.0,469.0,0.0,-1.0,469.0,960.0,469.0,1919.0,469.0,0.0,-1.0,469.0
422,7.04,0.0,469.0,950.0,469.0,0.0,-1.0,469.0,960.0,469.0,1919.0,469.0,0.0,-1.0,469.0
423,7.0567,0.0,469.0,950.0,469.0,0.0,-1.0,469.0,960.0,469.0,1919.0,469.0,0.0,-1.0,469.0
424,7.0734,0.0,469.0,950.0,469.0,0.0,-1.0,469.0,960.0,469.0,1919.0,469.0,0.0,-1.0,469.0
425,7.09,0.0,469.0,950.0,469.0,0.0,-1.0,469.0,960.0,469.0,1919.0,469.0,0.0,-1.0,469.0
426,7.1067,0.0,469.0,950.0,469.0,0.0,-1.0,469.0,960.0,469.0,1919.0,469.0,0.0,-1.0,469.0
427,7.1234,0.0,469.0,950.0,469.0,0.0,-1.0,469.0,960.0,469.0,1919.0,469.0,0.0,-1.0,469.0
428,7.1401,0.0,469.0,950.0,469.0,0.0,-1.0,469.0,960.0,469.0,1919.0,469.0,0.0,-1.0,469.0
429,7.1568,0.0,469.0,950.0,469.0,0.0,-1.0,469.0,960.0,469.0,1919.0,469.0,0.0,-1.0,469.0
430,7.1735,0.0,469.0,950.0,469.0,0.0,-1.0,469.0,960.0,469.0,1919.0,469.0,0.0,-1.0,469.0
431,7.1901,0.0,469.0,950.0,469.0,0.0,-1.0,469.0,960.0,469.0,1919.0,469.0,0.0,-1.0,469.0
432,7.2068,0.0,469.0,950.0,469.0,0.0,-1.0,469.0,960.0,469.0,1919.0,469.0,0.0,-1.0,469.0
433,7.2235,0.0,469.0,950.0,469.0,0.0,-1.0,469.0,960.0,469.0,1919.0,469.0,0.0,-1.0,469.0
434,7.2402,0.0,469.0,950.0,469.0,0.0,-1.0,469.0,960.0,469.0,1919.0,469.0,0.0,-1.0,469.0
435,7.2569,0.0,469.0,950.0,469.0,0.0,-1.0,469.0,960.0,469.0,1919.0,469.0,0.0,-1.0,469.0
436,7.2735,0.0,469.0,950.0,469.0,0.0,-1.0,469.0,960.0,469.0,1919.0,469.0,0.0,-1.0,469.0
437,7.2902,0.0,469.0,950.0,469.0,0.0,-1.0,469.0,960.0,469.0,1919.0,469.0,0.0,-1.0,469.0
438,7.3069,0.0,469.0,950.0,469.0,0.0,-1.0,469.0,960.0,469.0,1919.0,469.0,0.0,-1.0,469.0
439,7.3236,0.0,469.0,950.0,469.0,0.0,-1.0,469.0,960.0,469.0,1919.0,469.0,0.0,-1.0,469.0
440,7.3403,0.0,469.0,950.0,469.0,0.0,-1.0,469.0,960.0,469.0,1919.0,469.0,0.0,-1.0,469.0
441,7.357,0.0,469.0,950.0,469.0,0.0,-1.0,469.0,960.0,469.0,1919.0,469.0,0.0,-1.0,469.0
442,7.3736,0.0,469.0,950.0,469.0,0.0,-1.0,469.0,960.0,469.0,1919.0,469.0,0.0,-1.0,469.0
443,7.3903,0.0,469.0,950.0,469.0,0.0,-1.0,469.0,960.0,469.0,1919.0,469.0,0.0,-1.0,469.0
444,7.407,0.0,469.0,950.0,469.0,0.0,-1.0,469.0,960.0,469.0,1919.0,469.0,0.0,-1.0,469.0
445,7.4237,0.0,469.0,950.0,469.0,0.0,-1.0,469.0,960.0,469.0,1919.0,469.0,0.0,-1.0,469.0
446,7.4404,0.0,469.0,950.0,469.0,0.0,-1.0,469.0,960.0,469.0,1919.0,469.0,0.0,-1.0,469.0
447,7.4571,0.0,469.0,950.0,469.0,0.0,-1.0,469.0,960.0,469.0,1919.0,469.0,0.0,-1.0,469.0
448,7.4737,0.0,469.0,950.0,469.0,0.0,-1.0,469.0,960.0,469.0,1919.0,469.0,0.0,-1.0,469.0
449,7.4904,0.0,469.0,950.0,469.0,0.0,-1.0,469.0,960.0,469.0,1919.0,469.0,0.0,-1.0,469.0
450,7.5071,0.0,469.0,950.0,469.0,0.0,-1.0,469.0,960.0,469.0,1919.0,469.0,0.0,-1.0,469.0
451,7.5238,0.0,469.0,950.0,469.0,0.0,-1.0,469.0,960.0,469.0,1919.0,469.0,0.0,-1.0,469.0
452,7.5405,0.0,469.0,950.0,469.0,0.0,-1.0,469.0,960.0,469.0,1919.0,469.0,0.0,-1.0,469.0
453,7.5571,0.0,469.0,950.0,469.0,0.0,-1.0,469.0,960.0,469.0,1919.0,469.0,0.0,-1.0,469.0
454,7.5738,0.0,469.0,950.0,469.0,0.0,-1.0,469.0,960.0,469.0,1919.0,469.0,0.0,-1.0,469.0
455,7.5905,0.0,469.0,950.0,469.0,0.0,-1.0,469.0,960.0,469.0,1919.0,469.0,0.0,-1.0,469.0
456,7.6072,0.0,469.0,950.0,469.0,0.0,-1.0,469.0,960.0,469.0,1919.0,469.0,0.0,-1.0,469.0
457,7.6239,0.0,469.0,950.0,469.0,0.0,-1.0,469.0,960.0,469.0,1919.0,469.0,0.0,-1.0,469.0
458,7.6406,0.0,469.0,950.0,469.0,0.0,-1.0,469.0,960.0,469.0,1919.0,469.0,0.0,-1.0,469.0
459,7.6572,0.0,469.0,950.0,469.0,0.0,-1.0,469.0,960.0,469.0,1919.0,469.0,0.0,-1.0,469.0
460,7.6739,0.0,469.0,950.0,469.0,0.0,-1.0,469.0,960.0,469.0,1919.0,469.0,0.0,-1.0,469.0
461,7.6906,0.0,469.0,950.0,469.0,0.0,-1.0,469.0,960.0,469.0,1919.0,469.0,0.0,-1.0,469.0
462,7.7073,0.0,469.0,950.0,469.0,0.0,-1.0,469.0,960.0,469.0,1919.0,469.0,0.0,-1.0,469.0
463,7.724,0.0,469.0,950.0,469.0,0.0,-1.0,469.0,960.0,469.0,1919.0,469.0,0.0,-1.0,469.0
464,7.7407,0.0,469.0,950.0,469.0,0.0,-1.0,469.0,960.0,469.0,1919.0,469.0,0.0,-1.0,469.0
465,7.7573,0.0,469.0,950.0,469.0,0.0,-1.0,469.0,960.0,469.0,1919.0,469.0,0.0,-1.0,469.0
466,7.774,0.0,469.0,950.0,469.0,0.0,-1.0,469.0,960.0,469.0,1919.0,469.0,0.0,-1.0,469.0
467,7.7907,0.0,469.0,950.0,469.0,0.0,-1.0,469.0,960.0,469.0,1919.0,469.0,0.0,-1.0,469.0
468,7.8074,0.0,469.0,950.0,469.0,0.0,-1.0,469.0,960.0,469.0,1919.0,469.0,0.0,-1.0,469.0
469,7.8241,0.0,469.0,950.0,469.0,0.0,-1.0,469.0,960.0,469.0,1919.0,469.0,0.0,-1.0,469.0
470,7.8407,0.0,469.0,950.0,469.0,0.0,-1.0,469.0,960.0,469.0,1919.0,469.0,0.0,-1.0,469.0
471,7.8574,0.0,469.0,950.0,469.0,0.0,-1.0,469.0,960.0,469.0,1919.0,469.0,0.0,-1.0,469.0
472,7.8741,0.0,469.0,950.0,469.0,0.0,-1.0,469.0,960.0,469.0,1919.0,469.0,0.0,-1.0,469.0
473,7.8908,0.0,469.0,950.0,469.0,0.0,-1.0,469.0,960.0,469.0,1919.0,469.0,0.0,-1.0,469.0
474,7.9075,0.0,469.0,950.0,469.0,0.0,-1.0,469.0,960.0,469.0,1919.0,469.0,0.0,-1.0,469.0
475,7.9242,0.0,469.0,950.0,469.0,0.0,-1.0,469.0,960.0,469.0,1919.0,469.0,0.0,-1.0,469.0
476,7.9408,0.0,469.0,950.0,469.0,0.0,-1.0,469.0,960.0,469.0,1919.0,469.0,0.0,-1.0,469.0
477,7.9575,0.0,469.0,950.0,469.0,0.0,-1.0,469.0,960.0,469.0,1919.0,469.0,0.0,-1.0,469.0
478,7.9742,0.0,469.0,950.0,469.0,0.0,-1.0,469.0,960.0,469.0,1919.0,469.0,0.0,-1.0,469.0
479,7.9909,0.0,469.0,950.0,469.0,0.0,-1.0,469.0,960.0,469.0,1919.0,469.0,0.0,-1.0,469.0
480,8.0076,0.0,469.0,950.0,469.0,0.0,-1.0,469.0,960.0,469.0,1919.0,469.0,0.0,-1.0,469.0
481,8.0243,0.0,469.0,950.0,469.0,0.0,-1.0,469.0,960.0,469.0,1919.0,469.0,0.0,-1.0,469.0
482,8.0409,0.0,469.0,950.0,469.0,0.0,-1.0,469.0,960.0,469.0,1919.0,469.0,0.0,-1.0,469.0
483,8.0576,0.0,469.0,950.0,469.0,0.0,-1.0,469.0,960.0,469.0,1919.0,469.0,0.0,-1.0,469.0
484,8.0743,0.0,469.0,950.0,469.0,0.0,-1.0,469.0,960.0,469.0,1919.0,469.0,0.0,-1.0,469.0
485,8.091,0.0,469.0,950.0,469.0,0.0,-1.0,469.0,960.0,469.0,1919.0,469.0,0.0,-1.0,469.0
486,8.1077,0.0,469.0,950.0,469.0,0.0,-1.0,469.0,960.0,469.0,1919.0,469.0,0.0,-1.0,469.0
487,8.1244,0.0,469.0,950.0,469.0,0.0,-1.0,469.0,960.0,469.0,1919.0,469.0,0.0,-1.0,469.0
488,8.141,0.0,469.0,950.0,469.0,0.0,-1.0,469.0,960.0,469.0,1919.0,469.0,0.0,-1.0,469.0
489,8.1577,0.0,469.0,950.0,469.0,0.0,-1.0,469.0,960.0,469.0,1919.0,469.0,0.0,-1.0,469.0
490,8.1744,0.0,469.0,950.0,469.0,0.0,-1.0,469.0,960.0,469.0,1919.0,469.0,0.0,-1.0,469.0
491,8.1911,0.0,469.0,950.0,469.0,0.0,-1.0,469.0,960.0,469.0,1919.0,469.0,0.0,-1.0,469.0
492,8.2078,0.0,469.0,950.0,469.0,0.0,-1.0,469.0,960.0,469.0,1919.0,469.0,0.0,-1.0,469.0
493,8.2244,0.0,469.0,950.0,469.0,0.0,-1.0,469.0,960.0,469.0,1919.0,469.0,0.0,-1.0,469.0
494,8.2411,0.0,469.0,950.0,469.0,0.0,-1.0,469.0,960.0,469.0,1919.0,469.0,0.0,-1.0,469.0
495,8.2578,0.0,469.0,950.0,469.0,0.0,-1.0,469.0,960.0,469.0,1919.0,469.0,0.0,-1.0,469.0
496,8.2745,0.0,469.0,950.0,469.0,0.0,-1.0,469.0,960.0,469.0,1919.0,469.0,0.0,-1.0,469.0
497,8.2912,0.0,469.0,950.0,469.0,0.0,-1.0,469.0,960.0,469.0,1919.0,469.0,0.0,-1.0,469.0
498,8.3079,0.0,469.0,950.0,469.0,0.0,-1.0,469.0,960.0,469.0,1919.0,469.0,0.0,-1.0,469.0
499,8.3245,0.0,469.0,950.0,469.0,0.0,-1.0,469.0,960.0,469.0,1919.0,469.0,0.0,-1.0,469.0
500,8.3412,0.0,469.0,950.0,469.0,0.0,-1.0,469.0,960.0,469.0,1919.0,469.0,0.0,-1.0,469.0
501,8.3579,0.0,469.0,950.0,469.0,0.0,-1.0,469.0,960.0,469.0,1919.0,469.0,0.0,-1.0,469.0
502,8.3746,0.0,469.0,950.0,469.0,0.0,-1.0,469.0,960.0,469.0,1919.0,469.0,0.0,-1.0,469.0
503,8.3913,0.0,469.0,950.0,469.0,0.0,-1.0,469.0,960.0,469.0,1919.0,469.0,0.0,-1.0,469.0
504,8.408,0.0,469.0,950.0,469.0,0.0,-1.0,469.0,960.0,469.0,1919.0,469.0,0.0,-1.0,469.0
505,8.4246,0.0,469.0,950.0,469.0,0.0,-1.0,469.0,960.0,469.0,1919.0,469.0,0.0,-1.0,469.0
506,8.4413,0.0,469.0,950.0,469.0,0.0,-1.0,469.0,960.0,469.0,1919.0,469.0,0.0,-1.0,469.0
507,8.458,0.0,469.0,950.0,469.0,0.0,-1.0,469.0,960.0,469.0,1919.0,469.0,0.0,-1.0,469.0
508,8.4747,0.0,469.0,950.0,469.0,0.0,-1.0,469.0,960.0,469.0,1919.0,469.0,0.0,-1.0,469.0
509,8.4914,0.0,469.0,950.0,469.0,0.0,-1.0,469.0,960.0,469.0,1919.0,469.0,0.0,-1.0,469.0
510,8.508,0.0,469.0,950.0,469.0,0.0,-1.0,469.0,960.0,469.0,1919.0,469.0,0.0,-1.0,469.0
511,8.5247,0.0,469.0,950.0,469.0,0.0,-1.0,469.0,960.0,469.0,1919.0,469.0,0.0,-1.0,469.0
512,8.5414,0.0,469.0,950.0,469.0,0.0,-1.0,469.0,960.0,469.0,1919.0,469.0,0.0,-1.0,469.0
513,8.5581,0.0,469.0,950.0,469.0,0.0,-1.0,469.0,960.0,469.0,1919.0,469.0,0.0,-1.0,469.0
514,8.5748,0.0,469.0,950.0,469.0,0.0,-1.0,469.0,960.0,469.0,1919.0,469.0,0.0,-1.0,469.0
515,8.5915,0.0,469.0,950.0,469.0,0.0,-1.0,469.0,960.0,469.0,1919.0,469.0,0.0,-1.0,469.0
516,8.6081,0.0,469.0,950.0,469.0,0.0,-1.0,469.0,960.0,469.0,1919.0,469.0,0.0,-1.0,469.0
517,8.6248,0.0,469.0,950.0,469.0,0.0,-1.0,469.0,960.0,469.0,1919.0,469.0,0.0,-1.0,469.0
518,8.6415,0.0,469.0,950.0,469.0,0.0,-1.0,469.0,960.0,469.0,1919.0,469.0,0.0,-1.0,469.0
519,8.6582,0.0,469.0,950.0,469.0,0.0,-1.0,469.0,960.0,469.0,1919.0,469.0,0.0,-1.0,469.0
520,8.6749,0.0,469.0,950.0,469.0,0.0,-1.0,469.0,960.0,469.0,1919.0,469.0,0.0,-1.0,469.0
521,8.6916,0.0,469.0,950.0,469.0,0.0,-1.0,469.0,960.0,469.0,1919.0,469.0,0.0,-1.0,469.0
522,8.7082,0.0,469.0,950.0,469.0,0.0,-1.0,469.0,960.0,469.0,1919.0,469.0,0.0,-1.0,469.0
523,8.7249,0.0,469.0,950.0,469.0,0.0,-1.0,469.0,960.0,469.0,1919.0,469.0,0.0,-1.0,469.0
524,8.7416,0.0,469.0,950.0,469.0,0.0,-1.0,469.0,960.0,469.0,1919.0,469.0,0.0,-1.0,469.0
525,8.7583,0.0,469.0,950.0,469.0,0.0,-1.0,469.0,960.0,469.0,1919.0,469.0,0.0,-1.0,469.0
526,8.775,0.0,469.0,950.0,469.0,0.0,-1.0,469.0,960.0,469.0,1919.0,469.0,0.0,-1.0,469.0
527,8.7916,0.0,469.0,950.0,469.0,0.0,-1.0,469.0,960.0,469.0,1919.0,469.0,0.0,-1.0,469.0
528,8.8083,0.0,469.0,950.0,469.0,0.0,-1.0,469.0,960.0,469.0,1919.0,469.0,0.0,-1.0,469.0
529,8.825,0.0,469.0,950.0,469.0,0.0,-1.0,469.0,960.0,469.0,1919.0,469.0,0.0,-1.0,469.0
530,8.8417,0.0,469.0,950.0,469.0,0.0,-1.0,469.0,960.0,469.0,1919.0,469.0,0.0,-1.0,469.0
531,8.8584,0.0,469.0,950.0,469.0,0.0,-1.0,469.0,960.0,469.0,1919.0,469.0,0.0,-1.0,469.0
532,8.8751,0.0,469.0,950.0,469.0,0.0,-1.0,469.0,960.0,469.0,1919.0,469.0,0.0,-1.0,469.0
533,8.8917,0.0,469.0,950.0,469.0,0.0,-1.0,469.0,960.0,469.0,1919.0,469.0,0.0,-1.0,469.0
534,8.9084,0.0,469.0,950.0,469.0,0.0,-1.0,469.0,960.0,469.0,1919.0,469.0,0.0,-1.0,469.0
535,8.9251,0.0,469.0,950.0,469.0,0.0,-1.0,469.0,960.0,469.0,1919.0,469.0,0.0,-1.0,469.0
536,8.9418,0.0,469.0,950.0,469.0,0.0,-1.0,469.0,960.0,469.0,1919.0,469.0,0.0,-1.0,469.0
537,8.9585,0.0,469.0,950.0,469.0,0.0,-1.0,469.0,960.0,469.0,1919.0,469.0,0.0,-1.0,469.0
538,8.9752,0.0,469.0,950.0,469.0,0.0,-1.0,469.0,960.0,469.0,1919.0,469.0,0.0,-1.0,469.0
539,8.9918,0.0,469.0,950.0,469.0,0.0,-1.0,469.0,960.0,469.0,1919.0,469.0,0.0,-1.0,469.0
540,9.0085,0.0,469.0,950.0,469.0,0.0,-1.0,469.0,960.0,469.0,1919.0,469.0,0.0,-1.0,469.0
541,9.0252,0.0,469.0,950.0,469.0,0.0,-1.0,469.0,960.0,469.0,1919.0,469.0,0.0,-1.0,469.0
542,9.0419,0.0,469.0,950.0,469.0,0.0,-1.0,469.0,960.0,469.0,1919.0,469.0,0.0,-1.0,469.0
543,9.0586,0.0,469.0,950.0,469.0,0.0,-1.0,469.0,960.0,469.0,1919.0,469.0,0.0,-1.0,469.0
544,9.0753,0.0,469.0,950.0,469.0,0.0,-1.0,469.0,960.0,469.0,1919.0,469.0,0.0,-1.0,469.0
545,9.0919,0.0,469.0,950.0,469.0,0.0,-1.0,469.0,960.0,469.0,1919.0,469.0,0.0,-1.0,469.0
546,9.1086,0.0,469.0,950.0,469.0,0.0,-1.0,469.0,960.0,469.0,1919.0,469.0,0.0,-1.0,469.0
547,9.1253,0.0,469.0,950.0,469.0,0.0,-1.0,469.0,960.0,469.0,1919.0,469.0,0.0,-1.0,469.0
548,9.142,0.0,469.0,950.0,469.0,0.0,-1.0,469.0,960.0,469.0,1919.0,469.0,0.0,-1.0,469.0
549,9.1587,0.0,469.0,950.0,469.0,0.0,-1.0,469.0,960.0,469.0,1919.0,469.0,0.0,-1.0,469.0
550,9.1753,0.0,469.0,950.0,469.0,0.0,-1.0,469.0,960.0,469.0,1919.0,469.0,0.0,-1.0,469.0
551,9.192,0.0,469.0,950.0,469.0,0.0,-1.0,469.0,960.0,469.0,1919.0,469.0,0.0,-1.0,469.0
552,9.2087,0.0,469.0,950.0,469.0,0.0,-1.0,469.0,960.0,469.0,1919.0,469.0,0.0,-1.0,469.0
553,9.2254,0.0,469.0,950.0,469.0,0.0,-1.0,469.0,960.0,469.0,1919.0,469.0,0.0,-1.0,469.0
554,9.2421,0.0,469.0,950.0,469.0,0.0,-1.0,469.0,960.0,469.0,1919.0,469.0,0.0,-1.0,469.0
555,9.2588,0.0,469.0,950.0,469.0,0.0,-1.0,469.0,960.0,469.0,1919.0,469.0,0.0,-1.0,469.0
556,9.2754,0.0,469.0,950.0,469.0,0.0,-1.0,469.0,960.0,469.0,1919.0,469.0,0.0,-1.0,469.0
557,9.2921,0.0,469.0,950.0,469.0,0.0,-1.0,469.0,960.0,469.0,1919.0,469.0,0.0,-1.0,469.0
558,9.3088,0.0,469.0,950.0,469.0,0.0,-1.0,469.0,960.0,469.0,1919.0,469.0,0.0,-1.0,469.0
559,9.3255,0.0,469.0,950.0,469.0,0.0,-1.0,469.0,960.0,469.0,1919.0,469.0,0.0,-1.0,469.0
560,9.3422,0.0,469.0,950.0,469.0,0.0,-1.0,469.0,960.0,469.0,1919.0,469.0,0.0,-1.0,469.0
561,9.3589,0.0,469.0,950.0,469.0,0.0,-1.0,469.0,960.0,469.0,1919.0,469.0,0.0,-1.0,469.0
562,9.3755,0.0,469.0,950.0,469.0,0.0,-1.0,469.0,960.0,469.0,1919.0,469.0,0.0,-1.0,469.0
563,9.3922,0.0,469.0,950.0,469.0,0.0,-1.0,469.0,960.0,469.0,1919.0,469.0,0.0,-1.0,469.0
564,9.4089,0.0,469.0,950.0,469.0,0.0,-1.0,469.0,960.0,469.0,1919.0,469.0,0.0,-1.0,469.0
565,9.4256,0.0,469.0,950.0,469.0,0.0,-1.0,469.0,960.0,469.0,1919.0,469.0,0.0,-1.0,469.0
566,9.4423,0.0,469.0,950.0,469.0,0.0,-1.0,469.0,960.0,469.0,1919.0,469.0,0.0,-1.0,469.0
567,9.4589,0.0,469.0,950.0,469.0,0.0,-1.0,469.0,960.0,469.0,1919.0,469.0,0.0,-1.0,469.0
568,9.4756,0.0,469.0,950.0,469.0,0.0,-1.0,469.0,960.0,469.0,1919.0,469.0,0.0,-1.0,469.0
569,9.4923,0.0,469.0,950.0,469.0,0.0,-1.0,469.0,960.0,469.0,1919.0,469.0,0.0,-1.0,469.0
570,9.509,0.0,469.0,950.0,469.0,0.0,-1.0,469.0,960.0,469.0,1919.0,469.0,0.0,-1.0,469.0
571,9.5257,0.0,469.0,950.0,469.0,0.0,-1.0,469.0,960.0,469.0,1919.0,469.0,0.0,-1.0,469.0
572,9.5424,0.0,469.0,950.0,469.0,0.0,-1.0,469.0,960.0,469.0,1919.0,469.0,0.0,-1.0,469.0
573,9.559,0.0,469.0,950.0,469.0,0.0,-1.0,469.0,960.0,469.0,1919.0,469.0,0.0,-1.0,469.0
574,9.5757,0.0,469.0,950.0,469.0,0.0,-1.0,469.0,960.0,469.0,1919.0,469.0,0.0,-1.0,469.0
575,9.5924,0.0,469.0,950.0,469.0,0.0,-1.0,469.0,960.0,469.0,1919.0,469.0,0.0,-1.0,469.0
576,9.6091,0.0,469.0,950.0,469.0,0.0,-1.0,469.0,960.0,469.0,1919.0,469.0,0.0,-1.0,469.0
577,9.6258,0.0,469.0,950.0,469.0,0.0,-1.0,469.0,960.0,469.0,1919.0,469.0,0.0,-1.0,469.0
578,9.6425,0.0,469.0,950.0,469.0,0.0,-1.0,469.0,960.0,469.0,1919.0,469.0,0.0,-1.0,469.0
579,9.6591,0.0,469.0,950.0,469.0,0.0,-1.0,469.0,960.0,469.0,1919.0,469.0,0.0,-1.0,469.0
580,9.6758,0.0,469.0,950.0,469.0,0.0,-1.0,469.0,960.0,469.0,1919.0,469.0,0.0,-1.0,469.0
581,9.6925,0.0,469.0,950.0,469.0,0.0,-1.0,469.0,960.0,469.0,1919.0,469.0,0.0,-1.0,469.0
582,9.7092,0.0,469.0,950.0,469.0,0.0,-1.0,469.0,960.0,469.0,1919.0,469.0,0.0,-1.0,469.0
583,9.7259,0.0,469.0,950.0,469.0,0.0,-1.0,469.0,960.0,469.0,1919.0,469.0,0.0,-1.0,469.0
584,9.7425,0.0,469.0,950.0,469.0,0.0,-1.0,469.0,960.0,469.0,1919.0,469.0,0.0,-1.0,469.0
585,9.7592,0.0,469.0,950.0,469.0,0.0,-1.0,469.0,960.0,469.0,1919.0,469.0,0.0,-1.0,469.0
586,9.7759,0.0,469.0,950.0,469.0,0.0,-1.0,469.0,960.0,469.0,1919.0,469.0,0.0,-1.0,469.0
587,9.7926,0.0,469.0,950.0,469.0,0.0,-1.0,469.0,960.0,469.0,1919.0,469.0,0.0,-1.0,469.0
588,9.8093,0.0,469.0,950.0,469.0,0.0,-1.0,469.0,960.0,469.0,1919.0,469.0,0.0,-1.0,469.0
589,9.826,0.0,469.0,950.0,469.0,0.0,-1.0,469.0,960.0,469.0,1919.0,469.0,0.0,-1.0,469.0
590,9.8426,0.0,469.0,950.0,469.0,0.0,-1.0,469.0,960.0,469.0,1919.0,469.0,0.0,-1.0,469.0
591,9.8593,0.0,469.0,950.0,469.0,0.0,-1.0,469.0,960.0,469.0,1919.0,469.0,0.0,-1.0,469.0
592,9.876,0.0,469.0,950.0,469.0,0.0,-1.0,469.0,960.0,469.0,1919.0,469.0,0.0,-1.0,469.0
593,9.8927,0.0,469.0,950.0,469.0,0.0,-1.0,469.0,960.0,469.0,1919.0,469.0,0.0,-1.0,469.0
594,9.9094,0.0,469.0,950.0,469.0,0.0,-1.0,469.0,960.0,469.0,1919.0,469.0,0.0,-1.0,469.0
595,9.9261,0.0,469.0,950.0,469.0,0.0,-1.0,469.0,960.0,469.0,1919.0,469.0,0.0,-1.0,469.0
596,9.9427,0.0,469.0,950.0,469.0,0.0,-1.0,469.0,960.0,469.0,1919.0,469.0,0.0,-1.0,469.0
597,9.9594,0.0,469.0,950.0,469.0,0.0,-1.0,469.0,960.0,469.0,1919.0,469.0,0.0,-1.0,469.0
598,9.9761,0.0,469.0,950.0,469.0,0.0,-1.0,469.0,960.0,469.0,1919.0,469.0,0.0,-1.0,469.0
599,9.9928,0.0,469.0,950.0,469.0,0.0,-1.0,469.0,960.0,469.0,1919.0,469.0,0.0,-1.0,469.0
600,10.0095,0.0,469.0,950.0,469.0,0.0,-1.0,469.0,960.0,469.0,1919.0,469.0,0.0,-1.0,469.0
601,10.0261,0.0,469.0,950.0,469.0,0.0,-1.0,469.0,960.0,469.0,1919.0,469.0,0.0,-1.0,469.0
602,10.0428,0.0,469.0,950.0,469.0,0.0,-1.0,469.0,960.0,469.0,1919.0,469.0,0.0,-1.0,469.0
603,10.0595,0.0,469.0,950.0,469.0,0.0,-1.0,469.0,960.0,469.0,1919.0,469.0,0.0,-1.0,469.0
604,10.0762,0.0,469.0,950.0,469.0,0.0,-1.0,469.0,960.0,469.0,1919.0,469.0,0.0,-1.0,469.0
605,10.0929,0.0,469.0,950.0,469.0,0.0,-1.0,469.0,960.0,469.0,1919.0,469.0,0.0,-1.0,469.0
606,10.1096,0.0,469.0,950.0,469.0,0.0,-1.0,469.0,960.0,469.0,1919.0,469.0,0.0,-1.0,469.0
607,10.1262,0.0,469.0,950.0,469.0,0.0,-1.0,469.0,960.0,469.0,1919.0,469.0,0.0,-1.0,469.0
608,10.1429,0.0,469.0,950.0,469.0,0.0,-1.0,469.0,960.0,469.0,1919.0,469.0,0.0,-1.0,469.0
609,10.1596,0.0,469.0,950.0,469.0,0.0,-1.0,469.0,960.0,469.0,1919.0,469.0,0.0,-1.0,469.0
610,10.1763,0.0,469.0,950.0,469.0,0.0,-1.0,469.0,960.0,469.0,1919.0,469.0,0.0,-1.0,469.0
611,10.193,0.0,469.0,950.0,469.0,0.0,-1.0,469.0,960.0,469.0,1919.0,469.0,0.0,-1.0,469.0
612,10.2097,0.0,469.0,950.0,469.0,0.0,-1.0,469.0,960.0,469.0,1919.0,469.0,0.0,-1.0,469.0
613,10.2263,0.0,469.0,950.0,469.0,0.0,-1.0,469.0,960.0,469.0,1919.0,469.0,0.0,-1.0,469.0
614,10.243,0.0,469.0,950.0,469.0,0.0,-1.0,469.0,960.0,469.0,1919.0,469.0,0.0,-1.0,469.0
615,10.2597,0.0,469.0,950.0,469.0,0.0,-1.0,469.0,960.0,469.0,1919.0,469.0,0.0,-1.0,469.0
616,10.2764,0.0,469.0,950.0,469.0,0.0,-1.0,469.0,960.0,469.0,1919.0,469.0,0.0,-1.0,469.0
617,10.2931,0.0,469.0,950.0,469.0,0.0,-1.0,469.0,960.0,469.0,1919.0,469.0,0.0,-1.0,469.0
618,10.3098,0.0,469.0,950.0,469.0,0.0,-1.0,469.0,960.0,469.0,1919.0,469.0,0.0,-1.0,469.0
619,10.3264,0.0,469.0,950.0,469.0,0.0,-1.0,469.0,960.0,469.0,1919.0,469.0,0.0,-1.0,469.0
620,10.3431,0.0,469.0,950.0,469.0,0.0,-1.0,469.0,960.0,469.0,1919.0,469.0,0.0,-1.0,469.0
621,10.3598,0.0,469.0,950.0,469.0,0.0,-1.0,469.0,960.0,469.0,1919.0,469.0,0.0,-1.0,469.0
622,10.3765,0.0,469.0,950.0,469.0,0.0,-1.0,469.0,960.0,469.0,1919.0,469.0,0.0,-1.0,469.0
623,10.3932,0.0,469.0,950.0,469.0,0.0,-1.0,469.0,960.0,469.0,1919.0,469.0,0.0,-1.0,469.0
624,10.4098,0.0,469.0,950.0,469.0,0.0,-1.0,469.0,960.0,469.0,1919.0,469.0,0.0,-1.0,469.0
625,10.4265,0.0,469.0,950.0,469.0,0.0,-1.0,469.0,960.0,469.0,1919.0,469.0,0.0,-1.0,469.0
626,10.4432,0.0,469.0,950.0,469.0,0.0,-1.0,469.0,960.0,469.0,1919.0,469.0,0.0,-1.0,469.0
627,10.4599,0.0,469.0,950.0,469.0,0.0,-1.0,469.0,960.0,469.0,1919.0,469.0,0.0,-1.0,469.0
628,10.4766,0.0,469.0,950.0,469.0,0.0,-1.0,469.0,960.0,469.0,1919.0,469.0,0.0,-1.0,469.0
629,10.4933,0.0,469.0,950.0,469.0,0.0,-1.0,469.0,960.0,469.0,1919.0,469.0,0.0,-1.0,469.0
630,10.5099,0.0,469.0,950.0,469.0,0.0,-1.0,469.0,960.0,469.0,1919.0,469.0,0.0,-1.0,469.0
631,10.5266,0.0,469.0,950.0,469.0,0.0,-1.0,469.0,960.0,469.0,1919.0,469.0,0.0,-1.0,469.0
632,10.5433,0.0,469.0,950.0,469.0,0.0,-1.0,469.0,960.0,469.0,1919.0,469.0,0.0,-1.0,469.0
633,10.56,0.0,469.0,950.0,469.0,0.0,-1.0,469.0,960.0,469.0,1919.0,469.0,0.0,-1.0,469.0
634,10.5767,0.0,469.0,950.0,469.0,0.0,-1.0,469.0,960.0,469.0,1919.0,469.0,0.0,-1.0,469.0
635,10.5934,0.0,469.0,950.0,469.0,0.0,-1.0,469.0,960.0,469.0,1919.0,469.0,0.0,-1.0,469.0
636,10.61,0.0,469.0,950.0,469.0,0.0,-1.0,469.0,960.0,469.0,1919.0,469.0,0.0,-1.0,469.0
637,10.6267,0.0,469.0,950.0,469.0,0.0,-1.0,469.0,960.0,469.0,1919.0,469.0,0.0,-1.0,469.0
638,10.6434,0.0,469.0,950.0,469.0,0.0,-1.0,469.0,960.0,469.0,1919.0,469.0,0.0,-1.0,469.0
639,10.6601,0.0,469.0,950.0,469.0,0.0,-1.0,469.0,960.0,469.0,1919.0,469.0,0.0,-1.0,469.0
640,10.6768,0.0,469.0,950.0,469.0,0.0,-1.0,469.0,960.0,469.0,1919.0,469.0,0.0,-1.0,469.0
641,10.6934,0.0,469.0,950.0,469.0,0.0,-1.0,469.0,960.0,469.0,1919.0,469.0,0.0,-1.0,469.0
642,10.7101,0.0,469.0,950.0,469.0,0.0,-1.0,469.0,960.0,469.0,1919.0,469.0,0.0,-1.0,469.0
643,10.7268,0.0,469.0,950.0,469.0,0.0,-1.0,469.0,960.0,469.0,1919.0,469.0,0.0,-1.0,469.0
644,10.7435,0.0,469.0,950.0,469.0,0.0,-1.0,469.0,960.0,469.0,1919.0,469.0,0.0,-1.0,469.0
645,10.7602,0.0,469.0,950.0,469.0,0.0,-1.0,469.0,960.0,469.0,1919.0,469.0,0.0,-1.0,469.0
646,10.7769,0.0,469.0,950.0,469.0,0.0,-1.0,469.0,960.0,469.0,1919.0,469.0,0.0,-1.0,469.0
647,10.7935,0.0,469.0,950.0,469.0,0.0,-1.0,469.0,960.0,469.0,1919.0,469.0,0.0,-1.0,469.0
648,10.8102,0.0,469.0,950.0,469.0,0.0,-1.0,469.0,960.0,469.0,1919.0,469.0,0.0,-1.0,469.0
649,10.8269,0.0,469.0,950.0,469.0,0.0,-1.0,469.0,960.0,469.0,1919.0,469.0,0.0,-1.0,469.0
650,10.8436,0.0,469.0,950.0,469.0,0.0,-1.0,469.0,960.0,469.0,1919.0,469.0,0.0,-1.0,469.0
651,10.8603,0.0,469.0,950.0,469.0,0.0,-1.0,469.0,960.0,469.0,1919.0,469.0,0.0,-1.0,469.0
652,10.877,0.0,469.0,950.0,469.0,0.0,-1.0,469.0,960.0,469.0,1919.0,469.0,0.0,-1.0,469.0
653,10.8936,0.0,469.0,950.0,469.0,0.0,-1.0,469.0,960.0,469.0,1919.0,469.0,0.0,-1.0,469.0
654,10.9103,0.0,469.0,950.0,469.0,0.0,-1.0,469.0,960.0,469.0,1919.0,469.0,0.0,-1.0,469.0
655,10.927,0.0,469.0,950.0,469.0,0.0,-1.0,469.0,960.0,469.0,1919.0,469.0,0.0,-1.0,469.0
656,10.9437,0.0,469.0,950.0,469.0,0.0,-1.0,469.0,960.0,469.0,1919.0,469.0,0.0,-1.0,469.0
657,10.9604,0.0,469.0,950.0,469.0,0.0,-1.0,469.0,960.0,469.0,1919.0,469.0,0.0,-1.0,469.0
658,10.977,0.0,469.0,950.0,469.0,0.0,-1.0,469.0,960.0,469.0,1919.0,469.0,0.0,-1.0,469.0
659,10.9937,0.0,469.0,950.0,469.0,0.0,-1.0,469.0,960.0,469.0,1919.0,469.0,0.0,-1.0,469.0
660,11.0104,0.0,469.0,950.0,469.0,0.0,-1.0,469.0,960.0,469.0,1919.0,469.0,0.0,-1.0,469.0
661,11.0271,0.0,469.0,950.0,469.0,0.0,-1.0,469.0,960.0,469.0,1919.0,469.0,0.0,-1.0,469.0
662,11.0438,0.0,469.0,950.0,469.0,0.0,-1.0,469.0,960.0,469.0,1919.0,469.0,0.0,-1.0,469.0
663,11.0605,0.0,469.0,950.0,469.0,0.0,-1.0,469.0,960.0,469.0,1919.0,469.0,0.0,-1.0,469.0
664,11.0771,0.0,469.0,950.0,469.0,0.0,-1.0,469.0,960.0,469.0,1919.0,469.0,0.0,-1.0,469.0
665,11.0938,0.0,469.0,950.0,469.0,0.0,-1.0,469.0,960.0,469.0,1919.0,469.0,0.0,-1.0,469.0
666,11.1105,0.0,469.0,950.0,469.0,0.0,-1.0,469.0,960.0,469.0,1919.0,469.0,0.0,-1.0,469.0
667,11.1272,0.0,469.0,950.0,469.0,0.0,-1.0,469.0,960.0,469.0,1919.0,469.0,0.0,-1.0,469.0
668,11.1439,0.0,469.0,950.0,469.0,0.0,-1.0,469.0,960.0,469.0,1919.0,469.0,0.0,-1.0,469.0
669,11.1606,0.0,469.0,950.0,469.0,0.0,-1.0,469.0,960.0,469.0,1919.0,469.0,0.0,-1.0,469.0
670,11.1772,0.0,469.0,950.0,469.0,0.0,-1.0,469.0,960.0,469.0,1919.0,469.0,0.0,-1.0,469.0
671,11.1939,0.0,469.0,950.0,469.0,0.0,-1.0,469.0,960.0,469.0,1919.0,469.0,0.0,-1.0,469.0
672,11.2106,0.0,469.0,950.0,469.0,0.0,-1.0,469.0,960.0,469.0,1919.0,469.0,0.0,-1.0,469.0
673,11.2273,0.0,469.0,950.0,469.0,0.0,-1.0,469.0,960.0,469.0,1919.0,469.0,0.0,-1.0,469.0
674,11.244,0.0,469.0,950.0,469.0,0.0,-1.0,469.0,960.0,469.0,1919.0,469.0,0.0,-1.0,469.0
675,11.2607,0.0,469.0,950.0,469.0,0.0,-1.0,469.0,960.0,469.0,1919.0,469.0,0.0,-1.0,469.0
676,11.2773,0.0,469.0,950.0,469.0,0.0,-1.0,469.0,960.0,469.0,1919.0,469.0,0.0,-1.0,469.0
677,11.294,0.0,469.0,950.0,469.0,0.0,-1.0,469.0,960.0,469.0,1919.0,469.0,0.0,-1.0,469.0
678,11.3107,0.0,469.0,950.0,469.0,0.0,-1.0,469.0,960.0,469.0,1919.0,469.0,0.0,-1.0,469.0
679,11.3274,0.0,469.0,950.0,469.0,0.0,-1.0,469.0,960.0,469.0,1919.0,469.0,0.0,-1.0,469.0
680,11.3441,0.0,469.0,950.0,469.0,0.0,-1.0,469.0,960.0,469.0,1919.0,469.0,0.0,-1.0,469.0
681,11.3607,0.0,469.0,950.0,469.0,0.0,-1.0,469.0,960.0,469.0,1919.0,469.0,0.0,-1.0,469.0
682,11.3774,0.0,469.0,950.0,469.0,0.0,-1.0,469.0,960.0,469.0,1919.0,469.0,0.0,-1.0,469.0
683,11.3941,0.0,469.0,950.0,469.0,0.0,-1.0,469.0,960.0,469.0,1919.0,469.0,0.0,-1.0,469.0
684,11.4108,0.0,469.0,950.0,469.0,0.0,-1.0,469.0,960.0,469.0,1919.0,469.0,0.0,-1.0,469.0
685,11.4275,0.0,469.0,950.0,469.0,0.0,-1.0,469.0,960.0,469.0,1919.0,469.0,0.0,-1.0,469.0
686,11.4442,0.0,469.0,950.0,469.0,0.0,-1.0,469.0,960.0,469.0,1919.0,469.0,0.0,-1.0,469.0
687,11.4608,0.0,469.0,950.0,469.0,0.0,-1.0,469.0,960.0,469.0,1919.0,469.0,0.0,-1.0,469.0
688,11.4775,0.0,469.0,950.0,469.0,0.0,-1.0,469.0,960.0,469.0,1919.0,469.0,0.0,-1.0,469.0
689,11.4942,0.0,469.0,950.0,469.0,0.0,-1.0,469.0,960.0,469.0,1919.0,469.0,0.0,-1.0,469.0
690,11.5109,0.0,469.0,950.0,469.0,0.0,-1.0,469.0,960.0,469.0,1919.0,469.0,0.0,-1.0,469.0
691,11.5276,0.0,469.0,950.0,469.0,0.0,-1.0,469.0,960.0,469.0,1919.0,469.0,0.0,-1.0,469.0
692,11.5443,0.0,469.0,950.0,469.0,0.0,-1.0,469.0,960.0,469.0,1919.0,469.0,0.0,-1.0,469.0
693,11.5609,0.0,469.0,950.0,469.0,0.0,-1.0,469.0,960.0,469.0,1919.0,469.0,0.0,-1.0,469.0
694,11.5776,0.0,469.0,950.0,469.0,0.0,-1.0,469.0,960.0,469.0,1919.0,469.0,0.0,-1.0,469.0
695,11.5943,0.0,469.0,950.0,469.0,0.0,-1.0,469.0,960.0,469.0,1919.0,469.0,0.0,-1.0,469.0
696,11.611,0.0,469.0,950.0,469.0,0.0,-1.0,469.0,960.0,469.0,1919.0,469.0,0.0,-1.0,469.0
697,11.6277,0.0,469.0,950.0,469.0,0.0,-1.0,469.0,960.0,469.0,1919.0,469.0,0.0,-1.0,469.0
698,11.6443,0.0,469.0,950.0,469.0,0.0,-1.0,469.0,960.0,469.0,1919.0,469.0,0.0,-1.0,469.0
699,11.661,0.0,469.0,950.0,469.0,0.0,-1.0,469.0,960.0,469.0,1919.0,469.0,0.0,-1.0,469.0
700,11.6777,0.0,469.0,950.0,469.0,0.0,-1.0,469.0,960.0,469.0,1919.0,469.0,0.0,-1.0,469.0
701,11.6944,0.0,469.0,950.0,469.0,0.0,-1.0,469.0,960.0,469.0,1919.0,469.0,0.0,-1.0,469.0
702,11.7111,0.0,469.0,950.0,469.0,0.0,-1.0,469.0,960.0,469.0,1919.0,469.0,0.0,-1.0,469.0
703,11.7278,0.0,469.0,950.0,469.0,0.0,-1.0,469.0,960.0,469.0,1919.0,469.0,0.0,-1.0,469.0
704,11.7444,0.0,469.0,950.0,469.0,0.0,-1.0,469.0,960.0,469.0,1919.0,469.0,0.0,-1.0,469.0
705,11.7611,0.0,469.0,950.0,469.0,0.0,-1.0,469.0,960.0,469.0,1919.0,469.0,0.0,-1.0,469.0
706,11.7778,0.0,469.0,950.0,469.0,0.0,-1.0,469.0,960.0,469.0,1919.0,469.0,0.0,-1.0,469.0
707,11.7945,0.0,469.0,950.0,469.0,0.0,-1.0,469.0,960.0,469.0,1919.0,469.0,0.0,-1.0,469.0
708,11.8112,0.0,469.0,950.0,469.0,0.0,-1.0,469.0,960.0,469.0,1919.0,469.0,0.0,-1.0,469.0
709,11.8279,0.0,469.0,950.0,469.0,0.0,-1.0,469.0,960.0,469.0,1919.0,469.0,0.0,-1.0,469.0
710,11.8445,0.0,469.0,950.0,469.0,0.0,-1.0,469.0,960.0,469.0,1919.0,469.0,0.0,-1.0,469.0
711,11.8612,0.0,469.0,950.0,469.0,0.0,-1.0,469.0,960.0,469.0,1919.0,469.0,0.0,-1.0,469.0
712,11.8779,0.0,469.0,950.0,469.0,0.0,-1.0,469.0,960.0,469.0,1919.0,469.0,0.0,-1.0,469.0
713,11.8946,0.0,469.0,950.0,469.0,0.0,-1.0,469.0,960.0,469.0,1919.0,469.0,0.0,-1.0,469.0
714,11.9113,0.0,469.0,950.0,469.0,0.0,-1.0,469.0,960.0,469.0,1919.0,469.0,0.0,-1.0,469.0
715,11.9279,0.0,469.0,950.0,469.0,0.0,-1.0,469.0,960.0,469.0,1919.0,469.0,0.0,-1.0,469.0
716,11.9446,0.0,469.0,950.0,469.0,0.0,-1.0,469.0,960.0,469.0,1919.0,469.0,0.0,-1.0,469.0
717,11.9613,0.0,469.0,950.0,469.0,0.0,-1.0,469.0,960.0,469.0,1919.0,469.0,0.0,-1.0,469.0
718,11.978,0.0,469.0,950.0,469.0,0.0,-1.0,469.0,960.0,469.0,1919.0,469.0,0.0,-1.0,469.0
719,11.9947,0.0,469.0,950.0,469.0,0.0,-1.0,469.0,960.0,469.0,1919.0,469.0,0.0,-1.0,469.0
720,12.0114,0.0,469.0,950.0,469.0,0.0,-1.0,469.0,960.0,469.0,1919.0,469.0,0.0,-1.0,469.0
721,12.028,0.0,469.0,950.0,469.0,0.0,-1.0,469.0,960.0,469.0,1919.0,469.0,0.0,-1.0,469.0
722,12.0447,0.0,469.0,950.0,469.0,0.0,-1.0,469.0,960.0,469.0,1919.0,469.0,0.0,-1.0,469.0
723,12.0614,0.0,469.0,950.0,469.0,0.0,-1.0,469.0,960.0,469.0,1919.0,469.0,0.0,-1.0,469.0
724,12.0781,0.0,469.0,950.0,469.0,0.0,-1.0,469.0,960.0,469.0,1919.0,469.0,0.0,-1.0,469.0
725,12.0948,0.0,469.0,950.0,469.0,0.0,-1.0,469.0,960.0,469.0,1919.0,469.0,0.0,-1.0,469.0
726,12.1115,0.0,469.0,950.0,469.0,0.0,-1.0,469.0,960.0,469.0,1919.0,469.0,0.0,-1.0,469.0
727,12.1281,0.0,469.0,950.0,469.0,0.0,-1.0,469.0,960.0,469.0,1919.0,469.0,0.0,-1.0,469.0
728,12.1448,0.0,469.0,950.0,469.0,0.0,-1.0,469.0,960.0,469.0,1919.0,469.0,0.0,-1.0,469.0
729,12.1615,0.0,469.0,950.0,469.0,0.0,-1.0,469.0,960.0,469.0,1919.0,469.0,0.0,-1.0,469.0
730,12.1782,0.0,469.0,950.0,469.0,0.0,-1.0,469.0,960.0,469.0,1919.0,469.0,0.0,-1.0,469.0
731,12.1949,0.0,469.0,950.0,469.0,0.0,-1.0,469.0,960.0,469.0,1919.0,469.0,0.0,-1.0,469.0
732,12.2116,0.0,469.0,950.0,469.0,0.0,-1.0,469.0,960.0,469.0,1919.0,469.0,0.0,-1.0,469.0
733,12.2282,0.0,469.0,950.0,469.0,0.0,-1.0,469.0,960.0,469.0,1919.0,469.0,0.0,-1.0,469.0
734,12.2449,0.0,469.0,950.0,469.0,0.0,-1.0,469.0,960.0,469.0,1919.0,469.0,0.0,-1.0,469.0
735,12.2616,0.0,469.0,950.0,469.0,0.0,-1.0,469.0,960.0,469.0,1919.0,469.0,0.0,-1.0,469.0
736,12.2783,0.0,469.0,950.0,469.0,0.0,-1.0,469.0,960.0,469.0,1919.0,469.0,0.0,-1.0,469.0
737,12.295,0.0,469.0,950.0,469.0,0.0,-1.0,469.0,960.0,469.0,1919.0,469.0,0.0,-1.0,469.0
738,12.3116,0.0,469.0,950.0,469.0,0.0,-1.0,469.0,960.0,469.0,1919.0,469.0,0.0,-1.0,469.0
739,12.3283,0.0,469.0,950.0,469.0,0.0,-1.0,469.0,960.0,469.0,1919.0,469.0,0.0,-1.0,469.0
740,12.345,0.0,469.0,950.0,469.0,0.0,-1.0,469.0,960.0,469.0,1919.0,469.0,0.0,-1.0,469.0
741,12.3617,0.0,469.0,950.0,469.0,0.0,-1.0,469.0,960.0,469.0,1919.0,469.0,0.0,-1.0,469.0
742,12.3784,0.0,469.0,950.0,469.0,0.0,-1.0,469.0,960.0,469.0,1919.0,469.0,0.0,-1.0,469.0
743,12.3951,0.0,469.0,950.0,469.0,0.0,-1.0,469.0,960.0,469.0,1919.0,469.0,0.0,-1.0,469.0
744,12.4117,0.0,469.0,950.0,469.0,0.0,-1.0,469.0,960.0,469.0,1919.0,469.0,0.0,-1.0,469.0
745,12.4284,0.0,469.0,950.0,469.0,0.0,-1.0,469.0,960.0,469.0,1919.0,469.0,0.0,-1.0,469.0
746,12.4451,0.0,469.0,950.0,469.0,0.0,-1.0,469.0,960.0,469.0,1919.0,469.0,0.0,-1.0,469.0
747,12.4618,0.0,469.0,950.0,469.0,0.0,-1.0,469.0,960.0,469.0,1919.0,469.0,0.0,-1.0,469.0
748,12.4785,0.0,469.0,950.0,469.0,0.0,-1.0,469.0,960.0,469.0,1919.0,469.0,0.0,-1.0,469.0
749,12.4952,0.0,469.0,950.0,469.0,0.0,-1.0,469.0,960.0,469.0,1919.0,469.0,0.0,-1.0,469.0
750,12.5118,0.0,469.0,950.0,469.0,0.0,-1.0,469.0,960.0,469.0,1919.0,469.0,0.0,-1.0,469.0
751,12.5285,0.0,469.0,950.0,469.0,0.0,-1.0,469.0,960.0,469.0,1919.0,469.0,0.0,-1.0,469.0
752,12.5452,0.0,469.0,950.0,469.0,0.0,-1.0,469.0,960.0,469.0,1919.0,469.0,0.0,-1.0,469.0
753,12.5619,0.0,469.0,950.0,469.0,0.0,-1.0,469.0,960.0,469.0,1919.0,469.0,0.0,-1.0,469.0
754,12.5786,0.0,469.0,950.0,469.0,0.0,-1.0,469.0,960.0,469.0,1919.0,469.0,0.0,-1.0,469.0
755,12.5952,0.0,469.0,950.0,469.0,0.0,-1.0,469.0,960.0,469.0,1919.0,469.0,0.0,-1.0,469.0
756,12.6119,0.0,469.0,950.0,469.0,0.0,-1.0,469.0,960.0,469.0,1919.0,469.0,0.0,-1.0,469.0
757,12.6286,0.0,469.0,950.0,469.0,0.0,-1.0,469.0,960.0,469.0,1919.0,469.0,0.0,-1.0,469.0
758,12.6453,0.0,469.0,950.0,469.0,0.0,-1.0,469.0,960.0,469.0,1919.0,469.0,0.0,-1.0,469.0
759,12.662,0.0,469.0,950.0,469.0,0.0,-1.0,469.0,960.0,469.0,1919.0,469.0,0.0,-1.0,469.0
760,12.6787,0.0,469.0,950.0,469.0,0.0,-1.0,469.0,960.0,469.0,1919.0,469.0,0.0,-1.0,469.0
761,12.6953,0.0,469.0,950.0,469.0,0.0,-1.0,469.0,960.0,469.0,1919.0,469.0,0.0,-1.0,469.0
762,12.712,0.0,469.0,950.0,469.0,0.0,-1.0,469.0,960.0,469.0,1919.0,469.0,0.0,-1.0,469.0
763,12.7287,0.0,469.0,950.0,469.0,0.0,-1.0,469.0,960.0,469.0,1919.0,469.0,0.0,-1.0,469.0
764,12.7454,0.0,469.0,950.0,469.0,0.0,-1.0,469.0,960.0,469.0,1919.0,469.0,0.0,-1.0,469.0
765,12.7621,0.0,469.0,950.0,469.0,0.0,-1.0,469.0,960.0,469.0,1919.0,469.0,0.0,-1.0,469.0
766,12.7788,0.0,469.0,950.0,469.0,0.0,-1.0,469.0,960.0,469.0,1919.0,469.0,0.0,-1.0,469.0
767,12.7954,0.0,469.0,950.0,469.0,0.0,-1.0,469.0,960.0,469.0,1919.0,469.0,0.0,-1.0,469.0
768,12.8121,0.0,469.0,950.0,469.0,0.0,-1.0,469.0,960.0,469.0,1919.0,469.0,0.0,-1.0,469.0
769,12.8288,0.0,469.0,950.0,469.0,0.0,-1.0,469.0,960.0,469.0,1919.0,469.0,0.0,-1.0,469.0
770,12.8455,0.0,469.0,950.0,469.0,0.0,-1.0,469.0,960.0,469.0,1919.0,469.0,0.0,-1.0,469.0
771,12.8622,0.0,469.0,950.0,469.0,0.0,-1.0,469.0,960.0,469.0,1919.0,469.0,0.0,-1.0,469.0
772,12.8788,0.0,469.0,950.0,469.0,0.0,-1.0,469.0,960.0,469.0,1919.0,469.0,0.0,-1.0,469.0
773,12.8955,0.0,469.0,950.0,469.0,0.0,-1.0,469.0,960.0,469.0,1919.0,469.0,0.0,-1.0,469.0
774,12.9122,0.0,469.0,950.0,469.0,0.0,-1.0,469.0,960.0,469.0,1919.0,469.0,0.0,-1.0,469.0
775,12.9289,0.0,469.0,950.0,469.0,0.0,-1.0,469.0,960.0,469.0,1919.0,469.0,0.0,-1.0,469.0
776,12.9456,0.0,469.0,950.0,469.0,0.0,-1.0,469.0,960.0,469.0,1919.0,469.0,0.0,-1.0,469.0
777,12.9623,0.0,469.0,950.0,469.0,0.0,-1.0,469.0,960.0,469.0,1919.0,469.0,0.0,-1.0,469.0
778,12.9789,0.0,469.0,950.0,469.0,0.0,-1.0,469.0,960.0,469.0,1919.0,469.0,0.0,-1.0,469.0
779,12.9956,0.0,469.0,950.0,469.0,0.0,-1.0,469.0,960.0,469.0,1919.0,469.0,0.0,-1.0,469.0
780,13.0123,0.0,469.0,950.0,469.0,0.0,-1.0,469.0,960.0,469.0,1919.0,469.0,0.0,-1.0,469.0
781,13.029,0.0,469.0,950.0,469.0,0.0,-1.0,469.0,960.0,469.0,1919.0,469.0,0.0,-1.0,469.0
782,13.0457,0.0,469.0,950.0,469.0,0.0,-1.0,469.0,960.0,469.0,1919.0,469.0,0.0,-1.0,469.0
783,13.0624,0.0,469.0,950.0,469.0,0.0,-1.0,469.0,960.0,469.0,1919.0,469.0,0.0,-1.0,469.0
784,13.079,0.0,469.0,950.0,469.0,0.0,-1.0,469.0,960.0,469.0,1919.0,469.0,0.0,-1.0,469.0
785,13.0957,0.0,469.0,950.0,469.0,0.0,-1.0,469.0,960.0,469.0,1919.0,469.0,0.0,-1.0,469.0
786,13.1124,0.0,469.0,950.0,469.0,0.0,-1.0,469.0,960.0,469.0,1919.0,469.0,0.0,-1.0,469.0
787,13.1291,0.0,469.0,950.0,469.0,0.0,-1.0,469.0,960.0,469.0,1919.0,469.0,0.0,-1.0,469.0
788,13.1458,0.0,469.0,950.0,469.0,0.0,-1.0,469.0,960.0,469.0,1919.0,469.0,0.0,-1.0,469.0
789,13.1624,0.0,469.0,950.0,469.0,0.0,-1.0,469.0,960.0,469.0,1919.0,469.0,0.0,-1.0,469.0
790,13.1791,0.0,469.0,950.0,469.0,0.0,-1.0,469.0,960.0,469.0,1919.0,469.0,0.0,-1.0,469.0
791,13.1958,0.0,469.0,950.0,469.0,0.0,-1.0,469.0,960.0,469.0,1919.0,469.0,0.0,-1.0,469.0
792,13.2125,0.0,469.0,950.0,469.0,0.0,-1.0,469.0,960.0,469.0,1919.0,469.0,0.0,-1.0,469.0
793,13.2292,0.0,469.0,950.0,469.0,0.0,-1.0,469.0,960.0,469.0,1919.0,469.0,0.0,-1.0,469.0
794,13.2459,0.0,469.0,950.0,469.0,0.0,-1.0,469.0,960.0,469.0,1919.0,469.0,0.0,-1.0,469.0
795,13.2625,0.0,469.0,950.0,469.0,0.0,-1.0,469.0,960.0,469.0,1919.0,469.0,0.0,-1.0,469.0
796,13.2792,0.0,469.0,950.0,469.0,0.0,-1.0,469.0,960.0,469.0,1919.0,469.0,0.0,-1.0,469.0
797,13.2959,0.0,469.0,950.0,469.0,0.0,-1.0,469.0,960.0,469.0,1919.0,469.0,0.0,-1.0,469.0
798,13.3126,0.0,469.0,950.0,469.0,0.0,-1.0,469.0,960.0,469.0,1919.0,469.0,0.0,-1.0,469.0
799,13.3293,0.0,469.0,950.0,469.0,0.0,-1.0,469.0,960.0,469.0,1919.0,469.0,0.0,-1.0,469.0
800,13.346,0.0,469.0,950.0,469.0,0.0,-1.0,469.0,960.0,469.0,1919.0,469.0,0.0,-1.0,469.0
801,13.3626,0.0,469.0,950.0,469.0,0.0,-1.0,469.0,960.0,469.0,1919.0,469.0,0.0,-1.0,469.0
802,13.3793,0.0,469.0,950.0,469.0,0.0,-1.0,469.0,960.0,469.0,1919.0,469.0,0.0,-1.0,469.0
803,13.396,0.0,469.0,950.0,469.0,0.0,-1.0,469.0,960.0,469.0,1919.0,469.0,0.0,-1.0,469.0
804,13.4127,0.0,469.0,950.0,469.0,0.0,-1.0,469.0,960.0,469.0,1919.0,469.0,0.0,-1.0,469.0
805,13.4294,0.0,469.0,950.0,469.0,0.0,-1.0,469.0,960.0,469.0,1919.0,469.0,0.0,-1.0,469.0
806,13.4461,0.0,469.0,950.0,469.0,0.0,-1.0,469.0,960.0,469.0,1919.0,469.0,0.0,-1.0,469.0
807,13.4627,0.0,469.0,950.0,469.0,0.0,-1.0,469.0,960.0,469.0,1919.0,469.0,0.0,-1.0,469.0
808,13.4794,0.0,469.0,950.0,469.0,0.0,-1.0,469.0,960.0,469.0,1919.0,469.0,0.0,-1.0,469.0
809,13.4961,0.0,469.0,950.0,469.0,0.0,-1.0,469.0,960.0,469.0,1919.0,469.0,0.0,-1.0,469.0
810,13.5128,0.0,469.0,950.0,469.0,0.0,-1.0,469.0,960.0,469.0,1919.0,469.0,0.0,-1.0,469.0
811,13.5295,0.0,469.0,950.0,469.0,0.0,-1.0,469.0,960.0,469.0,1919.0,469.0,0.0,-1.0,469.0
812,13.5461,0.0,469.0,950.0,469.0,0.0,-1.0,469.0,960.0,469.0,1919.0,469.0,0.0,-1.0,469.0
813,13.5628,0.0,469.0,950.0,469.0,0.0,-1.0,469.0,960.0,469.0,1919.0,469.0,0.0,-1.0,469.0
814,13.5795,0.0,469.0,950.0,469.0,0.0,-1.0,469.0,960.0,469.0,1919.0,469.0,0.0,-1.0,469.0
815,13.5962,0.0,469.0,950.0,469.0,0.0,-1.0,469.0,960.0,469.0,1919.0,469.0,0.0,-1.0,469.0
816,13.6129,0.0,469.0,950.0,469.0,0.0,-1.0,469.0,960.0,469.0,1919.0,469.0,0.0,-1.0,469.0
817,13.6296,0.0,469.0,950.0,469.0,0.0,-1.0,469.0,960.0,469.0,1919.0,469.0,0.0,-1.0,469.0
818,13.6462,0.0,469.0,950.0,469.0,0.0,-1.0,469.0,960.0,469.0,1919.0,469.0,0.0,-1.0,469.0
819,13.6629,0.0,469.0,950.0,469.0,0.0,-1.0,469.0,960.0,469.0,1919.0,469.0,0.0,-1.0,469.0
820,13.6796,0.0,469.0,950.0,469.0,0.0,-1.0,469.0,960.0,469.0,1919.0,469.0,0.0,-1.0,469.0
821,13.6963,0.0,469.0,950.0,469.0,0.0,-1.0,469.0,960.0,469.0,1919.0,469.0,0.0,-1.0,469.0
822,13.713,0.0,469.0,950.0,469.0,0.0,-1.0,469.0,960.0,469.0,1919.0,469.0,0.0,-1.0,469.0
823,13.7297,0.0,469.0,950.0,469.0,0.0,-1.0,469.0,960.0,469.0,1919.0,469.0,0.0,-1.0,469.0
824,13.7463,0.0,469.0,950.0,469.0,0.0,-1.0,469.0,960.0,469.0,1919.0,469.0,0.0,-1.0,469.0
825,13.763,0.0,469.0,950.0,469.0,0.0,-1.0,469.0,960.0,469.0,1919.0,469.0,0.0,-1.0,469.0
826,13.7797,0.0,469.0,950.0,469.0,0.0,-1.0,469.0,960.0,469.0,1919.0,469.0,0.0,-1.0,469.0
827,13.7964,0.0,469.0,950.0,469.0,0.0,-1.0,469.0,960.0,469.0,1919.0,469.0,0.0,-1.0,469.0
828,13.8131,0.0,469.0,950.0,469.0,0.0,-1.0,469.0,960.0,469.0,1919.0,469.0,0.0,-1.0,469.0
829,13.8297,0.0,469.0,950.0,469.0,0.0,-1.0,469.0,960.0,469.0,1919.0,469.0,0.0,-1.0,469.0
830,13.8464,0.0,469.0,950.0,469.0,0.0,-1.0,469.0,960.0,469.0,1919.0,469.0,0.0,-1.0,469.0
831,13.8631,0.0,469.0,950.0,469.0,0.0,-1.0,469.0,960.0,469.0,1919.0,469.0,0.0,-1.0,469.0
832,13.8798,0.0,469.0,950.0,469.0,0.0,-1.0,469.0,960.0,469.0,1919.0,469.0,0.0,-1.0,469.0
833,13.8965,0.0,469.0,950.0,469.0,0.0,-1.0,469.0,960.0,469.0,1919.0,469.0,0.0,-1.0,469.0
834,13.9132,0.0,469.0,950.0,469.0,0.0,-1.0,469.0,960.0,469.0,1919.0,469.0,0.0,-1.0,469.0
835,13.9298,0.0,469.0,950.0,469.0,0.0,-1.0,469.0,960.0,469.0,1919.0,469.0,0.0,-1.0,469.0
836,13.9465,0.0,469.0,950.0,469.0,0.0,-1.0,469.0,960.0,469.0,1919.0,469.0,0.0,-1.0,469.0
837,13.9632,0.0,469.0,950.0,469.0,0.0,-1.0,469.0,960.0,469.0,1919.0,469.0,0.0,-1.0,469.0
838,13.9799,0.0,469.0,950.0,469.0,0.0,-1.0,469.0,960.0,469.0,1919.0,469.0,0.0,-1.0,469.0
839,13.9966,0.0,469.0,950.0,469.0,0.0,-1.0,469.0,960.0,469.0,1919.0,469.0,0.0,-1.0,469.0
840,14.0133,0.0,469.0,950.0,469.0,0.0,-1.0,469.0,960.0,469.0,1919.0,469.0,0.0,-1.0,469.0
841,14.0299,0.0,469.0,950.0,469.0,0.0,-1.0,469.0,960.0,469.0,1919.0,469.0,0.0,-1.0,469.0
842,14.0466,0.0,469.0,950.0,469.0,0.0,-1.0,469.0,960.0,469.0,1919.0,469.0,0.0,-1.0,469.0
843,14.0633,0.0,469.0,950.0,469.0,0.0,-1.0,469.0,960.0,469.0,1919.0,469.0,0.0,-1.0,469.0
844,14.08,0.0,469.0,950.0,469.0,0.0,-1.0,469.0,960.0,469.0,1919.0,469.0,0.0,-1.0,469.0
845,14.0967,0.0,469.0,950.0,469.0,0.0,-1.0,469.0,960.0,469.0,1919.0,469.0,0.0,-1.0,469.0
846,14.1133,0.0,469.0,950.0,469.0,0.0,-1.0,469.0,960.0,469.0,1919.0,469.0,0.0,-1.0,469.0
847,14.13,0.0,469.0,950.0,469.0,0.0,-1.0,469.0,960.0,469.0,1919.0,469.0,0.0,-1.0,469.0
848,14.1467,0.0,469.0,950.0,469.0,0.0,-1.0,469.0,960.0,469.0,1919.0,469.0,0.0,-1.0,469.0
849,14.1634,0.0,469.0,950.0,469.0,0.0,-1.0,469.0,960.0,469.0,1919.0,469.0,0.0,-1.0,469.0
850,14.1801,0.0,469.0,950.0,469.0,0.0,-1.0,469.0,960.0,469.0,1919.0,469.0,0.0,-1.0,469.0
851,14.1968,0.0,469.0,950.0,469.0,0.0,-1.0,469.0,960.0,469.0,1919.0,469.0,0.0,-1.0,469.0
852,14.2134,0.0,469.0,950.0,469.0,0.0,-1.0,469.0,960.0,469.0,1919.0,469.0,0.0,-1.0,469.0
853,14.2301,0.0,469.0,950.0,469.0,0.0,-1.0,469.0,960.0,469.0,1919.0,469.0,0.0,-1.0,469.0
854,14.2468,0.0,469.0,950.0,469.0,0.0,-1.0,469.0,960.0,469.0,1919.0,469.0,0.0,-1.0,469.0
855,14.2635,0.0,469.0,950.0,469.0,0.0,-1.0,469.0,960.0,469.0,1919.0,469.0,0.0,-1.0,469.0
856,14.2802,0.0,469.0,950.0,469.0,0.0,-1.0,469.0,960.0,469.0,1919.0,469.0,0.0,-1.0,469.0
857,14.2969,0.0,469.0,950.0,469.0,0.0,-1.0,469.0,960.0,469.0,1919.0,469.0,0.0,-1.0,469.0
858,14.3135,0.0,469.0,950.0,469.0,0.0,-1.0,469.0,960.0,469.0,1919.0,469.0,0.0,-1.0,469.0
859,14.3302,0.0,469.0,950.0,469.0,0.0,-1.0,469.0,960.0,469.0,1919.0,469.0,0.0,-1.0,469.0
860,14.3469,0.0,469.0,950.0,469.0,0.0,-1.0,469.0,960.0,469.0,1919.0,469.0,0.0,-1.0,469.0
861,14.3636,0.0,469.0,950.0,469.0,0.0,-1.0,469.0,960.0,469.0,1919.0,469.0,0.0,-1.0,469.0
862,14.3803,0.0,469.0,950.0,469.0,0.0,-1.0,469.0,960.0,469.0,1919.0,469.0,0.0,-1.0,469.0
863,14.397,0.0,469.0,950.0,469.0,0.0,-1.0,469.0,960.0,469.0,1919.0,469.0,0.0,-1.0,469.0
864,14.4136,0.0,469.0,950.0,469.0,0.0,-1.0,469.0,960.0,469.0,1919.0,469.0,0.0,-1.0,469.0
865,14.4303,0.0,469.0,950.0,469.0,0.0,-1.0,469.0,960.0,469.0,1919.0,469.0,0.0,-1.0,469.0
866,14.447,0.0,469.0,950.0,469.0,0.0,-1.0,469.0,960.0,469.0,1919.0,469.0,0.0,-1.0,469.0
867,14.4637,0.0,469.0,950.0,469.0,0.0,-1.0,469.0,960.0,469.0,1919.0,469.0,0.0,-1.0,469.0
868,14.4804,0.0,469.0,950.0,469.0,0.0,-1.0,469.0,960.0,469.0,1919.0,469.0,0.0,-1.0,469.0
869,14.497,0.0,469.0,950.0,469.0,0.0,-1.0,469.0,960.0,469.0,1919.0,469.0,0.0,-1.0,469.0
870,14.5137,0.0,469.0,950.0,469.0,0.0,-1.0,469.0,960.0,469.0,1919.0,469.0,0.0,-1.0,469.0
871,14.5304,0.0,469.0,950.0,469.0,0.0,-1.0,469.0,960.0,469.0,1919.0,469.0,0.0,-1.0,469.0
872,14.5471,0.0,469.0,950.0,469.0,0.0,-1.0,469.0,960.0,469.0,1919.0,469.0,0.0,-1.0,469.0
873,14.5638,0.0,469.0,950.0,469.0,0.0,-1.0,469.0,960.0,469.0,1919.0,469.0,0.0,-1.0,469.0
874,14.5805,0.0,469.0,950.0,469.0,0.0,-1.0,469.0,960.0,469.0,1919.0,469.0,0.0,-1.0,469.0
875,14.5971,0.0,469.0,950.0,469.0,0.0,-1.0,469.0,960.0,469.0,1919.0,469.0,0.0,-1.0,469.0
876,14.6138,0.0,469.0,950.0,469.0,0.0,-1.0,469.0,960.0,469.0,1919.0,469.0,0.0,-1.0,469.0
877,14.6305,0.0,469.0,950.0,469.0,0.0,-1.0,469.0,960.0,469.0,1919.0,469.0,0.0,-1.0,469.0
878,14.6472,0.0,469.0,950.0,469.0,0.0,-1.0,469.0,960.0,469.0,1919.0,469.0,0.0,-1.0,469.0
879,14.6639,0.0,469.0,950.0,469.0,0.0,-1.0,469.0,960.0,469.0,1919.0,469.0,0.0,-1.0,469.0
880,14.6806,0.0,469.0,950.0,469.0,0.0,-1.0,469.0,960.0,469.0,1919.0,469.0,0.0,-1.0,469.0
881,14.6972,0.0,469.0,950.0,469.0,0.0,-1.0,469.0,960.0,469.0,1919.0,469.0,0.0,-1.0,469.0
882,14.7139,0.0,469.0,950.0,469.0,0.0,-1.0,469.0,960.0,469.0,1919.0,469.0,0.0,-1.0,469.0
883,14.7306,0.0,469.0,950.0,469.0,0.0,-1.0,469.0,960.0,469.0,1919.0,469.0,0.0,-1.0,469.0
884,14.7473,0.0,469.0,950.0,469.0,0.0,-1.0,469.0,960.0,469.0,1919.0,469.0,0.0,-1.0,469.0
885,14.764,0.0,469.0,950.0,469.0,0.0,-1.0,469.0,960.0,469.0,1919.0,469.0,0.0,-1.0,469.0
886,14.7806,0.0,469.0,950.0,469.0,0.0,-1.0,469.0,960.0,469.0,1919.0,469.0,0.0,-1.0,469.0
887,14.7973,0.0,469.0,950.0,469.0,0.0,-1.0,469.0,960.0,469.0,1919.0,469.0,0.0,-1.0,469.0
888,14.814,0.0,469.0,950.0,469.0,0.0,-1.0,469.0,960.0,469.0,1919.0,469.0,0.0,-1.0,469.0
889,14.8307,0.0,469.0,950.0,469.0,0.0,-1.0,469.0,960.0,469.0,1919.0,469.0,0.0,-1.0,469.0
890,14.8474,0.0,469.0,950.0,469.0,0.0,-1.0,469.0,960.0,469.0,1919.0,469.0,0.0,-1.0,469.0
891,14.8641,0.0,469.0,950.0,469.0,0.0,-1.0,469.0,960.0,469.0,1919.0,469.0,0.0,-1.0,469.0
892,14.8807,0.0,469.0,950.0,469.0,0.0,-1.0,469.0,960.0,469.0,1919.0,469.0,0.0,-1.0,469.0
893,14.8974,0.0,469.0,950.0,469.0,0.0,-1.0,469.0,960.0,469.0,1919.0,469.0,0.0,-1.0,469.0
894,14.9141,0.0,469.0,950.0,469.0,0.0,-1.0,469.0,960.0,469.0,1919.0,469.0,0.0,-1.0,469.0
895,14.9308,0.0,469.0,950.0,469.0,0.0,-1.0,469.0,960.0,469.0,1919.0,469.0,0.0,-1.0,469.0
896,14.9475,0.0,469.0,950.0,469.0,0.0,-1.0,469.0,960.0,469.0,1919.0,469.0,0.0,-1.0,469.0
897,14.9642,0.0,469.0,950.0,469.0,0.0,-1.0,469.0,960.0,469.0,1919.0,469.0,0.0,-1.0,469.0
898,14.9808,0.0,469.0,950.0,469.0,0.0,-1.0,469.0,960.0,469.0,1919.0,469.0,0.0,-1.0,469.0
899,14.9975,0.0,469.0,950.0,469.0,0.0,-1.0,469.0,960.0,469.0,1919.0,469.0,0.0,-1.0,469.0
900,15.0142,0.0,469.0,950.0,469.0,0.0,-1.0,469.0,960.0,469.0,1919.0,469.0,0.0,-1.0,469.0
901,15.0309,0.0,469.0,950.0,469.0,0.0,-1.0,469.0,960.0,469.0,1919.0,469.0,0.0,-1.0,469.0
902,15.0476,0.0,469.0,950.0,469.0,0.0,-1.0,469.0,960.0,469.0,1919.0,469.0,0.0,-1.0,469.0
903,15.0642,0.0,469.0,950.0,469.0,0.0,-1.0,469.0,960.0,469.0,1919.0,469.0,0.0,-1.0,469.0
904,15.0809,0.0,469.0,950.0,469.0,0.0,-1.0,469.0,960.0,469.0,1919.0,469.0,0.0,-1.0,469.0
905,15.0976,0.0,469.0,950.0,469.0,0.0,-1.0,469.0,960.0,469.0,1919.0,469.0,0.0,-1.0,469.0
906,15.1143,0.0,469.0,950.0,469.0,0.0,-1.0,469.0,960.0,469.0,1919.0,469.0,0.0,-1.0,469.0
907,15.131,0.0,469.0,950.0,469.0,0.0,-1.0,469.0,960.0,469.0,1919.0,469.0,0.0,-1.0,469.0
908,15.1477,0.0,469.0,950.0,469.0,0.0,-1.0,469.0,960.0,469.0,1919.0,469.0,0.0,-1.0,469.0
909,15.1643,0.0,469.0,950.0,469.0,0.0,-1.0,469.0,960.0,469.0,1919.0,469.0,0.0,-1.0,469.0
910,15.181,0.0,469.0,950.0,469.0,0.0,-1.0,469.0,960.0,469.0,1919.0,469.0,0.0,-1.0,469.0
911,15.1977,0.0,469.0,950.0,469.0,0.0,-1.0,469.0,960.0,469.0,1919.0,469.0,0.0,-1.0,469.0
912,15.2144,0.0,469.0,950.0,469.0,0.0,-1.0,469.0,960.0,469.0,1919.0,469.0,0.0,-1.0,469.0
913,15.2311,0.0,469.0,950.0,469.0,0.0,-1.0,469.0,960.0,469.0,1919.0,469.0,0.0,-1.0,469.0
914,15.2478,0.0,469.0,950.0,469.0,0.0,-1.0,469.0,960.0,469.0,1919.0,469.0,0.0,-1.0,469.0
915,15.2644,0.0,469.0,950.0,469.0,0.0,-1.0,469.0,960.0,469.0,1919.0,469.0,0.0,-1.0,469.0
916,15.2811,0.0,469.0,950.0,469.0,0.0,-1.0,469.0,960.0,469.0,1919.0,469.0,0.0,-1.0,469.0
917,15.2978,0.0,469.0,950.0,469.0,0.0,-1.0,469.0,960.0,469.0,1919.0,469.0,0.0,-1.0,469.0
918,15.3145,0.0,469.0,950.0,469.0,0.0,-1.0,469.0,960.0,469.0,1919.0,469.0,0.0,-1.0,469.0
919,15.3312,0.0,469.0,950.0,469.0,0.0,-1.0,469.0,960.0,469.0,1919.0,469.0,0.0,-1.0,469.0
920,15.3479,0.0,469.0,950.0,469.0,0.0,-1.0,469.0,960.0,469.0,1919.0,469.0,0.0,-1.0,469.0
921,15.3645,0.0,469.0,950.0,469.0,0.0,-1.0,469.0,960.0,469.0,1919.0,469.0,0.0,-1.0,469.0
922,15.3812,0.0,469.0,950.0,469.0,0.0,-1.0,469.0,960.0,469.0,1919.0,469.0,0.0,-1.0,469.0
923,15.3979,0.0,469.0,950.0,469.0,0.0,-1.0,469.0,960.0,469.0,1919.0,469.0,0.0,-1.0,469.0
924,15.4146,0.0,469.0,950.0,469.0,0.0,-1.0,469.0,960.0,469.0,1919.0,469.0,0.0,-1.0,469.0
925,15.4313,0.0,469.0,950.0,469.0,0.0,-1.0,469.0,960.0,469.0,1919.0,469.0,0.0,-1.0,469.0
926,15.4479,0.0,469.0,950.0,469.0,0.0,-1.0,469.0,960.0,469.0,1919.0,469.0,0.0,-1.0,469.0
927,15.4646,0.0,469.0,950.0,469.0,0.0,-1.0,469.0,960.0,469.0,1919.0,469.0,0.0,-1.0,469.0
928,15.4813,0.0,469.0,950.0,469.0,0.0,-1.0,469.0,960.0,469.0,1919.0,469.0,0.0,-1.0,469.0
929,15.498,0.0,469.0,950.0,469.0,0.0,-1.0,469.0,960.0,469.0,1919.0,469.0,0.0,-1.0,469.0
930,15.5147,0.0,469.0,950.0,469.0,0.0,-1.0,469.0,960.0,469.0,1919.0,469.0,0.0,-1.0,469.0
931,15.5314,0.0,469.0,950.0,469.0,0.0,-1.0,469.0,960.0,469.0,1919.0,469.0,0.0,-1.0,469.0
932,15.548,0.0,469.0,950.0,469.0,0.0,-1.0,469.0,960.0,469.0,1919.0,469.0,0.0,-1.0,469.0
933,15.5647,0.0,469.0,950.0,469.0,0.0,-1.0,469.0,960.0,469.0,1919.0,469.0,0.0,-1.0,469.0
934,15.5814,0.0,469.0,950.0,469.0,0.0,-1.0,469.0,960.0,469.0,1919.0,469.0,0.0,-1.0,469.0
935,15.5981,0.0,469.0,950.0,469.0,0.0,-1.0,469.0,960.0,469.0,1919.0,469.0,0.0,-1.0,469.0
936,15.6148,0.0,469.0,950.0,469.0,0.0,-1.0,469.0,960.0,469.0,1919.0,469.0,0.0,-1.0,469.0
937,15.6315,0.0,469.0,950.0,469.0,0.0,-1.0,469.0,960.0,469.0,1919.0,469.0,0.0,-1.0,469.0
938,15.6481,0.0,469.0,950.0,469.0,0.0,-1.0,469.0,960.0,469.0,1919.0,469.0,0.0,-1.0,469.0
939,15.6648,0.0,469.0,950.0,469.0,0.0,-1.0,469.0,960.0,469.0,1919.0,469.0,0.0,-1.0,469.0
940,15.6815,0.0,469.0,950.0,469.0,0.0,-1.0,469.0,960.0,469.0,1919.0,469.0,0.0,-1.0,469.0
941,15.6982,0.0,469.0,950.0,469.0,0.0,-1.0,469.0,960.0,469.0,1919.0,469.0,0.0,-1.0,469.0
942,15.7149,0.0,469.0,950.0,469.0,0.0,-1.0,469.0,960.0,469.0,1919.0,469.0,0.0,-1.0,469.0
943,15.7315,0.0,469.0,950.0,469.0,0.0,-1.0,469.0,960.0,469.0,1919.0,469.0,0.0,-1.0,469.0
944,15.7482,0.0,469.0,950.0,469.0,0.0,-1.0,469.0,960.0,469.0,1919.0,469.0,0.0,-1.0,469.0
945,15.7649,0.0,469.0,950.0,469.0,0.0,-1.0,469.0,960.0,469.0,1919.0,469.0,0.0,-1.0,469.0
946,15.7816,0.0,469.0,950.0,469.0,0.0,-1.0,469.0,960.0,469.0,1919.0,469.0,0.0,-1.0,469.0
947,15.7983,0.0,469.0,950.0,469.0,0.0,-1.0,469.0,960.0,469.0,1919.0,469.0,0.0,-1.0,469.0
948,15.815,0.0,469.0,950.0,469.0,0.0,-1.0,469.0,960.0,469.0,1919.0,469.0,0.0,-1.0,469.0
949,15.8316,0.0,469.0,950.0,469.0,0.0,-1.0,469.0,960.0,469.0,1919.0,469.0,0.0,-1.0,469.0
950,15.8483,0.0,469.0,950.0,469.0,0.0,-1.0,469.0,960.0,469.0,1919.0,469.0,0.0,-1.0,469.0
951,15.865,0.0,469.0,950.0,469.0,0.0,-1.0,469.0,960.0,469.0,1919.0,469.0,0.0,-1.0,469.0
952,15.8817,0.0,469.0,950.0,469.0,0.0,-1.0,469.0,960.0,469.0,1919.0,469.0,0.0,-1.0,469.0
953,15.8984,0.0,469.0,950.0,469.0,0.0,-1.0,469.0,960.0,469.0,1919.0,469.0,0.0,-1.0,469.0
954,15.9151,0.0,469.0,950.0,469.0,0.0,-1.0,469.0,960.0,469.0,1919.0,469.0,0.0,-1.0,469.0
955,15.9317,0.0,469.0,950.0,469.0,0.0,-1.0,469.0,960.0,469.0,1919.0,469.0,0.0,-1.0,469.0
956,15.9484,0.0,469.0,950.0,469.0,0.0,-1.0,469.0,960.0,469.0,1919.0,469.0,0.0,-1.0,469.0
957,15.9651,0.0,469.0,950.0,469.0,0.0,-1.0,469.0,960.0,469.0,1919.0,469.0,0.0,-1.0,469.0
958,15.9818,0.0,469.0,950.0,469.0,0.0,-1.0,469.0,960.0,469.0,1919.0,469.0,0.0,-1.0,469.0
959,15.9985,0.0,469.0,950.0,469.0,0.0,-1.0,469.0,960.0,469.0,1919.0,469.0,0.0,-1.0,469.0
960,16.0151,0.0,469.0,950.0,469.0,0.0,-1.0,469.0,960.0,469.0,1919.0,469.0,0.0,-1.0,469.0
961,16.0318,0.0,469.0,950.0,469.0,0.0,-1.0,469.0,960.0,469.0,1919.0,469.0,0.0,-1.0,469.0
962,16.0485,0.0,469.0,950.0,469.0,0.0,-1.0,469.0,960.0,469.0,1919.0,469.0,0.0,-1.0,469.0
963,16.0652,0.0,469.0,950.0,469.0,0.0,-1.0,469.0,960.0,469.0,1919.0,469.0,0.0,-1.0,469.0
964,16.0819,0.0,469.0,950.0,469.0,0.0,-1.0,469.0,960.0,469.0,1919.0,469.0,0.0,-1.0,469.0
965,16.0986,0.0,469.0,950.0,469.0,0.0,-1.0,469.0,960.0,469.0,1919.0,469.0,0.0,-1.0,469.0
966,16.1152,0.0,469.0,950.0,469.0,0.0,-1.0,469.0,960.0,469.0,1919.0,469.0,0.0,-1.0,469.0
967,16.1319,0.0,469.0,950.0,469.0,0.0,-1.0,469.0,960.0,469.0,1919.0,469.0,0.0,-1.0,469.0
968,16.1486,0.0,469.0,950.0,469.0,0.0,-1.0,469.0,960.0,469.0,1919.0,469.0,0.0,-1.0,469.0
969,16.1653,0.0,469.0,950.0,469.0,0.0,-1.0,469.0,960.0,469.0,1919.0,469.0,0.0,-1.0,469.0
970,16.182,0.0,469.0,950.0,469.0,0.0,-1.0,469.0,960.0,469.0,1919.0,469.0,0.0,-1.0,469.0
971,16.1987,0.0,469.0,950.0,469.0,0.0,-1.0,469.0,960.0,469.0,1919.0,469.0,0.0,-1.0,469.0
972,16.2153,0.0,469.0,950.0,469.0,0.0,-1.0,469.0,960.0,469.0,1919.0,469.0,0.0,-1.0,469.0
973,16.232,0.0,469.0,950.0,469.0,0.0,-1.0,469.0,960.0,469.0,1919.0,469.0,0.0,-1.0,469.0
974,16.2487,0.0,469.0,950.0,469.0,0.0,-1.0,469.0,960.0,469.0,1919.0,469.0,0.0,-1.0,469.0
975,16.2654,0.0,469.0,950.0,469.0,0.0,-1.0,469.0,960.0,469.0,1919.0,469.0,0.0,-1.0,469.0
976,16.2821,0.0,469.0,950.0,469.0,0.0,-1.0,469.0,960.0,469.0,1919.0,469.0,0.0,-1.0,469.0
977,16.2987,0.0,469.0,950.0,469.0,0.0,-1.0,469.0,960.0,469.0,1919.0,469.0,0.0,-1.0,469.0
978,16.3154,0.0,469.0,950.0,469.0,0.0,-1.0,469.0,960.0,469.0,1919.0,469.0,0.0,-1.0,469.0
979,16.3321,0.0,469.0,950.0,469.0,0.0,-1.0,469.0,960.0,469.0,1919.0,469.0,0.0,-1.0,469.0
980,16.3488,0.0,469.0,950.0,469.0,0.0,-1.0,469.0,960.0,469.0,1919.0,469.0,0.0,-1.0,469.0
981,16.3655,0.0,469.0,950.0,469.0,0.0,-1.0,469.0,960.0,469.0,1919.0,469.0,0.0,-1.0,469.0
982,16.3822,0.0,469.0,950.0,469.0,0.0,-1.0,469.0,960.0,469.0,1919.0,469.0,0.0,-1.0,469.0
983,16.3988,0.0,469.0,950.0,469.0,0.0,-1.0,469.0,960.0,469.0,1919.0,469.0,0.0,-1.0,469.0
984,16.4155,0.0,469.0,950.0,469.0,0.0,-1.0,469.0,960.0,469.0,1919.0,469.0,0.0,-1.0,469.0
985,16.4322,0.0,469.0,950.0,469.0,0.0,-1.0,469.0,960.0,469.0,1919.0,469.0,0.0,-1.0,469.0
986,16.4489,0.0,469.0,950.0,469.0,0.0,-1.0,469.0,960.0,469.0,1919.0,469.0,0.0,-1.0,469.0
987,16.4656,0.0,469.0,950.0,469.0,0.0,-1.0,469.0,960.0,469.0,1919.0,469.0,0.0,-1.0,469.0
988,16.4823,0.0,469.0,950.0,469.0,0.0,-1.0,469.0,960.0,469.0,1919.0,469.0,0.0,-1.0,469.0
989,16.4989,0.0,469.0,950.0,469.0,0.0,-1.0,469.0,960.0,469.0,1919.0,469.0,0.0,-1.0,469.0
990,16.5156,0.0,469.0,950.0,469.0,0.0,-1.0,469.0,960.0,469.0,1919.0,469.0,0.0,-1.0,469.0
991,16.5323,0.0,469.0,950.0,469.0,0.0,-1.0,469.0,960.0,469.0,1919.0,469.0,0.0,-1.0,469.0
992,16.549,0.0,469.0,950.0,469.0,0.0,-1.0,469.0,960.0,469.0,1919.0,469.0,0.0,-1.0,469.0
993,16.5657,0.0,469.0,950.0,469.0,0.0,-1.0,469.0,960.0,469.0,1919.0,469.0,0.0,-1.0,469.0
994,16.5824,0.0,469.0,950.0,469.0,0.0,-1.0,469.0,960.0,469.0,1919.0,469.0,0.0,-1.0,469.0
995,16.599,0.0,469.0,950.0,469.0,0.0,-1.0,469.0,960.0,469.0,1919.0,469.0,0.0,-1.0,469.0
996,16.6157,0.0,469.0,950.0,469.0,0.0,-1.0,469.0,960.0,469.0,1919.0,469.0,0.0,-1.0,469.0
997,16.6324,0.0,469.0,950.0,469.0,0.0,-1.0,469.0,960.0,469.0,1919.0,469.0,0.0,-1.0,469.0
998,16.6491,0.0,469.0,950.0,469.0,0.0,-1.0,469.0,960.0,469.0,1919.0,469.0,0.0,-1.0,469.0
999,16.6658,0.0,469.0,950.0,469.0,0.0,-1.0,469.0,960.0,469.0,1919.0,469.0,0.0,-1.0,469.0
1000,16.6824,0.0,469.0,950.0,469.0,0.0,-1.0,469.0,960.0,469.0,1919.0,469.0,0.0,-1.0,469.0
1001,16.6991,0.0,469.0,950.0,469.0,0.0,-1.0,469.0,960.0,469.0,1919.0,469.0,0.0,-1.0,469.0
1002,16.7158,0.0,469.0,950.0,469.0,0.0,-1.0,469.0,960.0,469.0,1919.0,469.0,0.0,-1.0,469.0
1003,16.7325,0.0,469.0,950.0,469.0,0.0,-1.0,469.0,960.0,469.0,1919.0,469.0,0.0,-1.0,469.0
1004,16.7492,0.0,469.0,950.0,469.0,0.0,-1.0,469.0,960.0,469.0,1919.0,469.0,0.0,-1.0,469.0
1005,16.7659,0.0,469.0,950.0,469.0,0.0,-1.0,469.0,960.0,469.0,1919.0,469.0,0.0,-1.0,469.0
1006,16.7825,0.0,469.0,950.0,469.0,0.0,-1.0,469.0,960.0,469.0,1919.0,469.0,0.0,-1.0,469.0
1007,16.7992,0.0,469.0,950.0,469.0,0.0,-1.0,469.0,960.0,469.0,1919.0,469.0,0.0,-1.0,469.0
1008,16.8159,0.0,469.0,950.0,469.0,0.0,-1.0,469.0,960.0,469.0,1919.0,469.0,0.0,-1.0,469.0
1009,16.8326,0.0,469.0,950.0,469.0,0.0,-1.0,469.0,960.0,469.0,1919.0,469.0,0.0,-1.0,469.0
1010,16.8493,0.0,469.0,950.0,469.0,0.0,-1.0,469.0,960.0,469.0,1919.0,469.0,0.0,-1.0,469.0
1011,16.866,0.0,469.0,950.0,469.0,0.0,-1.0,469.0,960.0,469.0,1919.0,469.0,0.0,-1.0,469.0
1012,16.8826,0.0,469.0,950.0,469.0,0.0,-1.0,469.0,960.0,469.0,1919.0,469.0,0.0,-1.0,469.0
1013,16.8993,0.0,469.0,950.0,469.0,0.0,-1.0,469.0,960.0,469.0,1919.0,469.0,0.0,-1.0,469.0
1014,16.916,0.0,469.0,950.0,469.0,0.0,-1.0,469.0,960.0,469.0,1919.0,469.0,0.0,-1.0,469.0
1015,16.9327,0.0,469.0,950.0,469.0,0.0,-1.0,469.0,960.0,469.0,1919.0,469.0,0.0,-1.0,469.0
1016,16.9494,0.0,469.0,950.0,469.0,0.0,-1.0,469.0,960.0,469.0,1919.0,469.0,0.0,-1.0,469.0
1017,16.966,0.0,469.0,950.0,469.0,0.0,-1.0,469.0,960.0,469.0,1919.0,469.0,0.0,-1.0,469.0
1018,16.9827,0.0,469.0,950.0,469.0,0.0,-1.0,469.0,960.0,469.0,1919.0,469.0,0.0,-1.0,469.0
1019,16.9994,0.0,469.0,950.0,469.0,0.0,-1.0,469.0,960.0,469.0,1919.0,469.0,0.0,-1.0,469.0
1020,17.0161,0.0,469.0,950.0,469.0,0.0,-1.0,469.0,960.0,469.0,1919.0,469.0,0.0,-1.0,469.0
1021,17.0328,0.0,469.0,950.0,469.0,0.0,-1.0,469.0,960.0,469.0,1919.0,469.0,0.0,-1.0,469.0
1022,17.0495,0.0,469.0,950.0,469.0,0.0,-1.0,469.0,960.0,469.0,1919.0,469.0,0.0,-1.0,469.0
1023,17.0661,0.0,469.0,950.0,469.0,0.0,-1.0,469.0,960.0,469.0,1919.0,469.0,0.0,-1.0,469.0
1024,17.0828,0.0,469.0,950.0,469.0,0.0,-1.0,469.0,960.0,469.0,1919.0,469.0,0.0,-1.0,469.0
1025,17.0995,0.0,469.0,950.0,469.0,0.0,-1.0,469.0,960.0,469.0,1919.0,469.0,0.0,-1.0,469.0
1026,17.1162,0.0,469.0,950.0,469.0,0.0,-1.0,469.0,960.0,469.0,1919.0,469.0,0.0,-1.0,469.0
1027,17.1329,0.0,469.0,950.0,469.0,0.0,-1.0,469.0,960.0,469.0,1919.0,469.0,0.0,-1.0,469.0
1028,17.1496,0.0,469.0,950.0,469.0,0.0,-1.0,469.0,960.0,469.0,1919.0,469.0,0.0,-1.0,469.0
1029,17.1662,0.0,469.0,950.0,469.0,0.0,-1.0,469.0,960.0,469.0,1919.0,469.0,0.0,-1.0,469.0
1030,17.1829,0.0,469.0,950.0,469.0,0.0,-1.0,469.0,960.0,469.0,1919.0,469.0,0.0,-1.0,469.0
1031,17.1996,0.0,469.0,950.0,469.0,0.0,-1.0,469.0,960.0,469.0,1919.0,469.0,0.0,-1.0,469.0
1032,17.2163,0.0,469.0,950.0,469.0,0.0,-1.0,469.0,960.0,469.0,1919.0,469.0,0.0,-1.0,469.0
1033,17.233,0.0,469.0,950.0,469.0,0.0,-1.0,469.0,960.0,469.0,1919.0,469.0,0.0,-1.0,469.0
1034,17.2496,0.0,469.0,950.0,469.0,0.0,-1.0,469.0,960.0,469.0,1919.0,469.0,0.0,-1.0,469.0
1035,17.2663,0.0,469.0,950.0,469.0,0.0,-1.0,469.0,960.0,469.0,1919.0,469.0,0.0,-1.0,469.0
1036,17.283,0.0,469.0,950.0,469.0,0.0,-1.0,469.0,960.0,469.0,1919.0,469.0,0.0,-1.0,469.0
1037,17.2997,0.0,469.0,950.0,469.0,0.0,-1.0,469.0,960.0,469.0,1919.0,469.0,0.0,-1.0,469.0
1038,17.3164,0.0,469.0,950.0,469.0,0.0,-1.0,469.0,960.0,469.0,1919.0,469.0,0.0,-1.0,469.0
1039,17.3331,0.0,469.0,950.0,469.0,0.0,-1.0,469.0,960.0,469.0,1919.0,469.0,0.0,-1.0,469.0
1040,17.3497,0.0,469.0,950.0,469.0,0.0,-1.0,469.0,960.0,469.0,1919.0,469.0,0.0,-1.0,469.0
1041,17.3664,0.0,469.0,950.0,469.0,0.0,-1.0,469.0,960.0,469.0,1919.0,469.0,0.0,-1.0,469.0
1042,17.3831,0.0,469.0,950.0,469.0,0.0,-1.0,469.0,960.0,469.0,1919.0,469.0,0.0,-1.0,469.0
1043,17.3998,0.0,469.0,950.0,469.0,0.0,-1.0,469.0,960.0,469.0,1919.0,469.0,0.0,-1.0,469.0
1044,17.4165,0.0,469.0,950.0,469.0,0.0,-1.0,469.0,960.0,469.0,1919.0,469.0,0.0,-1.0,469.0
1045,17.4332,0.0,469.0,950.0,469.0,0.0,-1.0,469.0,960.0,469.0,1919.0,469.0,0.0,-1.0,469.0
1046,17.4498,0.0,469.0,950.0,469.0,0.0,-1.0,469.0,960.0,469.0,1919.0,469.0,0.0,-1.0,469.0
1047,17.4665,0.0,469.0,950.0,469.0,0.0,-1.0,469.0,960.0,469.0,1919.0,469.0,0.0,-1.0,469.0
1048,17.4832,0.0,469.0,950.0,469.0,0.0,-1.0,469.0,960.0,469.0,1919.0,469.0,0.0,-1.0,469.0
1049,17.4999,0.0,469.0,950.0,469.0,0.0,-1.0,469.0,960.0,469.0,1919.0,469.0,0.0,-1.0,469.0
1050,17.5166,0.0,469.0,950.0,469.0,0.0,-1.0,469.0,960.0,469.0,1919.0,469.0,0.0,-1.0,469.0
1051,17.5333,0.0,469.0,950.0,469.0,0.0,-1.0,469.0,960.0,469.0,1919.0,469.0,0.0,-1.0,469.0
1052,17.5499,0.0,469.0,950.0,469.0,0.0,-1.0,469.0,960.0,469.0,1919.0,469.0,0.0,-1.0,469.0
1053,17.5666,0.0,469.0,950.0,469.0,0.0,-1.0,469.0,960.0,469.0,1919.0,469.0,0.0,-1.0,469.0
1054,17.5833,0.0,469.0,950.0,469.0,0.0,-1.0,469.0,960.0,469.0,1919.0,469.0,0.0,-1.0,469.0
1055,17.6,0.0,469.0,950.0,469.0,0.0,-1.0,469.0,960.0,469.0,1919.0,469.0,0.0,-1.0,469.0
1056,17.6167,0.0,469.0,950.0,469.0,0.0,-1.0,469.0,960.0,469.0,1919.0,469.0,0.0,-1.0,469.0
1057,17.6333,0.0,469.0,950.0,469.0,0.0,-1.0,469.0,960.0,469.0,1919.0,469.0,0.0,-1.0,469.0
1058,17.65,0.0,469.0,950.0,469.0,0.0,-1.0,469.0,960.0,469.0,1919.0,469.0,0.0,-1.0,469.0
1059,17.6667,0.0,469.0,950.0,469.0,0.0,-1.0,469.0,960.0,469.0,1919.0,469.0,0.0,-1.0,469.0
1060,17.6834,0.0,469.0,950.0,469.0,0.0,-1.0,469.0,960.0,469.0,1919.0,469.0,0.0,-1.0,469.0
1061,17.7001,0.0,469.0,950.0,469.0,0.0,-1.0,469.0,960.0,469.0,1919.0,469.0,0.0,-1.0,469.0
1062,17.7168,0.0,469.0,950.0,469.0,0.0,-1.0,469.0,960.0,469.0,1919.0,469.0,0.0,-1.0,469.0
1063,17.7334,0.0,469.0,950.0,469.0,0.0,-1.0,469.0,960.0,469.0,1919.0,469.0,0.0,-1.0,469.0
1064,17.7501,0.0,469.0,950.0,469.0,0.0,-1.0,469.0,960.0,469.0,1919.0,469.0,0.0,-1.0,469.0
1065,17.7668,0.0,469.0,950.0,469.0,0.0,-1.0,469.0,960.0,469.0,1919.0,469.0,0.0,-1.0,469.0
1066,17.7835,0.0,469.0,950.0,469.0,0.0,-1.0,469.0,960.0,469.0,1919.0,469.0,0.0,-1.0,469.0
1067,17.8002,0.0,469.0,950.0,469.0,0.0,-1.0,469.0,960.0,469.0,1919.0,469.0,0.0,-1.0,469.0
1068,17.8169,0.0,469.0,950.0,469.0,0.0,-1.0,469.0,960.0,469.0,1919.0,469.0,0.0,-1.0,469.0
1069,17.8335,0.0,469.0,950.0,469.0,0.0,-1.0,469.0,960.0,469.0,1919.0,469.0,0.0,-1.0,469.0
1070,17.8502,0.0,469.0,950.0,469.0,0.0,-1.0,469.0,960.0,469.0,1919.0,469.0,0.0,-1.0,469.0
1071,17.8669,0.0,469.0,950.0,469.0,0.0,-1.0,469.0,960.0,469.0,1919.0,469.0,0.0,-1.0,469.0
1072,17.8836,0.0,469.0,950.0,469.0,0.0,-1.0,469.0,960.0,469.0,1919.0,469.0,0.0,-1.0,469.0
1073,17.9003,0.0,469.0,950.0,469.0,0.0,-1.0,469.0,960.0,469.0,1919.0,469.0,0.0,-1.0,469.0
1074,17.9169,0.0,469.0,950.0,469.0,0.0,-1.0,469.0,960.0,469.0,1919.0,469.0,0.0,-1.0,469.0
1075,17.9336,0.0,469.0,950.0,469.0,0.0,-1.0,469.0,960.0,469.0,1919.0,469.0,0.0,-1.0,469.0
1076,17.9503,0.0,469.0,950.0,469.0,0.0,-1.0,469.0,960.0,469.0,1919.0,469.0,0.0,-1.0,469.0
1077,17.967,0.0,469.0,950.0,469.0,0.0,-1.0,469.0,960.0,469.0,1919.0,469.0,0.0,-1.0,469.0
1078,17.9837,0.0,469.0,950.0,469.0,0.0,-1.0,469.0,960.0,469.0,1919.0,469.0,0.0,-1.0,469.0
1079,18.0004,0.0,469.0,950.0,469.0,0.0,-1.0,469.0,960.0,469.0,1919.0,469.0,0.0,-1.0,469.0
1080,18.017,0.0,469.0,950.0,469.0,0.0,-1.0,469.0,960.0,469.0,1919.0,469.0,0.0,-1.0,469.0
1081,18.0337,0.0,469.0,950.0,469.0,0.0,-1.0,469.0,960.0,469.0,1919.0,469.0,0.0,-1.0,469.0
1082,18.0504,0.0,469.0,950.0,469.0,0.0,-1.0,469.0,960.0,469.0,1919.0,469.0,0.0,-1.0,469.0
1083,18.0671,0.0,469.0,950.0,469.0,0.0,-1.0,469.0,960.0,469.0,1919.0,469.0,0.0,-1.0,469.0
1084,18.0838,0.0,469.0,950.0,469.0,0.0,-1.0,469.0,960.0,469.0,1919.0,469.0,0.0,-1.0,469.0
1085,18.1005,0.0,469.0,950.0,469.0,0.0,-1.0,469.0,960.0,469.0,1919.0,469.0,0.0,-1.0,469.0
1086,18.1171,0.0,469.0,950.0,469.0,0.0,-1.0,469.0,960.0,469.0,1919.0,469.0,0.0,-1.0,469.0
1087,18.1338,0.0,469.0,950.0,469.0,0.0,-1.0,469.0,960.0,469.0,1919.0,469.0,0.0,-1.0,469.0
1088,18.1505,0.0,469.0,950.0,469.0,0.0,-1.0,469.0,960.0,469.0,1919.0,469.0,0.0,-1.0,469.0
1089,18.1672,0.0,469.0,950.0,469.0,0.0,-1.0,469.0,960.0,469.0,1919.0,469.0,0.0,-1.0,469.0
1090,18.1839,0.0,469.0,950.0,469.0,0.0,-1.0,469.0,960.0,469.0,1919.0,469.0,0.0,-1.0,469.0
1091,18.2005,0.0,469.0,950.0,469.0,0.0,-1.0,469.0,960.0,469.0,1919.0,469.0,0.0,-1.0,469.0
1092,18.2172,0.0,469.0,950.0,469.0,0.0,-1.0,469.0,960.0,469.0,1919.0,469.0,0.0,-1.0,469.0
1093,18.2339,0.0,469.0,950.0,469.0,0.0,-1.0,469.0,960.0,469.0,1919.0,469.0,0.0,-1.0,469.0
1094,18.2506,0.0,469.0,950.0,469.0,0.0,-1.0,469.0,960.0,469.0,1919.0,469.0,0.0,-1.0,469.0
1095,18.2673,0.0,469.0,950.0,469.0,0.0,-1.0,469.0,960.0,469.0,1919.0,469.0,0.0,-1.0,469.0
1096,18.284,0.0,469.0,950.0,469.0,0.0,-1.0,469.0,960.0,469.0,1919.0,469.0,0.0,-1.0,469.0
1097,18.3006,0.0,469.0,950.0,469.0,0.0,-1.0,469.0,960.0,469.0,1919.0,469.0,0.0,-1.0,469.0
1098,18.3173,0.0,469.0,950.0,469.0,0.0,-1.0,469.0,960.0,469.0,1919.0,469.0,0.0,-1.0,469.0
1099,18.334,0.0,469.0,950.0,469.0,0.0,-1.0,469.0,960.0,469.0,1919.0,469.0,0.0,-1.0,469.0
1100,18.3507,0.0,469.0,950.0,469.0,0.0,-1.0,469.0,960.0,469.0,1919.0,469.0,0.0,-1.0,469.0
1101,18.3674,0.0,469.0,950.0,469.0,0.0,-1.0,469.0,960.0,469.0,1919.0,469.0,0.0,-1.0,469.0
1102,18.3841,0.0,469.0,950.0,469.0,0.0,-1.0,469.0,960.0,469.0,1919.0,469.0,0.0,-1.0,469.0
1103,18.4007,0.0,469.0,950.0,469.0,0.0,-1.0,469.0,960.0,469.0,1919.0,469.0,0.0,-1.0,469.0
1104,18.4174,0.0,469.0,950.0,469.0,0.0,-1.0,469.0,960.0,469.0,1919.0,469.0,0.0,-1.0,469.0
1105,18.4341,0.0,469.0,950.0,469.0,0.0,-1.0,469.0,960.0,469.0,1919.0,469.0,0.0,-1.0,469.0
1106,18.4508,0.0,469.0,950.0,469.0,0.0,-1.0,469.0,960.0,469.0,1919.0,469.0,0.0,-1.0,469.0
1107,18.4675,0.0,469.0,950.0,469.0,0.0,-1.0,469.0,960.0,469.0,1919.0,469.0,0.0,-1.0,469.0
1108,18.4841,0.0,469.0,950.0,469.0,0.0,-1.0,469.0,960.0,469.0,1919.0,469.0,0.0,-1.0,469.0
1109,18.5008,0.0,469.0,950.0,469.0,0.0,-1.0,469.0,960.0,469.0,1919.0,469.0,0.0,-1.0,469.0
1110,18.5175,0.0,469.0,950.0,469.0,0.0,-1.0,469.0,960.0,469.0,1919.0,469.0,0.0,-1.0,469.0
1111,18.5342,0.0,469.0,950.0,469.0,0.0,-1.0,469.0,960.0,469.0,1919.0,469.0,0.0,-1.0,469.0
1112,18.5509,0.0,469.0,950.0,469.0,0.0,-1.0,469.0,960.0,469.0,1919.0,469.0,0.0,-1.0,469.0
1113,18.5676,0.0,469.0,950.0,469.0,0.0,-1.0,469.0,960.0,469.0,1919.0,469.0,0.0,-1.0,469.0
1114,18.5842,0.0,469.0,950.0,469.0,0.0,-1.0,469.0,960.0,469.0,1919.0,469.0,0.0,-1.0,469.0
1115,18.6009,0.0,469.0,950.0,469.0,0.0,-1.0,469.0,960.0,469.0,1919.0,469.0,0.0,-1.0,469.0
1116,18.6176,0.0,469.0,950.0,469.0,0.0,-1.0,469.0,960.0,469.0,1919.0,469.0,0.0,-1.0,469.0
1117,18.6343,0.0,469.0,950.0,469.0,0.0,-1.0,469.0,960.0,469.0,1919.0,469.0,0.0,-1.0,469.0
1118,18.651,0.0,469.0,950.0,469.0,0.0,-1.0,469.0,960.0,469.0,1919.0,469.0,0.0,-1.0,469.0
1119,18.6677,0.0,469.0,950.0,469.0,0.0,-1.0,469.0,960.0,469.0,1919.0,469.0,0.0,-1.0,469.0
1120,18.6843,0.0,469.0,950.0,469.0,0.0,-1.0,469.0,960.0,469.0,1919.0,469.0,0.0,-1.0,469.0
1121,18.701,0.0,469.0,950.0,469.0,0.0,-1.0,469.0,960.0,469.0,1919.0,469.0,0.0,-1.0,469.0
1122,18.7177,0.0,469.0,950.0,469.0,0.0,-1.0,469.0,960.0,469.0,1919.0,469.0,0.0,-1.0,469.0
1123,18.7344,0.0,469.0,950.0,469.0,0.0,-1.0,469.0,960.0,469.0,1919.0,469.0,0.0,-1.0,469.0
1124,18.7511,0.0,469.0,950.0,469.0,0.0,-1.0,469.0,960.0,469.0,1919.0,469.0,0.0,-1.0,469.0
1125,18.7678,0.0,469.0,950.0,469.0,0.0,-1.0,469.0,960.0,469.0,1919.0,469.0,0.0,-1.0,469.0
1126,18.7844,0.0,469.0,950.0,469.0,0.0,-1.0,469.0,960.0,469.0,1919.0,469.0,0.0,-1.0,469.0
1127,18.8011,0.0,469.0,950.0,469.0,0.0,-1.0,469.0,960.0,469.0,1919.0,469.0,0.0,-1.0,469.0
1128,18.8178,0.0,469.0,950.0,469.0,0.0,-1.0,469.0,960.0,469.0,1919.0,469.0,0.0,-1.0,469.0
1129,18.8345,0.0,469.0,950.0,469.0,0.0,-1.0,469.0,960.0,469.0,1919.0,469.0,0.0,-1.0,469.0
1130,18.8512,0.0,469.0,950.0,469.0,0.0,-1.0,469.0,960.0,469.0,1919.0,469.0,0.0,-1.0,469.0
1131,18.8678,0.0,469.0,950.0,469.0,0.0,-1.0,469.0,960.0,469.0,1919.0,469.0,0.0,-1.0,469.0
1132,18.8845,0.0,469.0,950.0,469.0,0.0,-1.0,469.0,960.0,469.0,1919.0,469.0,0.0,-1.0,469.0
1133,18.9012,0.0,469.0,950.0,469.0,0.0,-1.0,469.0,960.0,469.0,1919.0,469.0,0.0,-1.0,469.0
1134,18.9179,0.0,469.0,950.0,469.0,0.0,-1.0,469.0,960.0,469.0,1919.0,469.0,0.0,-1.0,469.0
1135,18.9346,0.0,469.0,950.0,469.0,0.0,-1.0,469.0,960.0,469.0,1919.0,469.0,0.0,-1.0,469.0
1136,18.9513,0.0,469.0,950.0,469.0,0.0,-1.0,469.0,960.0,469.0,1919.0,469.0,0.0,-1.0,469.0
1137,18.9679,0.0,469.0,950.0,469.0,0.0,-1.0,469.0,960.0,469.0,1919.0,469.0,0.0,-1.0,469.0
1138,18.9846,0.0,469.0,950.0,469.0,0.0,-1.0,469.0,960.0,469.0,1919.0,469.0,0.0,-1.0,469.0
1139,19.0013,0.0,469.0,950.0,469.0,0.0,-1.0,469.0,960.0,469.0,1919.0,469.0,0.0,-1.0,469.0
1140,19.018,0.0,469.0,950.0,469.0,0.0,-1.0,469.0,960.0,469.0,1919.0,469.0,0.0,-1.0,469.0
1141,19.0347,0.0,469.0,950.0,469.0,0.0,-1.0,469.0,960.0,469.0,1919.0,469.0,0.0,-1.0,469.0
1142,19.0514,0.0,469.0,950.0,469.0,0.0,-1.0,469.0,960.0,469.0,1919.0,469.0,0.0,-1.0,469.0
1143,19.068,0.0,469.0,950.0,469.0,0.0,-1.0,469.0,960.0,469.0,1919.0,469.0,0.0,-1.0,469.0
1144,19.0847,0.0,469.0,950.0,469.0,0.0,-1.0,469.0,960.0,469.0,1919.0,469.0,0.0,-1.0,469.0
1145,19.1014,0.0,469.0,950.0,469.0,0.0,-1.0,469.0,960.0,469.0,1919.0,469.0,0.0,-1.0,469.0
1146,19.1181,0.0,469.0,950.0,469.0,0.0,-1.0,469.0,960.0,469.0,1919.0,469.0,0.0,-1.0,469.0
1147,19.1348,0.0,469.0,950.0,469.0,0.0,-1.0,469.0,960.0,469.0,1919.0,469.0,0.0,-1.0,469.0
1148,19.1514,0.0,469.0,950.0,469.0,0.0,-1.0,469.0,960.0,469.0,1919.0,469.0,0.0,-1.0,469.0
1149,19.1681,0.0,469.0,950.0,469.0,0.0,-1.0,469.0,960.0,469.0,1919.0,469.0,0.0,-1.0,469.0
1150,19.1848,0.0,469.0,950.0,469.0,0.0,-1.0,469.0,960.0,469.0,1919.0,469.0,0.0,-1.0,469.0
1151,19.2015,0.0,469.0,950.0,469.0,0.0,-1.0,469.0,960.0,469.0,1919.0,469.0,0.0,-1.0,469.0
1152,19.2182,0.0,469.0,950.0,469.0,0.0,-1.0,469.0,960.0,469.0,1919.0,469.0,0.0,-1.0,469.0
1153,19.2349,0.0,469.0,950.0,469.0,0.0,-1.0,469.0,960.0,469.0,1919.0,469.0,0.0,-1.0,469.0
1154,19.2515,0.0,469.0,950.0,469.0,0.0,-1.0,469.0,960.0,469.0,1919.0,469.0,0.0,-1.0,469.0
1155,19.2682,0.0,469.0,950.0,469.0,0.0,-1.0,469.0,960.0,469.0,1919.0,469.0,0.0,-1.0,469.0
1156,19.2849,0.0,469.0,950.0,469.0,0.0,-1.0,469.0,960.0,469.0,1919.0,469.0,0.0,-1.0,469.0
1157,19.3016,0.0,469.0,950.0,469.0,0.0,-1.0,469.0,960.0,469.0,1919.0,469.0,0.0,-1.0,469.0
1158,19.3183,0.0,469.0,950.0,469.0,0.0,-1.0,469.0,960.0,469.0,1919.0,469.0,0.0,-1.0,469.0
1159,19.335,0.0,469.0,950.0,469.0,0.0,-1.0,469.0,960.0,469.0,1919.0,469.0,0.0,-1.0,469.0
1160,19.3516,0.0,469.0,950.0,469.0,0.0,-1.0,469.0,960.0,469.0,1919.0,469.0,0.0,-1.0,469.0
1161,19.3683,0.0,469.0,950.0,469.0,0.0,-1.0,469.0,960.0,469.0,1919.0,469.0,0.0,-1.0,469.0
1162,19.385,0.0,469.0,950.0,469.0,0.0,-1.0,469.0,960.0,469.0,1919.0,469.0,0.0,-1.0,469.0
1163,19.4017,0.0,469.0,950.0,469.0,0.0,-1.0,469.0,960.0,469.0,1919.0,469.0,0.0,-1.0,469.0
1164,19.4184,0.0,469.0,950.0,469.0,0.0,-1.0,469.0,960.0,469.0,1919.0,469.0,0.0,-1.0,469.0
1165,19.435,0.0,469.0,950.0,469.0,0.0,-1.0,469.0,960.0,469.0,1919.0,469.0,0.0,-1.0,469.0
1166,19.4517,0.0,469.0,950.0,469.0,0.0,-1.0,469.0,960.0,469.0,1919.0,469.0,0.0,-1.0,469.0
1167,19.4684,0.0,469.0,950.0,469.0,0.0,-1.0,469.0,960.0,469.0,1919.0,469.0,0.0,-1.0,469.0
1168,19.4851,0.0,469.0,950.0,469.0,0.0,-1.0,469.0,960.0,469.0,1919.0,469.0,0.0,-1.0,469.0
1169,19.5018,0.0,469.0,950.0,469.0,0.0,-1.0,469.0,960.0,469.0,1919.0,469.0,0.0,-1.0,469.0
1170,19.5185,0.0,469.0,950.0,469.0,0.0,-1.0,469.0,960.0,469.0,1919.0,469.0,0.0,-1.0,469.0
1171,19.5351,0.0,469.0,950.0,469.0,0.0,-1.0,469.0,960.0,469.0,1919.0,469.0,0.0,-1.0,469.0
1172,19.5518,0.0,469.0,950.0,469.0,0.0,-1.0,469.0,960.0,469.0,1919.0,469.0,0.0,-1.0,469.0
1173,19.5685,0.0,469.0,950.0,469.0,0.0,-1.0,469.0,960.0,469.0,1919.0,469.0,0.0,-1.0,469.0
1174,19.5852,0.0,469.0,950.0,469.0,0.0,-1.0,469.0,960.0,469.0,1919.0,469.0,0.0,-1.0,469.0
1175,19.6019,0.0,469.0,950.0,469.0,0.0,-1.0,469.0,960.0,469.0,1919.0,469.0,0.0,-1.0,469.0
1176,19.6186,0.0,469.0,950.0,469.0,0.0,-1.0,469.0,960.0,469.0,1919.0,469.0,0.0,-1.0,469.0
1177,19.6352,0.0,469.0,950.0,469.0,0.0,-1.0,469.0,960.0,469.0,1919.0,469.0,0.0,-1.0,469.0
1178,19.6519,0.0,469.0,950.0,469.0,0.0,-1.0,469.0,960.0,469.0,1919.0,469.0,0.0,-1.0,469.0
1179,19.6686,0.0,469.0,950.0,469.0,0.0,-1.0,469.0,960.0,469.0,1919.0,469.0,0.0,-1.0,469.0
1180,19.6853,0.0,469.0,950.0,469.0,0.0,-1.0,469.0,960.0,469.0,1919.0,469.0,0.0,-1.0,469.0
1181,19.702,0.0,469.0,950.0,469.0,0.0,-1.0,469.0,960.0,469.0,1919.0,469.0,0.0,-1.0,469.0
1182,19.7187,0.0,469.0,950.0,469.0,0.0,-1.0,469.0,960.0,469.0,1919.0,469.0,0.0,-1.0,469.0
1183,19.7353,0.0,469.0,950.0,469.0,0.0,-1.0,469.0,960.0,469.0,1919.0,469.0,0.0,-1.0,469.0
1184,19.752,0.0,469.0,950.0,469.0,0.0,-1.0,469.0,960.0,469.0,1919.0,469.0,0.0,-1.0,469.0
1185,19.7687,0.0,469.0,950.0,469.0,0.0,-1.0,469.0,960.0,469.0,1919.0,469.0,0.0,-1.0,469.0
1186,19.7854,0.0,469.0,950.0,469.0,0.0,-1.0,469.0,960.0,469.0,1919.0,469.0,0.0,-1.0,469.0
1187,19.8021,0.0,469.0,950.0,469.0,0.0,-1.0,469.0,960.0,469.0,1919.0,469.0,0.0,-1.0,469.0
1188,19.8187,0.0,469.0,950.0,469.0,0.0,-1.0,469.0,960.0,469.0,1919.0,469.0,0.0,-1.0,469.0
1189,19.8354,0.0,469.0,950.0,469.0,0.0,-1.0,469.0,960.0,469.0,1919.0,469.0,0.0,-1.0,469.0
1190,19.8521,0.0,469.0,950.0,469.0,0.0,-1.0,469.0,960.0,469.0,1919.0,469.0,0.0,-1.0,469.0
1191,19.8688,0.0,469.0,950.0,469.0,0.0,-1.0,469.0,960.0,469.0,1919.0,469.0,0.0,-1.0,469.0
1192,19.8855,0.0,469.0,950.0,469.0,0.0,-1.0,469.0,960.0,469.0,1919.0,469.0,0.0,-1.0,469.0
1193,19.9022,0.0,469.0,950.0,469.0,0.0,-1.0,469.0,960.0,469.0,1919.0,469.0,0.0,-1.0,469.0
1194,19.9188,0.0,469.0,950.0,469.0,0.0,-1.0,469.0,960.0,469.0,1919.0,469.0,0.0,-1.0,469.0
1195,19.9355,0.0,469.0,950.0,469.0,0.0,-1.0,469.0,960.0,469.0,1919.0,469.0,0.0,-1.0,469.0
1196,19.9522,0.0,469.0,950.0,469.0,0.0,-1.0,469.0,960.0,469.0,1919.0,469.0,0.0,-1.0,469.0
1197,19.9689,0.0,469.0,950.0,469.0,0.0,-1.0,469.0,960.0,469.0,1919.0,469.0,0.0,-1.0,469.0
1198,19.9856,0.0,469.0,950.0,469.0,0.0,-1.0,469.0,960.0,469.0,1919.0,469.0,0.0,-1.0,469.0
1199,20.0023,0.0,469.0,950.0,469.0,0.0,-1.0,469.0,960.0,469.0,1919.0,469.0,0.0,-1.0,469.0
1200,20.0189,0.0,469.0,950.0,469.0,0.0,-1.0,469.0,960.0,469.0,1919.0,469.0,0.0,-1.0,469.0
1201,20.0356,0.0,469.0,950.0,469.0,0.0,-1.0,469.0,960.0,469.0,1919.0,469.0,0.0,-1.0,469.0
1202,20.0523,0.0,469.0,950.0,469.0,0.0,-1.0,469.0,960.0,469.0,1919.0,469.0,0.0,-1.0,469.0
1203,20.069,0.0,469.0,950.0,469.0,0.0,-1.0,469.0,960.0,469.0,1919.0,469.0,0.0,-1.0,469.0
1204,20.0857,0.0,469.0,950.0,469.0,0.0,-1.0,469.0,960.0,469.0,1919.0,469.0,0.0,-1.0,469.0
1205,20.1023,0.0,469.0,950.0,469.0,0.0,-1.0,469.0,960.0,469.0,1919.0,469.0,0.0,-1.0,469.0
1206,20.119,0.0,469.0,950.0,469.0,0.0,-1.0,469.0,960.0,469.0,1919.0,469.0,0.0,-1.0,469.0
1207,20.1357,0.0,469.0,950.0,469.0,0.0,-1.0,469.0,960.0,469.0,1919.0,469.0,0.0,-1.0,469.0
1208,20.1524,0.0,469.0,950.0,469.0,0.0,-1.0,469.0,960.0,469.0,1919.0,469.0,0.0,-1.0,469.0
1209,20.1691,0.0,469.0,950.0,469.0,0.0,-1.0,469.0,960.0,469.0,1919.0,469.0,0.0,-1.0,469.0
1210,20.1858,0.0,469.0,950.0,469.0,0.0,-1.0,469.0,960.0,469.0,1919.0,469.0,0.0,-1.0,469.0
1211,20.2024,0.0,469.0,950.0,469.0,0.0,-1.0,469.0,960.0,469.0,1919.0,469.0,0.0,-1.0,469.0
1212,20.2191,0.0,469.0,950.0,469.0,0.0,-1.0,469.0,960.0,469.0,1919.0,469.0,0.0,-1.0,469.0
1213,20.2358,0.0,469.0,950.0,469.0,0.0,-1.0,469.0,960.0,469.0,1919.0,469.0,0.0,-1.0,469.0
1214,20.2525,0.0,469.0,950.0,469.0,0.0,-1.0,469.0,960.0,469.0,1919.0,469.0,0.0,-1.0,469.0
1215,20.2692,0.0,469.0,950.0,469.0,0.0,-1.0,469.0,960.0,469.0,1919.0,469.0,0.0,-1.0,469.0
1216,20.2859,0.0,469.0,950.0,469.0,0.0,-1.0,469.0,960.0,469.0,1919.0,469.0,0.0,-1.0,469.0
1217,20.3025,0.0,469.0,950.0,469.0,0.0,-1.0,469.0,960.0,469.0,1919.0,469.0,0.0,-1.0,469.0
1218,20.3192,0.0,469.0,950.0,469.0,0.0,-1.0,469.0,960.0,469.0,1919.0,469.0,0.0,-1.0,469.0
1219,20.3359,0.0,469.0,950.0,469.0,0.0,-1.0,469.0,960.0,469.0,1919.0,469.0,0.0,-1.0,469.0
1220,20.3526,0.0,469.0,950.0,469.0,0.0,-1.0,469.0,960.0,469.0,1919.0,469.0,0.0,-1.0,469.0
1221,20.3693,0.0,469.0,950.0,469.0,0.0,-1.0,469.0,960.0,469.0,1919.0,469.0,0.0,-1.0,469.0
1222,20.3859,0.0,469.0,950.0,469.0,0.0,-1.0,469.0,960.0,469.0,1919.0,469.0,0.0,-1.0,469.0
1223,20.4026,0.0,469.0,950.0,469.0,0.0,-1.0,469.0,960.0,469.0,1919.0,469.0,0.0,-1.0,469.0
1224,20.4193,0.0,469.0,950.0,469.0,0.0,-1.0,469.0,960.0,469.0,1919.0,469.0,0.0,-1.0,469.0
1225,20.436,0.0,469.0,950.0,469.0,0.0,-1.0,469.0,960.0,469.0,1919.0,469.0,0.0,-1.0,469.0
1226,20.4527,0.0,469.0,950.0,469.0,0.0,-1.0,469.0,960.0,469.0,1919.0,469.0,0.0,-1.0,469.0
1227,20.4694,0.0,469.0,950.0,469.0,0.0,-1.0,469.0,960.0,469.0,1919.0,469.0,0.0,-1.0,469.0
1228,20.486,0.0,469.0,950.0,469.0,0.0,-1.0,469.0,960.0,469.0,1919.0,469.0,0.0,-1.0,469.0
1229,20.5027,0.0,469.0,950.0,469.0,0.0,-1.0,469.0,960.0,469.0,1919.0,469.0,0.0,-1.0,469.0
1230,20.5194,0.0,469.0,950.0,469.0,0.0,-1.0,469.0,960.0,469.0,1919.0,469.0,0.0,-1.0,469.0
1231,20.5361,0.0,469.0,950.0,469.0,0.0,-1.0,469.0,960.0,469.0,1919.0,469.0,0.0,-1.0,469.0
1232,20.5528,0.0,469.0,950.0,469.0,0.0,-1.0,469.0,960.0,469.0,1919.0,469.0,0.0,-1.0,469.0
1233,20.5695,0.0,469.0,950.0,469.0,0.0,-1.0,469.0,960.0,469.0,1919.0,469.0,0.0,-1.0,469.0
1234,20.5861,0.0,469.0,950.0,469.0,0.0,-1.0,469.0,960.0,469.0,1919.0,469.0,0.0,-1.0,469.0
1235,20.6028,0.0,469.0,950.0,469.0,0.0,-1.0,469.0,960.0,469.0,1919.0,469.0,0.0,-1.0,469.0
1236,20.6195,0.0,469.0,950.0,469.0,0.0,-1.0,469.0,960.0,469.0,1919.0,469.0,0.0,-1.0,469.0
1237,20.6362,0.0,469.0,950.0,469.0,0.0,-1.0,469.0,960.0,469.0,1919.0,469.0,0.0,-1.0,469.0
1238,20.6529,0.0,469.0,950.0,469.0,0.0,-1.0,469.0,960.0,469.0,1919.0,469.0,0.0,-1.0,469.0
1239,20.6696,0.0,469.0,950.0,469.0,0.0,-1.0,469.0,960.0,469.0,1919.0,469.0,0.0,-1.0,469.0
1240,20.6862,0.0,469.0,950.0,469.0,0.0,-1.0,469.0,960.0,469.0,1919.0,469.0,0.0,-1.0,469.0
1241,20.7029,0.0,469.0,950.0,469.0,0.0,-1.0,469.0,960.0,469.0,1919.0,469.0,0.0,-1.0,469.0
1242,20.7196,0.0,469.0,950.0,469.0,0.0,-1.0,469.0,960.0,469.0,1919.0,469.0,0.0,-1.0,469.0
1243,20.7363,0.0,469.0,950.0,469.0,0.0,-1.0,469.0,960.0,469.0,1919.0,469.0,0.0,-1.0,469.0
1244,20.753,0.0,469.0,950.0,469.0,0.0,-1.0,469.0,960.0,469.0,1919.0,469.0,0.0,-1.0,469.0
1245,20.7696,0.0,469.0,950.0,469.0,0.0,-1.0,469.0,960.0,469.0,1919.0,469.0,0.0,-1.0,469.0
1246,20.7863,0.0,469.0,950.0,469.0,0.0,-1.0,469.0,960.0,469.0,1919.0,469.0,0.0,-1.0,469.0
1247,20.803,0.0,469.0,950.0,469.0,0.0,-1.0,469.0,960.0,469.0,1919.0,469.0,0.0,-1.0,469.0
1248,20.8197,0.0,469.0,950.0,469.0,0.0,-1.0,469.0,960.0,469.0,1919.0,469.0,0.0,-1.0,469.0
1249,20.8364,0.0,469.0,950.0,469.0,0.0,-1.0,469.0,960.0,469.0,1919.0,469.0,0.0,-1.0,469.0
1250,20.8531,0.0,469.0,950.0,469.0,0.0,-1.0,469.0,960.0,469.0,1919.0,469.0,0.0,-1.0,469.0
1251,20.8697,0.0,469.0,950.0,469.0,0.0,-1.0,469.0,960.0,469.0,1919.0,469.0,0.0,-1.0,469.0
1252,20.8864,0.0,469.0,950.0,469.0,0.0,-1.0,469.0,960.0,469.0,1919.0,469.0,0.0,-1.0,469.0
1253,20.9031,0.0,469.0,950.0,469.0,0.0,-1.0,469.0,960.0,469.0,1919.0,469.0,0.0,-1.0,469.0
1254,20.9198,0.0,469.0,950.0,469.0,0.0,-1.0,469.0,960.0,469.0,1919.0,469.0,0.0,-1.0,469.0
1255,20.9365,0.0,469.0,950.0,469.0,0.0,-1.0,469.0,960.0,469.0,1919.0,469.0,0.0,-1.0,469.0
1256,20.9532,0.0,469.0,950.0,469.0,0.0,-1.0,469.0,960.0,469.0,1919.0,469.0,0.0,-1.0,469.0
1257,20.9698,0.0,469.0,950.0,469.0,0.0,-1.0,469.0,960.0,469.0,1919.0,469.0,0.0,-1.0,469.0
1258,20.9865,0.0,469.0,950.0,469.0,0.0,-1.0,469.0,960.0,469.0,1919.0,469.0,0.0,-1.0,469.0
1259,21.0032,0.0,469.0,950.0,469.0,0.0,-1.0,469.0,960.0,469.0,1919.0,469.0,0.0,-1.0,469.0
1260,21.0199,0.0,469.0,950.0,469.0,0.0,-1.0,469.0,960.0,469.0,1919.0,469.0,0.0,-1.0,469.0
1261,21.0366,0.0,469.0,950.0,469.0,0.0,-1.0,469.0,960.0,469.0,1919.0,469.0,0.0,-1.0,469.0
1262,21.0532,0.0,469.0,950.0,469.0,0.0,-1.0,469.0,960.0,469.0,1919.0,469.0,0.0,-1.0,469.0
1263,21.0699,0.0,469.0,950.0,469.0,0.0,-1.0,469.0,960.0,469.0,1919.0,469.0,0.0,-1.0,469.0
1264,21.0866,0.0,469.0,950.0,469.0,0.0,-1.0,469.0,960.0,469.0,1919.0,469.0,0.0,-1.0,469.0
1265,21.1033,0.0,469.0,950.0,469.0,0.0,-1.0,469.0,960.0,469.0,1919.0,469.0,0.0,-1.0,469.0
1266,21.12,0.0,469.0,950.0,469.0,0.0,-1.0,469.0,960.0,469.0,1919.0,469.0,0.0,-1.0,469.0
1267,21.1367,0.0,469.0,950.0,469.0,0.0,-1.0,469.0,960.0,469.0,1919.0,469.0,0.0,-1.0,469.0
1268,21.1533,0.0,469.0,950.0,469.0,0.0,-1.0,469.0,960.0,469.0,1919.0,469.0,0.0,-1.0,469.0
1269,21.17,0.0,469.0,950.0,469.0,0.0,-1.0,469.0,960.0,469.0,1919.0,469.0,0.0,-1.0,469.0
1270,21.1867,0.0,469.0,950.0,469.0,0.0,-1.0,469.0,960.0,469.0,1919.0,469.0,0.0,-1.0,469.0
1271,21.2034,0.0,469.0,950.0,469.0,0.0,-1.0,469.0,960.0,469.0,1919.0,469.0,0.0,-1.0,469.0
1272,21.2201,0.0,469.0,950.0,469.0,0.0,-1.0,469.0,960.0,469.0,1919.0,469.0,0.0,-1.0,469.0
1273,21.2368,0.0,469.0,950.0,469.0,0.0,-1.0,469.0,960.0,469.0,1919.0,469.0,0.0,-1.0,469.0
1274,21.2534,0.0,469.0,950.0,469.0,0.0,-1.0,469.0,960.0,469.0,1919.0,469.0,0.0,-1.0,469.0
1275,21.2701,0.0,469.0,950.0,469.0,0.0,-1.0,469.0,960.0,469.0,1919.0,469.0,0.0,-1.0,469.0
1276,21.2868,0.0,469.0,950.0,469.0,0.0,-1.0,469.0,960.0,469.0,1919.0,469.0,0.0,-1.0,469.0
1277,21.3035,0.0,469.0,950.0,469.0,0.0,-1.0,469.0,960.0,469.0,1919.0,469.0,0.0,-1.0,469.0
1278,21.3202,0.0,469.0,950.0,469.0,0.0,-1.0,469.0,960.0,469.0,1919.0,469.0,0.0,-1.0,469.0
1279,21.3368,0.0,469.0,950.0,469.0,0.0,-1.0,469.0,960.0,469.0,1919.0,469.0,0.0,-1.0,469.0
1280,21.3535,0.0,469.0,950.0,469.0,0.0,-1.0,469.0,960.0,469.0,1919.0,469.0,0.0,-1.0,469.0
1281,21.3702,0.0,469.0,950.0,469.0,0.0,-1.0,469.0,960.0,469.0,1919.0,469.0,0.0,-1.0,469.0
1282,21.3869,0.0,469.0,950.0,469.0,0.0,-1.0,469.0,960.0,469.0,1919.0,469.0,0.0,-1.0,469.0
1283,21.4036,0.0,469.0,950.0,469.0,0.0,-1.0,469.0,960.0,469.0,1919.0,469.0,0.0,-1.0,469.0
1284,21.4203,0.0,469.0,950.0,469.0,0.0,-1.0,469.0,960.0,469.0,1919.0,469.0,0.0,-1.0,469.0
1285,21.4369,0.0,469.0,950.0,469.0,0.0,-1.0,469.0,960.0,469.0,1919.0,469.0,0.0,-1.0,469.0
1286,21.4536,0.0,469.0,950.0,469.0,0.0,-1.0,469.0,960.0,469.0,1919.0,469.0,0.0,-1.0,469.0
1287,21.4703,0.0,469.0,950.0,469.0,0.0,-1.0,469.0,960.0,469.0,1919.0,469.0,0.0,-1.0,469.0
1288,21.487,0.0,469.0,950.0,469.0,0.0,-1.0,469.0,960.0,469.0,1919.0,469.0,0.0,-1.0,469.0
1289,21.5037,0.0,469.0,950.0,469.0,0.0,-1.0,469.0,960.0,469.0,1919.0,469.0,0.0,-1.0,469.0
1290,21.5204,0.0,469.0,950.0,469.0,0.0,-1.0,469.0,960.0,469.0,1919.0,469.0,0.0,-1.0,469.0
1291,21.537,0.0,469.0,950.0,469.0,0.0,-1.0,469.0,960.0,469.0,1919.0,469.0,0.0,-1.0,469.0
1292,21.5537,0.0,469.0,950.0,469.0,0.0,-1.0,469.0,960.0,469.0,1919.0,469.0,0.0,-1.0,469.0
1293,21.5704,0.0,469.0,950.0,469.0,0.0,-1.0,469.0,960.0,469.0,1919.0,469.0,0.0,-1.0,469.0
1294,21.5871,0.0,469.0,950.0,469.0,0.0,-1.0,469.0,960.0,469.0,1919.0,469.0,0.0,-1.0,469.0
1295,21.6038,0.0,469.0,950.0,469.0,0.0,-1.0,469.0,960.0,469.0,1919.0,469.0,0.0,-1.0,469.0
1296,21.6204,0.0,469.0,950.0,469.0,0.0,-1.0,469.0,960.0,469.0,1919.0,469.0,0.0,-1.0,469.0
1297,21.6371,0.0,469.0,950.0,469.0,0.0,-1.0,469.0,960.0,469.0,1919.0,469.0,0.0,-1.0,469.0
1298,21.6538,0.0,469.0,950.0,469.0,0.0,-1.0,469.0,960.0,469.0,1919.0,469.0,0.0,-1.0,469.0
1299,21.6705,0.0,469.0,950.0,469.0,0.0,-1.0,469.0,960.0,469.0,1919.0,469.0,0.0,-1.0,469.0
1300,21.6872,0.0,469.0,950.0,469.0,0.0,-1.0,469.0,960.0,469.0,1919.0,469.0,0.0,-1.0,469.0
1301,21.7039,0.0,469.0,950.0,469.0,0.0,-1.0,469.0,960.0,469.0,1919.0,469.0,0.0,-1.0,469.0
1302,21.7205,0.0,469.0,950.0,469.0,0.0,-1.0,469.0,960.0,469.0,1919.0,469.0,0.0,-1.0,469.0
1303,21.7372,0.0,469.0,950.0,469.0,0.0,-1.0,469.0,960.0,469.0,1919.0,469.0,0.0,-1.0,469.0
1304,21.7539,0.0,469.0,950.0,469.0,0.0,-1.0,469.0,960.0,469.0,1919.0,469.0,0.0,-1.0,469.0
1305,21.7706,0.0,469.0,950.0,469.0,0.0,-1.0,469.0,960.0,469.0,1919.0,469.0,0.0,-1.0,469.0
1306,21.7873,0.0,469.0,950.0,469.0,0.0,-1.0,469.0,960.0,469.0,1919.0,469.0,0.0,-1.0,469.0
1307,21.804,0.0,469.0,950.0,469.0,0.0,-1.0,469.0,960.0,469.0,1919.0,469.0,0.0,-1.0,469.0
1308,21.8206,0.0,469.0,950.0,469.0,0.0,-1.0,469.0,960.0,469.0,1919.0,469.0,0.0,-1.0,469.0
1309,21.8373,0.0,469.0,950.0,469.0,0.0,-1.0,469.0,960.0,469.0,1919.0,469.0,0.0,-1.0,469.0
1310,21.854,0.0,469.0,950.0,469.0,0.0,-1.0,469.0,960.0,469.0,1919.0,469.0,0.0,-1.0,469.0
1311,21.8707,0.0,469.0,950.0,469.0,0.0,-1.0,469.0,960.0,469.0,1919.0,469.0,0.0,-1.0,469.0
1312,21.8874,0.0,469.0,950.0,469.0,0.0,-1.0,469.0,960.0,469.0,1919.0,469.0,0.0,-1.0,469.0
1313,21.9041,0.0,469.0,950.0,469.0,0.0,-1.0,469.0,960.0,469.0,1919.0,469.0,0.0,-1.0,469.0
1314,21.9207,0.0,469.0,950.0,469.0,0.0,-1.0,469.0,960.0,469.0,1919.0,469.0,0.0,-1.0,469.0
1315,21.9374,0.0,469.0,950.0,469.0,0.0,-1.0,469.0,960.0,469.0,1919.0,469.0,0.0,-1.0,469.0
1316,21.9541,0.0,469.0,950.0,469.0,0.0,-1.0,469.0,960.0,469.0,1919.0,469.0,0.0,-1.0,469.0
1317,21.9708,0.0,469.0,950.0,469.0,0.0,-1.0,469.0,960.0,469.0,1919.0,469.0,0.0,-1.0,469.0
1318,21.9875,0.0,469.0,950.0,469.0,0.0,-1.0,469.0,960.0,469.0,1919.0,469.0,0.0,-1.0,469.0
1319,22.0041,0.0,469.0,950.0,469.0,0.0,-1.0,469.0,960.0,469.0,1919.0,469.0,0.0,-1.0,469.0
1320,22.0208,0.0,469.0,950.0,469.0,0.0,-1.0,469.0,960.0,469.0,1919.0,469.0,0.0,-1.0,469.0
1321,22.0375,0.0,469.0,950.0,469.0,0.0,-1.0,469.0,960.0,469.0,1919.0,469.0,0.0,-1.0,469.0
1322,22.0542,0.0,469.0,950.0,469.0,0.0,-1.0,469.0,960.0,469.0,1919.0,469.0,0.0,-1.0,469.0
1323,22.0709,0.0,469.0,950.0,469.0,0.0,-1.0,469.0,960.0,469.0,1919.0,469.0,0.0,-1.0,469.0
1324,22.0876,0.0,469.0,950.0,469.0,0.0,-1.0,469.0,960.0,469.0,1919.0,469.0,0.0,-1.0,469.0
1325,22.1042,0.0,469.0,950.0,469.0,0.0,-1.0,469.0,960.0,469.0,1919.0,469.0,0.0,-1.0,469.0
1326,22.1209,0.0,469.0,950.0,469.0,0.0,-1.0,469.0,960.0,469.0,1919.0,469.0,0.0,-1.0,469.0
1327,22.1376,0.0,469.0,950.0,469.0,0.0,-1.0,469.0,960.0,469.0,1919.0,469.0,0.0,-1.0,469.0
1328,22.1543,0.0,469.0,950.0,469.0,0.0,-1.0,469.0,960.0,469.0,1919.0,469.0,0.0,-1.0,469.0
1329,22.171,0.0,469.0,950.0,469.0,0.0,-1.0,469.0,960.0,469.0,1919.0,469.0,0.0,-1.0,469.0
1330,22.1877,0.0,469.0,950.0,469.0,0.0,-1.0,469.0,960.0,469.0,1919.0,469.0,0.0,-1.0,469.0
1331,22.2043,0.0,469.0,950.0,469.0,0.0,-1.0,469.0,960.0,469.0,1919.0,469.0,0.0,-1.0,469.0
1332,22.221,0.0,469.0,950.0,469.0,0.0,-1.0,469.0,960.0,469.0,1919.0,469.0,0.0,-1.0,469.0
1333,22.2377,0.0,469.0,950.0,469.0,0.0,-1.0,469.0,960.0,469.0,1919.0,469.0,0.0,-1.0,469.0
1334,22.2544,0.0,469.0,950.0,469.0,0.0,-1.0,469.0,960.0,469.0,1919.0,469.0,0.0,-1.0,469.0
1335,22.2711,0.0,469.0,950.0,469.0,0.0,-1.0,469.0,960.0,469.0,1919.0,469.0,0.0,-1.0,469.0
1336,22.2877,0.0,469.0,950.0,469.0,0.0,-1.0,469.0,960.0,469.0,1919.0,469.0,0.0,-1.0,469.0
1337,22.3044,0.0,469.0,950.0,469.0,0.0,-1.0,469.0,960.0,469.0,1919.0,469.0,0.0,-1.0,469.0
1338,22.3211,0.0,469.0,950.0,469.0,0.0,-1.0,469.0,960.0,469.0,1919.0,469.0,0.0,-1.0,469.0
1339,22.3378,0.0,469.0,950.0,469.0,0.0,-1.0,469.0,960.0,469.0,1919.0,469.0,0.0,-1.0,469.0
1340,22.3545,0.0,469.0,950.0,469.0,0.0,-1.0,469.0,960.0,469.0,1919.0,469.0,0.0,-1.0,469.0
1341,22.3712,0.0,469.0,950.0,469.0,0.0,-1.0,469.0,960.0,469.0,1919.0,469.0,0.0,-1.0,469.0
1342,22.3878,0.0,469.0,950.0,469.0,0.0,-1.0,469.0,960.0,469.0,1919.0,469.0,0.0,-1.0,469.0
1343,22.4045,0.0,469.0,950.0,469.0,0.0,-1.0,469.0,960.0,469.0,1919.0,469.0,0.0,-1.0,469.0
1344,22.4212,0.0,469.0,950.0,469.0,0.0,-1.0,469.0,960.0,469.0,1919.0,469.0,0.0,-1.0,469.0
1345,22.4379,0.0,469.0,950.0,469.0,0.0,-1.0,469.0,960.0,469.0,1919.0,469.0,0.0,-1.0,469.0
1346,22.4546,0.0,469.0,950.0,469.0,0.0,-1.0,469.0,960.0,469.0,1919.0,469.0,0.0,-1.0,469.0
1347,22.4713,0.0,469.0,950.0,469.0,0.0,-1.0,469.0,960.0,469.0,1919.0,469.0,0.0,-1.0,469.0
1348,22.4879,0.0,469.0,950.0,469.0,0.0,-1.0,469.0,960.0,469.0,1919.0,469.0,0.0,-1.0,469.0
1349,22.5046,0.0,469.0,950.0,469.0,0.0,-1.0,469.0,960.0,469.0,1919.0,469.0,0.0,-1.0,469.0
1350,22.5213,0.0,469.0,950.0,469.0,0.0,-1.0,469.0,960.0,469.0,1919.0,469.0,0.0,-1.0,469.0
1351,22.538,0.0,469.0,950.0,469.0,0.0,-1.0,469.0,960.0,469.0,1919.0,469.0,0.0,-1.0,469.0
1352,22.5547,0.0,469.0,950.0,469.0,0.0,-1.0,469.0,960.0,469.0,1919.0,469.0,0.0,-1.0,469.0
1353,22.5713,0.0,469.0,950.0,469.0,0.0,-1.0,469.0,960.0,469.0,1919.0,469.0,0.0,-1.0,469.0
1354,22.588,0.0,469.0,950.0,469.0,0.0,-1.0,469.0,960.0,469.0,1919.0,469.0,0.0,-1.0,469.0
1355,22.6047,0.0,469.0,950.0,469.0,0.0,-1.0,469.0,960.0,469.0,1919.0,469.0,0.0,-1.0,469.0
1356,22.6214,0.0,469.0,950.0,469.0,0.0,-1.0,469.0,960.0,469.0,1919.0,469.0,0.0,-1.0,469.0
1357,22.6381,0.0,469.0,950.0,469.0,0.0,-1.0,469.0,960.0,469.0,1919.0,469.0,0.0,-1.0,469.0
1358,22.6548,0.0,469.0,950.0,469.0,0.0,-1.0,469.0,960.0,469.0,1919.0,469.0,0.0,-1.0,469.0
1359,22.6714,0.0,469.0,950.0,469.0,0.0,-1.0,469.0,960.0,469.0,1919.0,469.0,0.0,-1.0,469.0
1360,22.6881,0.0,469.0,950.0,469.0,0.0,-1.0,469.0,960.0,469.0,1919.0,469.0,0.0,-1.0,469.0
1361,22.7048,0.0,469.0,950.0,469.0,0.0,-1.0,469.0,960.0,469.0,1919.0,469.0,0.0,-1.0,469.0
1362,22.7215,0.0,469.0,950.0,469.0,0.0,-1.0,469.0,960.0,469.0,1919.0,469.0,0.0,-1.0,469.0
1363,22.7382,0.0,469.0,950.0,469.0,0.0,-1.0,469.0,960.0,469.0,1919.0,469.0,0.0,-1.0,469.0
1364,22.7549,0.0,469.0,950.0,469.0,0.0,-1.0,469.0,960.0,469.0,1919.0,469.0,0.0,-1.0,469.0
1365,22.7715,0.0,469.0,950.0,469.0,0.0,-1.0,469.0,960.0,469.0,1919.0,469.0,0.0,-1.0,469.0
1366,22.7882,0.0,469.0,950.0,469.0,0.0,-1.0,469.0,960.0,469.0,1919.0,469.0,0.0,-1.0,469.0
1367,22.8049,0.0,469.0,950.0,469.0,0.0,-1.0,469.0,960.0,469.0,1919.0,469.0,0.0,-1.0,469.0
1368,22.8216,0.0,469.0,950.0,469.0,0.0,-1.0,469.0,960.0,469.0,1919.0,469.0,0.0,-1.0,469.0
1369,22.8383,0.0,469.0,950.0,469.0,0.0,-1.0,469.0,960.0,469.0,1919.0,469.0,0.0,-1.0,469.0
1370,22.855,0.0,469.0,950.0,469.0,0.0,-1.0,469.0,960.0,469.0,1919.0,469.0,0.0,-1.0,469.0
1371,22.8716,0.0,469.0,950.0,469.0,0.0,-1.0,469.0,960.0,469.0,1919.0,469.0,0.0,-1.0,469.0
1372,22.8883,0.0,469.0,950.0,469.0,0.0,-1.0,469.0,960.0,469.0,1919.0,469.0,0.0,-1.0,469.0
1373,22.905,0.0,469.0,950.0,469.0,0.0,-1.0,469.0,960.0,469.0,1919.0,469.0,0.0,-1.0,469.0
1374,22.9217,0.0,469.0,950.0,469.0,0.0,-1.0,469.0,960.0,469.0,1919.0,469.0,0.0,-1.0,469.0
1375,22.9384,0.0,469.0,950.0,469.0,0.0,-1.0,469.0,960.0,469.0,1919.0,469.0,0.0,-1.0,469.0
1376,22.955,0.0,469.0,950.0,469.0,0.0,-1.0,469.0,960.0,469.0,1919.0,469.0,0.0,-1.0,469.0
1377,22.9717,0.0,469.0,950.0,469.0,0.0,-1.0,469.0,960.0,469.0,1919.0,469.0,0.0,-1.0,469.0
1378,22.9884,0.0,469.0,950.0,469.0,0.0,-1.0,469.0,960.0,469.0,1919.0,469.0,0.0,-1.0,469.0
1379,23.0051,0.0,469.0,950.0,469.0,0.0,-1.0,469.0,960.0,469.0,1919.0,469.0,0.0,-1.0,469.0
1380,23.0218,0.0,469.0,950.0,469.0,0.0,-1.0,469.0,960.0,469.0,1919.0,469.0,0.0,-1.0,469.0
1381,23.0385,0.0,469.0,950.0,469.0,0.0,-1.0,469.0,960.0,469.0,1919.0,469.0,0.0,-1.0,469.0
1382,23.0551,0.0,469.0,950.0,469.0,0.0,-1.0,469.0,960.0,469.0,1919.0,469.0,0.0,-1.0,469.0
1383,23.0718,0.0,469.0,950.0,469.0,0.0,-1.0,469.0,960.0,469.0,1919.0,469.0,0.0,-1.0,469.0
1384,23.0885,0.0,469.0,950.0,469.0,0.0,-1.0,469.0,960.0,469.0,1919.0,469.0,0.0,-1.0,469.0
1385,23.1052,0.0,469.0,950.0,469.0,0.0,-1.0,469.0,960.0,469.0,1919.0,469.0,0.0,-1.0,469.0
1386,23.1219,0.0,469.0,950.0,469.0,0.0,-1.0,469.0,960.0,469.0,1919.0,469.0,0.0,-1.0,469.0
1387,23.1386,0.0,469.0,950.0,469.0,0.0,-1.0,469.0,960.0,469.0,1919.0,469.0,0.0,-1.0,469.0
1388,23.1552,0.0,469.0,950.0,469.0,0.0,-1.0,469.0,960.0,469.0,1919.0,469.0,0.0,-1.0,469.0
1389,23.1719,0.0,469.0,950.0,469.0,0.0,-1.0,469.0,960.0,469.0,1919.0,469.0,0.0,-1.0,469.0
1390,23.1886,0.0,469.0,950.0,469.0,0.0,-1.0,469.0,960.0,469.0,1919.0,469.0,0.0,-1.0,469.0
1391,23.2053,0.0,469.0,950.0,469.0,0.0,-1.0,469.0,960.0,469.0,1919.0,469.0,0.0,-1.0,469.0
1392,23.222,0.0,469.0,950.0,469.0,0.0,-1.0,469.0,960.0,469.0,1919.0,469.0,0.0,-1.0,469.0
1393,23.2386,0.0,469.0,950.0,469.0,0.0,-1.0,469.0,960.0,469.0,1919.0,469.0,0.0,-1.0,469.0
1394,23.2553,0.0,469.0,950.0,469.0,0.0,-1.0,469.0,960.0,469.0,1919.0,469.0,0.0,-1.0,469.0
1395,23.272,0.0,469.0,950.0,469.0,0.0,-1.0,469.0,960.0,469.0,1919.0,469.0,0.0,-1.0,469.0
1396,23.2887,0.0,469.0,950.0,469.0,0.0,-1.0,469.0,960.0,469.0,1919.0,469.0,0.0,-1.0,469.0
1397,23.3054,0.0,469.0,950.0,469.0,0.0,-1.0,469.0,960.0,469.0,1919.0,469.0,0.0,-1.0,469.0
1398,23.3221,0.0,469.0,950.0,469.0,0.0,-1.0,469.0,960.0,469.0,1919.0,469.0,0.0,-1.0,469.0
1399,23.3387,0.0,469.0,950.0,469.0,0.0,-1.0,469.0,960.0,469.0,1919.0,469.0,0.0,-1.0,469.0
1400,23.3554,0.0,469.0,950.0,469.0,0.0,-1.0,469.0,960.0,469.0,1919.0,469.0,0.0,-1.0,469.0
1401,23.3721,0.0,469.0,950.0,469.0,0.0,-1.0,469.0,960.0,469.0,1919.0,469.0,0.0,-1.0,469.0
1402,23.3888,0.0,469.0,950.0,469.0,0.0,-1.0,469.0,960.0,469.0,1919.0,469.0,0.0,-1.0,469.0
1403,23.4055,0.0,469.0,950.0,469.0,0.0,-1.0,469.0,960.0,469.0,1919.0,469.0,0.0,-1.0,469.0
1404,23.4222,0.0,469.0,950.0,469.0,0.0,-1.0,469.0,960.0,469.0,1919.0,469.0,0.0,-1.0,469.0
1405,23.4388,0.0,469.0,950.0,469.0,0.0,-1.0,469.0,960.0,469.0,1919.0,469.0,0.0,-1.0,469.0
1406,23.4555,0.0,469.0,950.0,469.0,0.0,-1.0,469.0,960.0,469.0,1919.0,469.0,0.0,-1.0,469.0
1407,23.4722,0.0,469.0,950.0,469.0,0.0,-1.0,469.0,960.0,469.0,1919.0,469.0,0.0,-1.0,469.0
1408,23.4889,0.0,469.0,950.0,469.0,0.0,-1.0,469.0,960.0,469.0,1919.0,469.0,0.0,-1.0,469.0
1409,23.5056,0.0,469.0,950.0,469.0,0.0,-1.0,469.0,960.0,469.0,1919.0,469.0,0.0,-1.0,469.0
1410,23.5222,0.0,469.0,950.0,469.0,0.0,-1.0,469.0,960.0,469.0,1919.0,469.0,0.0,-1.0,469.0
1411,23.5389,0.0,469.0,950.0,469.0,0.0,-1.0,469.0,960.0,469.0,1919.0,469.0,0.0,-1.0,469.0
1412,23.5556,0.0,469.0,950.0,469.0,0.0,-1.0,469.0,960.0,469.0,1919.0,469.0,0.0,-1.0,469.0
1413,23.5723,0.0,469.0,950.0,469.0,0.0,-1.0,469.0,960.0,469.0,1919.0,469.0,0.0,-1.0,469.0
1414,23.589,0.0,469.0,950.0,469.0,0.0,-1.0,469.0,960.0,469.0,1919.0,469.0,0.0,-1.0,469.0
1415,23.6057,0.0,469.0,950.0,469.0,0.0,-1.0,469.0,960.0,469.0,1919.0,469.0,0.0,-1.0,469.0
1416,23.6223,0.0,469.0,950.0,469.0,0.0,-1.0,469.0,960.0,469.0,1919.0,469.0,0.0,-1.0,469.0
1417,23.639,0.0,469.0,950.0,469.0,0.0,-1.0,469.0,960.0,469.0,1919.0,469.0,0.0,-1.0,469.0
1418,23.6557,0.0,469.0,950.0,469.0,0.0,-1.0,469.0,960.0,469.0,1919.0,469.0,0.0,-1.0,469.0
1419,23.6724,0.0,469.0,950.0,469.0,0.0,-1.0,469.0,960.0,469.0,1919.0,469.0,0.0,-1.0,469.0
1420,23.6891,0.0,469.0,950.0,469.0,0.0,-1.0,469.0,960.0,469.0,1919.0,469.0,0.0,-1.0,469.0
1421,23.7058,0.0,469.0,950.0,469.0,0.0,-1.0,469.0,960.0,469.0,1919.0,469.0,0.0,-1.0,469.0
1422,23.7224,0.0,469.0,950.0,469.0,0.0,-1.0,469.0,960.0,469.0,1919.0,469.0,0.0,-1.0,469.0
1423,23.7391,0.0,469.0,950.0,469.0,0.0,-1.0,469.0,960.0,469.0,1919.0,469.0,0.0,-1.0,469.0
1424,23.7558,0.0,469.0,950.0,469.0,0.0,-1.0,469.0,960.0,469.0,1919.0,469.0,0.0,-1.0,469.0
1425,23.7725,0.0,469.0,950.0,469.0,0.0,-1.0,469.0,960.0,469.0,1919.0,469.0,0.0,-1.0,469.0
1426,23.7892,0.0,469.0,950.0,469.0,0.0,-1.0,469.0,960.0,469.0,1919.0,469.0,0.0,-1.0,469.0
1427,23.8059,0.0,469.0,950.0,469.0,0.0,-1.0,469.0,960.0,469.0,1919.0,469.0,0.0,-1.0,469.0
1428,23.8225,0.0,469.0,950.0,469.0,0.0,-1.0,469.0,960.0,469.0,1919.0,469.0,0.0,-1.0,469.0
1429,23.8392,0.0,469.0,950.0,469.0,0.0,-1.0,469.0,960.0,469.0,1919.0,469.0,0.0,-1.0,469.0
1430,23.8559,0.0,469.0,950.0,469.0,0.0,-1.0,469.0,960.0,469.0,1919.0,469.0,0.0,-1.0,469.0
1431,23.8726,0.0,469.0,950.0,469.0,0.0,-1.0,469.0,960.0,469.0,1919.0,469.0,0.0,-1.0,469.0
1432,23.8893,0.0,469.0,950.0,469.0,0.0,-1.0,469.0,960.0,469.0,1919.0,469.0,0.0,-1.0,469.0
1433,23.9059,0.0,469.0,950.0,469.0,0.0,-1.0,469.0,960.0,469.0,1919.0,469.0,0.0,-1.0,469.0
1434,23.9226,0.0,469.0,950.0,469.0,0.0,-1.0,469.0,960.0,469.0,1919.0,469.0,0.0,-1.0,469.0
1435,23.9393,0.0,469.0,950.0,469.0,0.0,-1.0,469.0,960.0,469.0,1919.0,469.0,0.0,-1.0,469.0
1436,23.956,0.0,469.0,950.0,469.0,0.0,-1.0,469.0,960.0,469.0,1919.0,469.0,0.0,-1.0,469.0
1437,23.9727,0.0,469.0,950.0,469.0,0.0,-1.0,469.0,960.0,469.0,1919.0,469.0,0.0,-1.0,469.0
1438,23.9894,0.0,469.0,950.0,469.0,0.0,-1.0,469.0,960.0,469.0,1919.0,469.0,0.0,-1.0,469.0
1439,24.006,0.0,469.0,950.0,469.0,0.0,-1.0,469.0,960.0,469.0,1919.0,469.0,0.0,-1.0,469.0
1440,24.0227,0.0,469.0,950.0,469.0,0.0,-1.0,469.0,960.0,469.0,1919.0,469.0,0.0,-1.0,469.0
1441,24.0394,0.0,469.0,950.0,469.0,0.0,-1.0,469.0,960.0,469.0,1919.0,469.0,0.0,-1.0,469.0
1442,24.0561,0.0,469.0,950.0,469.0,0.0,-1.0,469.0,960.0,469.0,1919.0,469.0,0.0,-1.0,469.0
1443,24.0728,0.0,469.0,950.0,469.0,0.0,-1.0,469.0,960.0,469.0,1919.0,469.0,0.0,-1.0,469.0
1444,24.0895,0.0,469.0,950.0,469.0,0.0,-1.0,469.0,960.0,469.0,1919.0,469.0,0.0,-1.0,469.0
1445,24.1061,0.0,469.0,950.0,469.0,0.0,-1.0,469.0,960.0,469.0,1919.0,469.0,0.0,-1.0,469.0
1446,24.1228,0.0,469.0,950.0,469.0,0.0,-1.0,469.0,960.0,469.0,1919.0,469.0,0.0,-1.0,469.0
1447,24.1395,0.0,469.0,950.0,469.0,0.0,-1.0,469.0,960.0,469.0,1919.0,469.0,0.0,-1.0,469.0
1448,24.1562,0.0,469.0,950.0,469.0,0.0,-1.0,469.0,960.0,469.0,1919.0,469.0,0.0,-1.0,469.0
1449,24.1729,0.0,469.0,950.0,469.0,0.0,-1.0,469.0,960.0,469.0,1919.0,469.0,0.0,-1.0,469.0
1450,24.1895,0.0,469.0,950.0,469.0,0.0,-1.0,469.0,960.0,469.0,1919.0,469.0,0.0,-1.0,469.0
1451,24.2062,0.0,469.0,950.0,469.0,0.0,-1.0,469.0,960.0,469.0,1919.0,469.0,0.0,-1.0,469.0
1452,24.2229,0.0,469.0,950.0,469.0,0.0,-1.0,469.0,960.0,469.0,1919.0,469.0,0.0,-1.0,469.0
1453,24.2396,0.0,469.0,950.0,469.0,0.0,-1.0,469.0,960.0,469.0,1919.0,469.0,0.0,-1.0,469.0
1454,24.2563,0.0,469.0,950.0,469.0,0.0,-1.0,469.0,960.0,469.0,1919.0,469.0,0.0,-1.0,469.0
1455,24.273,0.0,469.0,950.0,469.0,0.0,-1.0,469.0,960.0,469.0,1919.0,469.0,0.0,-1.0,469.0
1456,24.2896,0.0,469.0,950.0,469.0,0.0,-1.0,469.0,960.0,469.0,1919.0,469.0,0.0,-1.0,469.0
1457,24.3063,0.0,469.0,950.0,469.0,0.0,-1.0,469.0,960.0,469.0,1919.0,469.0,0.0,-1.0,469.0
1458,24.323,0.0,469.0,950.0,469.0,0.0,-1.0,469.0,960.0,469.0,1919.0,469.0,0.0,-1.0,469.0
1459,24.3397,0.0,469.0,950.0,469.0,0.0,-1.0,469.0,960.0,469.0,1919.0,469.0,0.0,-1.0,469.0
1460,24.3564,0.0,469.0,950.0,469.0,0.0,-1.0,469.0,960.0,469.0,1919.0,469.0,0.0,-1.0,469.0
1461,24.3731,0.0,469.0,950.0,469.0,0.0,-1.0,469.0,960.0,469.0,1919.0,469.0,0.0,-1.0,469.0
1462,24.3897,0.0,469.0,950.0,469.0,0.0,-1.0,469.0,960.0,469.0,1919.0,469.0,0.0,-1.0,469.0
1463,24.4064,0.0,469.0,950.0,469.0,0.0,-1.0,469.0,960.0,469.0,1919.0,469.0,0.0,-1.0,469.0
1464,24.4231,0.0,469.0,950.0,469.0,0.0,-1.0,469.0,960.0,469.0,1919.0,469.0,0.0,-1.0,469.0
1465,24.4398,0.0,469.0,950.0,469.0,0.0,-1.0,469.0,960.0,469.0,1919.0,469.0,0.0,-1.0,469.0
1466,24.4565,0.0,469.0,950.0,469.0,0.0,-1.0,469.0,960.0,469.0,1919.0,469.0,0.0,-1.0,469.0
1467,24.4731,0.0,469.0,950.0,469.0,0.0,-1.0,469.0,960.0,469.0,1919.0,469.0,0.0,-1.0,469.0
1468,24.4898,0.0,469.0,950.0,469.0,0.0,-1.0,469.0,960.0,469.0,1919.0,469.0,0.0,-1.0,469.0
1469,24.5065,0.0,469.0,950.0,469.0,0.0,-1.0,469.0,960.0,469.0,1919.0,469.0,0.0,-1.0,469.0
1470,24.5232,0.0,469.0,950.0,469.0,0.0,-1.0,469.0,960.0,469.0,1919.0,469.0,0.0,-1.0,469.0
1471,24.5399,0.0,469.0,950.0,469.0,0.0,-1.0,469.0,960.0,469.0,1919.0,469.0,0.0,-1.0,469.0
1472,24.5566,0.0,469.0,950.0,469.0,0.0,-1.0,469.0,960.0,469.0,1919.0,469.0,0.0,-1.0,469.0
1473,24.5732,0.0,469.0,950.0,469.0,0.0,-1.0,469.0,960.0,469.0,1919.0,469.0,0.0,-1.0,469.0
1474,24.5899,0.0,469.0,950.0,469.0,0.0,-1.0,469.0,960.0,469.0,1919.0,469.0,0.0,-1.0,469.0
1475,24.6066,0.0,469.0,950.0,469.0,0.0,-1.0,469.0,960.0,469.0,1919.0,469.0,0.0,-1.0,469.0
1476,24.6233,0.0,469.0,950.0,469.0,0.0,-1.0,469.0,960.0,469.0,1919.0,469.0,0.0,-1.0,469.0
1477,24.64,0.0,469.0,950.0,469.0,0.0,-1.0,469.0,960.0,469.0,1919.0,469.0,0.0,-1.0,469.0
1478,24.6567,0.0,469.0,950.0,469.0,0.0,-1.0,469.0,960.0,469.0,1919.0,469.0,0.0,-1.0,469.0
1479,24.6733,0.0,469.0,950.0,469.0,0.0,-1.0,469.0,960.0,469.0,1919.0,469.0,0.0,-1.0,469.0
1480,24.69,0.0,469.0,950.0,469.0,0.0,-1.0,469.0,960.0,469.0,1919.0,469.0,0.0,-1.0,469.0
1481,24.7067,0.0,469.0,950.0,469.0,0.0,-1.0,469.0,960.0,469.0,1919.0,469.0,0.0,-1.0,469.0
1482,24.7234,0.0,469.0,950.0,469.0,0.0,-1.0,469.0,960.0,469.0,1919.0,469.0,0.0,-1.0,469.0
1483,24.7401,0.0,469.0,950.0,469.0,0.0,-1.0,469.0,960.0,469.0,1919.0,469.0,0.0,-1.0,469.0
1484,24.7567,0.0,469.0,950.0,469.0,0.0,-1.0,469.0,960.0,469.0,1919.0,469.0,0.0,-1.0,469.0
1485,24.7734,0.0,469.0,950.0,469.0,0.0,-1.0,469.0,960.0,469.0,1919.0,469.0,0.0,-1.0,469.0
1486,24.7901,0.0,469.0,950.0,469.0,0.0,-1.0,469.0,960.0,469.0,1919.0,469.0,0.0,-1.0,469.0
1487,24.8068,0.0,469.0,950.0,469.0,0.0,-1.0,469.0,960.0,469.0,1919.0,469.0,0.0,-1.0,469.0
1488,24.8235,0.0,469.0,950.0,469.0,0.0,-1.0,469.0,960.0,469.0,1919.0,469.0,0.0,-1.0,469.0
1489,24.8402,0.0,469.0,950.0,469.0,0.0,-1.0,469.0,960.0,469.0,1919.0,469.0,0.0,-1.0,469.0
1490,24.8568,0.0,469.0,950.0,469.0,0.0,-1.0,469.0,960.0,469.0,1919.0,469.0,0.0,-1.0,469.0
1491,24.8735,0.0,469.0,950.0,469.0,0.0,-1.0,469.0,960.0,469.0,1919.0,469.0,0.0,-1.0,469.0
1492,24.8902,0.0,469.0,950.0,469.0,0.0,-1.0,469.0,960.0,469.0,1919.0,469.0,0.0,-1.0,469.0
1493,24.9069,0.0,469.0,950.0,469.0,0.0,-1.0,469.0,960.0,469.0,1919.0,469.0,0.0,-1.0,469.0
1494,24.9236,0.0,469.0,950.0,469.0,0.0,-1.0,469.0,960.0,469.0,1919.0,469.0,0.0,-1.0,469.0
1495,24.9403,0.0,469.0,950.0,469.0,0.0,-1.0,469.0,960.0,469.0,1919.0,469.0,0.0,-1.0,469.0
1496,24.9569,0.0,469.0,950.0,469.0,0.0,-1.0,469.0,960.0,469.0,1919.0,469.0,0.0,-1.0,469.0
1497,24.9736,0.0,469.0,950.0,469.0,0.0,-1.0,469.0,960.0,469.0,1919.0,469.0,0.0,-1.0,469.0
1498,24.9903,0.0,469.0,950.0,469.0,0.0,-1.0,469.0,960.0,469.0,1919.0,469.0,0.0,-1.0,469.0
1499,25.007,0.0,469.0,950.0,469.0,0.0,-1.0,469.0,960.0,469.0,1919.0,469.0,0.0,-1.0,469.0
1500,25.0237,0.0,469.0,950.0,469.0,0.0,-1.0,469.0,960.0,469.0,1919.0,469.0,0.0,-1.0,469.0
1501,25.0404,0.0,469.0,950.0,469.0,0.0,-1.0,469.0,960.0,469.0,1919.0,469.0,0.0,-1.0,469.0
1502,25.057,0.0,469.0,950.0,469.0,0.0,-1.0,469.0,960.0,469.0,1919.0,469.0,0.0,-1.0,469.0
1503,25.0737,0.0,469.0,950.0,469.0,0.0,-1.0,469.0,960.0,469.0,1919.0,469.0,0.0,-1.0,469.0
1504,25.0904,0.0,469.0,950.0,469.0,0.0,-1.0,469.0,960.0,469.0,1919.0,469.0,0.0,-1.0,469.0
1505,25.1071,0.0,469.0,950.0,469.0,0.0,-1.0,469.0,960.0,469.0,1919.0,469.0,0.0,-1.0,469.0
1506,25.1238,0.0,469.0,950.0,469.0,0.0,-1.0,469.0,960.0,469.0,1919.0,469.0,0.0,-1.0,469.0
1507,25.1404,0.0,469.0,950.0,469.0,0.0,-1.0,469.0,960.0,469.0,1919.0,469.0,0.0,-1.0,469.0
1508,25.1571,0.0,469.0,950.0,469.0,0.0,-1.0,469.0,960.0,469.0,1919.0,469.0,0.0,-1.0,469.0
1509,25.1738,0.0,469.0,950.0,469.0,0.0,-1.0,469.0,960.0,469.0,1919.0,469.0,0.0,-1.0,469.0
1510,25.1905,0.0,469.0,950.0,469.0,0.0,-1.0,469.0,960.0,469.0,1919.0,469.0,0.0,-1.0,469.0
1511,25.2072,0.0,469.0,950.0,469.0,0.0,-1.0,469.0,960.0,469.0,1919.0,469.0,0.0,-1.0,469.0
1512,25.2239,0.0,469.0,950.0,469.0,0.0,-1.0,469.0,960.0,469.0,1919.0,469.0,0.0,-1.0,469.0
1513,25.2405,0.0,469.0,950.0,469.0,0.0,-1.0,469.0,960.0,469.0,1919.0,469.0,0.0,-1.0,469.0
1514,25.2572,0.0,469.0,950.0,469.0,0.0,-1.0,469.0,960.0,469.0,1919.0,469.0,0.0,-1.0,469.0
1515,25.2739,0.0,469.0,950.0,469.0,0.0,-1.0,469.0,960.0,469.0,1919.0,469.0,0.0,-1.0,469.0
1516,25.2906,0.0,469.0,950.0,469.0,0.0,-1.0,469.0,960.0,469.0,1919.0,469.0,0.0,-1.0,469.0
1517,25.3073,0.0,469.0,950.0,469.0,0.0,-1.0,469.0,960.0,469.0,1919.0,469.0,0.0,-1.0,469.0
1518,25.324,0.0,469.0,950.0,469.0,0.0,-1.0,469.0,960.0,469.0,1919.0,469.0,0.0,-1.0,469.0
1519,25.3406,0.0,469.0,950.0,469.0,0.0,-1.0,469.0,960.0,469.0,1919.0,469.0,0.0,-1.0,469.0
1520,25.3573,0.0,469.0,950.0,469.0,0.0,-1.0,469.0,960.0,469.0,1919.0,469.0,0.0,-1.0,469.0
1521,25.374,0.0,469.0,950.0,469.0,0.0,-1.0,469.0,960.0,469.0,1919.0,469.0,0.0,-1.0,469.0
1522,25.3907,0.0,469.0,950.0,469.0,0.0,-1.0,469.0,960.0,469.0,1919.0,469.0,0.0,-1.0,469.0
1523,25.4074,0.0,469.0,950.0,469.0,0.0,-1.0,469.0,960.0,469.0,1919.0,469.0,0.0,-1.0,469.0
1524,25.424,0.0,469.0,950.0,469.0,0.0,-1.0,469.0,960.0,469.0,1919.0,469.0,0.0,-1.0,469.0
1525,25.4407,0.0,469.0,950.0,469.0,0.0,-1.0,469.0,960.0,469.0,1919.0,469.0,0.0,-1.0,469.0
1526,25.4574,0.0,469.0,950.0,469.0,0.0,-1.0,469.0,960.0,469.0,1919.0,469.0,0.0,-1.0,469.0
1527,25.4741,0.0,469.0,950.0,469.0,0.0,-1.0,469.0,960.0,469.0,1919.0,469.0,0.0,-1.0,469.0
1528,25.4908,0.0,469.0,950.0,469.0,0.0,-1.0,469.0,960.0,469.0,1919.0,469.0,0.0,-1.0,469.0
1529,25.5075,0.0,469.0,950.0,469.0,0.0,-1.0,469.0,960.0,469.0,1919.0,469.0,0.0,-1.0,469.0
1530,25.5241,0.0,469.0,950.0,469.0,0.0,-1.0,469.0,960.0,469.0,1919.0,469.0,0.0,-1.0,469.0
1531,25.5408,0.0,469.0,950.0,469.0,0.0,-1.0,469.0,960.0,469.0,1919.0,469.0,0.0,-1.0,469.0
1532,25.5575,0.0,469.0,950.0,469.0,0.0,-1.0,469.0,960.0,469.0,1919.0,469.0,0.0,-1.0,469.0
1533,25.5742,0.0,469.0,950.0,469.0,0.0,-1.0,469.0,960.0,469.0,1919.0,469.0,0.0,-1.0,469.0
1534,25.5909,0.0,469.0,950.0,469.0,0.0,-1.0,469.0,960.0,469.0,1919.0,469.0,0.0,-1.0,469.0
1535,25.6076,0.0,469.0,950.0,469.0,0.0,-1.0,469.0,960.0,469.0,1919.0,469.0,0.0,-1.0,469.0
1536,25.6242,0.0,469.0,950.0,469.0,0.0,-1.0,469.0,960.0,469.0,1919.0,469.0,0.0,-1.0,469.0
1537,25.6409,0.0,469.0,950.0,469.0,0.0,-1.0,469.0,960.0,469.0,1919.0,469.0,0.0,-1.0,469.0
1538,25.6576,0.0,469.0,950.0,469.0,0.0,-1.0,469.0,960.0,469.0,1919.0,469.0,0.0,-1.0,469.0
1539,25.6743,0.0,469.0,950.0,469.0,0.0,-1.0,469.0,960.0,469.0,1919.0,469.0,0.0,-1.0,469.0
1540,25.691,0.0,469.0,950.0,469.0,0.0,-1.0,469.0,960.0,469.0,1919.0,469.0,0.0,-1.0,469.0
1541,25.7076,0.0,469.0,950.0,469.0,0.0,-1.0,469.0,960.0,469.0,1919.0,469.0,0.0,-1.0,469.0
1542,25.7243,0.0,469.0,950.0,469.0,0.0,-1.0,469.0,960.0,469.0,1919.0,469.0,0.0,-1.0,469.0
1543,25.741,0.0,469.0,950.0,469.0,0.0,-1.0,469.0,960.0,469.0,1919.0,469.0,0.0,-1.0,469.0
1544,25.7577,0.0,469.0,950.0,469.0,0.0,-1.0,469.0,960.0,469.0,1919.0,469.0,0.0,-1.0,469.0
1545,25.7744,0.0,469.0,950.0,469.0,0.0,-1.0,469.0,960.0,469.0,1919.0,469.0,0.0,-1.0,469.0
1546,25.7911,0.0,469.0,950.0,469.0,0.0,-1.0,469.0,960.0,469.0,1919.0,469.0,0.0,-1.0,469.0
1547,25.8077,0.0,469.0,950.0,469.0,0.0,-1.0,469.0,960.0,469.0,1919.0,469.0,0.0,-1.0,469.0
1548,25.8244,0.0,469.0,950.0,469.0,0.0,-1.0,469.0,960.0,469.0,1919.0,469.0,0.0,-1.0,469.0
1549,25.8411,0.0,469.0,950.0,469.0,0.0,-1.0,469.0,960.0,469.0,1919.0,469.0,0.0,-1.0,469.0
1550,25.8578,0.0,469.0,950.0,469.0,0.0,-1.0,469.0,960.0,469.0,1919.0,469.0,0.0,-1.0,469.0
1551,25.8745,0.0,469.0,950.0,469.0,0.0,-1.0,469.0,960.0,469.0,1919.0,469.0,0.0,-1.0,469.0
1552,25.8912,0.0,469.0,950.0,469.0,0.0,-1.0,469.0,960.0,469.0,1919.0,469.0,0.0,-1.0,469.0
1553,25.9078,0.0,469.0,950.0,469.0,0.0,-1.0,469.0,960.0,469.0,1919.0,469.0,0.0,-1.0,469.0
1554,25.9245,0.0,469.0,950.0,469.0,0.0,-1.0,469.0,960.0,469.0,1919.0,469.0,0.0,-1.0,469.0
1555,25.9412,0.0,469.0,950.0,469.0,0.0,-1.0,469.0,960.0,469.0,1919.0,469.0,0.0,-1.0,469.0
1556,25.9579,0.0,469.0,950.0,469.0,0.0,-1.0,469.0,960.0,469.0,1919.0,469.0,0.0,-1.0,469.0
1557,25.9746,0.0,469.0,950.0,469.0,0.0,-1.0,469.0,960.0,469.0,1919.0,469.0,0.0,-1.0,469.0
1558,25.9913,0.0,469.0,950.0,469.0,0.0,-1.0,469.0,960.0,469.0,1919.0,469.0,0.0,-1.0,469.0
1559,26.0079,0.0,469.0,950.0,469.0,0.0,-1.0,469.0,960.0,469.0,1919.0,469.0,0.0,-1.0,469.0
1560,26.0246,0.0,469.0,950.0,469.0,0.0,-1.0,469.0,960.0,469.0,1919.0,469.0,0.0,-1.0,469.0
1561,26.0413,0.0,469.0,950.0,469.0,0.0,-1.0,469.0,960.0,469.0,1919.0,469.0,0.0,-1.0,469.0
1562,26.058,0.0,469.0,950.0,469.0,0.0,-1.0,469.0,960.0,469.0,1919.0,469.0,0.0,-1.0,469.0
1563,26.0747,0.0,469.0,950.0,469.0,0.0,-1.0,469.0,960.0,469.0,1919.0,469.0,0.0,-1.0,469.0
1564,26.0913,0.0,469.0,950.0,469.0,0.0,-1.0,469.0,960.0,469.0,1919.0,469.0,0.0,-1.0,469.0
1565,26.108,0.0,469.0,950.0,469.0,0.0,-1.0,469.0,960.0,469.0,1919.0,469.0,0.0,-1.0,469.0
1566,26.1247,0.0,469.0,950.0,469.0,0.0,-1.0,469.0,960.0,469.0,1919.0,469.0,0.0,-1.0,469.0
1567,26.1414,0.0,469.0,950.0,469.0,0.0,-1.0,469.0,960.0,469.0,1919.0,469.0,0.0,-1.0,469.0
1568,26.1581,0.0,469.0,950.0,469.0,0.0,-1.0,469.0,960.0,469.0,1919.0,469.0,0.0,-1.0,469.0
1569,26.1748,0.0,469.0,950.0,469.0,0.0,-1.0,469.0,960.0,469.0,1919.0,469.0,0.0,-1.0,469.0
1570,26.1914,0.0,469.0,950.0,469.0,0.0,-1.0,469.0,960.0,469.0,1919.0,469.0,0.0,-1.0,469.0
1571,26.2081,0.0,469.0,950.0,469.0,0.0,-1.0,469.0,960.0,469.0,1919.0,469.0,0.0,-1.0,469.0
1572,26.2248,0.0,469.0,950.0,469.0,0.0,-1.0,469.0,960.0,469.0,1919.0,469.0,0.0,-1.0,469.0
1573,26.2415,0.0,469.0,950.0,469.0,0.0,-1.0,469.0,960.0,469.0,1919.0,469.0,0.0,-1.0,469.0
1574,26.2582,0.0,469.0,950.0,469.0,0.0,-1.0,469.0,960.0,469.0,1919.0,469.0,0.0,-1.0,469.0
1575,26.2749,0.0,469.0,950.0,469.0,0.0,-1.0,469.0,960.0,469.0,1919.0,469.0,0.0,-1.0,469.0
1576,26.2915,0.0,469.0,950.0,469.0,0.0,-1.0,469.0,960.0,469.0,1919.0,469.0,0.0,-1.0,469.0
1577,26.3082,0.0,469.0,950.0,469.0,0.0,-1.0,469.0,960.0,469.0,1919.0,469.0,0.0,-1.0,469.0
1578,26.3249,0.0,469.0,950.0,469.0,0.0,-1.0,469.0,960.0,469.0,1919.0,469.0,0.0,-1.0,469.0
1579,26.3416,0.0,469.0,950.0,469.0,0.0,-1.0,469.0,960.0,469.0,1919.0,469.0,0.0,-1.0,469.0
1580,26.3583,0.0,469.0,950.0,469.0,0.0,-1.0,469.0,960.0,469.0,1919.0,469.0,0.0,-1.0,469.0
1581,26.3749,0.0,469.0,950.0,469.0,0.0,-1.0,469.0,960.0,469.0,1919.0,469.0,0.0,-1.0,469.0
1582,26.3916,0.0,469.0,950.0,469.0,0.0,-1.0,469.0,960.0,469.0,1919.0,469.0,0.0,-1.0,469.0
1583,26.4083,0.0,469.0,950.0,469.0,0.0,-1.0,469.0,960.0,469.0,1919.0,469.0,0.0,-1.0,469.0
1584,26.425,0.0,469.0,950.0,469.0,0.0,-1.0,469.0,960.0,469.0,1919.0,469.0,0.0,-1.0,469.0
1585,26.4417,0.0,469.0,950.0,469.0,0.0,-1.0,469.0,960.0,469.0,1919.0,469.0,0.0,-1.0,469.0
1586,26.4584,0.0,469.0,950.0,469.0,0.0,-1.0,469.0,960.0,469.0,1919.0,469.0,0.0,-1.0,469.0
1587,26.475,0.0,469.0,950.0,469.0,0.0,-1.0,469.0,960.0,469.0,1919.0,469.0,0.0,-1.0,469.0
1588,26.4917,0.0,469.0,950.0,469.0,0.0,-1.0,469.0,960.0,469.0,1919.0,469.0,0.0,-1.0,469.0
1589,26.5084,0.0,469.0,950.0,469.0,0.0,-1.0,469.0,960.0,469.0,1919.0,469.0,0.0,-1.0,469.0
1590,26.5251,0.0,469.0,950.0,469.0,0.0,-1.0,469.0,960.0,469.0,1919.0,469.0,0.0,-1.0,469.0
1591,26.5418,0.0,469.0,950.0,469.0,0.0,-1.0,469.0,960.0,469.0,1919.0,469.0,0.0,-1.0,469.0
1592,26.5585,0.0,469.0,950.0,469.0,0.0,-1.0,469.0,960.0,469.0,1919.0,469.0,0.0,-1.0,469.0
1593,26.5751,0.0,469.0,950.0,469.0,0.0,-1.0,469.0,960.0,469.0,1919.0,469.0,0.0,-1.0,469.0
1594,26.5918,0.0,469.0,950.0,469.0,0.0,-1.0,469.0,960.0,469.0,1919.0,469.0,0.0,-1.0,469.0
1595,26.6085,0.0,469.0,950.0,469.0,0.0,-1.0,469.0,960.0,469.0,1919.0,469.0,0.0,-1.0,469.0
1596,26.6252,0.0,469.0,950.0,469.0,0.0,-1.0,469.0,960.0,469.0,1919.0,469.0,0.0,-1.0,469.0
1597,26.6419,0.0,469.0,950.0,469.0,0.0,-1.0,469.0,960.0,469.0,1919.0,469.0,0.0,-1.0,469.0
1598,26.6585,0.0,469.0,950.0,469.0,0.0,-1.0,469.0,960.0,469.0,1919.0,469.0,0.0,-1.0,469.0
1599,26.6752,0.0,469.0,950.0,469.0,0.0,-1.0,469.0,960.0,469.0,1919.0,469.0,0.0,-1.0,469.0
1600,26.6919,0.0,469.0,950.0,469.0,0.0,-1.0,469.0,960.0,469.0,1919.0,469.0,0.0,-1.0,469.0
1601,26.7086,0.0,469.0,950.0,469.0,0.0,-1.0,469.0,960.0,469.0,1919.0,469.0,0.0,-1.0,469.0
1602,26.7253,0.0,469.0,950.0,469.0,0.0,-1.0,469.0,960.0,469.0,1919.0,469.0,0.0,-1.0,469.0
1603,26.742,0.0,469.0,950.0,469.0,0.0,-1.0,469.0,960.0,469.0,1919.0,469.0,0.0,-1.0,469.0
1604,26.7586,0.0,469.0,950.0,469.0,0.0,-1.0,469.0,960.0,469.0,1919.0,469.0,0.0,-1.0,469.0
1605,26.7753,0.0,469.0,950.0,469.0,0.0,-1.0,469.0,960.0,469.0,1919.0,469.0,0.0,-1.0,469.0
1606,26.792,0.0,469.0,950.0,469.0,0.0,-1.0,469.0,960.0,469.0,1919.0,469.0,0.0,-1.0,469.0
1607,26.8087,0.0,469.0,950.0,469.0,0.0,-1.0,469.0,960.0,469.0,1919.0,469.0,0.0,-1.0,469.0
1608,26.8254,0.0,469.0,950.0,469.0,0.0,-1.0,469.0,960.0,469.0,1919.0,469.0,0.0,-1.0,469.0
1609,26.8421,0.0,469.0,950.0,469.0,0.0,-1.0,469.0,960.0,469.0,1919.0,469.0,0.0,-1.0,469.0
1610,26.8587,0.0,469.0,950.0,469.0,0.0,-1.0,469.0,960.0,469.0,1919.0,469.0,0.0,-1.0,469.0
1611,26.8754,0.0,469.0,950.0,469.0,0.0,-1.0,469.0,960.0,469.0,1919.0,469.0,0.0,-1.0,469.0
1612,26.8921,0.0,469.0,950.0,469.0,0.0,-1.0,469.0,960.0,469.0,1919.0,469.0,0.0,-1.0,469.0
1613,26.9088,0.0,469.0,950.0,469.0,0.0,-1.0,469.0,960.0,469.0,1919.0,469.0,0.0,-1.0,469.0
1614,26.9255,0.0,469.0,950.0,469.0,0.0,-1.0,469.0,960.0,469.0,1919.0,469.0,0.0,-1.0,469.0
1615,26.9421,0.0,469.0,950.0,469.0,0.0,-1.0,469.0,960.0,469.0,1919.0,469.0,0.0,-1.0,469.0
1616,26.9588,0.0,469.0,950.0,469.0,0.0,-1.0,469.0,960.0,469.0,1919.0,469.0,0.0,-1.0,469.0
1617,26.9755,0.0,469.0,950.0,469.0,0.0,-1.0,469.0,960.0,469.0,1919.0,469.0,0.0,-1.0,469.0
1618,26.9922,0.0,469.0,950.0,469.0,0.0,-1.0,469.0,960.0,469.0,1919.0,469.0,0.0,-1.0,469.0
1619,27.0089,0.0,469.0,950.0,469.0,0.0,-1.0,469.0,960.0,469.0,1919.0,469.0,0.0,-1.0,469.0
1620,27.0256,0.0,469.0,950.0,469.0,0.0,-1.0,469.0,960.0,469.0,1919.0,469.0,0.0,-1.0,469.0
1621,27.0422,0.0,469.0,950.0,469.0,0.0,-1.0,469.0,960.0,469.0,1919.0,469.0,0.0,-1.0,469.0
1622,27.0589,0.0,469.0,950.0,469.0,0.0,-1.0,469.0,960.0,469.0,1919.0,469.0,0.0,-1.0,469.0
1623,27.0756,0.0,469.0,950.0,469.0,0.0,-1.0,469.0,960.0,469.0,1919.0,469.0,0.0,-1.0,469.0
1624,27.0923,0.0,469.0,950.0,469.0,0.0,-1.0,469.0,960.0,469.0,1919.0,469.0,0.0,-1.0,469.0
1625,27.109,0.0,469.0,950.0,469.0,0.0,-1.0,469.0,960.0,469.0,1919.0,469.0,0.0,-1.0,469.0
1626,27.1257,0.0,469.0,950.0,469.0,0.0,-1.0,469.0,960.0,469.0,1919.0,469.0,0.0,-1.0,469.0
1627,27.1423,0.0,469.0,950.0,469.0,0.0,-1.0,469.0,960.0,469.0,1919.0,469.0,0.0,-1.0,469.0
1628,27.159,0.0,469.0,950.0,469.0,0.0,-1.0,469.0,960.0,469.0,1919.0,469.0,0.0,-1.0,469.0
1629,27.1757,0.0,469.0,950.0,469.0,0.0,-1.0,469.0,960.0,469.0,1919.0,469.0,0.0,-1.0,469.0
1630,27.1924,0.0,469.0,950.0,469.0,0.0,-1.0,469.0,960.0,469.0,1919.0,469.0,0.0,-1.0,469.0
1631,27.2091,0.0,469.0,950.0,469.0,0.0,-1.0,469.0,960.0,469.0,1919.0,469.0,0.0,-1.0,469.0
1632,27.2258,0.0,469.0,950.0,469.0,0.0,-1.0,469.0,960.0,469.0,1919.0,469.0,0.0,-1.0,469.0
1633,27.2424,0.0,469.0,950.0,469.0,0.0,-1.0,469.0,960.0,469.0,1919.0,469.0,0.0,-1.0,469.0
1634,27.2591,0.0,469.0,950.0,469.0,0.0,-1.0,469.0,960.0,469.0,1919.0,469.0,0.0,-1.0,469.0
1635,27.2758,0.0,469.0,950.0,469.0,0.0,-1.0,469.0,960.0,469.0,1919.0,469.0,0.0,-1.0,469.0
1636,27.2925,0.0,469.0,950.0,469.0,0.0,-1.0,469.0,960.0,469.0,1919.0,469.0,0.0,-1.0,469.0
1637,27.3092,0.0,469.0,950.0,469.0,0.0,-1.0,469.0,960.0,469.0,1919.0,469.0,0.0,-1.0,469.0
1638,27.3258,0.0,469.0,950.0,469.0,0.0,-1.0,469.0,960.0,469.0,1919.0,469.0,0.0,-1.0,469.0
1639,27.3425,0.0,469.0,950.0,469.0,0.0,-1.0,469.0,960.0,469.0,1919.0,469.0,0.0,-1.0,469.0
1640,27.3592,0.0,469.0,950.0,469.0,0.0,-1.0,469.0,960.0,469.0,1919.0,469.0,0.0,-1.0,469.0
1641,27.3759,0.0,469.0,950.0,469.0,0.0,-1.0,469.0,960.0,469.0,1919.0,469.0,0.0,-1.0,469.0
1642,27.3926,0.0,469.0,950.0,469.0,0.0,-1.0,469.0,960.0,469.0,1919.0,469.0,0.0,-1.0,469.0
1643,27.4093,0.0,469.0,950.0,469.0,0.0,-1.0,469.0,960.0,469.0,1919.0,469.0,0.0,-1.0,469.0
1644,27.4259,0.0,469.0,950.0,469.0,0.0,-1.0,469.0,960.0,469.0,1919.0,469.0,0.0,-1.0,469.0
1645,27.4426,0.0,469.0,950.0,469.0,0.0,-1.0,469.0,960.0,469.0,1919.0,469.0,0.0,-1.0,469.0
1646,27.4593,0.0,469.0,950.0,469.0,0.0,-1.0,469.0,960.0,469.0,1919.0,469.0,0.0,-1.0,469.0
1647,27.476,0.0,469.0,950.0,469.0,0.0,-1.0,469.0,960.0,469.0,1919.0,469.0,0.0,-1.0,469.0
1648,27.4927,0.0,469.0,950.0,469.0,0.0,-1.0,469.0,960.0,469.0,1919.0,469.0,0.0,-1.0,469.0
1649,27.5094,0.0,469.0,950.0,469.0,0.0,-1.0,469.0,960.0,469.0,1919.0,469.0,0.0,-1.0,469.0
1650,27.526,0.0,469.0,950.0,469.0,0.0,-1.0,469.0,960.0,469.0,1919.0,469.0,0.0,-1.0,469.0
1651,27.5427,0.0,469.0,950.0,469.0,0.0,-1.0,469.0,960.0,469.0,1919.0,469.0,0.0,-1.0,469.0
1652,27.5594,0.0,469.0,950.0,469.0,0.0,-1.0,469.0,960.0,469.0,1919.0,469.0,0.0,-1.0,469.0
1653,27.5761,0.0,469.0,950.0,469.0,0.0,-1.0,469.0,960.0,469.0,1919.0,469.0,0.0,-1.0,469.0
1654,27.5928,0.0,469.0,950.0,469.0,0.0,-1.0,469.0,960.0,469.0,1919.0,469.0,0.0,-1.0,469.0
1655,27.6094,0.0,469.0,950.0,469.0,0.0,-1.0,469.0,960.0,469.0,1919.0,469.0,0.0,-1.0,469.0
1656,27.6261,0.0,469.0,950.0,469.0,0.0,-1.0,469.0,960.0,469.0,1919.0,469.0,0.0,-1.0,469.0
1657,27.6428,0.0,469.0,950.0,469.0,0.0,-1.0,469.0,960.0,469.0,1919.0,469.0,0.0,-1.0,469.0
1658,27.6595,0.0,469.0,950.0,469.0,0.0,-1.0,469.0,960.0,469.0,1919.0,469.0,0.0,-1.0,469.0
1659,27.6762,0.0,469.0,950.0,469.0,0.0,-1.0,469.0,960.0,469.0,1919.0,469.0,0.0,-1.0,469.0
1660,27.6929,0.0,469.0,950.0,469.0,0.0,-1.0,469.0,960.0,469.0,1919.0,469.0,0.0,-1.0,469.0
1661,27.7095,0.0,469.0,950.0,469.0,0.0,-1.0,469.0,960.0,469.0,1919.0,469.0,0.0,-1.0,469.0
1662,27.7262,0.0,469.0,950.0,469.0,0.0,-1.0,469.0,960.0,469.0,1919.0,469.0,0.0,-1.0,469.0
1663,27.7429,0.0,469.0,950.0,469.0,0.0,-1.0,469.0,960.0,469.0,1919.0,469.0,0.0,-1.0,469.0
1664,27.7596,0.0,469.0,950.0,469.0,0.0,-1.0,469.0,960.0,469.0,1919.0,469.0,0.0,-1.0,469.0
1665,27.7763,0.0,469.0,950.0,469.0,0.0,-1.0,469.0,960.0,469.0,1919.0,469.0,0.0,-1.0,469.0
1666,27.793,0.0,469.0,950.0,469.0,0.0,-1.0,469.0,960.0,469.0,1919.0,469.0,0.0,-1.0,469.0
1667,27.8096,0.0,469.0,950.0,469.0,0.0,-1.0,469.0,960.0,469.0,1919.0,469.0,0.0,-1.0,469.0
1668,27.8263,0.0,469.0,950.0,469.0,0.0,-1.0,469.0,960.0,469.0,1919.0,469.0,0.0,-1.0,469.0
1669,27.843,0.0,469.0,950.0,469.0,0.0,-1.0,469.0,960.0,469.0,1919.0,469.0,0.0,-1.0,469.0
1670,27.8597,0.0,469.0,950.0,469.0,0.0,-1.0,469.0,960.0,469.0,1919.0,469.0,0.0,-1.0,469.0
1671,27.8764,0.0,469.0,950.0,469.0,0.0,-1.0,469.0,960.0,469.0,1919.0,469.0,0.0,-1.0,469.0
1672,27.893,0.0,469.0,950.0,469.0,0.0,-1.0,469.0,960.0,469.0,1919.0,469.0,0.0,-1.0,469.0
1673,27.9097,0.0,469.0,950.0,469.0,0.0,-1.0,469.0,960.0,469.0,1919.0,469.0,0.0,-1.0,469.0
1674,27.9264,0.0,469.0,950.0,469.0,0.0,-1.0,469.0,960.0,469.0,1919.0,469.0,0.0,-1.0,469.0
1675,27.9431,0.0,469.0,950.0,469.0,0.0,-1.0,469.0,960.0,469.0,1919.0,469.0,0.0,-1.0,469.0
1676,27.9598,0.0,469.0,950.0,469.0,0.0,-1.0,469.0,960.0,469.0,1919.0,469.0,0.0,-1.0,469.0
1677,27.9765,0.0,469.0,950.0,469.0,0.0,-1.0,469.0,960.0,469.0,1919.0,469.0,0.0,-1.0,469.0
1678,27.9931,0.0,469.0,950.0,469.0,0.0,-1.0,469.0,960.0,469.0,1919.0,469.0,0.0,-1.0,469.0
1679,28.0098,0.0,469.0,950.0,469.0,0.0,-1.0,469.0,960.0,469.0,1919.0,469.0,0.0,-1.0,469.0
1680,28.0265,0.0,469.0,950.0,469.0,0.0,-1.0,469.0,960.0,469.0,1919.0,469.0,0.0,-1.0,469.0
1681,28.0432,0.0,469.0,950.0,469.0,0.0,-1.0,469.0,960.0,469.0,1919.0,469.0,0.0,-1.0,469.0
1682,28.0599,0.0,469.0,950.0,469.0,0.0,-1.0,469.0,960.0,469.0,1919.0,469.0,0.0,-1.0,469.0
1683,28.0766,0.0,469.0,950.0,469.0,0.0,-1.0,469.0,960.0,469.0,1919.0,469.0,0.0,-1.0,469.0
1684,28.0932,0.0,469.0,950.0,469.0,0.0,-1.0,469.0,960.0,469.0,1919.0,469.0,0.0,-1.0,469.0
1685,28.1099,0.0,469.0,950.0,469.0,0.0,-1.0,469.0,960.0,469.0,1919.0,469.0,0.0,-1.0,469.0
1686,28.1266,0.0,469.0,950.0,469.0,0.0,-1.0,469.0,960.0,469.0,1919.0,469.0,0.0,-1.0,469.0
1687,28.1433,0.0,469.0,950.0,469.0,0.0,-1.0,469.0,960.0,469.0,1919.0,469.0,0.0,-1.0,469.0
1688,28.16,0.0,469.0,950.0,469.0,0.0,-1.0,469.0,960.0,469.0,1919.0,469.0,0.0,-1.0,469.0
1689,28.1767,0.0,469.0,950.0,469.0,0.0,-1.0,469.0,960.0,469.0,1919.0,469.0,0.0,-1.0,469.0
1690,28.1933,0.0,469.0,950.0,469.0,0.0,-1.0,469.0,960.0,469.0,1919.0,469.0,0.0,-1.0,469.0
1691,28.21,0.0,469.0,950.0,469.0,0.0,-1.0,469.0,960.0,469.0,1919.0,469.0,0.0,-1.0,469.0
1692,28.2267,0.0,469.0,950.0,469.0,0.0,-1.0,469.0,960.0,469.0,1919.0,469.0,0.0,-1.0,469.0
1693,28.2434,0.0,469.0,950.0,469.0,0.0,-1.0,469.0,960.0,469.0,1919.0,469.0,0.0,-1.0,469.0
1694,28.2601,0.0,469.0,950.0,469.0,0.0,-1.0,469.0,960.0,469.0,1919.0,469.0,0.0,-1.0,469.0
1695,28.2767,0.0,469.0,950.0,469.0,0.0,-1.0,469.0,960.0,469.0,1919.0,469.0,0.0,-1.0,469.0
1696,28.2934,0.0,469.0,950.0,469.0,0.0,-1.0,469.0,960.0,469.0,1919.0,469.0,0.0,-1.0,469.0
1697,28.3101,0.0,469.0,950.0,469.0,0.0,-1.0,469.0,960.0,469.0,1919.0,469.0,0.0,-1.0,469.0
1698,28.3268,0.0,469.0,950.0,469.0,0.0,-1.0,469.0,960.0,469.0,1919.0,469.0,0.0,-1.0,469.0
1699,28.3435,0.0,469.0,950.0,469.0,0.0,-1.0,469.0,960.0,469.0,1919.0,469.0,0.0,-1.0,469.0
1700,28.3602,0.0,469.0,950.0,469.0,0.0,-1.0,469.0,960.0,469.0,1919.0,469.0,0.0,-1.0,469.0
1701,28.3768,0.0,469.0,950.0,469.0,0.0,-1.0,469.0,960.0,469.0,1919.0,469.0,0.0,-1.0,469.0
1702,28.3935,0.0,469.0,950.0,469.0,0.0,-1.0,469.0,960.0,469.0,1919.0,469.0,0.0,-1.0,469.0
1703,28.4102,0.0,469.0,950.0,469.0,0.0,-1.0,469.0,960.0,469.0,1919.0,469.0,0.0,-1.0,469.0
1704,28.4269,0.0,469.0,950.0,469.0,0.0,-1.0,469.0,960.0,469.0,1919.0,469.0,0.0,-1.0,469.0
1705,28.4436,0.0,469.0,950.0,469.0,0.0,-1.0,469.0,960.0,469.0,1919.0,469.0,0.0,-1.0,469.0
1706,28.4603,0.0,469.0,950.0,469.0,0.0,-1.0,469.0,960.0,469.0,1919.0,469.0,0.0,-1.0,469.0
1707,28.4769,0.0,469.0,950.0,469.0,0.0,-1.0,469.0,960.0,469.0,1919.0,469.0,0.0,-1.0,469.0
1708,28.4936,0.0,469.0,950.0,469.0,0.0,-1.0,469.0,960.0,469.0,1919.0,469.0,0.0,-1.0,469.0
1709,28.5103,0.0,469.0,950.0,469.0,0.0,-1.0,469.0,960.0,469.0,1919.0,469.0,0.0,-1.0,469.0
1710,28.527,0.0,469.0,950.0,469.0,0.0,-1.0,469.0,960.0,469.0,1919.0,469.0,0.0,-1.0,469.0
1711,28.5437,0.0,469.0,950.0,469.0,0.0,-1.0,469.0,960.0,469.0,1919.0,469.0,0.0,-1.0,469.0
1712,28.5603,0.0,469.0,950.0,469.0,0.0,-1.0,469.0,960.0,469.0,1919.0,469.0,0.0,-1.0,469.0
1713,28.577,0.0,469.0,950.0,469.0,0.0,-1.0,469.0,960.0,469.0,1919.0,469.0,0.0,-1.0,469.0
1714,28.5937,0.0,469.0,950.0,469.0,0.0,-1.0,469.0,960.0,469.0,1919.0,469.0,0.0,-1.0,469.0
1715,28.6104,0.0,469.0,950.0,469.0,0.0,-1.0,469.0,960.0,469.0,1919.0,469.0,0.0,-1.0,469.0
1716,28.6271,0.0,469.0,950.0,469.0,0.0,-1.0,469.0,960.0,469.0,1919.0,469.0,0.0,-1.0,469.0
1717,28.6438,0.0,469.0,950.0,469.0,0.0,-1.0,469.0,960.0,469.0,1919.0,469.0,0.0,-1.0,469.0
1718,28.6604,0.0,469.0,950.0,469.0,0.0,-1.0,469.0,960.0,469.0,1919.0,469.0,0.0,-1.0,469.0
1719,28.6771,0.0,469.0,950.0,469.0,0.0,-1.0,469.0,960.0,469.0,1919.0,469.0,0.0,-1.0,469.0
1720,28.6938,0.0,469.0,950.0,469.0,0.0,-1.0,469.0,960.0,469.0,1919.0,469.0,0.0,-1.0,469.0
1721,28.7105,0.0,469.0,950.0,469.0,0.0,-1.0,469.0,960.0,469.0,1919.0,469.0,0.0,-1.0,469.0
1722,28.7272,0.0,469.0,950.0,469.0,0.0,-1.0,469.0,960.0,469.0,1919.0,469.0,0.0,-1.0,469.0
1723,28.7439,0.0,469.0,950.0,469.0,0.0,-1.0,469.0,960.0,469.0,1919.0,469.0,0.0,-1.0,469.0
1724,28.7605,0.0,469.0,950.0,469.0,0.0,-1.0,469.0,960.0,469.0,1919.0,469.0,0.0,-1.0,469.0
1725,28.7772,0.0,469.0,950.0,469.0,0.0,-1.0,469.0,960.0,469.0,1919.0,469.0,0.0,-1.0,469.0
1726,28.7939,0.0,469.0,950.0,469.0,0.0,-1.0,469.0,960.0,469.0,1919.0,469.0,0.0,-1.0,469.0
1727,28.8106,0.0,469.0,950.0,469.0,0.0,-1.0,469.0,960.0,469.0,1919.0,469.0,0.0,-1.0,469.0
1728,28.8273,0.0,469.0,950.0,469.0,0.0,-1.0,469.0,960.0,469.0,1919.0,469.0,0.0,-1.0,469.0
1729,28.8439,0.0,469.0,950.0,469.0,0.0,-1.0,469.0,960.0,469.0,1919.0,469.0,0.0,-1.0,469.0
1730,28.8606,0.0,469.0,950.0,469.0,0.0,-1.0,469.0,960.0,469.0,1919.0,469.0,0.0,-1.0,469.0
1731,28.8773,0.0,469.0,950.0,469.0,0.0,-1.0,469.0,960.0,469.0,1919.0,469.0,0.0,-1.0,469.0
1732,28.894,0.0,469.0,950.0,469.0,0.0,-1.0,469.0,960.0,469.0,1919.0,469.0,0.0,-1.0,469.0
1733,28.9107,0.0,469.0,950.0,469.0,0.0,-1.0,469.0,960.0,469.0,1919.0,469.0,0.0,-1.0,469.0
1734,28.9274,0.0,469.0,950.0,469.0,0.0,-1.0,469.0,960.0,469.0,1919.0,469.0,0.0,-1.0,469.0
1735,28.944,0.0,469.0,950.0,469.0,0.0,-1.0,469.0,960.0,469.0,1919.0,469.0,0.0,-1.0,469.0
1736,28.9607,0.0,469.0,950.0,469.0,0.0,-1.0,469.0,960.0,469.0,1919.0,469.0,0.0,-1.0,469.0
1737,28.9774,0.0,469.0,950.0,469.0,0.0,-1.0,469.0,960.0,469.0,1919.0,469.0,0.0,-1.0,469.0
1738,28.9941,0.0,469.0,950.0,469.0,0.0,-1.0,469.0,960.0,469.0,1919.0,469.0,0.0,-1.0,469.0
1739,29.0108,0.0,469.0,950.0,469.0,0.0,-1.0,469.0,960.0,469.0,1919.0,469.0,0.0,-1.0,469.0
1740,29.0275,0.0,469.0,950.0,469.0,0.0,-1.0,469.0,960.0,469.0,1919.0,469.0,0.0,-1.0,469.0
1741,29.0441,0.0,469.0,950.0,469.0,0.0,-1.0,469.0,960.0,469.0,1919.0,469.0,0.0,-1.0,469.0
1742,29.0608,0.0,469.0,950.0,469.0,0.0,-1.0,469.0,960.0,469.0,1919.0,469.0,0.0,-1.0,469.0
1743,29.0775,0.0,469.0,950.0,469.0,0.0,-1.0,469.0,960.0,469.0,1919.0,469.0,0.0,-1.0,469.0
1744,29.0942,0.0,469.0,950.0,469.0,0.0,-1.0,469.0,960.0,469.0,1919.0,469.0,0.0,-1.0,469.0
1745,29.1109,0.0,469.0,950.0,469.0,0.0,-1.0,469.0,960.0,469.0,1919.0,469.0,0.0,-1.0,469.0
1746,29.1276,0.0,469.0,950.0,469.0,0.0,-1.0,469.0,960.0,469.0,1919.0,469.0,0.0,-1.0,469.0
1747,29.1442,0.0,469.0,950.0,469.0,0.0,-1.0,469.0,960.0,469.0,1919.0,469.0,0.0,-1.0,469.0
1748,29.1609,0.0,469.0,950.0,469.0,0.0,-1.0,469.0,960.0,469.0,1919.0,469.0,0.0,-1.0,469.0
1749,29.1776,0.0,469.0,950.0,469.0,0.0,-1.0,469.0,960.0,469.0,1919.0,469.0,0.0,-1.0,469.0
1750,29.1943,0.0,469.0,950.0,469.0,0.0,-1.0,469.0,960.0,469.0,1919.0,469.0,0.0,-1.0,469.0
1751,29.211,0.0,469.0,950.0,469.0,0.0,-1.0,469.0,960.0,469.0,1919.0,469.0,0.0,-1.0,469.0
1752,29.2276,0.0,469.0,950.0,469.0,0.0,-1.0,469.0,960.0,469.0,1919.0,469.0,0.0,-1.0,469.0
1753,29.2443,0.0,469.0,950.0,469.0,0.0,-1.0,469.0,960.0,469.0,1919.0,469.0,0.0,-1.0,469.0
1754,29.261,0.0,469.0,950.0,469.0,0.0,-1.0,469.0,960.0,469.0,1919.0,469.0,0.0,-1.0,469.0
1755,29.2777,0.0,469.0,950.0,469.0,0.0,-1.0,469.0,960.0,469.0,1919.0,469.0,0.0,-1.0,469.0
1756,29.2944,0.0,469.0,950.0,469.0,0.0,-1.0,469.0,960.0,469.0,1919.0,469.0,0.0,-1.0,469.0
1757,29.3111,0.0,469.0,950.0,469.0,0.0,-1.0,469.0,960.0,469.0,1919.0,469.0,0.0,-1.0,469.0
1758,29.3277,0.0,469.0,950.0,469.0,0.0,-1.0,469.0,960.0,469.0,1919.0,469.0,0.0,-1.0,469.0
1759,29.3444,0.0,469.0,950.0,469.0,0.0,-1.0,469.0,960.0,469.0,1919.0,469.0,0.0,-1.0,469.0
1760,29.3611,0.0,469.0,950.0,469.0,0.0,-1.0,469.0,960.0,469.0,1919.0,469.0,0.0,-1.0,469.0
1761,29.3778,0.0,469.0,950.0,469.0,0.0,-1.0,469.0,960.0,469.0,1919.0,469.0,0.0,-1.0,469.0
1762,29.3945,0.0,469.0,950.0,469.0,0.0,-1.0,469.0,960.0,469.0,1919.0,469.0,0.0,-1.0,469.0
1763,29.4112,0.0,469.0,950.0,469.0,0.0,-1.0,469.0,960.0,469.0,1919.0,469.0,0.0,-1.0,469.0
1764,29.4278,0.0,469.0,950.0,469.0,0.0,-1.0,469.0,960.0,469.0,1919.0,469.0,0.0,-1.0,469.0
1765,29.4445,0.0,469.0,950.0,469.0,0.0,-1.0,469.0,960.0,469.0,1919.0,469.0,0.0,-1.0,469.0
1766,29.4612,0.0,469.0,950.0,469.0,0.0,-1.0,469.0,960.0,469.0,1919.0,469.0,0.0,-1.0,469.0
1767,29.4779,0.0,469.0,950.0,469.0,0.0,-1.0,469.0,960.0,469.0,1919.0,469.0,0.0,-1.0,469.0
1768,29.4946,0.0,469.0,950.0,469.0,0.0,-1.0,469.0,960.0,469.0,1919.0,469.0,0.0,-1.0,469.0
1769,29.5112,0.0,469.0,950.0,469.0,0.0,-1.0,469.0,960.0,469.0,1919.0,469.0,0.0,-1.0,469.0
1770,29.5279,0.0,469.0,950.0,469.0,0.0,-1.0,469.0,960.0,469.0,1919.0,469.0,0.0,-1.0,469.0
1771,29.5446,0.0,469.0,950.0,469.0,0.0,-1.0,469.0,960.0,469.0,1919.0,469.0,0.0,-1.0,469.0
1772,29.5613,0.0,469.0,950.0,469.0,0.0,-1.0,469.0,960.0,469.0,1919.0,469.0,0.0,-1.0,469.0
1773,29.578,0.0,469.0,950.0,469.0,0.0,-1.0,469.0,960.0,469.0,1919.0,469.0,0.0,-1.0,469.0
1774,29.5947,0.0,469.0,950.0,469.0,0.0,-1.0,469.0,960.0,469.0,1919.0,469.0,0.0,-1.0,469.0
1775,29.6113,0.0,469.0,950.0,469.0,0.0,-1.0,469.0,960.0,469.0,1919.0,469.0,0.0,-1.0,469.0
1776,29.628,0.0,469.0,950.0,469.0,0.0,-1.0,469.0,960.0,469.0,1919.0,469.0,0.0,-1.0,469.0
1777,29.6447,0.0,469.0,950.0,469.0,0.0,-1.0,469.0,960.0,469.0,1919.0,469.0,0.0,-1.0,469.0
1778,29.6614,0.0,469.0,950.0,469.0,0.0,-1.0,469.0,960.0,469.0,1919.0,469.0,0.0,-1.0,469.0
1779,29.6781,0.0,469.0,950.0,469.0,0.0,-1.0,469.0,960.0,469.0,1919.0,469.0,0.0,-1.0,469.0
1780,29.6948,0.0,469.0,950.0,469.0,0.0,-1.0,469.0,960.0,469.0,1919.0,469.0,0.0,-1.0,469.0
1781,29.7114,0.0,469.0,950.0,469.0,0.0,-1.0,469.0,960.0,469.0,1919.0,469.0,0.0,-1.0,469.0
1782,29.7281,0.0,469.0,950.0,469.0,0.0,-1.0,469.0,960.0,469.0,1919.0,469.0,0.0,-1.0,469.0
1783,29.7448,0.0,469.0,950.0,469.0,0.0,-1.0,469.0,960.0,469.0,1919.0,469.0,0.0,-1.0,469.0
1784,29.7615,0.0,469.0,950.0,469.0,0.0,-1.0,469.0,960.0,469.0,1919.0,469.0,0.0,-1.0,469.0
1785,29.7782,0.0,469.0,950.0,469.0,0.0,-1.0,469.0,960.0,469.0,1919.0,469.0,0.0,-1.0,469.0
1786,29.7948,0.0,469.0,950.0,469.0,0.0,-1.0,469.0,960.0,469.0,1919.0,469.0,0.0,-1.0,469.0
1787,29.8115,0.0,469.0,950.0,469.0,0.0,-1.0,469.0,960.0,469.0,1919.0,469.0,0.0,-1.0,469.0
1788,29.8282,0.0,469.0,950.0,469.0,0.0,-1.0,469.0,960.0,469.0,1919.0,469.0,0.0,-1.0,469.0
1789,29.8449,0.0,469.0,950.0,469.0,0.0,-1.0,469.0,960.0,469.0,1919.0,469.0,0.0,-1.0,469.0
1790,29.8616,0.0,469.0,950.0,469.0,0.0,-1.0,469.0,960.0,469.0,1919.0,469.0,0.0,-1.0,469.0
1791,29.8783,0.0,469.0,950.0,469.0,0.0,-1.0,469.0,960.0,469.0,1919.0,469.0,0.0,-1.0,469.0
1792,29.8949,0.0,469.0,950.0,469.0,0.0,-1.0,469.0,960.0,469.0,1919.0,469.0,0.0,-1.0,469.0
1793,29.9116,0.0,469.0,950.0,469.0,0.0,-1.0,469.0,960.0,469.0,1919.0,469.0,0.0,-1.0,469.0
1794,29.9283,0.0,469.0,950.0,469.0,0.0,-1.0,469.0,960.0,469.0,1919.0,469.0,0.0,-1.0,469.0
1795,29.945,0.0,469.0,950.0,469.0,0.0,-1.0,469.0,960.0,469.0,1919.0,469.0,0.0,-1.0,469.0
1796,29.9617,0.0,469.0,950.0,469.0,0.0,-1.0,469.0,960.0,469.0,1919.0,469.0,0.0,-1.0,469.0
1797,29.9784,0.0,469.0,950.0,469.0,0.0,-1.0,469.0,960.0,469.0,1919.0,469.0,0.0,-1.0,469.0
1798,29.995,0.0,469.0,950.0,469.0,0.0,-1.0,469.0,960.0,469.0,1919.0,469.0,0.0,-1.0,469.0
1799,30.0117,0.0,469.0,950.0,469.0,0.0,-1.0,469.0,960.0,469.0,1919.0,469.0,0.0,-1.0,469.0
1800,30.0284,0.0,469.0,950.0,469.0,0.0,-1.0,469.0,960.0,469.0,1919.0,469.0,0.0,-1.0,469.0
1801,30.0451,0.0,469.0,950.0,469.0,0.0,-1.0,469.0,960.0,469.0,1919.0,469.0,0.0,-1.0,469.0
1802,30.0618,0.0,469.0,950.0,469.0,0.0,-1.0,469.0,960.0,469.0,1919.0,469.0,0.0,-1.0,469.0
1803,30.0784,0.0,469.0,950.0,469.0,0.0,-1.0,469.0,960.0,469.0,1919.0,469.0,0.0,-1.0,469.0
1804,30.0951,0.0,469.0,950.0,469.0,0.0,-1.0,469.0,960.0,469.0,1919.0,469.0,0.0,-1.0,469.0
1805,30.1118,0.0,469.0,950.0,469.0,0.0,-1.0,469.0,960.0,469.0,1919.0,469.0,0.0,-1.0,469.0
1806,30.1285,0.0,469.0,950.0,469.0,0.0,-1.0,469.0,960.0,469.0,1919.0,469.0,0.0,-1.0,469.0
1807,30.1452,0.0,469.0,950.0,469.0,0.0,-1.0,469.0,960.0,469.0,1919.0,469.0,0.0,-1.0,469.0
1808,30.1619,0.0,469.0,950.0,469.0,0.0,-1.0,469.0,960.0,469.0,1919.0,469.0,0.0,-1.0,469.0
1809,30.1785,0.0,469.0,950.0,469.0,0.0,-1.0,469.0,960.0,469.0,1919.0,469.0,0.0,-1.0,469.0
1810,30.1952,0.0,469.0,950.0,469.0,0.0,-1.0,469.0,960.0,469.0,1919.0,469.0,0.0,-1.0,469.0
1811,30.2119,0.0,469.0,950.0,469.0,0.0,-1.0,469.0,960.0,469.0,1919.0,469.0,0.0,-1.0,469.0
1812,30.2286,0.0,469.0,950.0,469.0,0.0,-1.0,469.0,960.0,469.0,1919.0,469.0,0.0,-1.0,469.0
1813,30.2453,0.0,469.0,950.0,469.0,0.0,-1.0,469.0,960.0,469.0,1919.0,469.0,0.0,-1.0,469.0
1814,30.262,0.0,469.0,950.0,469.0,0.0,-1.0,469.0,960.0,469.0,1919.0,469.0,0.0,-1.0,469.0
1815,30.2786,0.0,469.0,950.0,469.0,0.0,-1.0,469.0,960.0,469.0,1919.0,469.0,0.0,-1.0,469.0
1816,30.2953,0.0,469.0,950.0,469.0,0.0,-1.0,469.0,960.0,469.0,1919.0,469.0,0.0,-1.0,469.0
1817,30.312,0.0,469.0,950.0,469.0,0.0,-1.0,469.0,960.0,469.0,1919.0,469.0,0.0,-1.0,469.0
1818,30.3287,0.0,469.0,950.0,469.0,0.0,-1.0,469.0,960.0,469.0,1919.0,469.0,0.0,-1.0,469.0
1819,30.3454,0.0,469.0,950.0,469.0,0.0,-1.0,469.0,960.0,469.0,1919.0,469.0,0.0,-1.0,469.0
1820,30.3621,0.0,469.0,950.0,469.0,0.0,-1.0,469.0,960.0,469.0,1919.0,469.0,0.0,-1.0,469.0
1821,30.3787,0.0,469.0,950.0,469.0,0.0,-1.0,469.0,960.0,469.0,1919.0,469.0,0.0,-1.0,469.0
1822,30.3954,0.0,469.0,950.0,469.0,0.0,-1.0,469.0,960.0,469.0,1919.0,469.0,0.0,-1.0,469.0
1823,30.4121,0.0,469.0,950.0,469.0,0.0,-1.0,469.0,960.0,469.0,1919.0,469.0,0.0,-1.0,469.0
1824,30.4288,0.0,469.0,950.0,469.0,0.0,-1.0,469.0,960.0,469.0,1919.0,469.0,0.0,-1.0,469.0
1825,30.4455,0.0,469.0,950.0,469.0,0.0,-1.0,469.0,960.0,469.0,1919.0,469.0,0.0,-1.0,469.0
1826,30.4621,0.0,469.0,950.0,469.0,0.0,-1.0,469.0,960.0,469.0,1919.0,469.0,0.0,-1.0,469.0
1827,30.4788,0.0,469.0,950.0,469.0,0.0,-1.0,469.0,960.0,469.0,1919.0,469.0,0.0,-1.0,469.0
1828,30.4955,0.0,469.0,950.0,469.0,0.0,-1.0,469.0,960.0,469.0,1919.0,469.0,0.0,-1.0,469.0
1829,30.5122,0.0,469.0,950.0,469.0,0.0,-1.0,469.0,960.0,469.0,1919.0,469.0,0.0,-1.0,469.0
1830,30.5289,0.0,469.0,950.0,469.0,0.0,-1.0,469.0,960.0,469.0,1919.0,469.0,0.0,-1.0,469.0
1831,30.5456,0.0,469.0,950.0,469.0,0.0,-1.0,469.0,960.0,469.0,1919.0,469.0,0.0,-1.0,469.0
1832,30.5622,0.0,469.0,950.0,469.0,0.0,-1.0,469.0,960.0,469.0,1919.0,469.0,0.0,-1.0,469.0
1833,30.5789,0.0,469.0,950.0,469.0,0.0,-1.0,469.0,960.0,469.0,1919.0,469.0,0.0,-1.0,469.0
1834,30.5956,0.0,469.0,950.0,469.0,0.0,-1.0,469.0,960.0,469.0,1919.0,469.0,0.0,-1.0,469.0
1835,30.6123,0.0,469.0,950.0,469.0,0.0,-1.0,469.0,960.0,469.0,1919.0,469.0,0.0,-1.0,469.0
1836,30.629,0.0,469.0,950.0,469.0,0.0,-1.0,469.0,960.0,469.0,1919.0,469.0,0.0,-1.0,469.0
1837,30.6457,0.0,469.0,950.0,469.0,0.0,-1.0,469.0,960.0,469.0,1919.0,469.0,0.0,-1.0,469.0
1838,30.6623,0.0,469.0,950.0,469.0,0.0,-1.0,469.0,960.0,469.0,1919.0,469.0,0.0,-1.0,469.0
1839,30.679,0.0,469.0,950.0,469.0,0.0,-1.0,469.0,960.0,469.0,1919.0,469.0,0.0,-1.0,469.0
1840,30.6957,0.0,469.0,950.0,469.0,0.0,-1.0,469.0,960.0,469.0,1919.0,469.0,0.0,-1.0,469.0
1841,30.7124,0.0,469.0,950.0,469.0,0.0,-1.0,469.0,960.0,469.0,1919.0,469.0,0.0,-1.0,469.0
1842,30.7291,0.0,469.0,950.0,469.0,0.0,-1.0,469.0,960.0,469.0,1919.0,469.0,0.0,-1.0,469.0
1843,30.7457,0.0,469.0,950.0,469.0,0.0,-1.0,469.0,960.0,469.0,1919.0,469.0,0.0,-1.0,469.0
1844,30.7624,0.0,469.0,950.0,469.0,0.0,-1.0,469.0,960.0,469.0,1919.0,469.0,0.0,-1.0,469.0
1845,30.7791,0.0,469.0,950.0,469.0,0.0,-1.0,469.0,960.0,469.0,1919.0,469.0,0.0,-1.0,469.0
1846,30.7958,0.0,469.0,950.0,469.0,0.0,-1.0,469.0,960.0,469.0,1919.0,469.0,0.0,-1.0,469.0
1847,30.8125,0.0,469.0,950.0,469.0,0.0,-1.0,469.0,960.0,469.0,1919.0,469.0,0.0,-1.0,469.0
1848,30.8292,0.0,469.0,950.0,469.0,0.0,-1.0,469.0,960.0,469.0,1919.0,469.0,0.0,-1.0,469.0
1849,30.8458,0.0,469.0,950.0,469.0,0.0,-1.0,469.0,960.0,469.0,1919.0,469.0,0.0,-1.0,469.0
1850,30.8625,0.0,469.0,950.0,469.0,0.0,-1.0,469.0,960.0,469.0,1919.0,469.0,0.0,-1.0,469.0
1851,30.8792,0.0,469.0,950.0,469.0,0.0,-1.0,469.0,960.0,469.0,1919.0,469.0,0.0,-1.0,469.0
1852,30.8959,0.0,469.0,950.0,469.0,0.0,-1.0,469.0,960.0,469.0,1919.0,469.0,0.0,-1.0,469.0
1853,30.9126,0.0,469.0,950.0,469.0,0.0,-1.0,469.0,960.0,469.0,1919.0,469.0,0.0,-1.0,469.0
1854,30.9293,0.0,469.0,950.0,469.0,0.0,-1.0,469.0,960.0,469.0,1919.0,469.0,0.0,-1.0,469.0
1855,30.9459,0.0,469.0,950.0,469.0,0.0,-1.0,469.0,960.0,469.0,1919.0,469.0,0.0,-1.0,469.0
1856,30.9626,0.0,469.0,950.0,469.0,0.0,-1.0,469.0,960.0,469.0,1919.0,469.0,0.0,-1.0,469.0
1857,30.9793,0.0,469.0,950.0,469.0,0.0,-1.0,469.0,960.0,469.0,1919.0,469.0,0.0,-1.0,469.0
1858,30.996,0.0,469.0,950.0,469.0,0.0,-1.0,469.0,960.0,469.0,1919.0,469.0,0.0,-1.0,469.0
1859,31.0127,0.0,469.0,950.0,469.0,0.0,-1.0,469.0,960.0,469.0,1919.0,469.0,0.0,-1.0,469.0
1860,31.0293,0.0,469.0,950.0,469.0,0.0,-1.0,469.0,960.0,469.0,1919.0,469.0,0.0,-1.0,469.0
1861,31.046,0.0,469.0,950.0,469.0,0.0,-1.0,469.0,960.0,469.0,1919.0,469.0,0.0,-1.0,469.0
1862,31.0627,0.0,469.0,950.0,469.0,0.0,-1.0,469.0,960.0,469.0,1919.0,469.0,0.0,-1.0,469.0
1863,31.0794,0.0,469.0,950.0,469.0,0.0,-1.0,469.0,960.0,469.0,1919.0,469.0,0.0,-1.0,469.0
1864,31.0961,0.0,469.0,950.0,469.0,0.0,-1.0,469.0,960.0,469.0,1919.0,469.0,0.0,-1.0,469.0
1865,31.1128,0.0,469.0,950.0,469.0,0.0,-1.0,469.0,960.0,469.0,1919.0,469.0,0.0,-1.0,469.0
1866,31.1294,0.0,469.0,950.0,469.0,0.0,-1.0,469.0,960.0,469.0,1919.0,469.0,0.0,-1.0,469.0
1867,31.1461,0.0,469.0,950.0,469.0,0.0,-1.0,469.0,960.0,469.0,1919.0,469.0,0.0,-1.0,469.0
1868,31.1628,0.0,469.0,950.0,469.0,0.0,-1.0,469.0,960.0,469.0,1919.0,469.0,0.0,-1.0,469.0
1869,31.1795,0.0,469.0,950.0,469.0,0.0,-1.0,469.0,960.0,469.0,1919.0,469.0,0.0,-1.0,469.0
1870,31.1962,0.0,469.0,950.0,469.0,0.0,-1.0,469.0,960.0,469.0,1919.0,469.0,0.0,-1.0,469.0
1871,31.2129,0.0,469.0,950.0,469.0,0.0,-1.0,469.0,960.0,469.0,1919.0,469.0,0.0,-1.0,469.0
1872,31.2295,0.0,469.0,950.0,469.0,0.0,-1.0,469.0,960.0,469.0,1919.0,469.0,0.0,-1.0,469.0
1873,31.2462,0.0,469.0,950.0,469.0,0.0,-1.0,469.0,960.0,469.0,1919.0,469.0,0.0,-1.0,469.0
1874,31.2629,0.0,469.0,950.0,469.0,0.0,-1.0,469.0,960.0,469.0,1919.0,469.0,0.0,-1.0,469.0
1875,31.2796,0.0,469.0,950.0,469.0,0.0,-1.0,469.0,960.0,469.0,1919.0,469.0,0.0,-1.0,469.0
1876,31.2963,0.0,469.0,950.0,469.0,0.0,-1.0,469.0,960.0,469.0,1919.0,469.0,0.0,-1.0,469.0
1877,31.313,0.0,469.0,950.0,469.0,0.0,-1.0,469.0,960.0,469.0,1919.0,469.0,0.0,-1.0,469.0
1878,31.3296,0.0,469.0,950.0,469.0,0.0,-1.0,469.0,960.0,469.0,1919.0,469.0,0.0,-1.0,469.0
1879,31.3463,0.0,469.0,950.0,469.0,0.0,-1.0,469.0,960.0,469.0,1919.0,469.0,0.0,-1.0,469.0
1880,31.363,0.0,469.0,950.0,469.0,0.0,-1.0,469.0,960.0,469.0,1919.0,469.0,0.0,-1.0,469.0
1881,31.3797,0.0,469.0,950.0,469.0,0.0,-1.0,469.0,960.0,469.0,1919.0,469.0,0.0,-1.0,469.0
1882,31.3964,0.0,469.0,950.0,469.0,0.0,-1.0,469.0,960.0,469.0,1919.0,469.0,0.0,-1.0,469.0
1883,31.413,0.0,469.0,950.0,469.0,0.0,-1.0,469.0,960.0,469.0,1919.0,469.0,0.0,-1.0,469.0
1884,31.4297,0.0,469.0,950.0,469.0,0.0,-1.0,469.0,960.0,469.0,1919.0,469.0,0.0,-1.0,469.0
1885,31.4464,0.0,469.0,950.0,469.0,0.0,-1.0,469.0,960.0,469.0,1919.0,469.0,0.0,-1.0,469.0
1886,31.4631,0.0,469.0,950.0,469.0,0.0,-1.0,469.0,960.0,469.0,1919.0,469.0,0.0,-1.0,469.0
1887,31.4798,0.0,469.0,950.0,469.0,0.0,-1.0,469.0,960.0,469.0,1919.0,469.0,0.0,-1.0,469.0
1888,31.4965,0.0,469.0,950.0,469.0,0.0,-1.0,469.0,960.0,469.0,1919.0,469.0,0.0,-1.0,469.0
1889,31.5131,0.0,469.0,950.0,469.0,0.0,-1.0,469.0,960.0,469.0,1919.0,469.0,0.0,-1.0,469.0
1890,31.5298,0.0,469.0,950.0,469.0,0.0,-1.0,469.0,960.0,469.0,1919.0,469.0,0.0,-1.0,469.0
1891,31.5465,0.0,469.0,950.0,469.0,0.0,-1.0,469.0,960.0,469.0,1919.0,469.0,0.0,-1.0,469.0
1892,31.5632,0.0,469.0,950.0,469.0,0.0,-1.0,469.0,960.0,469.0,1919.0,469.0,0.0,-1.0,469.0
1893,31.5799,0.0,469.0,950.0,469.0,0.0,-1.0,469.0,960.0,469.0,1919.0,469.0,0.0,-1.0,469.0
1894,31.5966,0.0,469.0,950.0,469.0,0.0,-1.0,469.0,960.0,469.0,1919.0,469.0,0.0,-1.0,469.0
1895,31.6132,0.0,469.0,950.0,469.0,0.0,-1.0,469.0,960.0,469.0,1919.0,469.0,0.0,-1.0,469.0
1896,31.6299,0.0,469.0,950.0,469.0,0.0,-1.0,469.0,960.0,469.0,1919.0,469.0,0.0,-1.0,469.0
1897,31.6466,0.0,469.0,950.0,469.0,0.0,-1.0,469.0,960.0,469.0,1919.0,469.0,0.0,-1.0,469.0
1898,31.6633,0.0,469.0,950.0,469.0,0.0,-1.0,469.0,960.0,469.0,1919.0,469.0,0.0,-1.0,469.0
1899,31.68,0.0,469.0,950.0,469.0,0.0,-1.0,469.0,960.0,469.0,1919.0,469.0,0.0,-1.0,469.0
1900,31.6966,0.0,469.0,950.0,469.0,0.0,-1.0,469.0,960.0,469.0,1919.0,469.0,0.0,-1.0,469.0
1901,31.7133,0.0,469.0,950.0,469.0,0.0,-1.0,469.0,960.0,469.0,1919.0,469.0,0.0,-1.0,469.0
1902,31.73,0.0,469.0,950.0,469.0,0.0,-1.0,469.0,960.0,469.0,1919.0,469.0,0.0,-1.0,469.0
1903,31.7467,0.0,469.0,950.0,469.0,0.0,-1.0,469.0,960.0,469.0,1919.0,469.0,0.0,-1.0,469.0
1904,31.7634,0.0,469.0,950.0,469.0,0.0,-1.0,469.0,960.0,469.0,1919.0,469.0,0.0,-1.0,469.0
1905,31.7801,0.0,469.0,950.0,469.0,0.0,-1.0,469.0,960.0,469.0,1919.0,469.0,0.0,-1.0,469.0
1906,31.7967,0.0,469.0,950.0,469.0,0.0,-1.0,469.0,960.0,469.0,1919.0,469.0,0.0,-1.0,469.0
1907,31.8134,0.0,469.0,950.0,469.0,0.0,-1.0,469.0,960.0,469.0,1919.0,469.0,0.0,-1.0,469.0
1908,31.8301,0.0,469.0,950.0,469.0,0.0,-1.0,469.0,960.0,469.0,1919.0,469.0,0.0,-1.0,469.0
1909,31.8468,0.0,469.0,950.0,469.0,0.0,-1.0,469.0,960.0,469.0,1919.0,469.0,0.0,-1.0,469.0
1910,31.8635,0.0,469.0,950.0,469.0,0.0,-1.0,469.0,960.0,469.0,1919.0,469.0,0.0,-1.0,469.0
1911,31.8802,0.0,469.0,950.0,469.0,0.0,-1.0,469.0,960.0,469.0,1919.0,469.0,0.0,-1.0,469.0
1912,31.8968,0.0,469.0,950.0,469.0,0.0,-1.0,469.0,960.0,469.0,1919.0,469.0,0.0,-1.0,469.0
1913,31.9135,0.0,469.0,950.0,469.0,0.0,-1.0,469.0,960.0,469.0,1919.0,469.0,0.0,-1.0,469.0
1914,31.9302,0.0,469.0,950.0,469.0,0.0,-1.0,469.0,960.0,469.0,1919.0,469.0,0.0,-1.0,469.0
1915,31.9469,0.0,469.0,950.0,469.0,0.0,-1.0,469.0,960.0,469.0,1919.0,469.0,0.0,-1.0,469.0
1916,31.9636,0.0,469.0,950.0,469.0,0.0,-1.0,469.0,960.0,469.0,1919.0,469.0,0.0,-1.0,469.0
1917,31.9802,0.0,469.0,950.0,469.0,0.0,-1.0,469.0,960.0,469.0,1919.0,469.0,0.0,-1.0,469.0
1918,31.9969,0.0,469.0,950.0,469.0,0.0,-1.0,469.0,960.0,469.0,1919.0,469.0,0.0,-1.0,469.0
1919,32.0136,0.0,469.0,950.0,469.0,0.0,-1.0,469.0,960.0,469.0,1919.0,469.0,0.0,-1.0,469.0
1920,32.0303,0.0,469.0,950.0,469.0,0.0,-1.0,469.0,960.0,469.0,1919.0,469.0,0.0,-1.0,469.0
1921,32.047,0.0,469.0,950.0,469.0,0.0,-1.0,469.0,960.0,469.0,1919.0,469.0,0.0,-1.0,469.0
1922,32.0637,0.0,469.0,950.0,469.0,0.0,-1.0,469.0,960.0,469.0,1919.0,469.0,0.0,-1.0,469.0
1923,32.0803,0.0,469.0,950.0,469.0,0.0,-1.0,469.0,960.0,469.0,1919.0,469.0,0.0,-1.0,469.0
1924,32.097,0.0,469.0,950.0,469.0,0.0,-1.0,469.0,960.0,469.0,1919.0,469.0,0.0,-1.0,469.0
1925,32.1137,0.0,469.0,950.0,469.0,0.0,-1.0,469.0,960.0,469.0,1919.0,469.0,0.0,-1.0,469.0
1926,32.1304,0.0,469.0,950.0,469.0,0.0,-1.0,469.0,960.0,469.0,1919.0,469.0,0.0,-1.0,469.0
1927,32.1471,0.0,469.0,950.0,469.0,0.0,-1.0,469.0,960.0,469.0,1919.0,469.0,0.0,-1.0,469.0
1928,32.1638,0.0,469.0,950.0,469.0,0.0,-1.0,469.0,960.0,469.0,1919.0,469.0,0.0,-1.0,469.0
1929,32.1804,0.0,469.0,950.0,469.0,0.0,-1.0,469.0,960.0,469.0,1919.0,469.0,0.0,-1.0,469.0
1930,32.1971,0.0,469.0,950.0,469.0,0.0,-1.0,469.0,960.0,469.0,1919.0,469.0,0.0,-1.0,469.0
1931,32.2138,0.0,469.0,950.0,469.0,0.0,-1.0,469.0,960.0,469.0,1919.0,469.0,0.0,-1.0,469.0
1932,32.2305,0.0,469.0,950.0,469.0,0.0,-1.0,469.0,960.0,469.0,1919.0,469.0,0.0,-1.0,469.0
1933,32.2472,0.0,469.0,950.0,469.0,0.0,-1.0,469.0,960.0,469.0,1919.0,469.0,0.0,-1.0,469.0
1934,32.2639,0.0,469.0,950.0,469.0,0.0,-1.0,469.0,960.0,469.0,1919.0,469.0,0.0,-1.0,469.0
1935,32.2805,0.0,469.0,950.0,469.0,0.0,-1.0,469.0,960.0,469.0,1919.0,469.0,0.0,-1.0,469.0
1936,32.2972,0.0,469.0,950.0,469.0,0.0,-1.0,469.0,960.0,469.0,1919.0,469.0,0.0,-1.0,469.0
1937,32.3139,0.0,469.0,950.0,469.0,0.0,-1.0,469.0,960.0,469.0,1919.0,469.0,0.0,-1.0,469.0
1938,32.3306,0.0,469.0,950.0,469.0,0.0,-1.0,469.0,960.0,469.0,1919.0,469.0,0.0,-1.0,469.0
1939,32.3473,0.0,469.0,950.0,469.0,0.0,-1.0,469.0,960.0,469.0,1919.0,469.0,0.0,-1.0,469.0
1940,32.3639,0.0,469.0,950.0,469.0,0.0,-1.0,469.0,960.0,469.0,1919.0,469.0,0.0,-1.0,469.0
1941,32.3806,0.0,469.0,950.0,469.0,0.0,-1.0,469.0,960.0,469.0,1919.0,469.0,0.0,-1.0,469.0
1942,32.3973,0.0,469.0,950.0,469.0,0.0,-1.0,469.0,960.0,469.0,1919.0,469.0,0.0,-1.0,469.0
1943,32.414,0.0,469.0,950.0,469.0,0.0,-1.0,469.0,960.0,469.0,1919.0,469.0,0.0,-1.0,469.0
1944,32.4307,0.0,469.0,950.0,469.0,0.0,-1.0,469.0,960.0,469.0,1919.0,469.0,0.0,-1.0,469.0
1945,32.4474,0.0,469.0,950.0,469.0,0.0,-1.0,469.0,960.0,469.0,1919.0,469.0,0.0,-1.0,469.0
1946,32.464,0.0,469.0,950.0,469.0,0.0,-1.0,469.0,960.0,469.0,1919.0,469.0,0.0,-1.0,469.0
1947,32.4807,0.0,469.0,950.0,469.0,0.0,-1.0,469.0,960.0,469.0,1919.0,469.0,0.0,-1.0,469.0
1948,32.4974,0.0,469.0,950.0,469.0,0.0,-1.0,469.0,960.0,469.0,1919.0,469.0,0.0,-1.0,469.0
1949,32.5141,0.0,469.0,950.0,469.0,0.0,-1.0,469.0,960.0,469.0,1919.0,469.0,0.0,-1.0,469.0
1950,32.5308,0.0,469.0,950.0,469.0,0.0,-1.0,469.0,960.0,469.0,1919.0,469.0,0.0,-1.0,469.0
1951,32.5475,0.0,469.0,950.0,469.0,0.0,-1.0,469.0,960.0,469.0,1919.0,469.0,0.0,-1.0,469.0
1952,32.5641,0.0,469.0,950.0,469.0,0.0,-1.0,469.0,960.0,469.0,1919.0,469.0,0.0,-1.0,469.0
1953,32.5808,0.0,469.0,950.0,469.0,0.0,-1.0,469.0,960.0,469.0,1919.0,469.0,0.0,-1.0,469.0
1954,32.5975,0.0,469.0,950.0,469.0,0.0,-1.0,469.0,960.0,469.0,1919.0,469.0,0.0,-1.0,469.0
1955,32.6142,0.0,469.0,950.0,469.0,0.0,-1.0,469.0,960.0,469.0,1919.0,469.0,0.0,-1.0,469.0
1956,32.6309,0.0,469.0,950.0,469.0,0.0,-1.0,469.0,960.0,469.0,1919.0,469.0,0.0,-1.0,469.0
1957,32.6475,0.0,469.0,950.0,469.0,0.0,-1.0,469.0,960.0,469.0,1919.0,469.0,0.0,-1.0,469.0
1958,32.6642,0.0,469.0,950.0,469.0,0.0,-1.0,469.0,960.0,469.0,1919.0,469.0,0.0,-1.0,469.0
1959,32.6809,0.0,469.0,950.0,469.0,0.0,-1.0,469.0,960.0,469.0,1919.0,469.0,0.0,-1.0,469.0
1960,32.6976,0.0,469.0,950.0,469.0,0.0,-1.0,469.0,960.0,469.0,1919.0,469.0,0.0,-1.0,469.0
1961,32.7143,0.0,469.0,950.0,469.0,0.0,-1.0,469.0,960.0,469.0,1919.0,469.0,0.0,-1.0,469.0
1962,32.731,0.0,469.0,950.0,469.0,0.0,-1.0,469.0,960.0,469.0,1919.0,469.0,0.0,-1.0,469.0
1963,32.7476,0.0,469.0,950.0,469.0,0.0,-1.0,469.0,960.0,469.0,1919.0,469.0,0.0,-1.0,469.0
1964,32.7643,0.0,469.0,950.0,469.0,0.0,-1.0,469.0,960.0,469.0,1919.0,469.0,0.0,-1.0,469.0
1965,32.781,0.0,469.0,950.0,469.0,0.0,-1.0,469.0,960.0,469.0,1919.0,469.0,0.0,-1.0,469.0
1966,32.7977,0.0,469.0,950.0,469.0,0.0,-1.0,469.0,960.0,469.0,1919.0,469.0,0.0,-1.0,469.0
1967,32.8144,0.0,469.0,950.0,469.0,0.0,-1.0,469.0,960.0,469.0,1919.0,469.0,0.0,-1.0,469.0
1968,32.8311,0.0,469.0,950.0,469.0,0.0,-1.0,469.0,960.0,469.0,1919.0,469.0,0.0,-1.0,469.0
1969,32.8477,0.0,469.0,950.0,469.0,0.0,-1.0,469.0,960.0,469.0,1919.0,469.0,0.0,-1.0,469.0
1970,32.8644,0.0,469.0,950.0,469.0,0.0,-1.0,469.0,960.0,469.0,1919.0,469.0,0.0,-1.0,469.0
1971,32.8811,0.0,469.0,950.0,469.0,0.0,-1.0,469.0,960.0,469.0,1919.0,469.0,0.0,-1.0,469.0
1972,32.8978,0.0,469.0,950.0,469.0,0.0,-1.0,469.0,960.0,469.0,1919.0,469.0,0.0,-1.0,469.0
1973,32.9145,0.0,469.0,950.0,469.0,0.0,-1.0,469.0,960.0,469.0,1919.0,469.0,0.0,-1.0,469.0
1974,32.9311,0.0,469.0,950.0,469.0,0.0,-1.0,469.0,960.0,469.0,1919.0,469.0,0.0,-1.0,469.0
1975,32.9478,0.0,469.0,950.0,469.0,0.0,-1.0,469.0,960.0,469.0,1919.0,469.0,0.0,-1.0,469.0
1976,32.9645,0.0,469.0,950.0,469.0,0.0,-1.0,469.0,960.0,469.0,1919.0,469.0,0.0,-1.0,469.0
1977,32.9812,0.0,469.0,950.0,469.0,0.0,-1.0,469.0,960.0,469.0,1919.0,469.0,0.0,-1.0,469.0
1978,32.9979,0.0,469.0,950.0,469.0,0.0,-1.0,469.0,960.0,469.0,1919.0,469.0,0.0,-1.0,469.0
1979,33.0146,0.0,469.0,950.0,469.0,0.0,-1.0,469.0,960.0,469.0,1919.0,469.0,0.0,-1.0,469.0
1980,33.0312,0.0,469.0,950.0,469.0,0.0,-1.0,469.0,960.0,469.0,1919.0,469.0,0.0,-1.0,469.0
1981,33.0479,0.0,469.0,950.0,469.0,0.0,-1.0,469.0,960.0,469.0,1919.0,469.0,0.0,-1.0,469.0
1982,33.0646,0.0,469.0,950.0,469.0,0.0,-1.0,469.0,960.0,469.0,1919.0,469.0,0.0,-1.0,469.0
1983,33.0813,0.0,469.0,950.0,469.0,0.0,-1.0,469.0,960.0,469.0,1919.0,469.0,0.0,-1.0,469.0
1984,33.098,0.0,469.0,950.0,469.0,0.0,-1.0,469.0,960.0,469.0,1919.0,469.0,0.0,-1.0,469.0
1985,33.1147,0.0,469.0,950.0,469.0,0.0,-1.0,469.0,960.0,469.0,1919.0,469.0,0.0,-1.0,469.0
1986,33.1313,0.0,469.0,950.0,469.0,0.0,-1.0,469.0,960.0,469.0,1919.0,469.0,0.0,-1.0,469.0
1987,33.148,0.0,469.0,950.0,469.0,0.0,-1.0,469.0,960.0,469.0,1919.0,469.0,0.0,-1.0,469.0
1988,33.1647,0.0,469.0,950.0,469.0,0.0,-1.0,469.0,960.0,469.0,1919.0,469.0,0.0,-1.0,469.0
1989,33.1814,0.0,469.0,950.0,469.0,0.0,-1.0,469.0,960.0,469.0,1919.0,469.0,0.0,-1.0,469.0
1990,33.1981,0.0,469.0,950.0,469.0,0.0,-1.0,469.0,960.0,469.0,1919.0,469.0,0.0,-1.0,469.0
1991,33.2147,0.0,469.0,950.0,469.0,0.0,-1.0,469.0,960.0,469.0,1919.0,469.0,0.0,-1.0,469.0
1992,33.2314,0.0,469.0,950.0,469.0,0.0,-1.0,469.0,960.0,469.0,1919.0,469.0,0.0,-1.0,469.0
1993,33.2481,0.0,469.0,950.0,469.0,0.0,-1.0,469.0,960.0,469.0,1919.0,469.0,0.0,-1.0,469.0
1994,33.2648,0.0,469.0,950.0,469.0,0.0,-1.0,469.0,960.0,469.0,1919.0,469.0,0.0,-1.0,469.0
1995,33.2815,0.0,469.0,950.0,469.0,0.0,-1.0,469.0,960.0,469.0,1919.0,469.0,0.0,-1.0,469.0
1996,33.2982,0.0,469.0,950.0,469.0,0.0,-1.0,469.0,960.0,469.0,1919.0,469.0,0.0,-1.0,469.0
1997,33.3148,0.0,469.0,950.0,469.0,0.0,-1.0,469.0,960.0,469.0,1919.0,469.0,0.0,-1.0,469.0
1998,33.3315,0.0,469.0,950.0,469.0,0.0,-1.0,469.0,960.0,469.0,1919.0,469.0,0.0,-1.0,469.0
1999,33.3482,0.0,469.0,950.0,469.0,0.0,-1.0,469.0,960.0,469.0,1919.0,469.0,0.0,-1.0,469.0
2000,33.3649,0.0,469.0,950.0,469.0,0.0,-1.0,469.0,960.0,469.0,1919.0,469.0,0.0,-1.0,469.0
2001,33.3816,0.0,469.0,950.0,469.0,0.0,-1.0,469.0,960.0,469.0,1919.0,469.0,0.0,-1.0,469.0
2002,33.3983,0.0,469.0,950.0,469.0,0.0,-1.0,469.0,960.0,469.0,1919.0,469.0,0.0,-1.0,469.0
2003,33.4149,0.0,469.0,950.0,469.0,0.0,-1.0,469.0,960.0,469.0,1919.0,469.0,0.0,-1.0,469.0
2004,33.4316,0.0,469.0,950.0,469.0,0.0,-1.0,469.0,960.0,469.0,1919.0,469.0,0.0,-1.0,469.0
2005,33.4483,0.0,469.0,950.0,469.0,0.0,-1.0,469.0,960.0,469.0,1919.0,469.0,0.0,-1.0,469.0
2006,33.465,0.0,469.0,950.0,469.0,0.0,-1.0,469.0,960.0,469.0,1919.0,469.0,0.0,-1.0,469.0
2007,33.4817,0.0,469.0,950.0,469.0,0.0,-1.0,469.0,960.0,469.0,1919.0,469.0,0.0,-1.0,469.0
2008,33.4984,0.0,469.0,950.0,469.0,0.0,-1.0,469.0,960.0,469.0,1919.0,469.0,0.0,-1.0,469.0
2009,33.515,0.0,469.0,950.0,469.0,0.0,-1.0,469.0,960.0,469.0,1919.0,469.0,0.0,-1.0,469.0
2010,33.5317,0.0,469.0,950.0,469.0,0.0,-1.0,469.0,960.0,469.0,1919.0,469.0,0.0,-1.0,469.0
2011,33.5484,0.0,469.0,950.0,469.0,0.0,-1.0,469.0,960.0,469.0,1919.0,469.0,0.0,-1.0,469.0
2012,33.5651,0.0,469.0,950.0,469.0,0.0,-1.0,469.0,960.0,469.0,1919.0,469.0,0.0,-1.0,469.0
2013,33.5818,0.0,469.0,950.0,469.0,0.0,-1.0,469.0,960.0,469.0,1919.0,469.0,0.0,-1.0,469.0
2014,33.5984,0.0,469.0,950.0,469.0,0.0,-1.0,469.0,960.0,469.0,1919.0,469.0,0.0,-1.0,469.0
2015,33.6151,0.0,469.0,950.0,469.0,0.0,-1.0,469.0,960.0,469.0,1919.0,469.0,0.0,-1.0,469.0
2016,33.6318,0.0,469.0,950.0,469.0,0.0,-1.0,469.0,960.0,469.0,1919.0,469.0,0.0,-1.0,469.0
2017,33.6485,0.0,469.0,950.0,469.0,0.0,-1.0,469.0,960.0,469.0,1919.0,469.0,0.0,-1.0,469.0
2018,33.6652,0.0,469.0,950.0,469.0,0.0,-1.0,469.0,960.0,469.0,1919.0,469.0,0.0,-1.0,469.0
2019,33.6819,0.0,469.0,950.0,469.0,0.0,-1.0,469.0,960.0,469.0,1919.0,469.0,0.0,-1.0,469.0
2020,33.6985,0.0,469.0,950.0,469.0,0.0,-1.0,469.0,960.0,469.0,1919.0,469.0,0.0,-1.0,469.0
2021,33.7152,0.0,469.0,950.0,469.0,0.0,-1.0,469.0,960.0,469.0,1919.0,469.0,0.0,-1.0,469.0
2022,33.7319,0.0,469.0,950.0,469.0,0.0,-1.0,469.0,960.0,469.0,1919.0,469.0,0.0,-1.0,469.0
2023,33.7486,0.0,469.0,950.0,469.0,0.0,-1.0,469.0,960.0,469.0,1919.0,469.0,0.0,-1.0,469.0
2024,33.7653,0.0,469.0,950.0,469.0,0.0,-1.0,469.0,960.0,469.0,1919.0,469.0,0.0,-1.0,469.0
2025,33.782,0.0,469.0,950.0,469.0,0.0,-1.0,469.0,960.0,469.0,1919.0,469.0,0.0,-1.0,469.0
2026,33.7986,0.0,469.0,950.0,469.0,0.0,-1.0,469.0,960.0,469.0,1919.0,469.0,0.0,-1.0,469.0
2027,33.8153,0.0,469.0,950.0,469.0,0.0,-1.0,469.0,960.0,469.0,1919.0,469.0,0.0,-1.0,469.0
2028,33.832,0.0,469.0,950.0,469.0,0.0,-1.0,469.0,960.0,469.0,1919.0,469.0,0.0,-1.0,469.0
2029,33.8487,0.0,469.0,950.0,469.0,0.0,-1.0,469.0,960.0,469.0,1919.0,469.0,0.0,-1.0,469.0
2030,33.8654,0.0,469.0,950.0,469.0,0.0,-1.0,469.0,960.0,469.0,1919.0,469.0,0.0,-1.0,469.0
2031,33.882,0.0,469.0,950.0,469.0,0.0,-1.0,469.0,960.0,469.0,1919.0,469.0,0.0,-1.0,469.0
2032,33.8987,0.0,469.0,950.0,469.0,0.0,-1.0,469.0,960.0,469.0,1919.0,469.0,0.0,-1.0,469.0
2033,33.9154,0.0,469.0,950.0,469.0,0.0,-1.0,469.0,960.0,469.0,1919.0,469.0,0.0,-1.0,469.0
2034,33.9321,0.0,469.0,950.0,469.0,0.0,-1.0,469.0,960.0,469.0,1919.0,469.0,0.0,-1.0,469.0
2035,33.9488,0.0,469.0,950.0,469.0,0.0,-1.0,469.0,960.0,469.0,1919.0,469.0,0.0,-1.0,469.0
2036,33.9655,0.0,469.0,950.0,469.0,0.0,-1.0,469.0,960.0,469.0,1919.0,469.0,0.0,-1.0,469.0
2037,33.9821,0.0,469.0,950.0,469.0,0.0,-1.0,469.0,960.0,469.0,1919.0,469.0,0.0,-1.0,469.0
2038,33.9988,0.0,469.0,950.0,469.0,0.0,-1.0,469.0,960.0,469.0,1919.0,469.0,0.0,-1.0,469.0
2039,34.0155,0.0,469.0,950.0,469.0,0.0,-1.0,469.0,960.0,469.0,1919.0,469.0,0.0,-1.0,469.0
2040,34.0322,0.0,469.0,950.0,469.0,0.0,-1.0,469.0,960.0,469.0,1919.0,469.0,0.0,-1.0,469.0
2041,34.0489,0.0,469.0,950.0,469.0,0.0,-1.0,469.0,960.0,469.0,1919.0,469.0,0.0,-1.0,469.0
2042,34.0656,0.0,469.0,950.0,469.0,0.0,-1.0,469.0,960.0,469.0,1919.0,469.0,0.0,-1.0,469.0
2043,34.0822,0.0,469.0,950.0,469.0,0.0,-1.0,469.0,960.0,469.0,1919.0,469.0,0.0,-1.0,469.0
2044,34.0989,0.0,469.0,950.0,469.0,0.0,-1.0,469.0,960.0,469.0,1919.0,469.0,0.0,-1.0,469.0
2045,34.1156,0.0,469.0,950.0,469.0,0.0,-1.0,469.0,960.0,469.0,1919.0,469.0,0.0,-1.0,469.0
2046,34.1323,0.0,469.0,950.0,469.0,0.0,-1.0,469.0,960.0,469.0,1919.0,469.0,0.0,-1.0,469.0
2047,34.149,0.0,469.0,950.0,469.0,0.0,-1.0,469.0,960.0,469.0,1919.0,469.0,0.0,-1.0,469.0
2048,34.1656,0.0,469.0,950.0,469.0,0.0,-1.0,469.0,960.0,469.0,1919.0,469.0,0.0,-1.0,469.0
2049,34.1823,0.0,469.0,950.0,469.0,0.0,-1.0,469.0,960.0,469.0,1919.0,469.0,0.0,-1.0,469.0
2050,34.199,0.0,469.0,950.0,469.0,0.0,-1.0,469.0,960.0,469.0,1919.0,469.0,0.0,-1.0,469.0
2051,34.2157,0.0,469.0,950.0,469.0,0.0,-1.0,469.0,960.0,469.0,1919.0,469.0,0.0,-1.0,469.0
2052,34.2324,0.0,469.0,950.0,469.0,0.0,-1.0,469.0,960.0,469.0,1919.0,469.0,0.0,-1.0,469.0
2053,34.2491,0.0,469.0,950.0,469.0,0.0,-1.0,469.0,960.0,469.0,1919.0,469.0,0.0,-1.0,469.0
2054,34.2657,0.0,469.0,950.0,469.0,0.0,-1.0,469.0,960.0,469.0,1919.0,469.0,0.0,-1.0,469.0
2055,34.2824,0.0,469.0,950.0,469.0,0.0,-1.0,469.0,960.0,469.0,1919.0,469.0,0.0,-1.0,469.0
2056,34.2991,0.0,469.0,950.0,469.0,0.0,-1.0,469.0,960.0,469.0,1919.0,469.0,0.0,-1.0,469.0
2057,34.3158,0.0,469.0,950.0,469.0,0.0,-1.0,469.0,960.0,469.0,1919.0,469.0,0.0,-1.0,469.0
2058,34.3325,0.0,469.0,950.0,469.0,0.0,-1.0,469.0,960.0,469.0,1919.0,469.0,0.0,-1.0,469.0
2059,34.3492,0.0,469.0,950.0,469.0,0.0,-1.0,469.0,960.0,469.0,1919.0,469.0,0.0,-1.0,469.0
2060,34.3658,0.0,469.0,950.0,469.0,0.0,-1.0,469.0,960.0,469.0,1919.0,469.0,0.0,-1.0,469.0
2061,34.3825,0.0,469.0,950.0,469.0,0.0,-1.0,469.0,960.0,469.0,1919.0,469.0,0.0,-1.0,469.0
2062,34.3992,0.0,469.0,950.0,469.0,0.0,-1.0,469.0,960.0,469.0,1919.0,469.0,0.0,-1.0,469.0
2063,34.4159,0.0,469.0,950.0,469.0,0.0,-1.0,469.0,960.0,469.0,1919.0,469.0,0.0,-1.0,469.0
2064,34.4326,0.0,469.0,950.0,469.0,0.0,-1.0,469.0,960.0,469.0,1919.0,469.0,0.0,-1.0,469.0
2065,34.4493,0.0,469.0,950.0,469.0,0.0,-1.0,469.0,960.0,469.0,1919.0,469.0,0.0,-1.0,469.0
2066,34.4659,0.0,469.0,950.0,469.0,0.0,-1.0,469.0,960.0,469.0,1919.0,469.0,0.0,-1.0,469.0
2067,34.4826,0.0,469.0,950.0,469.0,0.0,-1.0,469.0,960.0,469.0,1919.0,469.0,0.0,-1.0,469.0
2068,34.4993,0.0,469.0,950.0,469.0,0.0,-1.0,469.0,960.0,469.0,1919.0,469.0,0.0,-1.0,469.0
2069,34.516,0.0,469.0,950.0,469.0,0.0,-1.0,469.0,960.0,469.0,1919.0,469.0,0.0,-1.0,469.0
2070,34.5327,0.0,469.0,950.0,469.0,0.0,-1.0,469.0,960.0,469.0,1919.0,469.0,0.0,-1.0,469.0
2071,34.5493,0.0,469.0,950.0,469.0,0.0,-1.0,469.0,960.0,469.0,1919.0,469.0,0.0,-1.0,469.0
2072,34.566,0.0,469.0,950.0,469.0,0.0,-1.0,469.0,960.0,469.0,1919.0,469.0,0.0,-1.0,469.0
2073,34.5827,0.0,469.0,950.0,469.0,0.0,-1.0,469.0,960.0,469.0,1919.0,469.0,0.0,-1.0,469.0
2074,34.5994,0.0,469.0,950.0,469.0,0.0,-1.0,469.0,960.0,469.0,1919.0,469.0,0.0,-1.0,469.0
2075,34.6161,0.0,469.0,950.0,469.0,0.0,-1.0,469.0,960.0,469.0,1919.0,469.0,0.0,-1.0,469.0
2076,34.6328,0.0,469.0,950.0,469.0,0.0,-1.0,469.0,960.0,469.0,1919.0,469.0,0.0,-1.0,469.0
2077,34.6494,0.0,469.0,950.0,469.0,0.0,-1.0,469.0,960.0,469.0,1919.0,469.0,0.0,-1.0,469.0
2078,34.6661,0.0,469.0,950.0,469.0,0.0,-1.0,469.0,960.0,469.0,1919.0,469.0,0.0,-1.0,469.0
2079,34.6828,0.0,469.0,950.0,469.0,0.0,-1.0,469.0,960.0,469.0,1919.0,469.0,0.0,-1.0,469.0
2080,34.6995,0.0,469.0,950.0,469.0,0.0,-1.0,469.0,960.0,469.0,1919.0,469.0,0.0,-1.0,469.0
2081,34.7162,0.0,469.0,950.0,469.0,0.0,-1.0,469.0,960.0,469.0,1919.0,469.0,0.0,-1.0,469.0
2082,34.7329,0.0,469.0,950.0,469.0,0.0,-1.0,469.0,960.0,469.0,1919.0,469.0,0.0,-1.0,469.0
2083,34.7495,0.0,469.0,950.0,469.0,0.0,-1.0,469.0,960.0,469.0,1919.0,469.0,0.0,-1.0,469.0
2084,34.7662,0.0,469.0,950.0,469.0,0.0,-1.0,469.0,960.0,469.0,1919.0,469.0,0.0,-1.0,469.0
2085,34.7829,0.0,469.0,950.0,469.0,0.0,-1.0,469.0,960.0,469.0,1919.0,469.0,0.0,-1.0,469.0
2086,34.7996,0.0,469.0,950.0,469.0,0.0,-1.0,469.0,960.0,469.0,1919.0,469.0,0.0,-1.0,469.0
2087,34.8163,0.0,469.0,950.0,469.0,0.0,-1.0,469.0,960.0,469.0,1919.0,469.0,0.0,-1.0,469.0
2088,34.8329,0.0,469.0,950.0,469.0,0.0,-1.0,469.0,960.0,469.0,1919.0,469.0,0.0,-1.0,469.0
2089,34.8496,0.0,469.0,950.0,469.0,0.0,-1.0,469.0,960.0,469.0,1919.0,469.0,0.0,-1.0,469.0
2090,34.8663,0.0,469.0,950.0,469.0,0.0,-1.0,469.0,960.0,469.0,1919.0,469.0,0.0,-1.0,469.0
2091,34.883,0.0,469.0,950.0,469.0,0.0,-1.0,469.0,960.0,469.0,1919.0,469.0,0.0,-1.0,469.0
2092,34.8997,0.0,469.0,950.0,469.0,0.0,-1.0,469.0,960.0,469.0,1919.0,469.0,0.0,-1.0,469.0
2093,34.9164,0.0,469.0,950.0,469.0,0.0,-1.0,469.0,960.0,469.0,1919.0,469.0,0.0,-1.0,469.0
2094,34.933,0.0,469.0,950.0,469.0,0.0,-1.0,469.0,960.0,469.0,1919.0,469.0,0.0,-1.0,469.0
2095,34.9497,0.0,469.0,950.0,469.0,0.0,-1.0,469.0,960.0,469.0,1919.0,469.0,0.0,-1.0,469.0
2096,34.9664,0.0,469.0,950.0,469.0,0.0,-1.0,469.0,960.0,469.0,1919.0,469.0,0.0,-1.0,469.0
2097,34.9831,0.0,469.0,950.0,469.0,0.0,-1.0,469.0,960.0,469.0,1919.0,469.0,0.0,-1.0,469.0
2098,34.9998,0.0,469.0,950.0,469.0,0.0,-1.0,469.0,960.0,469.0,1919.0,469.0,0.0,-1.0,469.0
2099,35.0165,0.0,469.0,950.0,469.0,0.0,-1.0,469.0,960.0,469.0,1919.0,469.0,0.0,-1.0,469.0
2100,35.0331,0.0,469.0,950.0,469.0,0.0,-1.0,469.0,960.0,469.0,1919.0,469.0,0.0,-1.0,469.0
2101,35.0498,0.0,469.0,950.0,469.0,0.0,-1.0,469.0,960.0,469.0,1919.0,469.0,0.0,-1.0,469.0
2102,35.0665,0.0,469.0,950.0,469.0,0.0,-1.0,469.0,960.0,469.0,1919.0,469.0,0.0,-1.0,469.0
2103,35.0832,0.0,469.0,950.0,469.0,0.0,-1.0,469.0,960.0,469.0,1919.0,469.0,0.0,-1.0,469.0
2104,35.0999,0.0,469.0,950.0,469.0,0.0,-1.0,469.0,960.0,469.0,1919.0,469.0,0.0,-1.0,469.0
2105,35.1165,0.0,469.0,950.0,469.0,0.0,-1.0,469.0,960.0,469.0,1919.0,469.0,0.0,-1.0,469.0
2106,35.1332,0.0,469.0,950.0,469.0,0.0,-1.0,469.0,960.0,469.0,1919.0,469.0,0.0,-1.0,469.0
2107,35.1499,0.0,469.0,950.0,469.0,0.0,-1.0,469.0,960.0,469.0,1919.0,469.0,0.0,-1.0,469.0
2108,35.1666,0.0,469.0,950.0,469.0,0.0,-1.0,469.0,960.0,469.0,1919.0,469.0,0.0,-1.0,469.0
2109,35.1833,0.0,469.0,950.0,469.0,0.0,-1.0,469.0,960.0,469.0,1919.0,469.0,0.0,-1.0,469.0
2110,35.2,0.0,469.0,950.0,469.0,0.0,-1.0,469.0,960.0,469.0,1919.0,469.0,0.0,-1.0,469.0
2111,35.2166,0.0,469.0,950.0,469.0,0.0,-1.0,469.0,960.0,469.0,1919.0,469.0,0.0,-1.0,469.0
2112,35.2333,0.0,469.0,950.0,469.0,0.0,-1.0,469.0,960.0,469.0,1919.0,469.0,0.0,-1.0,469.0
2113,35.25,0.0,469.0,950.0,469.0,0.0,-1.0,469.0,960.0,469.0,1919.0,469.0,0.0,-1.0,469.0
2114,35.2667,0.0,469.0,950.0,469.0,0.0,-1.0,469.0,960.0,469.0,1919.0,469.0,0.0,-1.0,469.0
2115,35.2834,0.0,469.0,950.0,469.0,0.0,-1.0,469.0,960.0,469.0,1919.0,469.0,0.0,-1.0,469.0
2116,35.3001,0.0,469.0,950.0,469.0,0.0,-1.0,469.0,960.0,469.0,1919.0,469.0,0.0,-1.0,469.0
2117,35.3167,0.0,469.0,950.0,469.0,0.0,-1.0,469.0,960.0,469.0,1919.0,469.0,0.0,-1.0,469.0
2118,35.3334,0.0,469.0,950.0,469.0,0.0,-1.0,469.0,960.0,469.0,1919.0,469.0,0.0,-1.0,469.0
2119,35.3501,0.0,469.0,950.0,469.0,0.0,-1.0,469.0,960.0,469.0,1919.0,469.0,0.0,-1.0,469.0
2120,35.3668,0.0,469.0,950.0,469.0,0.0,-1.0,469.0,960.0,469.0,1919.0,469.0,0.0,-1.0,469.0
2121,35.3835,0.0,469.0,950.0,469.0,0.0,-1.0,469.0,960.0,469.0,1919.0,469.0,0.0,-1.0,469.0
2122,35.4001,0.0,469.0,950.0,469.0,0.0,-1.0,469.0,960.0,469.0,1919.0,469.0,0.0,-1.0,469.0
2123,35.4168,0.0,469.0,950.0,469.0,0.0,-1.0,469.0,960.0,469.0,1919.0,469.0,0.0,-1.0,469.0
2124,35.4335,0.0,469.0,950.0,469.0,0.0,-1.0,469.0,960.0,469.0,1919.0,469.0,0.0,-1.0,469.0
2125,35.4502,0.0,469.0,950.0,469.0,0.0,-1.0,469.0,960.0,469.0,1919.0,469.0,0.0,-1.0,469.0
2126,35.4669,0.0,469.0,950.0,469.0,0.0,-1.0,469.0,960.0,469.0,1919.0,469.0,0.0,-1.0,469.0
2127,35.4836,0.0,469.0,950.0,469.0,0.0,-1.0,469.0,960.0,469.0,1919.0,469.0,0.0,-1.0,469.0
2128,35.5002,0.0,469.0,950.0,469.0,0.0,-1.0,469.0,960.0,469.0,1919.0,469.0,0.0,-1.0,469.0
2129,35.5169,0.0,469.0,950.0,469.0,0.0,-1.0,469.0,960.0,469.0,1919.0,469.0,0.0,-1.0,469.0
2130,35.5336,0.0,469.0,950.0,469.0,0.0,-1.0,469.0,960.0,469.0,1919.0,469.0,0.0,-1.0,469.0
2131,35.5503,0.0,469.0,950.0,469.0,0.0,-1.0,469.0,960.0,469.0,1919.0,469.0,0.0,-1.0,469.0
2132,35.567,0.0,469.0,950.0,469.0,0.0,-1.0,469.0,960.0,469.0,1919.0,469.0,0.0,-1.0,469.0
2133,35.5837,0.0,469.0,950.0,469.0,0.0,-1.0,469.0,960.0,469.0,1919.0,469.0,0.0,-1.0,469.0
2134,35.6003,0.0,469.0,950.0,469.0,0.0,-1.0,469.0,960.0,469.0,1919.0,469.0,0.0,-1.0,469.0
2135,35.617,0.0,469.0,950.0,469.0,0.0,-1.0,469.0,960.0,469.0,1919.0,469.0,0.0,-1.0,469.0
2136,35.6337,0.0,469.0,950.0,469.0,0.0,-1.0,469.0,960.0,469.0,1919.0,469.0,0.0,-1.0,469.0
2137,35.6504,0.0,469.0,950.0,469.0,0.0,-1.0,469.0,960.0,469.0,1919.0,469.0,0.0,-1.0,469.0
2138,35.6671,0.0,469.0,950.0,469.0,0.0,-1.0,469.0,960.0,469.0,1919.0,469.0,0.0,-1.0,469.0
2139,35.6838,0.0,469.0,950.0,469.0,0.0,-1.0,469.0,960.0,469.0,1919.0,469.0,0.0,-1.0,469.0
2140,35.7004,0.0,469.0,950.0,469.0,0.0,-1.0,469.0,960.0,469.0,1919.0,469.0,0.0,-1.0,469.0
2141,35.7171,0.0,469.0,950.0,469.0,0.0,-1.0,469.0,960.0,469.0,1919.0,469.0,0.0,-1.0,469.0
2142,35.7338,0.0,469.0,950.0,469.0,0.0,-1.0,469.0,960.0,469.0,1919.0,469.0,0.0,-1.0,469.0
2143,35.7505,0.0,469.0,950.0,469.0,0.0,-1.0,469.0,960.0,469.0,1919.0,469.0,0.0,-1.0,469.0
2144,35.7672,0.0,469.0,950.0,469.0,0.0,-1.0,469.0,960.0,469.0,1919.0,469.0,0.0,-1.0,469.0
2145,35.7838,0.0,469.0,950.0,469.0,0.0,-1.0,469.0,960.0,469.0,1919.0,469.0,0.0,-1.0,469.0
2146,35.8005,0.0,469.0,950.0,469.0,0.0,-1.0,469.0,960.0,469.0,1919.0,469.0,0.0,-1.0,469.0
2147,35.8172,0.0,469.0,950.0,469.0,0.0,-1.0,469.0,960.0,469.0,1919.0,469.0,0.0,-1.0,469.0
2148,35.8339,0.0,469.0,950.0,469.0,0.0,-1.0,469.0,960.0,469.0,1919.0,469.0,0.0,-1.0,469.0
2149,35.8506,0.0,469.0,950.0,469.0,0.0,-1.0,469.0,960.0,469.0,1919.0,469.0,0.0,-1.0,469.0
2150,35.8673,0.0,469.0,950.0,469.0,0.0,-1.0,469.0,960.0,469.0,1919.0,469.0,0.0,-1.0,469.0
2151,35.8839,0.0,469.0,950.0,469.0,0.0,-1.0,469.0,960.0,469.0,1919.0,469.0,0.0,-1.0,469.0
2152,35.9006,0.0,469.0,950.0,469.0,0.0,-1.0,469.0,960.0,469.0,1919.0,469.0,0.0,-1.0,469.0
2153,35.9173,0.0,469.0,950.0,469.0,0.0,-1.0,469.0,960.0,469.0,1919.0,469.0,0.0,-1.0,469.0
2154,35.934,0.0,469.0,950.0,469.0,0.0,-1.0,469.0,960.0,469.0,1919.0,469.0,0.0,-1.0,469.0
2155,35.9507,0.0,469.0,950.0,469.0,0.0,-1.0,469.0,960.0,469.0,1919.0,469.0,0.0,-1.0,469.0
2156,35.9674,0.0,469.0,950.0,469.0,0.0,-1.0,469.0,960.0,469.0,1919.0,469.0,0.0,-1.0,469.0
2157,35.984,0.0,469.0,950.0,469.0,0.0,-1.0,469.0,960.0,469.0,1919.0,469.0,0.0,-1.0,469.0
2158,36.0007,0.0,469.0,950.0,469.0,0.0,-1.0,469.0,960.0,469.0,1919.0,469.0,0.0,-1.0,469.0
2159,36.0174,0.0,469.0,950.0,469.0,0.0,-1.0,469.0,960.0,469.0,1919.0,469.0,0.0,-1.0,469.0
2160,36.0341,0.0,469.0,950.0,469.0,0.0,-1.0,469.0,960.0,469.0,1919.0,469.0,0.0,-1.0,469.0
2161,36.0508,0.0,469.0,950.0,469.0,0.0,-1.0,469.0,960.0,469.0,1919.0,469.0,0.0,-1.0,469.0
2162,36.0674,0.0,469.0,950.0,469.0,0.0,-1.0,469.0,960.0,469.0,1919.0,469.0,0.0,-1.0,469.0
2163,36.0841,0.0,469.0,950.0,469.0,0.0,-1.0,469.0,960.0,469.0,1919.0,469.0,0.0,-1.0,469.0
2164,36.1008,0.0,469.0,950.0,469.0,0.0,-1.0,469.0,960.0,469.0,1919.0,469.0,0.0,-1.0,469.0
2165,36.1175,0.0,469.0,950.0,469.0,0.0,-1.0,469.0,960.0,469.0,1919.0,469.0,0.0,-1.0,469.0
2166,36.1342,0.0,469.0,950.0,469.0,0.0,-1.0,469.0,960.0,469.0,1919.0,469.0,0.0,-1.0,469.0
2167,36.1509,0.0,469.0,950.0,469.0,0.0,-1.0,469.0,960.0,469.0,1919.0,469.0,0.0,-1.0,469.0
2168,36.1675,0.0,469.0,950.0,469.0,0.0,-1.0,469.0,960.0,469.0,1919.0,469.0,0.0,-1.0,469.0
2169,36.1842,0.0,469.0,950.0,469.0,0.0,-1.0,469.0,960.0,469.0,1919.0,469.0,0.0,-1.0,469.0
2170,36.2009,0.0,469.0,950.0,469.0,0.0,-1.0,469.0,960.0,469.0,1919.0,469.0,0.0,-1.0,469.0
2171,36.2176,0.0,469.0,950.0,469.0,0.0,-1.0,469.0,960.0,469.0,1919.0,469.0,0.0,-1.0,469.0
2172,36.2343,0.0,469.0,950.0,469.0,0.0,-1.0,469.0,960.0,469.0,1919.0,469.0,0.0,-1.0,469.0
2173,36.251,0.0,469.0,950.0,469.0,0.0,-1.0,469.0,960.0,469.0,1919.0,469.0,0.0,-1.0,469.0
2174,36.2676,0.0,469.0,950.0,469.0,0.0,-1.0,469.0,960.0,469.0,1919.0,469.0,0.0,-1.0,469.0
2175,36.2843,0.0,469.0,950.0,469.0,0.0,-1.0,469.0,960.0,469.0,1919.0,469.0,0.0,-1.0,469.0
2176,36.301,0.0,469.0,950.0,469.0,0.0,-1.0,469.0,960.0,469.0,1919.0,469.0,0.0,-1.0,469.0
2177,36.3177,0.0,469.0,950.0,469.0,0.0,-1.0,469.0,960.0,469.0,1919.0,469.0,0.0,-1.0,469.0
2178,36.3344,0.0,469.0,950.0,469.0,0.0,-1.0,469.0,960.0,469.0,1919.0,469.0,0.0,-1.0,469.0
2179,36.351,0.0,469.0,950.0,469.0,0.0,-1.0,469.0,960.0,469.0,1919.0,469.0,0.0,-1.0,469.0
2180,36.3677,0.0,469.0,950.0,469.0,0.0,-1.0,469.0,960.0,469.0,1919.0,469.0,0.0,-1.0,469.0
2181,36.3844,0.0,469.0,950.0,469.0,0.0,-1.0,469.0,960.0,469.0,1919.0,469.0,0.0,-1.0,469.0
2182,36.4011,0.0,469.0,950.0,469.0,0.0,-1.0,469.0,960.0,469.0,1919.0,469.0,0.0,-1.0,469.0
2183,36.4178,0.0,469.0,950.0,469.0,0.0,-1.0,469.0,960.0,469.0,1919.0,469.0,0.0,-1.0,469.0
2184,36.4345,0.0,469.0,950.0,469.0,0.0,-1.0,469.0,960.0,469.0,1919.0,469.0,0.0,-1.0,469.0
2185,36.4511,0.0,469.0,950.0,469.0,0.0,-1.0,469.0,960.0,469.0,1919.0,469.0,0.0,-1.0,469.0
2186,36.4678,0.0,469.0,950.0,469.0,0.0,-1.0,469.0,960.0,469.0,1919.0,469.0,0.0,-1.0,469.0
2187,36.4845,0.0,469.0,950.0,469.0,0.0,-1.0,469.0,960.0,469.0,1919.0,469.0,0.0,-1.0,469.0
2188,36.5012,0.0,469.0,950.0,469.0,0.0,-1.0,469.0,960.0,469.0,1919.0,469.0,0.0,-1.0,469.0
2189,36.5179,0.0,469.0,950.0,469.0,0.0,-1.0,469.0,960.0,469.0,1919.0,469.0,0.0,-1.0,469.0
2190,36.5346,0.0,469.0,950.0,469.0,0.0,-1.0,469.0,960.0,469.0,1919.0,469.0,0.0,-1.0,469.0
2191,36.5512,0.0,469.0,950.0,469.0,0.0,-1.0,469.0,960.0,469.0,1919.0,469.0,0.0,-1.0,469.0
2192,36.5679,0.0,469.0,950.0,469.0,0.0,-1.0,469.0,960.0,469.0,1919.0,469.0,0.0,-1.0,469.0
2193,36.5846,0.0,469.0,950.0,469.0,0.0,-1.0,469.0,960.0,469.0,1919.0,469.0,0.0,-1.0,469.0
2194,36.6013,0.0,469.0,950.0,469.0,0.0,-1.0,469.0,960.0,469.0,1919.0,469.0,0.0,-1.0,469.0
2195,36.618,0.0,469.0,950.0,469.0,0.0,-1.0,469.0,960.0,469.0,1919.0,469.0,0.0,-1.0,469.0
2196,36.6347,0.0,469.0,950.0,469.0,0.0,-1.0,469.0,960.0,469.0,1919.0,469.0,0.0,-1.0,469.0
2197,36.6513,0.0,469.0,950.0,469.0,0.0,-1.0,469.0,960.0,469.0,1919.0,469.0,0.0,-1.0,469.0
2198,36.668,0.0,469.0,950.0,469.0,0.0,-1.0,469.0,960.0,469.0,1919.0,469.0,0.0,-1.0,469.0
2199,36.6847,0.0,469.0,950.0,469.0,0.0,-1.0,469.0,960.0,469.0,1919.0,469.0,0.0,-1.0,469.0
2200,36.7014,0.0,469.0,950.0,469.0,0.0,-1.0,469.0,960.0,469.0,1919.0,469.0,0.0,-1.0,469.0
2201,36.7181,0.0,469.0,950.0,469.0,0.0,-1.0,469.0,960.0,469.0,1919.0,469.0,0.0,-1.0,469.0
2202,36.7347,0.0,469.0,950.0,469.0,0.0,-1.0,469.0,960.0,469.0,1919.0,469.0,0.0,-1.0,469.0
2203,36.7514,0.0,469.0,950.0,469.0,0.0,-1.0,469.0,960.0,469.0,1919.0,469.0,0.0,-1.0,469.0
2204,36.7681,0.0,469.0,950.0,469.0,0.0,-1.0,469.0,960.0,469.0,1919.0,469.0,0.0,-1.0,469.0
2205,36.7848,0.0,469.0,950.0,469.0,0.0,-1.0,469.0,960.0,469.0,1919.0,469.0,0.0,-1.0,469.0
2206,36.8015,0.0,469.0,950.0,469.0,0.0,-1.0,469.0,960.0,469.0,1919.0,469.0,0.0,-1.0,469.0
2207,36.8182,0.0,469.0,950.0,469.0,0.0,-1.0,469.0,960.0,469.0,1919.0,469.0,0.0,-1.0,469.0
2208,36.8348,0.0,469.0,950.0,469.0,0.0,-1.0,469.0,960.0,469.0,1919.0,469.0,0.0,-1.0,469.0
2209,36.8515,0.0,469.0,950.0,469.0,0.0,-1.0,469.0,960.0,469.0,1919.0,469.0,0.0,-1.0,469.0
2210,36.8682,0.0,469.0,950.0,469.0,0.0,-1.0,469.0,960.0,469.0,1919.0,469.0,0.0,-1.0,469.0
2211,36.8849,0.0,469.0,950.0,469.0,0.0,-1.0,469.0,960.0,469.0,1919.0,469.0,0.0,-1.0,469.0
2212,36.9016,0.0,469.0,950.0,469.0,0.0,-1.0,469.0,960.0,469.0,1919.0,469.0,0.0,-1.0,469.0
2213,36.9183,0.0,469.0,950.0,469.0,0.0,-1.0,469.0,960.0,469.0,1919.0,469.0,0.0,-1.0,469.0
2214,36.9349,0.0,469.0,950.0,469.0,0.0,-1.0,469.0,960.0,469.0,1919.0,469.0,0.0,-1.0,469.0
2215,36.9516,0.0,469.0,950.0,469.0,0.0,-1.0,469.0,960.0,469.0,1919.0,469.0,0.0,-1.0,469.0
2216,36.9683,0.0,469.0,950.0,469.0,0.0,-1.0,469.0,960.0,469.0,1919.0,469.0,0.0,-1.0,469.0
2217,36.985,0.0,469.0,950.0,469.0,0.0,-1.0,469.0,960.0,469.0,1919.0,469.0,0.0,-1.0,469.0
2218,37.0017,0.0,469.0,950.0,469.0,0.0,-1.0,469.0,960.0,469.0,1919.0,469.0,0.0,-1.0,469.0
2219,37.0183,0.0,469.0,950.0,469.0,0.0,-1.0,469.0,960.0,469.0,1919.0,469.0,0.0,-1.0,469.0
2220,37.035,0.0,469.0,950.0,469.0,0.0,-1.0,469.0,960.0,469.0,1919.0,469.0,0.0,-1.0,469.0
2221,37.0517,0.0,469.0,950.0,469.0,0.0,-1.0,469.0,960.0,469.0,1919.0,469.0,0.0,-1.0,469.0
2222,37.0684,0.0,469.0,950.0,469.0,0.0,-1.0,469.0,960.0,469.0,1919.0,469.0,0.0,-1.0,469.0
2223,37.0851,0.0,469.0,950.0,469.0,0.0,-1.0,469.0,960.0,469.0,1919.0,469.0,0.0,-1.0,469.0
2224,37.1018,0.0,469.0,950.0,469.0,0.0,-1.0,469.0,960.0,469.0,1919.0,469.0,0.0,-1.0,469.0
2225,37.1184,0.0,469.0,950.0,469.0,0.0,-1.0,469.0,960.0,469.0,1919.0,469.0,0.0,-1.0,469.0
2226,37.1351,0.0,469.0,950.0,469.0,0.0,-1.0,469.0,960.0,469.0,1919.0,469.0,0.0,-1.0,469.0
2227,37.1518,0.0,469.0,950.0,469.0,0.0,-1.0,469.0,960.0,469.0,1919.0,469.0,0.0,-1.0,469.0
2228,37.1685,0.0,469.0,950.0,469.0,0.0,-1.0,469.0,960.0,469.0,1919.0,469.0,0.0,-1.0,469.0
2229,37.1852,0.0,469.0,950.0,469.0,0.0,-1.0,469.0,960.0,469.0,1919.0,469.0,0.0,-1.0,469.0
2230,37.2019,0.0,469.0,950.0,469.0,0.0,-1.0,469.0,960.0,469.0,1919.0,469.0,0.0,-1.0,469.0
2231,37.2185,0.0,469.0,950.0,469.0,0.0,-1.0,469.0,960.0,469.0,1919.0,469.0,0.0,-1.0,469.0
2232,37.2352,0.0,469.0,950.0,469.0,0.0,-1.0,469.0,960.0,469.0,1919.0,469.0,0.0,-1.0,469.0
2233,37.2519,0.0,469.0,950.0,469.0,0.0,-1.0,469.0,960.0,469.0,1919.0,469.0,0.0,-1.0,469.0
2234,37.2686,0.0,469.0,950.0,469.0,0.0,-1.0,469.0,960.0,469.0,1919.0,469.0,0.0,-1.0,469.0
2235,37.2853,0.0,469.0,950.0,469.0,0.0,-1.0,469.0,960.0,469.0,1919.0,469.0,0.0,-1.0,469.0
2236,37.3019,0.0,469.0,950.0,469.0,0.0,-1.0,469.0,960.0,469.0,1919.0,469.0,0.0,-1.0,469.0
2237,37.3186,0.0,469.0,950.0,469.0,0.0,-1.0,469.0,960.0,469.0,1919.0,469.0,0.0,-1.0,469.0
2238,37.3353,0.0,469.0,950.0,469.0,0.0,-1.0,469.0,960.0,469.0,1919.0,469.0,0.0,-1.0,469.0
2239,37.352,0.0,469.0,950.0,469.0,0.0,-1.0,469.0,960.0,469.0,1919.0,469.0,0.0,-1.0,469.0
2240,37.3687,0.0,469.0,950.0,469.0,0.0,-1.0,469.0,960.0,469.0,1919.0,469.0,0.0,-1.0,469.0
2241,37.3854,0.0,469.0,950.0,469.0,0.0,-1.0,469.0,960.0,469.0,1919.0,469.0,0.0,-1.0,469.0
2242,37.402,0.0,469.0,950.0,469.0,0.0,-1.0,469.0,960.0,469.0,1919.0,469.0,0.0,-1.0,469.0
2243,37.4187,0.0,469.0,950.0,469.0,0.0,-1.0,469.0,960.0,469.0,1919.0,469.0,0.0,-1.0,469.0
2244,37.4354,0.0,469.0,950.0,469.0,0.0,-1.0,469.0,960.0,469.0,1919.0,469.0,0.0,-1.0,469.0
2245,37.4521,0.0,469.0,950.0,469.0,0.0,-1.0,469.0,960.0,469.0,1919.0,469.0,0.0,-1.0,469.0
2246,37.4688,0.0,469.0,950.0,469.0,0.0,-1.0,469.0,960.0,469.0,1919.0,469.0,0.0,-1.0,469.0
2247,37.4855,0.0,469.0,950.0,469.0,0.0,-1.0,469.0,960.0,469.0,1919.0,469.0,0.0,-1.0,469.0
2248,37.5021,0.0,469.0,950.0,469.0,0.0,-1.0,469.0,960.0,469.0,1919.0,469.0,0.0,-1.0,469.0
2249,37.5188,0.0,469.0,950.0,469.0,0.0,-1.0,469.0,960.0,469.0,1919.0,469.0,0.0,-1.0,469.0
2250,37.5355,0.0,469.0,950.0,469.0,0.0,-1.0,469.0,960.0,469.0,1919.0,469.0,0.0,-1.0,469.0
2251,37.5522,0.0,469.0,950.0,469.0,0.0,-1.0,469.0,960.0,469.0,1919.0,469.0,0.0,-1.0,469.0
2252,37.5689,0.0,469.0,950.0,469.0,0.0,-1.0,469.0,960.0,469.0,1919.0,469.0,0.0,-1.0,469.0
2253,37.5856,0.0,469.0,950.0,469.0,0.0,-1.0,469.0,960.0,469.0,1919.0,469.0,0.0,-1.0,469.0
2254,37.6022,0.0,469.0,950.0,469.0,0.0,-1.0,469.0,960.0,469.0,1919.0,469.0,0.0,-1.0,469.0
2255,37.6189,0.0,469.0,950.0,469.0,0.0,-1.0,469.0,960.0,469.0,1919.0,469.0,0.0,-1.0,469.0
2256,37.6356,0.0,469.0,950.0,469.0,0.0,-1.0,469.0,960.0,469.0,1919.0,469.0,0.0,-1.0,469.0
2257,37.6523,0.0,469.0,950.0,469.0,0.0,-1.0,469.0,960.0,469.0,1919.0,469.0,0.0,-1.0,469.0
2258,37.669,0.0,469.0,950.0,469.0,0.0,-1.0,469.0,960.0,469.0,1919.0,469.0,0.0,-1.0,469.0
2259,37.6856,0.0,469.0,950.0,469.0,0.0,-1.0,469.0,960.0,469.0,1919.0,469.0,0.0,-1.0,469.0
2260,37.7023,0.0,469.0,950.0,469.0,0.0,-1.0,469.0,960.0,469.0,1919.0,469.0,0.0,-1.0,469.0
2261,37.719,0.0,469.0,950.0,469.0,0.0,-1.0,469.0,960.0,469.0,1919.0,469.0,0.0,-1.0,469.0
2262,37.7357,0.0,469.0,950.0,469.0,0.0,-1.0,469.0,960.0,469.0,1919.0,469.0,0.0,-1.0,469.0
2263,37.7524,0.0,469.0,950.0,469.0,0.0,-1.0,469.0,960.0,469.0,1919.0,469.0,0.0,-1.0,469.0
2264,37.7691,0.0,469.0,950.0,469.0,0.0,-1.0,469.0,960.0,469.0,1919.0,469.0,0.0,-1.0,469.0
2265,37.7857,0.0,469.0,950.0,469.0,0.0,-1.0,469.0,960.0,469.0,1919.0,469.0,0.0,-1.0,469.0
2266,37.8024,0.0,469.0,950.0,469.0,0.0,-1.0,469.0,960.0,469.0,1919.0,469.0,0.0,-1.0,469.0
2267,37.8191,0.0,469.0,950.0,469.0,0.0,-1.0,469.0,960.0,469.0,1919.0,469.0,0.0,-1.0,469.0
2268,37.8358,0.0,469.0,950.0,469.0,0.0,-1.0,469.0,960.0,469.0,1919.0,469.0,0.0,-1.0,469.0
2269,37.8525,0.0,469.0,950.0,469.0,0.0,-1.0,469.0,960.0,469.0,1919.0,469.0,0.0,-1.0,469.0
2270,37.8692,0.0,469.0,950.0,469.0,0.0,-1.0,469.0,960.0,469.0,1919.0,469.0,0.0,-1.0,469.0
2271,37.8858,0.0,469.0,950.0,469.0,0.0,-1.0,469.0,960.0,469.0,1919.0,469.0,0.0,-1.0,469.0
2272,37.9025,0.0,469.0,950.0,469.0,0.0,-1.0,469.0,960.0,469.0,1919.0,469.0,0.0,-1.0,469.0
2273,37.9192,0.0,469.0,950.0,469.0,0.0,-1.0,469.0,960.0,469.0,1919.0,469.0,0.0,-1.0,469.0
2274,37.9359,0.0,469.0,950.0,469.0,0.0,-1.0,469.0,960.0,469.0,1919.0,469.0,0.0,-1.0,469.0
2275,37.9526,0.0,469.0,950.0,469.0,0.0,-1.0,469.0,960.0,469.0,1919.0,469.0,0.0,-1.0,469.0
2276,37.9692,0.0,469.0,950.0,469.0,0.0,-1.0,469.0,960.0,469.0,1919.0,469.0,0.0,-1.0,469.0
2277,37.9859,0.0,469.0,950.0,469.0,0.0,-1.0,469.0,960.0,469.0,1919.0,469.0,0.0,-1.0,469.0
2278,38.0026,0.0,469.0,950.0,469.0,0.0,-1.0,469.0,960.0,469.0,1919.0,469.0,0.0,-1.0,469.0
2279,38.0193,0.0,469.0,950.0,469.0,0.0,-1.0,469.0,960.0,469.0,1919.0,469.0,0.0,-1.0,469.0
2280,38.036,0.0,469.0,950.0,469.0,0.0,-1.0,469.0,960.0,469.0,1919.0,469.0,0.0,-1.0,469.0
2281,38.0527,0.0,469.0,950.0,469.0,0.0,-1.0,469.0,960.0,469.0,1919.0,469.0,0.0,-1.0,469.0
2282,38.0693,0.0,469.0,950.0,469.0,0.0,-1.0,469.0,960.0,469.0,1919.0,469.0,0.0,-1.0,469.0
2283,38.086,0.0,469.0,950.0,469.0,0.0,-1.0,469.0,960.0,469.0,1919.0,469.0,0.0,-1.0,469.0
2284,38.1027,0.0,469.0,950.0,469.0,0.0,-1.0,469.0,960.0,469.0,1919.0,469.0,0.0,-1.0,469.0
2285,38.1194,0.0,469.0,950.0,469.0,0.0,-1.0,469.0,960.0,469.0,1919.0,469.0,0.0,-1.0,469.0
2286,38.1361,0.0,469.0,950.0,469.0,0.0,-1.0,469.0,960.0,469.0,1919.0,469.0,0.0,-1.0,469.0
2287,38.1528,0.0,469.0,950.0,469.0,0.0,-1.0,469.0,960.0,469.0,1919.0,469.0,0.0,-1.0,469.0
2288,38.1694,0.0,469.0,950.0,469.0,0.0,-1.0,469.0,960.0,469.0,1919.0,469.0,0.0,-1.0,469.0
2289,38.1861,0.0,469.0,950.0,469.0,0.0,-1.0,469.0,960.0,469.0,1919.0,469.0,0.0,-1.0,469.0
2290,38.2028,0.0,469.0,950.0,469.0,0.0,-1.0,469.0,960.0,469.0,1919.0,469.0,0.0,-1.0,469.0
2291,38.2195,0.0,469.0,950.0,469.0,0.0,-1.0,469.0,960.0,469.0,1919.0,469.0,0.0,-1.0,469.0
2292,38.2362,0.0,469.0,950.0,469.0,0.0,-1.0,469.0,960.0,469.0,1919.0,469.0,0.0,-1.0,469.0
2293,38.2528,0.0,469.0,950.0,469.0,0.0,-1.0,469.0,960.0,469.0,1919.0,469.0,0.0,-1.0,469.0
2294,38.2695,0.0,469.0,950.0,469.0,0.0,-1.0,469.0,960.0,469.0,1919.0,469.0,0.0,-1.0,469.0
2295,38.2862,0.0,469.0,950.0,469.0,0.0,-1.0,469.0,960.0,469.0,1919.0,469.0,0.0,-1.0,469.0
2296,38.3029,0.0,469.0,950.0,469.0,0.0,-1.0,469.0,960.0,469.0,1919.0,469.0,0.0,-1.0,469.0
2297,38.3196,0.0,469.0,950.0,469.0,0.0,-1.0,469.0,960.0,469.0,1919.0,469.0,0.0,-1.0,469.0
2298,38.3363,0.0,469.0,950.0,469.0,0.0,-1.0,469.0,960.0,469.0,1919.0,469.0,0.0,-1.0,469.0
2299,38.3529,0.0,469.0,950.0,469.0,0.0,-1.0,469.0,960.0,469.0,1919.0,469.0,0.0,-1.0,469.0
2300,38.3696,0.0,469.0,950.0,469.0,0.0,-1.0,469.0,960.0,469.0,1919.0,469.0,0.0,-1.0,469.0
2301,38.3863,0.0,469.0,950.0,469.0,0.0,-1.0,469.0,960.0,469.0,1919.0,469.0,0.0,-1.0,469.0
2302,38.403,0.0,469.0,950.0,469.0,0.0,-1.0,469.0,960.0,469.0,1919.0,469.0,0.0,-1.0,469.0
2303,38.4197,0.0,469.0,950.0,469.0,0.0,-1.0,469.0,960.0,469.0,1919.0,469.0,0.0,-1.0,469.0
2304,38.4364,0.0,469.0,950.0,469.0,0.0,-1.0,469.0,960.0,469.0,1919.0,469.0,0.0,-1.0,469.0
2305,38.453,0.0,469.0,950.0,469.0,0.0,-1.0,469.0,960.0,469.0,1919.0,469.0,0.0,-1.0,469.0
2306,38.4697,0.0,469.0,950.0,469.0,0.0,-1.0,469.0,960.0,469.0,1919.0,469.0,0.0,-1.0,469.0
2307,38.4864,0.0,469.0,950.0,469.0,0.0,-1.0,469.0,960.0,469.0,1919.0,469.0,0.0,-1.0,469.0
2308,38.5031,0.0,469.0,950.0,469.0,0.0,-1.0,469.0,960.0,469.0,1919.0,469.0,0.0,-1.0,469.0
2309,38.5198,0.0,469.0,950.0,469.0,0.0,-1.0,469.0,960.0,469.0,1919.0,469.0,0.0,-1.0,469.0
2310,38.5364,0.0,469.0,950.0,469.0,0.0,-1.0,469.0,960.0,469.0,1919.0,469.0,0.0,-1.0,469.0
2311,38.5531,0.0,469.0,950.0,469.0,0.0,-1.0,469.0,960.0,469.0,1919.0,469.0,0.0,-1.0,469.0
2312,38.5698,0.0,469.0,950.0,469.0,0.0,-1.0,469.0,960.0,469.0,1919.0,469.0,0.0,-1.0,469.0
2313,38.5865,0.0,469.0,950.0,469.0,0.0,-1.0,469.0,960.0,469.0,1919.0,469.0,0.0,-1.0,469.0
2314,38.6032,0.0,469.0,950.0,469.0,0.0,-1.0,469.0,960.0,469.0,1919.0,469.0,0.0,-1.0,469.0
2315,38.6199,0.0,469.0,950.0,469.0,0.0,-1.0,469.0,960.0,469.0,1919.0,469.0,0.0,-1.0,469.0
2316,38.6365,0.0,469.0,950.0,469.0,0.0,-1.0,469.0,960.0,469.0,1919.0,469.0,0.0,-1.0,469.0
2317,38.6532,0.0,469.0,950.0,469.0,0.0,-1.0,469.0,960.0,469.0,1919.0,469.0,0.0,-1.0,469.0
2318,38.6699,0.0,469.0,950.0,469.0,0.0,-1.0,469.0,960.0,469.0,1919.0,469.0,0.0,-1.0,469.0
2319,38.6866,0.0,469.0,950.0,469.0,0.0,-1.0,469.0,960.0,469.0,1919.0,469.0,0.0,-1.0,469.0
2320,38.7033,0.0,469.0,950.0,469.0,0.0,-1.0,469.0,960.0,469.0,1919.0,469.0,0.0,-1.0,469.0
2321,38.72,0.0,469.0,950.0,469.0,0.0,-1.0,469.0,960.0,469.0,1919.0,469.0,0.0,-1.0,469.0
2322,38.7366,0.0,469.0,950.0,469.0,0.0,-1.0,469.0,960.0,469.0,1919.0,469.0,0.0,-1.0,469.0
2323,38.7533,0.0,469.0,950.0,469.0,0.0,-1.0,469.0,960.0,469.0,1919.0,469.0,0.0,-1.0,469.0
2324,38.77,0.0,469.0,950.0,469.0,0.0,-1.0,469.0,960.0,469.0,1919.0,469.0,0.0,-1.0,469.0
2325,38.7867,0.0,469.0,950.0,469.0,0.0,-1.0,469.0,960.0,469.0,1919.0,469.0,0.0,-1.0,469.0
2326,38.8034,0.0,469.0,950.0,469.0,0.0,-1.0,469.0,960.0,469.0,1919.0,469.0,0.0,-1.0,469.0
2327,38.8201,0.0,469.0,950.0,469.0,0.0,-1.0,469.0,960.0,469.0,1919.0,469.0,0.0,-1.0,469.0
2328,38.8367,0.0,469.0,950.0,469.0,0.0,-1.0,469.0,960.0,469.0,1919.0,469.0,0.0,-1.0,469.0
2329,38.8534,0.0,469.0,950.0,469.0,0.0,-1.0,469.0,960.0,469.0,1919.0,469.0,0.0,-1.0,469.0
2330,38.8701,0.0,469.0,950.0,469.0,0.0,-1.0,469.0,960.0,469.0,1919.0,469.0,0.0,-1.0,469.0
2331,38.8868,0.0,469.0,950.0,469.0,0.0,-1.0,469.0,960.0,469.0,1919.0,469.0,0.0,-1.0,469.0
2332,38.9035,0.0,469.0,950.0,469.0,0.0,-1.0,469.0,960.0,469.0,1919.0,469.0,0.0,-1.0,469.0
2333,38.9201,0.0,469.0,950.0,469.0,0.0,-1.0,469.0,960.0,469.0,1919.0,469.0,0.0,-1.0,469.0
2334,38.9368,0.0,469.0,950.0,469.0,0.0,-1.0,469.0,960.0,469.0,1919.0,469.0,0.0,-1.0,469.0
2335,38.9535,0.0,469.0,950.0,469.0,0.0,-1.0,469.0,960.0,469.0,1919.0,469.0,0.0,-1.0,469.0
2336,38.9702,0.0,469.0,950.0,469.0,0.0,-1.0,469.0,960.0,469.0,1919.0,469.0,0.0,-1.0,469.0
2337,38.9869,0.0,469.0,950.0,469.0,0.0,-1.0,469.0,960.0,469.0,1919.0,469.0,0.0,-1.0,469.0
2338,39.0036,0.0,469.0,950.0,469.0,0.0,-1.0,469.0,960.0,469.0,1919.0,469.0,0.0,-1.0,469.0
2339,39.0202,0.0,469.0,950.0,469.0,0.0,-1.0,469.0,960.0,469.0,1919.0,469.0,0.0,-1.0,469.0
2340,39.0369,0.0,469.0,950.0,469.0,0.0,-1.0,469.0,960.0,469.0,1919.0,469.0,0.0,-1.0,469.0
2341,39.0536,0.0,469.0,950.0,469.0,0.0,-1.0,469.0,960.0,469.0,1919.0,469.0,0.0,-1.0,469.0
2342,39.0703,0.0,469.0,950.0,469.0,0.0,-1.0,469.0,960.0,469.0,1919.0,469.0,0.0,-1.0,469.0
2343,39.087,0.0,469.0,950.0,469.0,0.0,-1.0,469.0,960.0,469.0,1919.0,469.0,0.0,-1.0,469.0
2344,39.1037,0.0,469.0,950.0,469.0,0.0,-1.0,469.0,960.0,469.0,1919.0,469.0,0.0,-1.0,469.0
2345,39.1203,0.0,469.0,950.0,469.0,0.0,-1.0,469.0,960.0,469.0,1919.0,469.0,0.0,-1.0,469.0
2346,39.137,0.0,469.0,950.0,469.0,0.0,-1.0,469.0,960.0,469.0,1919.0,469.0,0.0,-1.0,469.0
2347,39.1537,0.0,469.0,950.0,469.0,0.0,-1.0,469.0,960.0,469.0,1919.0,469.0,0.0,-1.0,469.0
2348,39.1704,0.0,469.0,950.0,469.0,0.0,-1.0,469.0,960.0,469.0,1919.0,469.0,0.0,-1.0,469.0
2349,39.1871,0.0,469.0,950.0,469.0,0.0,-1.0,469.0,960.0,469.0,1919.0,469.0,0.0,-1.0,469.0
2350,39.2037,0.0,469.0,950.0,469.0,0.0,-1.0,469.0,960.0,469.0,1919.0,469.0,0.0,-1.0,469.0
2351,39.2204,0.0,469.0,950.0,469.0,0.0,-1.0,469.0,960.0,469.0,1919.0,469.0,0.0,-1.0,469.0
2352,39.2371,0.0,469.0,950.0,469.0,0.0,-1.0,469.0,960.0,469.0,1919.0,469.0,0.0,-1.0,469.0
2353,39.2538,0.0,469.0,950.0,469.0,0.0,-1.0,469.0,960.0,469.0,1919.0,469.0,0.0,-1.0,469.0
2354,39.2705,0.0,469.0,950.0,469.0,0.0,-1.0,469.0,960.0,469.0,1919.0,469.0,0.0,-1.0,469.0
2355,39.2872,0.0,469.0,950.0,469.0,0.0,-1.0,469.0,960.0,469.0,1919.0,469.0,0.0,-1.0,469.0
2356,39.3038,0.0,469.0,950.0,469.0,0.0,-1.0,469.0,960.0,469.0,1919.0,469.0,0.0,-1.0,469.0
2357,39.3205,0.0,469.0,950.0,469.0,0.0,-1.0,469.0,960.0,469.0,1919.0,469.0,0.0,-1.0,469.0
2358,39.3372,0.0,469.0,950.0,469.0,0.0,-1.0,469.0,960.0,469.0,1919.0,469.0,0.0,-1.0,469.0
2359,39.3539,0.0,469.0,950.0,469.0,0.0,-1.0,469.0,960.0,469.0,1919.0,469.0,0.0,-1.0,469.0
2360,39.3706,0.0,469.0,950.0,469.0,0.0,-1.0,469.0,960.0,469.0,1919.0,469.0,0.0,-1.0,469.0
2361,39.3873,0.0,469.0,950.0,469.0,0.0,-1.0,469.0,960.0,469.0,1919.0,469.0,0.0,-1.0,469.0
2362,39.4039,0.0,469.0,950.0,469.0,0.0,-1.0,469.0,960.0,469.0,1919.0,469.0,0.0,-1.0,469.0
2363,39.4206,0.0,469.0,950.0,469.0,0.0,-1.0,469.0,960.0,469.0,1919.0,469.0,0.0,-1.0,469.0
2364,39.4373,0.0,469.0,950.0,469.0,0.0,-1.0,469.0,960.0,469.0,1919.0,469.0,0.0,-1.0,469.0
2365,39.454,0.0,469.0,950.0,469.0,0.0,-1.0,469.0,960.0,469.0,1919.0,469.0,0.0,-1.0,469.0
2366,39.4707,0.0,469.0,950.0,469.0,0.0,-1.0,469.0,960.0,469.0,1919.0,469.0,0.0,-1.0,469.0
2367,39.4873,0.0,469.0,950.0,469.0,0.0,-1.0,469.0,960.0,469.0,1919.0,469.0,0.0,-1.0,469.0
2368,39.504,0.0,469.0,950.0,469.0,0.0,-1.0,469.0,960.0,469.0,1919.0,469.0,0.0,-1.0,469.0
2369,39.5207,0.0,469.0,950.0,469.0,0.0,-1.0,469.0,960.0,469.0,1919.0,469.0,0.0,-1.0,469.0
2370,39.5374,0.0,469.0,950.0,469.0,0.0,-1.0,469.0,960.0,469.0,1919.0,469.0,0.0,-1.0,469.0
2371,39.5541,0.0,469.0,950.0,469.0,0.0,-1.0,469.0,960.0,469.0,1919.0,469.0,0.0,-1.0,469.0
2372,39.5708,0.0,469.0,950.0,469.0,0.0,-1.0,469.0,960.0,469.0,1919.0,469.0,0.0,-1.0,469.0
2373,39.5874,0.0,469.0,950.0,469.0,0.0,-1.0,469.0,960.0,469.0,1919.0,469.0,0.0,-1.0,469.0
2374,39.6041,0.0,469.0,950.0,469.0,0.0,-1.0,469.0,960.0,469.0,1919.0,469.0,0.0,-1.0,469.0
2375,39.6208,0.0,469.0,950.0,469.0,0.0,-1.0,469.0,960.0,469.0,1919.0,469.0,0.0,-1.0,469.0
2376,39.6375,0.0,469.0,950.0,469.0,0.0,-1.0,469.0,960.0,469.0,1919.0,469.0,0.0,-1.0,469.0
2377,39.6542,0.0,469.0,950.0,469.0,0.0,-1.0,469.0,960.0,469.0,1919.0,469.0,0.0,-1.0,469.0
2378,39.6709,0.0,469.0,950.0,469.0,0.0,-1.0,469.0,960.0,469.0,1919.0,469.0,0.0,-1.0,469.0
2379,39.6875,0.0,469.0,950.0,469.0,0.0,-1.0,469.0,960.0,469.0,1919.0,469.0,0.0,-1.0,469.0
2380,39.7042,0.0,469.0,950.0,469.0,0.0,-1.0,469.0,960.0,469.0,1919.0,469.0,0.0,-1.0,469.0
2381,39.7209,0.0,469.0,950.0,469.0,0.0,-1.0,469.0,960.0,469.0,1919.0,469.0,0.0,-1.0,469.0
2382,39.7376,0.0,469.0,950.0,469.0,0.0,-1.0,469.0,960.0,469.0,1919.0,469.0,0.0,-1.0,469.0
2383,39.7543,0.0,469.0,950.0,469.0,0.0,-1.0,469.0,960.0,469.0,1919.0,469.0,0.0,-1.0,469.0
2384,39.771,0.0,469.0,950.0,469.0,0.0,-1.0,469.0,960.0,469.0,1919.0,469.0,0.0,-1.0,469.0
2385,39.7876,0.0,469.0,950.0,469.0,0.0,-1.0,469.0,960.0,469.0,1919.0,469.0,0.0,-1.0,469.0
2386,39.8043,0.0,469.0,950.0,469.0,0.0,-1.0,469.0,960.0,469.0,1919.0,469.0,0.0,-1.0,469.0
2387,39.821,0.0,469.0,950.0,469.0,0.0,-1.0,469.0,960.0,469.0,1919.0,469.0,0.0,-1.0,469.0
2388,39.8377,0.0,469.0,950.0,469.0,0.0,-1.0,469.0,960.0,469.0,1919.0,469.0,0.0,-1.0,469.0
2389,39.8544,0.0,469.0,950.0,469.0,0.0,-1.0,469.0,960.0,469.0,1919.0,469.0,0.0,-1.0,469.0
2390,39.871,0.0,469.0,950.0,469.0,0.0,-1.0,469.0,960.0,469.0,1919.0,469.0,0.0,-1.0,469.0
2391,39.8877,0.0,469.0,950.0,469.0,0.0,-1.0,469.0,960.0,469.0,1919.0,469.0,0.0,-1.0,469.0
2392,39.9044,0.0,469.0,950.0,469.0,0.0,-1.0,469.0,960.0,469.0,1919.0,469.0,0.0,-1.0,469.0
2393,39.9211,0.0,469.0,950.0,469.0,0.0,-1.0,469.0,960.0,469.0,1919.0,469.0,0.0,-1.0,469.0
2394,39.9378,0.0,469.0,950.0,469.0,0.0,-1.0,469.0,960.0,469.0,1919.0,469.0,0.0,-1.0,469.0
2395,39.9545,0.0,469.0,950.0,469.0,0.0,-1.0,469.0,960.0,469.0,1919.0,469.0,0.0,-1.0,469.0
2396,39.9711,0.0,469.0,950.0,469.0,0.0,-1.0,469.0,960.0,469.0,1919.0,469.0,0.0,-1.0,469.0
2397,39.9878,0.0,469.0,950.0,469.0,0.0,-1.0,469.0,960.0,469.0,1919.0,469.0,0.0,-1.0,469.0
2398,40.0045,0.0,469.0,950.0,469.0,0.0,-1.0,469.0,960.0,469.0,1919.0,469.0,0.0,-1.0,469.0
2399,40.0212,0.0,469.0,950.0,469.0,0.0,-1.0,469.0,960.0,469.0,1919.0,469.0,0.0,-1.0,469.0
2400,40.0379,0.0,469.0,950.0,469.0,0.0,-1.0,469.0,960.0,469.0,1919.0,469.0,0.0,-1.0,469.0
2401,40.0546,0.0,469.0,950.0,469.0,0.0,-1.0,469.0,960.0,469.0,1919.0,469.0,0.0,-1.0,469.0
2402,40.0712,0.0,469.0,950.0,469.0,0.0,-1.0,469.0,960.0,469.0,1919.0,469.0,0.0,-1.0,469.0
2403,40.0879,0.0,469.0,950.0,469.0,0.0,-1.0,469.0,960.0,469.0,1919.0,469.0,0.0,-1.0,469.0
2404,40.1046,0.0,469.0,950.0,469.0,0.0,-1.0,469.0,960.0,469.0,1919.0,469.0,0.0,-1.0,469.0
2405,40.1213,0.0,469.0,950.0,469.0,0.0,-1.0,469.0,960.0,469.0,1919.0,469.0,0.0,-1.0,469.0
2406,40.138,0.0,469.0,950.0,469.0,0.0,-1.0,469.0,960.0,469.0,1919.0,469.0,0.0,-1.0,469.0
2407,40.1546,0.0,469.0,950.0,469.0,0.0,-1.0,469.0,960.0,469.0,1919.0,469.0,0.0,-1.0,469.0
2408,40.1713,0.0,469.0,950.0,469.0,0.0,-1.0,469.0,960.0,469.0,1919.0,469.0,0.0,-1.0,469.0
2409,40.188,0.0,469.0,950.0,469.0,0.0,-1.0,469.0,960.0,469.0,1919.0,469.0,0.0,-1.0,469.0
2410,40.2047,0.0,469.0,950.0,469.0,0.0,-1.0,469.0,960.0,469.0,1919.0,469.0,0.0,-1.0,469.0
2411,40.2214,0.0,469.0,950.0,469.0,0.0,-1.0,469.0,960.0,469.0,1919.0,469.0,0.0,-1.0,469.0
2412,40.2381,0.0,469.0,950.0,469.0,0.0,-1.0,469.0,960.0,469.0,1919.0,469.0,0.0,-1.0,469.0
2413,40.2547,0.0,469.0,950.0,469.0,0.0,-1.0,469.0,960.0,469.0,1919.0,469.0,0.0,-1.0,469.0
2414,40.2714,0.0,469.0,950.0,469.0,0.0,-1.0,469.0,960.0,469.0,1919.0,469.0,0.0,-1.0,469.0
2415,40.2881,0.0,469.0,950.0,469.0,0.0,-1.0,469.0,960.0,469.0,1919.0,469.0,0.0,-1.0,469.0
2416,40.3048,0.0,469.0,950.0,469.0,0.0,-1.0,469.0,960.0,469.0,1919.0,469.0,0.0,-1.0,469.0
2417,40.3215,0.0,469.0,950.0,469.0,0.0,-1.0,469.0,960.0,469.0,1919.0,469.0,0.0,-1.0,469.0
2418,40.3382,0.0,469.0,950.0,469.0,0.0,-1.0,469.0,960.0,469.0,1919.0,469.0,0.0,-1.0,469.0
2419,40.3548,0.0,469.0,950.0,469.0,0.0,-1.0,469.0,960.0,469.0,1919.0,469.0,0.0,-1.0,469.0
2420,40.3715,0.0,469.0,950.0,469.0,0.0,-1.0,469.0,960.0,469.0,1919.0,469.0,0.0,-1.0,469.0
2421,40.3882,0.0,469.0,950.0,469.0,0.0,-1.0,469.0,960.0,469.0,1919.0,469.0,0.0,-1.0,469.0
2422,40.4049,0.0,469.0,950.0,469.0,0.0,-1.0,469.0,960.0,469.0,1919.0,469.0,0.0,-1.0,469.0
2423,40.4216,0.0,469.0,950.0,469.0,0.0,-1.0,469.0,960.0,469.0,1919.0,469.0,0.0,-1.0,469.0
2424,40.4382,0.0,469.0,950.0,469.0,0.0,-1.0,469.0,960.0,469.0,1919.0,469.0,0.0,-1.0,469.0
2425,40.4549,0.0,469.0,950.0,469.0,0.0,-1.0,469.0,960.0,469.0,1919.0,469.0,0.0,-1.0,469.0
2426,40.4716,0.0,469.0,950.0,469.0,0.0,-1.0,469.0,960.0,469.0,1919.0,469.0,0.0,-1.0,469.0
2427,40.4883,0.0,469.0,950.0,469.0,0.0,-1.0,469.0,960.0,469.0,1919.0,469.0,0.0,-1.0,469.0
2428,40.505,0.0,469.0,950.0,469.0,0.0,-1.0,469.0,960.0,469.0,1919.0,469.0,0.0,-1.0,469.0
2429,40.5217,0.0,469.0,950.0,469.0,0.0,-1.0,469.0,960.0,469.0,1919.0,469.0,0.0,-1.0,469.0
2430,40.5383,0.0,469.0,950.0,469.0,0.0,-1.0,469.0,960.0,469.0,1919.0,469.0,0.0,-1.0,469.0
2431,40.555,0.0,469.0,950.0,469.0,0.0,-1.0,469.0,960.0,469.0,1919.0,469.0,0.0,-1.0,469.0
2432,40.5717,0.0,469.0,950.0,469.0,0.0,-1.0,469.0,960.0,469.0,1919.0,469.0,0.0,-1.0,469.0
2433,40.5884,0.0,469.0,950.0,469.0,0.0,-1.0,469.0,960.0,469.0,1919.0,469.0,0.0,-1.0,469.0
2434,40.6051,0.0,469.0,950.0,469.0,0.0,-1.0,469.0,960.0,469.0,1919.0,469.0,0.0,-1.0,469.0
2435,40.6218,0.0,469.0,950.0,469.0,0.0,-1.0,469.0,960.0,469.0,1919.0,469.0,0.0,-1.0,469.0
2436,40.6384,0.0,469.0,950.0,469.0,0.0,-1.0,469.0,960.0,469.0,1919.0,469.0,0.0,-1.0,469.0
2437,40.6551,0.0,469.0,950.0,469.0,0.0,-1.0,469.0,960.0,469.0,1919.0,469.0,0.0,-1.0,469.0
2438,40.6718,0.0,469.0,950.0,469.0,0.0,-1.0,469.0,960.0,469.0,1919.0,469.0,0.0,-1.0,469.0
2439,40.6885,0.0,469.0,950.0,469.0,0.0,-1.0,469.0,960.0,469.0,1919.0,469.0,0.0,-1.0,469.0
2440,40.7052,0.0,469.0,950.0,469.0,0.0,-1.0,469.0,960.0,469.0,1919.0,469.0,0.0,-1.0,469.0
2441,40.7219,0.0,469.0,950.0,469.0,0.0,-1.0,469.0,960.0,469.0,1919.0,469.0,0.0,-1.0,469.0
2442,40.7385,0.0,469.0,950.0,469.0,0.0,-1.0,469.0,960.0,469.0,1919.0,469.0,0.0,-1.0,469.0
2443,40.7552,0.0,469.0,950.0,469.0,0.0,-1.0,469.0,960.0,469.0,1919.0,469.0,0.0,-1.0,469.0
2444,40.7719,0.0,469.0,950.0,469.0,0.0,-1.0,469.0,960.0,469.0,1919.0,469.0,0.0,-1.0,469.0
2445,40.7886,0.0,469.0,950.0,469.0,0.0,-1.0,469.0,960.0,469.0,1919.0,469.0,0.0,-1.0,469.0
2446,40.8053,0.0,469.0,950.0,469.0,0.0,-1.0,469.0,960.0,469.0,1919.0,469.0,0.0,-1.0,469.0
2447,40.8219,0.0,469.0,950.0,469.0,0.0,-1.0,469.0,960.0,469.0,1919.0,469.0,0.0,-1.0,469.0
2448,40.8386,0.0,469.0,950.0,469.0,0.0,-1.0,469.0,960.0,469.0,1919.0,469.0,0.0,-1.0,469.0
2449,40.8553,0.0,469.0,950.0,469.0,0.0,-1.0,469.0,960.0,469.0,1919.0,469.0,0.0,-1.0,469.0
2450,40.872,0.0,469.0,950.0,469.0,0.0,-1.0,469.0,960.0,469.0,1919.0,469.0,0.0,-1.0,469.0
2451,40.8887,0.0,469.0,950.0,469.0,0.0,-1.0,469.0,960.0,469.0,1919.0,469.0,0.0,-1.0,469.0
2452,40.9054,0.0,469.0,950.0,469.0,0.0,-1.0,469.0,960.0,469.0,1919.0,469.0,0.0,-1.0,469.0
2453,40.922,0.0,469.0,950.0,469.0,0.0,-1.0,469.0,960.0,469.0,1919.0,469.0,0.0,-1.0,469.0
2454,40.9387,0.0,469.0,950.0,469.0,0.0,-1.0,469.0,960.0,469.0,1919.0,469.0,0.0,-1.0,469.0
2455,40.9554,0.0,469.0,950.0,469.0,0.0,-1.0,469.0,960.0,469.0,1919.0,469.0,0.0,-1.0,469.0
2456,40.9721,0.0,469.0,950.0,469.0,0.0,-1.0,469.0,960.0,469.0,1919.0,469.0,0.0,-1.0,469.0
2457,40.9888,0.0,469.0,950.0,469.0,0.0,-1.0,469.0,960.0,469.0,1919.0,469.0,0.0,-1.0,469.0
2458,41.0055,0.0,469.0,950.0,469.0,0.0,-1.0,469.0,960.0,469.0,1919.0,469.0,0.0,-1.0,469.0
2459,41.0221,0.0,469.0,950.0,469.0,0.0,-1.0,469.0,960.0,469.0,1919.0,469.0,0.0,-1.0,469.0
2460,41.0388,0.0,469.0,950.0,469.0,0.0,-1.0,469.0,960.0,469.0,1919.0,469.0,0.0,-1.0,469.0
2461,41.0555,0.0,469.0,950.0,469.0,0.0,-1.0,469.0,960.0,469.0,1919.0,469.0,0.0,-1.0,469.0
2462,41.0722,0.0,469.0,950.0,469.0,0.0,-1.0,469.0,960.0,469.0,1919.0,469.0,0.0,-1.0,469.0
2463,41.0889,0.0,469.0,950.0,469.0,0.0,-1.0,469.0,960.0,469.0,1919.0,469.0,0.0,-1.0,469.0
2464,41.1055,0.0,469.0,950.0,469.0,0.0,-1.0,469.0,960.0,469.0,1919.0,469.0,0.0,-1.0,469.0
2465,41.1222,0.0,469.0,950.0,469.0,0.0,-1.0,469.0,960.0,469.0,1919.0,469.0,0.0,-1.0,469.0
2466,41.1389,0.0,469.0,950.0,469.0,0.0,-1.0,469.0,960.0,469.0,1919.0,469.0,0.0,-1.0,469.0
2467,41.1556,0.0,469.0,950.0,469.0,0.0,-1.0,469.0,960.0,469.0,1919.0,469.0,0.0,-1.0,469.0
2468,41.1723,0.0,469.0,950.0,469.0,0.0,-1.0,469.0,960.0,469.0,1919.0,469.0,0.0,-1.0,469.0
2469,41.189,0.0,469.0,950.0,469.0,0.0,-1.0,469.0,960.0,469.0,1919.0,469.0,0.0,-1.0,469.0
2470,41.2056,0.0,469.0,950.0,469.0,0.0,-1.0,469.0,960.0,469.0,1919.0,469.0,0.0,-1.0,469.0
2471,41.2223,0.0,469.0,950.0,469.0,0.0,-1.0,469.0,960.0,469.0,1919.0,469.0,0.0,-1.0,469.0
2472,41.239,0.0,469.0,950.0,469.0,0.0,-1.0,469.0,960.0,469.0,1919.0,469.0,0.0,-1.0,469.0
2473,41.2557,0.0,469.0,950.0,469.0,0.0,-1.0,469.0,960.0,469.0,1919.0,469.0,0.0,-1.0,469.0
2474,41.2724,0.0,469.0,950.0,469.0,0.0,-1.0,469.0,960.0,469.0,1919.0,469.0,0.0,-1.0,469.0
2475,41.2891,0.0,469.0,950.0,469.0,0.0,-1.0,469.0,960.0,469.0,1919.0,469.0,0.0,-1.0,469.0
2476,41.3057,0.0,469.0,950.0,469.0,0.0,-1.0,469.0,960.0,469.0,1919.0,469.0,0.0,-1.0,469.0
2477,41.3224,0.0,469.0,950.0,469.0,0.0,-1.0,469.0,960.0,469.0,1919.0,469.0,0.0,-1.0,469.0
2478,41.3391,0.0,469.0,950.0,469.0,0.0,-1.0,469.0,960.0,469.0,1919.0,469.0,0.0,-1.0,469.0
2479,41.3558,0.0,469.0,950.0,469.0,0.0,-1.0,469.0,960.0,469.0,1919.0,469.0,0.0,-1.0,469.0
2480,41.3725,0.0,469.0,950.0,469.0,0.0,-1.0,469.0,960.0,469.0,1919.0,469.0,0.0,-1.0,469.0
2481,41.3891,0.0,469.0,950.0,469.0,0.0,-1.0,469.0,960.0,469.0,1919.0,469.0,0.0,-1.0,469.0
2482,41.4058,0.0,469.0,950.0,469.0,0.0,-1.0,469.0,960.0,469.0,1919.0,469.0,0.0,-1.0,469.0
2483,41.4225,0.0,469.0,950.0,469.0,0.0,-1.0,469.0,960.0,469.0,1919.0,469.0,0.0,-1.0,469.0
2484,41.4392,0.0,469.0,950.0,469.0,0.0,-1.0,469.0,960.0,469.0,1919.0,469.0,0.0,-1.0,469.0
2485,41.4559,0.0,469.0,950.0,469.0,0.0,-1.0,469.0,960.0,469.0,1919.0,469.0,0.0,-1.0,469.0
2486,41.4726,0.0,469.0,950.0,469.0,0.0,-1.0,469.0,960.0,469.0,1919.0,469.0,0.0,-1.0,469.0
2487,41.4892,0.0,469.0,950.0,469.0,0.0,-1.0,469.0,960.0,469.0,1919.0,469.0,0.0,-1.0,469.0
2488,41.5059,0.0,469.0,950.0,469.0,0.0,-1.0,469.0,960.0,469.0,1919.0,469.0,0.0,-1.0,469.0
2489,41.5226,0.0,469.0,950.0,469.0,0.0,-1.0,469.0,960.0,469.0,1919.0,469.0,0.0,-1.0,469.0
2490,41.5393,0.0,469.0,950.0,469.0,0.0,-1.0,469.0,960.0,469.0,1919.0,469.0,0.0,-1.0,469.0
2491,41.556,0.0,469.0,950.0,469.0,0.0,-1.0,469.0,960.0,469.0,1919.0,469.0,0.0,-1.0,469.0
2492,41.5727,0.0,469.0,950.0,469.0,0.0,-1.0,469.0,960.0,469.0,1919.0,469.0,0.0,-1.0,469.0
2493,41.5893,0.0,469.0,950.0,469.0,0.0,-1.0,469.0,960.0,469.0,1919.0,469.0,0.0,-1.0,469.0
2494,41.606,0.0,469.0,950.0,469.0,0.0,-1.0,469.0,960.0,469.0,1919.0,469.0,0.0,-1.0,469.0
2495,41.6227,0.0,469.0,950.0,469.0,0.0,-1.0,469.0,960.0,469.0,1919.0,469.0,0.0,-1.0,469.0
2496,41.6394,0.0,469.0,950.0,469.0,0.0,-1.0,469.0,960.0,469.0,1919.0,469.0,0.0,-1.0,469.0
2497,41.6561,0.0,469.0,950.0,469.0,0.0,-1.0,469.0,960.0,469.0,1919.0,469.0,0.0,-1.0,469.0
2498,41.6727,0.0,469.0,950.0,469.0,0.0,-1.0,469.0,960.0,469.0,1919.0,469.0,0.0,-1.0,469.0
2499,41.6894,0.0,469.0,950.0,469.0,0.0,-1.0,469.0,960.0,469.0,1919.0,469.0,0.0,-1.0,469.0
2500,41.7061,0.0,469.0,950.0,469.0,0.0,-1.0,469.0,960.0,469.0,1919.0,469.0,0.0,-1.0,469.0
2501,41.7228,0.0,469.0,950.0,469.0,0.0,-1.0,469.0,960.0,469.0,1919.0,469.0,0.0,-1.0,469.0
2502,41.7395,0.0,469.0,950.0,469.0,0.0,-1.0,469.0,960.0,469.0,1919.0,469.0,0.0,-1.0,469.0
2503,41.7562,0.0,469.0,950.0,469.0,0.0,-1.0,469.0,960.0,469.0,1919.0,469.0,0.0,-1.0,469.0
2504,41.7728,0.0,469.0,950.0,469.0,0.0,-1.0,469.0,960.0,469.0,1919.0,469.0,0.0,-1.0,469.0
2505,41.7895,0.0,469.0,950.0,469.0,0.0,-1.0,469.0,960.0,469.0,1919.0,469.0,0.0,-1.0,469.0
2506,41.8062,0.0,469.0,950.0,469.0,0.0,-1.0,469.0,960.0,469.0,1919.0,469.0,0.0,-1.0,469.0
2507,41.8229,0.0,469.0,950.0,469.0,0.0,-1.0,469.0,960.0,469.0,1919.0,469.0,0.0,-1.0,469.0
2508,41.8396,0.0,469.0,950.0,469.0,0.0,-1.0,469.0,960.0,469.0,1919.0,469.0,0.0,-1.0,469.0
2509,41.8563,0.0,469.0,950.0,469.0,0.0,-1.0,469.0,960.0,469.0,1919.0,469.0,0.0,-1.0,469.0
2510,41.8729,0.0,469.0,950.0,469.0,0.0,-1.0,469.0,960.0,469.0,1919.0,469.0,0.0,-1.0,469.0
2511,41.8896,0.0,469.0,950.0,469.0,0.0,-1.0,469.0,960.0,469.0,1919.0,469.0,0.0,-1.0,469.0
2512,41.9063,0.0,469.0,950.0,469.0,0.0,-1.0,469.0,960.0,469.0,1919.0,469.0,0.0,-1.0,469.0
2513,41.923,0.0,469.0,950.0,469.0,0.0,-1.0,469.0,960.0,469.0,1919.0,469.0,0.0,-1.0,469.0
2514,41.9397,0.0,469.0,950.0,469.0,0.0,-1.0,469.0,960.0,469.0,1919.0,469.0,0.0,-1.0,469.0
2515,41.9564,0.0,469.0,950.0,469.0,0.0,-1.0,469.0,960.0,469.0,1919.0,469.0,0.0,-1.0,469.0
2516,41.973,0.0,469.0,950.0,469.0,0.0,-1.0,469.0,960.0,469.0,1919.0,469.0,0.0,-1.0,469.0
2517,41.9897,0.0,469.0,950.0,469.0,0.0,-1.0,469.0,960.0,469.0,1919.0,469.0,0.0,-1.0,469.0
2518,42.0064,0.0,469.0,950.0,469.0,0.0,-1.0,469.0,960.0,469.0,1919.0,469.0,0.0,-1.0,469.0
2519,42.0231,0.0,469.0,950.0,469.0,0.0,-1.0,469.0,960.0,469.0,1919.0,469.0,0.0,-1.0,469.0
2520,42.0398,0.0,469.0,950.0,469.0,0.0,-1.0,469.0,960.0,469.0,1919.0,469.0,0.0,-1.0,469.0
2521,42.0564,0.0,469.0,950.0,469.0,0.0,-1.0,469.0,960.0,469.0,1919.0,469.0,0.0,-1.0,469.0
2522,42.0731,0.0,469.0,950.0,469.0,0.0,-1.0,469.0,960.0,469.0,1919.0,469.0,0.0,-1.0,469.0
2523,42.0898,0.0,469.0,950.0,469.0,0.0,-1.0,469.0,960.0,469.0,1919.0,469.0,0.0,-1.0,469.0
2524,42.1065,0.0,469.0,950.0,469.0,0.0,-1.0,469.0,960.0,469.0,1919.0,469.0,0.0,-1.0,469.0
2525,42.1232,0.0,469.0,950.0,469.0,0.0,-1.0,469.0,960.0,469.0,1919.0,469.0,0.0,-1.0,469.0
2526,42.1399,0.0,469.0,950.0,469.0,0.0,-1.0,469.0,960.0,469.0,1919.0,469.0,0.0,-1.0,469.0
2527,42.1565,0.0,469.0,950.0,469.0,0.0,-1.0,469.0,960.0,469.0,1919.0,469.0,0.0,-1.0,469.0
2528,42.1732,0.0,469.0,950.0,469.0,0.0,-1.0,469.0,960.0,469.0,1919.0,469.0,0.0,-1.0,469.0
2529,42.1899,0.0,469.0,950.0,469.0,0.0,-1.0,469.0,960.0,469.0,1919.0,469.0,0.0,-1.0,469.0
2530,42.2066,0.0,469.0,950.0,469.0,0.0,-1.0,469.0,960.0,469.0,1919.0,469.0,0.0,-1.0,469.0
2531,42.2233,0.0,469.0,950.0,469.0,0.0,-1.0,469.0,960.0,469.0,1919.0,469.0,0.0,-1.0,469.0
2532,42.24,0.0,469.0,950.0,469.0,0.0,-1.0,469.0,960.0,469.0,1919.0,469.0,0.0,-1.0,469.0
2533,42.2566,0.0,469.0,950.0,469.0,0.0,-1.0,469.0,960.0,469.0,1919.0,469.0,0.0,-1.0,469.0
2534,42.2733,0.0,469.0,950.0,469.0,0.0,-1.0,469.0,960.0,469.0,1919.0,469.0,0.0,-1.0,469.0
