frame_index,timestamp_s,H00,H01,H02,H10,H11,H12,H20,H21,H22,n_matches,n_inliers,status,fallback,transform_type,rolling_reference,refinement_enabled,tracker_score,kitchen_near_p1_x,kitchen_near_p1_y,kitchen_near_p2_x,kitchen_near_p2_y,kitchen_far_p1_x,kitchen_far_p1_y,kitchen_far_p2_x,kitchen_far_p2_y,near_refine_offset_px,far_refine_offset_px
0,0.0,1.0,0.0,0.5,0.0,1.0,0.5,0.0,0.0,1.0,1,1,template_ok,0,post_translation,0,0,1.0,54.5,970.5,1887.5,998.5,602.5,556.5,1290.5,570.5,0,0
1,0.0167,1.0,0.0,0.5,0.0,1.0,1.5,0.0,0.0,1.0,1,1,template_ok,0,post_translation,0,0,0.9934,54.5,971.5,1887.5,999.5,602.5,557.5,1290.5,571.5,0,0
2,0.0334,1.0,0.0,1.5,0.0,1.0,1.5,0.0,0.0,1.0,1,1,template_ok,0,post_translation,0,0,0.9921,55.5,971.5,1888.5,999.5,603.5,557.5,1291.5,571.5,0,0
3,0.05,1.0,0.0,1.5,0.0,1.0,1.5,0.0,0.0,1.0,1,1,template_ok,0,post_translation,0,0,0.9971,55.5,971.5,1888.5,999.5,603.5,557.5,1291.5,571.5,0,0
4,0.0667,1.0,0.0,1.5,0.0,1.0,2.5,0.0,0.0,1.0,1,1,template_ok,0,post_translation,0,0,0.9927,55.5,972.5,1888.5,1000.5,603.5,558.5,1291.5,572.5,0,0
5,0.0834,1.0,0.0,2.5,0.0,1.0,2.5,0.0,0.0,1.0,1,1,template_ok,0,post_translation,0,0,0.9913,56.5,972.5,1889.5,1000.5,604.5,558.5,1292.5,572.5,0,0
6,0.1001,1.0,0.0,2.5,0.0,1.0,2.5,0.0,0.0,1.0,1,1,template_ok,0,post_translation,0,0,0.9966,56.5,972.5,1889.5,1000.5,604.5,558.5,1292.5,572.5,0,0
7,0.1168,1.0,0.0,2.5,0.0,1.0,2.5,0.0,0.0,1.0,1,1,template_ok,0,post_translation,0,0,0.9923,56.5,972.5,1889.5,1000.5,604.5,558.5,1292.5,572.5,0,0
8,0.1335,1.0,0.0,3.5,0.0,1.0,3.5,0.0,0.0,1.0,1,1,template_ok,0,post_translation,0,0,0.9922,57.5,973.5,1890.5,1001.5,605.5,559.5,1293.5,573.5,0,0
9,0.1501,1.0,0.0,3.5,0.0,1.0,3.5,0.0,0.0,1.0,1,1,template_ok,0,post_translation,0,0,0.9963,57.5,973.5,1890.5,1001.5,605.5,559.5,1293.5,573.5,0,0
10,0.1668,1.0,0.0,3.5,0.0,1.0,3.5,0.0,0.0,1.0,1,1,template_ok,0,post_translation,0,0,0.9929,57.5,973.5,1890.5,1001.5,605.5,559.5,1293.5,573.5,0,0
11,0.1835,1.0,0.0,3.5,0.0,1.0,4.5,0.0,0.0,1.0,1,1,template_ok,0,post_translation,0,0,0.9895,57.5,974.5,1890.5,1002.5,605.5,560.5,1293.5,574.5,0,0
12,0.2002,1.0,0.0,4.5,0.0,1.0,4.5,0.0,0.0,1.0,1,1,template_ok,0,post_translation,0,0,0.9951,58.5,974.5,1891.5,1002.5,606.5,560.5,1294.5,574.5,0,0
13,0.2169,1.0,0.0,4.5,0.0,1.0,4.5,0.0,0.0,1.0,1,1,template_ok,0,post_translation,0,0,0.9951,58.5,974.5,1891.5,1002.5,606.5,560.5,1294.5,574.5,0,0
14,0.2336,1.0,0.0,4.5,0.0,1.0,4.5,0.0,0.0,1.0,1,1,template_ok,0,post_translation,0,0,0.9904,58.5,974.5,1891.5,1002.5,606.5,560.5,1294.5,574.5,0,0
15,0.2502,1.0,0.0,5.5,0.0,1.0,5.5,0.0,0.0,1.0,1,1,template_ok,0,post_translation,0,0,0.9939,59.5,975.5,1892.5,1003.5,607.5,561.5,1295.5,575.5,0,0
16,0.2669,1.0,0.0,5.5,0.0,1.0,5.5,0.0,0.0,1.0,1,1,template_ok,0,post_translation,0,0,0.9956,59.5,975.5,1892.5,1003.5,607.5,561.5,1295.5,575.5,0,0
17,0.2836,1.0,0.0,5.5,0.0,1.0,5.5,0.0,0.0,1.0,1,1,template_ok,0,post_translation,0,0,0.9925,59.5,975.5,1892.5,1003.5,607.5,561.5,1295.5,575.5,0,0
18,0.3003,1.0,0.0,6.5,0.0,1.0,6.5,0.0,0.0,1.0,1,1,template_ok,0,post_translation,0,0,0.9913,60.5,976.5,1893.5,1004.5,608.5,562.5,1296.5,576.5,0,0
19,0.317,1.0,0.0,6.5,0.0,1.0,6.5,0.0,0.0,1.0,1,1,template_ok,0,post_translation,0,0,0.9951,60.5,976.5,1893.5,1004.5,608.5,562.5,1296.5,576.5,0,0
20,0.3337,1.0,0.0,6.5,0.0,1.0,6.5,0.0,0.0,1.0,1,1,template_ok,0,post_translation,0,0,0.9948,60.5,976.5,1893.5,1004.5,608.5,562.5,1296.5,576.5,0,0
21,0.3503,1.0,0.0,6.5,0.0,1.0,7.5,0.0,0.0,1.0,1,1,template_ok,0,post_translation,0,0,0.992,60.5,977.5,1893.5,1005.5,608.5,563.5,1296.5,577.5,0,0
22,0.367,1.0,0.0,7.5,0.0,1.0,7.5,0.0,0.0,1.0,1,1,template_ok,0,post_translation,0,0,0.9922,61.5,977.5,1894.5,1005.5,609.5,563.5,1297.5,577.5,0,0
23,0.3837,1.0,0.0,7.5,0.0,1.0,7.5,0.0,0.0,1.0,1,1,template_ok,0,post_translation,0,0,0.9954,61.5,977.5,1894.5,1005.5,609.5,563.5,1297.5,577.5,0,0
24,0.4004,1.0,0.0,7.5,0.0,1.0,8.5,0.0,0.0,1.0,1,1,template_ok,0,post_translation,0,0,0.9946,61.5,978.5,1894.5,1006.5,609.5,564.5,1297.5,578.5,0,0
25,0.4171,1.0,0.0,7.5,0.0,1.0,8.5,0.0,0.0,1.0,1,1,template_ok,0,post_translation,0,0,0.9904,61.5,978.5,1894.5,1006.5,609.5,564.5,1297.5,578.5,0,0
26,0.4337,1.0,0.0,8.5,0.0,1.0,8.5,0.0,0.0,1.0,1,1,template_ok,0,post_translation,0,0,0.9919,62.5,978.5,1895.5,1006.5,610.5,564.5,1298.5,578.5,0,0
27,0.4504,1.0,0.0,8.5,0.0,1.0,9.5,0.0,0.0,1.0,1,1,template_ok,0,post_translation,0,0,0.9957,62.5,979.5,1895.5,1007.5,610.5,565.5,1298.5,579.5,0,0
28,0.4671,1.0,0.0,8.5,0.0,1.0,9.5,0.0,0.0,1.0,1,1,template_ok,0,post_translation,0,0,0.9936,62.5,979.5,1895.5,1007.5,610.5,565.5,1298.5,579.5,0,0
29,0.4838,1.0,0.0,9.5,0.0,1.0,9.5,0.0,0.0,1.0,1,1,template_ok,0,post_translation,0,0,0.9897,63.5,979.5,1896.5,1007.5,611.5,565.5,1299.5,579.5,0,0
30,0.5005,1.0,0.0,9.5,0.0,1.0,10.5,0.0,0.0,1.0,1,1,template_ok,0,post_translation,0,0,0.9939,63.5,980.5,1896.5,1008.5,611.5,566.5,1299.5,580.5,0,0
31,0.5172,1.0,0.0,9.5,0.0,1.0,10.5,0.0,0.0,1.0,1,1,template_ok,0,post_translation,0,0,0.9952,63.5,980.5,1896.5,1008.5,611.5,566.5,1299.5,580.5,0,0
32,0.5338,1.0,0.0,9.5,0.0,1.0,10.5,0.0,0.0,1.0,1,1,template_ok,0,post_translation,0,0,0.9899,63.5,980.5,1896.5,1008.5,611.5,566.5,1299.5,580.5,0,0
33,0.5505,1.0,0.0,10.5,0.0,1.0,10.5,0.0,0.0,1.0,1,1,template_ok,0,post_translation,0,0,0.9937,64.5,980.5,1897.5,1008.5,612.5,566.5,1300.5,580.5,0,0
34,0.5672,1.0,0.0,10.5,0.0,1.0,11.5,0.0,0.0,1.0,1,1,template_ok,0,post_translation,0,0,0.9951,64.5,981.5,1897.5,1009.5,612.5,567.5,1300.5,581.5,0,0
35,0.5839,1.0,0.0,11.5,0.0,1.0,11.5,0.0,0.0,1.0,1,1,template_ok,0,post_translation,0,0,0.9918,65.5,981.5,1898.5,1009.5,613.5,567.5,1301.5,581.5,0,0
36,0.6006,1.0,0.0,11.5,0.0,1.0,11.5,0.0,0.0,1.0,1,1,template_ok,0,post_translation,0,0,0.9957,65.5,981.5,1898.5,1009.5,613.5,567.5,1301.5,581.5,0,0
37,0.6173,1.0,0.0,11.5,0.0,1.0,11.5,0.0,0.0,1.0,1,1,template_ok,0,post_translation,0,0,0.9921,65.5,981.5,1898.5,1009.5,613.5,567.5,1301.5,581.5,0,0
38,0.6339,1.0,0.0,12.5,0.0,1.0,11.5,0.0,0.0,1.0,1,1,template_ok,0,post_translation,0,0,0.9937,66.5,981.5,1899.5,1009.5,614.5,567.5,1302.5,581.5,0,0
39,0.6506,1.0,0.0,12.5,0.0,1.0,12.5,0.0,0.0,1.0,1,1,template_ok,0,post_translation,0,0,0.9939,66.5,982.5,1899.5,1010.5,614.5,568.5,1302.5,582.5,0,0
40,0.6673,1.0,0.0,13.5,0.0,1.0,12.5,0.0,0.0,1.0,1,1,template_ok,0,post_translation,0,0,0.9929,67.5,982.5,1900.5,1010.5,615.5,568.5,1303.5,582.5,0,0
41,0.684,1.0,0.0,13.5,0.0,1.0,12.5,0.0,0.0,1.0,1,1,template_ok,0,post_translation,0,0,0.995,67.5,982.5,1900.5,1010.5,615.5,568.5,1303.5,582.5,0,0
42,0.7007,1.0,0.0,14.5,0.0,1.0,12.5,0.0,0.0,1.0,1,1,template_ok,0,post_translation,0,0,0.9904,68.5,982.5,1901.5,1010.5,616.5,568.5,1304.5,582.5,0,0
43,0.7173,1.0,0.0,14.5,0.0,1.0,12.5,0.0,0.0,1.0,1,1,template_ok,0,post_translation,0,0,0.9953,68.5,982.5,1901.5,1010.5,616.5,568.5,1304.5,582.5,0,0
44,0.734,1.0,0.0,14.5,0.0,1.0,12.5,0.0,0.0,1.0,1,1,template_ok,0,post_translation,0,0,0.9932,68.5,982.5,1901.5,1010.5,616.5,568.5,1304.5,582.5,0,0
45,0.7507,1.0,0.0,15.5,0.0,1.0,12.5,0.0,0.0,1.0,1,1,template_ok,0,post_translation,0,0,0.9928,69.5,982.5,1902.5,1010.5,617.5,568.5,1305.5,582.5,0,0
46,0.7674,1.0,0.0,15.5,0.0,1.0,13.5,0.0,0.0,1.0,1,1,template_ok,0,post_translation,0,0,0.9947,69.5,983.5,1902.5,1011.5,617.5,569.5,1305.5,583.5,0,0
47,0.7841,1.0,0.0,15.5,0.0,1.0,13.5,0.0,0.0,1.0,1,1,template_ok,0,post_translation,0,0,0.9955,69.5,983.5,1902.5,1011.5,617.5,569.5,1305.5,583.5,0,0
48,0.8008,1.0,0.0,15.5,0.0,1.0,13.5,0.0,0.0,1.0,1,1,template_ok,0,post_translation,0,0,0.9913,69.5,983.5,1902.5,1011.5,617.5,569.5,1305.5,583.5,0,0
49,0.8174,1.0,0.0,16.5,0.0,1.0,14.5,0.0,0.0,1.0,1,1,template_ok,0,post_translation,0,0,0.9915,70.5,984.5,1903.5,1012.5,618.5,570.5,1306.5,584.5,0,0
50,0.8341,1.0,0.0,16.5,0.0,1.0,14.5,0.0,0.0,1.0,1,1,template_ok,0,post_translation,0,0,0.9955,70.5,984.5,1903.5,1012.5,618.5,570.5,1306.5,584.5,0,0
51,0.8508,1.0,0.0,16.5,0.0,1.0,14.5,0.0,0.0,1.0,1,1,template_ok,0,post_translation,0,0,0.9939,70.5,984.5,1903.5,1012.5,618.5,570.5,1306.5,584.5,0,0
52,0.8675,1.0,0.0,16.5,0.0,1.0,14.5,0.0,0.0,1.0,1,1,template_ok,0,post_translation,0,0,0.9918,70.5,984.5,1903.5,1012.5,618.5,570.5,1306.5,584.5,0,0
53,0.8842,1.0,0.0,17.5,0.0,1.0,15.5,0.0,0.0,1.0,1,1,template_ok,0,post_translation,0,0,0.9931,71.5,985.5,1904.5,1013.5,619.5,571.5,1307.5,585.5,0,0
54,0.9009,1.0,0.0,17.5,0.0,1.0,15.5,0.0,0.0,1.0,1,1,template_ok,0,post_translation,0,0,0.9942,71.5,985.5,1904.5,1013.5,619.5,571.5,1307.5,585.5,0,0
55,0.9175,1.0,0.0,17.5,0.0,1.0,16.5,0.0,0.0,1.0,1,1,template_ok,0,post_translation,0,0,0.9938,71.5,986.5,1904.5,1014.5,619.5,572.5,1307.5,586.5,0,0
56,0.9342,1.0,0.0,17.5,0.0,1.0,16.5,0.0,0.0,1.0,1,1,template_ok,0,post_translation,0,0,0.9961,71.5,986.5,1904.5,1014.5,619.5,572.5,1307.5,586.5,0,0
57,0.9509,1.0,0.0,17.5,0.0,1.0,16.5,0.0,0.0,1.0,1,1,template_ok,0,post_translation,0,0,0.995,71.5,986.5,1904.5,1014.5,619.5,572.5,1307.5,586.5,0,0
58,0.9676,1.0,0.0,17.5,0.0,1.0,17.5,0.0,0.0,1.0,1,1,template_ok,0,post_translation,0,0,0.9939,71.5,987.5,1904.5,1015.5,619.5,573.5,1307.5,587.5,0,0
59,0.9843,1.0,0.0,17.5,0.0,1.0,17.5,0.0,0.0,1.0,1,1,template_ok,0,post_translation,0,0,0.9896,71.5,987.5,1904.5,1015.5,619.5,573.5,1307.5,587.5,0,0
60,1.001,1.0,0.0,18.5,0.0,1.0,17.5,0.0,0.0,1.0,1,1,template_ok,0,post_translation,0,0,0.9881,72.5,987.5,1905.5,1015.5,620.5,573.5,1308.5,587.5,0,0
61,1.0176,1.0,0.0,18.5,0.0,1.0,17.5,0.0,0.0,1.0,1,1,template_ok,0,post_translation,0,0,0.9935,72.5,987.5,1905.5,1015.5,620.5,573.5,1308.5,587.5,0,0
62,1.0343,1.0,0.0,18.5,0.0,1.0,17.5,0.0,0.0,1.0,1,1,template_ok,0,post_translation,0,0,0.9945,72.5,987.5,1905.5,1015.5,620.5,573.5,1308.5,587.5,0,0
63,1.051,1.0,0.0,18.5,0.0,1.0,17.5,0.0,0.0,1.0,1,1,template_ok,0,post_translation,0,0,0.9909,72.5,987.5,1905.5,1015.5,620.5,573.5,1308.5,587.5,0,0
64,1.0677,1.0,0.0,19.5,0.0,1.0,17.5,0.0,0.0,1.0,1,1,template_ok,0,post_translation,0,0,0.9938,73.5,987.5,1906.5,1015.5,621.5,573.5,1309.5,587.5,0,0
65,1.0844,1.0,0.0,20.5,0.0,1.0,17.5,0.0,0.0,1.0,1,1,template_ok,0,post_translation,0,0,0.9886,74.5,987.5,1907.5,1015.5,622.5,573.5,1310.5,587.5,0,0
66,1.101,1.0,0.0,20.5,0.0,1.0,17.5,0.0,0.0,1.0,1,1,template_ok,0,post_translation,0,0,0.9906,74.5,987.5,1907.5,1015.5,622.5,573.5,1310.5,587.5,0,0
67,1.1177,1.0,0.0,21.5,0.0,1.0,16.5,0.0,0.0,1.0,1,1,template_ok,0,post_translation,0,0,0.9937,75.5,986.5,1908.5,1014.5,623.5,572.5,1311.5,586.5,0,0
68,1.1344,1.0,0.0,22.5,0.0,1.0,16.5,0.0,0.0,1.0,1,1,template_ok,0,post_translation,0,0,0.9927,76.5,986.5,1909.5,1014.5,624.5,572.5,1312.5,586.5,0,0
69,1.1511,1.0,0.0,22.5,0.0,1.0,16.5,0.0,0.0,1.0,1,1,template_ok,0,post_translation,0,0,0.9897,76.5,986.5,1909.5,1014.5,624.5,572.5,1312.5,586.5,0,0
70,1.1678,1.0,0.0,23.5,0.0,1.0,16.5,0.0,0.0,1.0,1,1,template_ok,0,post_translation,0,0,0.9945,77.5,986.5,1910.5,1014.5,625.5,572.5,1313.5,586.5,0,0
71,1.1845,1.0,0.0,23.5,0.0,1.0,16.5,0.0,0.0,1.0,1,1,template_ok,0,post_translation,0,0,0.9942,77.5,986.5,1910.5,1014.5,625.5,572.5,1313.5,586.5,0,0
72,1.2011,1.0,0.0,23.5,0.0,1.0,16.5,0.0,0.0,1.0,1,1,template_ok,0,post_translation,0,0,0.9878,77.5,986.5,1910.5,1014.5,625.5,572.5,1313.5,586.5,0,0
73,1.2178,1.0,0.0,24.5,0.0,1.0,16.5,0.0,0.0,1.0,1,1,template_ok,0,post_translation,0,0,0.9891,78.5,986.5,1911.5,1014.5,626.5,572.5,1314.5,586.5,0,0
74,1.2345,1.0,0.0,24.5,0.0,1.0,16.5,0.0,0.0,1.0,1,1,template_ok,0,post_translation,0,0,0.9935,78.5,986.5,1911.5,1014.5,626.5,572.5,1314.5,586.5,0,0
75,1.2512,1.0,0.0,24.5,0.0,1.0,16.5,0.0,0.0,1.0,1,1,template_ok,0,post_translation,0,0,0.9947,78.5,986.5,1911.5,1014.5,626.5,572.5,1314.5,586.5,0,0
76,1.2679,1.0,0.0,24.5,0.0,1.0,16.5,0.0,0.0,1.0,1,1,template_ok,0,post_translation,0,0,0.9935,78.5,986.5,1911.5,1014.5,626.5,572.5,1314.5,586.5,0,0
77,1.2846,1.0,0.0,24.5,0.0,1.0,16.5,0.0,0.0,1.0,1,1,template_ok,0,post_translation,0,0,0.9934,78.5,986.5,1911.5,1014.5,626.5,572.5,1314.5,586.5,0,0
78,1.3012,1.0,0.0,24.5,0.0,1.0,16.5,0.0,0.0,1.0,1,1,template_ok,0,post_translation,0,0,0.9935,78.5,986.5,1911.5,1014.5,626.5,572.5,1314.5,586.5,0,0
79,1.3179,1.0,0.0,24.5,0.0,1.0,16.5,0.0,0.0,1.0,1,1,template_ok,0,post_translation,0,0,0.9916,78.5,986.5,1911.5,1014.5,626.5,572.5,1314.5,586.5,0,0
80,1.3346,1.0,0.0,24.5,0.0,1.0,16.5,0.0,0.0,1.0,1,1,template_ok,0,post_translation,0,0,0.991,78.5,986.5,1911.5,1014.5,626.5,572.5,1314.5,586.5,0,0
81,1.3513,1.0,0.0,24.5,0.0,1.0,16.5,0.0,0.0,1.0,1,1,template_ok,0,post_translation,0,0,0.9909,78.5,986.5,1911.5,1014.5,626.5,572.5,1314.5,586.5,0,0
82,1.368,1.0,0.0,24.5,0.0,1.0,16.5,0.0,0.0,1.0,1,1,template_ok,0,post_translation,0,0,0.9907,78.5,986.5,1911.5,1014.5,626.5,572.5,1314.5,586.5,0,0
83,1.3846,1.0,0.0,24.5,0.0,1.0,16.5,0.0,0.0,1.0,1,1,template_ok,0,post_translation,0,0,0.991,78.5,986.5,1911.5,1014.5,626.5,572.5,1314.5,586.5,0,0
84,1.4013,1.0,0.0,24.5,0.0,1.0,16.5,0.0,0.0,1.0,1,1,template_ok,0,post_translation,0,0,0.9911,78.5,986.5,1911.5,1014.5,626.5,572.5,1314.5,586.5,0,0
85,1.418,1.0,0.0,24.5,0.0,1.0,16.5,0.0,0.0,1.0,1,1,template_ok,0,post_translation,0,0,0.9913,78.5,986.5,1911.5,1014.5,626.5,572.5,1314.5,586.5,0,0
86,1.4347,1.0,0.0,24.5,0.0,1.0,16.5,0.0,0.0,1.0,1,1,template_ok,0,post_translation,0,0,0.9917,78.5,986.5,1911.5,1014.5,626.5,572.5,1314.5,586.5,0,0
87,1.4514,1.0,0.0,24.5,0.0,1.0,16.5,0.0,0.0,1.0,1,1,template_ok,0,post_translation,0,0,0.992,78.5,986.5,1911.5,1014.5,626.5,572.5,1314.5,586.5,0,0
88,1.4681,1.0,0.0,24.5,0.0,1.0,16.5,0.0,0.0,1.0,1,1,template_ok,0,post_translation,0,0,0.9924,78.5,986.5,1911.5,1014.5,626.5,572.5,1314.5,586.5,0,0
89,1.4847,1.0,0.0,24.5,0.0,1.0,16.5,0.0,0.0,1.0,1,1,template_ok,0,post_translation,0,0,0.9936,78.5,986.5,1911.5,1014.5,626.5,572.5,1314.5,586.5,0,0
90,1.5014,1.0,0.0,24.5,0.0,1.0,16.5,0.0,0.0,1.0,1,1,template_ok,0,post_translation,0,0,0.994,78.5,986.5,1911.5,1014.5,626.5,572.5,1314.5,586.5,0,0
91,1.5181,1.0,0.0,24.5,0.0,1.0,16.5,0.0,0.0,1.0,1,1,template_ok,0,post_translation,0,0,0.9939,78.5,986.5,1911.5,1014.5,626.5,572.5,1314.5,586.5,0,0
92,1.5348,1.0,0.0,24.5,0.0,1.0,16.5,0.0,0.0,1.0,1,1,template_ok,0,post_translation,0,0,0.9932,78.5,986.5,1911.5,1014.5,626.5,572.5,1314.5,586.5,0,0
93,1.5515,1.0,0.0,24.5,0.0,1.0,16.5,0.0,0.0,1.0,1,1,template_ok,0,post_translation,0,0,0.9931,78.5,986.5,1911.5,1014.5,626.5,572.5,1314.5,586.5,0,0
94,1.5682,1.0,0.0,24.5,0.0,1.0,16.5,0.0,0.0,1.0,1,1,template_ok,0,post_translation,0,0,0.9932,78.5,986.5,1911.5,1014.5,626.5,572.5,1314.5,586.5,0,0
95,1.5848,1.0,0.0,24.5,0.0,1.0,16.5,0.0,0.0,1.0,1,1,template_ok,0,post_translation,0,0,0.9933,78.5,986.5,1911.5,1014.5,626.5,572.5,1314.5,586.5,0,0
96,1.6015,1.0,0.0,24.5,0.0,1.0,15.5,0.0,0.0,1.0,1,1,template_ok,0,post_translation,0,0,0.9926,78.5,985.5,1911.5,1013.5,626.5,571.5,1314.5,585.5,0,0
97,1.6182,1.0,0.0,24.5,0.0,1.0,15.5,0.0,0.0,1.0,1,1,template_ok,0,post_translation,0,0,0.993,78.5,985.5,1911.5,1013.5,626.5,571.5,1314.5,585.5,0,0
98,1.6349,1.0,0.0,24.5,0.0,1.0,15.5,0.0,0.0,1.0,1,1,template_ok,0,post_translation,0,0,0.994,78.5,985.5,1911.5,1013.5,626.5,571.5,1314.5,585.5,0,0
99,1.6516,1.0,0.0,24.5,0.0,1.0,15.5,0.0,0.0,1.0,1,1,template_ok,0,post_translation,0,0,0.9947,78.5,985.5,1911.5,1013.5,626.5,571.5,1314.5,585.5,0,0
100,1.6683,1.0,0.0,24.5,0.0,1.0,15.5,0.0,0.0,1.0,1,1,template_ok,0,post_translation,0,0,0.9943,78.5,985.5,1911.5,1013.5,626.5,571.5,1314.5,585.5,0,0
101,1.6849,1.0,0.0,24.5,0.0,1.0,14.5,0.0,0.0,1.0,1,1,template_ok,0,post_translation,0,0,0.9905,78.5,984.5,1911.5,1012.5,626.5,570.5,1314.5,584.5,0,0
102,1.7016,1.0,0.0,23.5,0.0,1.0,14.5,0.0,0.0,1.0,1,1,template_ok,0,post_translation,0,0,0.9888,77.5,984.5,1910.5,1012.5,625.5,570.5,1313.5,584.5,0,0
103,1.7183,1.0,0.0,23.5,0.0,1.0,14.5,0.0,0.0,1.0,1,1,template_ok,0,post_translation,0,0,0.9896,77.5,984.5,1910.5,1012.5,625.5,570.5,1313.5,584.5,0,0
104,1.735,1.0,0.0,23.5,0.0,1.0,14.5,0.0,0.0,1.0,1,1,template_ok,0,post_translation,0,0,0.9939,77.5,984.5,1910.5,1012.5,625.5,570.5,1313.5,584.5,0,0
105,1.7517,1.0,0.0,23.5,0.0,1.0,14.5,0.0,0.0,1.0,1,1,template_ok,0,post_translation,0,0,0.9938,77.5,984.5,1910.5,1012.5,625.5,570.5,1313.5,584.5,0,0
106,1.7683,1.0,0.0,23.5,0.0,1.0,14.5,0.0,0.0,1.0,1,1,template_ok,0,post_translation,0,0,0.9946,77.5,984.5,1910.5,1012.5,625.5,570.5,1313.5,584.5,0,0
107,1.785,1.0,0.0,23.5,0.0,1.0,14.5,0.0,0.0,1.0,1,1,template_ok,0,post_translation,0,0,0.9945,77.5,984.5,1910.5,1012.5,625.5,570.5,1313.5,584.5,0,0
108,1.8017,1.0,0.0,23.5,0.0,1.0,14.5,0.0,0.0,1.0,1,1,template_ok,0,post_translation,0,0,0.9922,77.5,984.5,1910.5,1012.5,625.5,570.5,1313.5,584.5,0,0
109,1.8184,1.0,0.0,23.5,0.0,1.0,14.5,0.0,0.0,1.0,1,1,template_ok,0,post_translation,0,0,0.9921,77.5,984.5,1910.5,1012.5,625.5,570.5,1313.5,584.5,0,0
110,1.8351,1.0,0.0,23.5,0.0,1.0,13.5,0.0,0.0,1.0,1,1,template_ok,0,post_translation,0,0,0.9913,77.5,983.5,1910.5,1011.5,625.5,569.5,1313.5,583.5,0,0
111,1.8518,1.0,0.0,23.5,0.0,1.0,13.5,0.0,0.0,1.0,1,1,template_ok,0,post_translation,0,0,0.9924,77.5,983.5,1910.5,1011.5,625.5,569.5,1313.5,583.5,0,0
112,1.8684,1.0,0.0,23.5,0.0,1.0,13.5,0.0,0.0,1.0,1,1,template_ok,0,post_translation,0,0,0.9922,77.5,983.5,1910.5,1011.5,625.5,569.5,1313.5,583.5,0,0
113,1.8851,1.0,0.0,23.5,0.0,1.0,13.5,0.0,0.0,1.0,1,1,template_ok,0,post_translation,0,0,0.9905,77.5,983.5,1910.5,1011.5,625.5,569.5,1313.5,583.5,0,0
114,1.9018,1.0,0.0,23.5,0.0,1.0,13.5,0.0,0.0,1.0,1,1,template_ok,0,post_translation,0,0,0.9903,77.5,983.5,1910.5,1011.5,625.5,569.5,1313.5,583.5,0,0
115,1.9185,1.0,0.0,24.5,0.0,1.0,13.5,0.0,0.0,1.0,1,1,template_ok,0,post_translation,0,0,0.987,78.5,983.5,1911.5,1011.5,626.5,569.5,1314.5,583.5,0,0
116,1.9352,1.0,0.0,24.5,0.0,1.0,12.5,0.0,0.0,1.0,1,1,template_ok,0,post_translation,0,0,0.9906,78.5,982.5,1911.5,1010.5,626.5,568.5,1314.5,582.5,0,0
117,1.9519,1.0,0.0,24.5,0.0,1.0,12.5,0.0,0.0,1.0,1,1,template_ok,0,post_translation,0,0,0.9929,78.5,982.5,1911.5,1010.5,626.5,568.5,1314.5,582.5,0,0
118,1.9685,1.0,0.0,24.5,0.0,1.0,12.5,0.0,0.0,1.0,1,1,template_ok,0,post_translation,0,0,0.9936,78.5,982.5,1911.5,1010.5,626.5,568.5,1314.5,582.5,0,0
119,1.9852,1.0,0.0,24.5,0.0,1.0,12.5,0.0,0.0,1.0,1,1,template_ok,0,post_translation,0,0,0.9939,78.5,982.5,1911.5,1010.5,626.5,568.5,1314.5,582.5,0,0
120,2.0019,1.0,0.0,24.5,0.0,1.0,12.5,0.0,0.0,1.0,1,1,template_ok,0,post_translation,0,0,0.9922,78.5,982.5,1911.5,1010.5,626.5,568.5,1314.5,582.5,0,0
121,2.0186,1.0,0.0,24.5,0.0,1.0,11.5,0.0,0.0,1.0,1,1,template_ok,0,post_translation,0,0,0.9908,78.5,981.5,1911.5,1009.5,626.5,567.5,1314.5,581.5,0,0
122,2.0353,1.0,0.0,24.5,0.0,1.0,11.5,0.0,0.0,1.0,1,1,template_ok,0,post_translation,0,0,0.9882,78.5,981.5,1911.5,1009.5,626.5,567.5,1314.5,581.5,0,0
123,2.0519,1.0,0.0,25.5,0.0,1.0,11.5,0.0,0.0,1.0,1,1,template_ok,0,post_translation,0,0,0.988,79.5,981.5,1912.5,1009.5,627.5,567.5,1315.5,581.5,0,0
124,2.0686,1.0,0.0,25.5,0.0,1.0,11.5,0.0,0.0,1.0,1,1,template_ok,0,post_translation,0,0,0.9893,79.5,981.5,1912.5,1009.5,627.5,567.5,1315.5,581.5,0,0
125,2.0853,1.0,0.0,25.5,0.0,1.0,11.5,0.0,0.0,1.0,1,1,template_ok,0,post_translation,0,0,0.9897,79.5,981.5,1912.5,1009.5,627.5,567.5,1315.5,581.5,0,0
126,2.102,1.0,0.0,25.5,0.0,1.0,11.5,0.0,0.0,1.0,1,1,template_ok,0,post_translation,0,0,0.9901,79.5,981.5,1912.5,1009.5,627.5,567.5,1315.5,581.5,0,0
127,2.1187,1.0,0.0,25.5,0.0,1.0,10.5,0.0,0.0,1.0,1,1,template_ok,0,post_translation,0,0,0.9916,79.5,980.5,1912.5,1008.5,627.5,566.5,1315.5,580.5,0,0
128,2.1354,1.0,0.0,25.5,0.0,1.0,10.5,0.0,0.0,1.0,1,1,template_ok,0,post_translation,0,0,0.9922,79.5,980.5,1912.5,1008.5,627.5,566.5,1315.5,580.5,0,0
129,2.152,1.0,0.0,25.5,0.0,1.0,10.5,0.0,0.0,1.0,1,1,template_ok,0,post_translation,0,0,0.9925,79.5,980.5,1912.5,1008.5,627.5,566.5,1315.5,580.5,0,0
130,2.1687,1.0,0.0,25.5,0.0,1.0,10.5,0.0,0.0,1.0,1,1,template_ok,0,post_translation,0,0,0.9923,79.5,980.5,1912.5,1008.5,627.5,566.5,1315.5,580.5,0,0
131,2.1854,1.0,0.0,25.5,0.0,1.0,10.5,0.0,0.0,1.0,1,1,template_ok,0,post_translation,0,0,0.9924,79.5,980.5,1912.5,1008.5,627.5,566.5,1315.5,580.5,0,0
132,2.2021,1.0,0.0,25.5,0.0,1.0,10.5,0.0,0.0,1.0,1,1,template_ok,0,post_translation,0,0,0.9893,79.5,980.5,1912.5,1008.5,627.5,566.5,1315.5,580.5,0,0
133,2.2188,1.0,0.0,25.5,0.0,1.0,10.5,0.0,0.0,1.0,1,1,template_ok,0,post_translation,0,0,0.9876,79.5,980.5,1912.5,1008.5,627.5,566.5,1315.5,580.5,0,0
134,2.2355,1.0,0.0,25.5,0.0,1.0,10.5,0.0,0.0,1.0,1,1,template_ok,0,post_translation,0,0,0.9865,79.5,980.5,1912.5,1008.5,627.5,566.5,1315.5,580.5,0,0
135,2.2521,1.0,0.0,24.5,0.0,1.0,9.5,0.0,0.0,1.0,1,1,template_ok,0,post_translation,0,0,0.9865,78.5,979.5,1911.5,1007.5,626.5,565.5,1314.5,579.5,0,0
136,2.2688,1.0,0.0,24.5,0.0,1.0,10.5,0.0,0.0,1.0,1,1,template_ok,0,post_translation,0,0,0.9906,78.5,980.5,1911.5,1008.5,626.5,566.5,1314.5,580.5,0,0
137,2.2855,1.0,0.0,24.5,0.0,1.0,9.5,0.0,0.0,1.0,1,1,template_ok,0,post_translation,0,0,0.9916,78.5,979.5,1911.5,1007.5,626.5,565.5,1314.5,579.5,0,0
138,2.3022,1.0,0.0,24.5,0.0,1.0,9.5,0.0,0.0,1.0,1,1,template_ok,0,post_translation,0,0,0.9929,78.5,979.5,1911.5,1007.5,626.5,565.5,1314.5,579.5,0,0
139,2.3189,1.0,0.0,24.5,0.0,1.0,9.5,0.0,0.0,1.0,1,1,template_ok,0,post_translation,0,0,0.993,78.5,979.5,1911.5,1007.5,626.5,565.5,1314.5,579.5,0,0
140,2.3356,1.0,0.0,24.5,0.0,1.0,9.5,0.0,0.0,1.0,1,1,template_ok,0,post_translation,0,0,0.9915,78.5,979.5,1911.5,1007.5,626.5,565.5,1314.5,579.5,0,0
141,2.3522,1.0,0.0,24.5,0.0,1.0,9.5,0.0,0.0,1.0,1,1,template_ok,0,post_translation,0,0,0.989,78.5,979.5,1911.5,1007.5,626.5,565.5,1314.5,579.5,0,0
142,2.3689,1.0,0.0,24.5,0.0,1.0,9.5,0.0,0.0,1.0,1,1,template_ok,0,post_translation,0,0,0.9862,78.5,979.5,1911.5,1007.5,626.5,565.5,1314.5,579.5,0,0
143,2.3856,1.0,0.0,23.5,0.0,1.0,9.5,0.0,0.0,1.0,1,1,template_ok,0,post_translation,0,0,0.9911,77.5,979.5,1910.5,1007.5,625.5,565.5,1313.5,579.5,0,0
144,2.4023,1.0,0.0,23.5,0.0,1.0,9.5,0.0,0.0,1.0,1,1,template_ok,0,post_translation,0,0,0.9921,77.5,979.5,1910.5,1007.5,625.5,565.5,1313.5,579.5,0,0
145,2.419,1.0,0.0,23.5,0.0,1.0,9.5,0.0,0.0,1.0,1,1,template_ok,0,post_translation,0,0,0.993,77.5,979.5,1910.5,1007.5,625.5,565.5,1313.5,579.5,0,0
146,2.4356,1.0,0.0,23.5,0.0,1.0,9.5,0.0,0.0,1.0,1,1,template_ok,0,post_translation,0,0,0.9932,77.5,979.5,1910.5,1007.5,625.5,565.5,1313.5,579.5,0,0
147,2.4523,1.0,0.0,23.5,0.0,1.0,9.5,0.0,0.0,1.0,1,1,template_ok,0,post_translation,0,0,0.9907,77.5,979.5,1910.5,1007.5,625.5,565.5,1313.5,579.5,0,0
148,2.469,1.0,0.0,22.5,0.0,1.0,9.5,0.0,0.0,1.0,1,1,template_ok,0,post_translation,0,0,0.9873,76.5,979.5,1909.5,1007.5,624.5,565.5,1312.5,579.5,0,0
149,2.4857,1.0,0.0,22.5,0.0,1.0,9.5,0.0,0.0,1.0,1,1,template_ok,0,post_translation,0,0,0.9884,76.5,979.5,1909.5,1007.5,624.5,565.5,1312.5,579.5,0,0
150,2.5024,1.0,0.0,22.5,0.0,1.0,9.5,0.0,0.0,1.0,1,1,template_ok,0,post_translation,0,0,0.9908,76.5,979.5,1909.5,1007.5,624.5,565.5,1312.5,579.5,0,0
151,2.5191,1.0,0.0,22.5,0.0,1.0,9.5,0.0,0.0,1.0,1,1,template_ok,0,post_translation,0,0,0.9928,76.5,979.5,1909.5,1007.5,624.5,565.5,1312.5,579.5,0,0
152,2.5357,1.0,0.0,22.5,0.0,1.0,9.5,0.0,0.0,1.0,1,1,template_ok,0,post_translation,0,0,0.9928,76.5,979.5,1909.5,1007.5,624.5,565.5,1312.5,579.5,0,0
153,2.5524,1.0,0.0,22.5,0.0,1.0,9.5,0.0,0.0,1.0,1,1,template_ok,0,post_translation,0,0,0.9884,76.5,979.5,1909.5,1007.5,624.5,565.5,1312.5,579.5,0,0
154,2.5691,1.0,0.0,22.5,0.0,1.0,9.5,0.0,0.0,1.0,1,1,template_ok,0,post_translation,0,0,0.9874,76.5,979.5,1909.5,1007.5,624.5,565.5,1312.5,579.5,0,0
155,2.5858,1.0,0.0,21.5,0.0,1.0,9.5,0.0,0.0,1.0,1,1,template_ok,0,post_translation,0,0,0.9934,75.5,979.5,1908.5,1007.5,623.5,565.5,1311.5,579.5,0,0
156,2.6025,1.0,0.0,21.5,0.0,1.0,9.5,0.0,0.0,1.0,1,1,template_ok,0,post_translation,0,0,0.9935,75.5,979.5,1908.5,1007.5,623.5,565.5,1311.5,579.5,0,0
157,2.6192,1.0,0.0,21.5,0.0,1.0,9.5,0.0,0.0,1.0,1,1,template_ok,0,post_translation,0,0,0.9921,75.5,979.5,1908.5,1007.5,623.5,565.5,1311.5,579.5,0,0
158,2.6358,1.0,0.0,21.5,0.0,1.0,9.5,0.0,0.0,1.0,1,1,template_ok,0,post_translation,0,0,0.9897,75.5,979.5,1908.5,1007.5,623.5,565.5,1311.5,579.5,0,0
159,2.6525,1.0,0.0,20.5,0.0,1.0,9.5,0.0,0.0,1.0,1,1,template_ok,0,post_translation,0,0,0.9908,74.5,979.5,1907.5,1007.5,622.5,565.5,1310.5,579.5,0,0
160,2.6692,1.0,0.0,20.5,0.0,1.0,9.5,0.0,0.0,1.0,1,1,template_ok,0,post_translation,0,0,0.9908,74.5,979.5,1907.5,1007.5,622.5,565.5,1310.5,579.5,0,0
161,2.6859,1.0,0.0,20.5,0.0,1.0,9.5,0.0,0.0,1.0,1,1,template_ok,0,post_translation,0,0,0.9911,74.5,979.5,1907.5,1007.5,622.5,565.5,1310.5,579.5,0,0
162,2.7026,1.0,0.0,20.5,0.0,1.0,9.5,0.0,0.0,1.0,1,1,template_ok,0,post_translation,0,0,0.9913,74.5,979.5,1907.5,1007.5,622.5,565.5,1310.5,579.5,0,0
163,2.7192,1.0,0.0,20.5,0.0,1.0,9.5,0.0,0.0,1.0,1,1,template_ok,0,post_translation,0,0,0.9921,74.5,979.5,1907.5,1007.5,622.5,565.5,1310.5,579.5,0,0
164,2.7359,1.0,0.0,20.5,0.0,1.0,9.5,0.0,0.0,1.0,1,1,template_ok,0,post_translation,0,0,0.9922,74.5,979.5,1907.5,1007.5,622.5,565.5,1310.5,579.5,0,0
165,2.7526,1.0,0.0,20.5,0.0,1.0,9.5,0.0,0.0,1.0,1,1,template_ok,0,post_translation,0,0,0.9922,74.5,979.5,1907.5,1007.5,622.5,565.5,1310.5,579.5,0,0
166,2.7693,1.0,0.0,20.5,0.0,1.0,9.5,0.0,0.0,1.0,1,1,template_ok,0,post_translation,0,0,0.9922,74.5,979.5,1907.5,1007.5,622.5,565.5,1310.5,579.5,0,0
167,2.786,1.0,0.0,20.5,0.0,1.0,9.5,0.0,0.0,1.0,1,1,template_ok,0,post_translation,0,0,0.9917,74.5,979.5,1907.5,1007.5,622.5,565.5,1310.5,579.5,0,0
168,2.8027,1.0,0.0,20.5,0.0,1.0,9.5,0.0,0.0,1.0,1,1,template_ok,0,post_translation,0,0,0.9901,74.5,979.5,1907.5,1007.5,622.5,565.5,1310.5,579.5,0,0
169,2.8193,1.0,0.0,20.5,0.0,1.0,9.5,0.0,0.0,1.0,1,1,template_ok,0,post_translation,0,0,0.9898,74.5,979.5,1907.5,1007.5,622.5,565.5,1310.5,579.5,0,0
170,2.836,1.0,0.0,20.5,0.0,1.0,9.5,0.0,0.0,1.0,1,1,template_ok,0,post_translation,0,0,0.9901,74.5,979.5,1907.5,1007.5,622.5,565.5,1310.5,579.5,0,0
171,2.8527,1.0,0.0,20.5,0.0,1.0,9.5,0.0,0.0,1.0,1,1,template_ok,0,post_translation,0,0,0.99,74.5,979.5,1907.5,1007.5,622.5,565.5,1310.5,579.5,0,0
172,2.8694,1.0,0.0,20.5,0.0,1.0,9.5,0.0,0.0,1.0,1,1,template_ok,0,post_translation,0,0,0.9932,74.5,979.5,1907.5,1007.5,622.5,565.5,1310.5,579.5,0,0
173,2.8861,1.0,0.0,20.5,0.0,1.0,9.5,0.0,0.0,1.0,1,1,template_ok,0,post_translation,0,0,0.9914,74.5,979.5,1907.5,1007.5,622.5,565.5,1310.5,579.5,0,0
174,2.9028,1.0,0.0,20.5,0.0,1.0,9.5,0.0,0.0,1.0,1,1,template_ok,0,post_translation,0,0,0.9935,74.5,979.5,1907.5,1007.5,622.5,565.5,1310.5,579.5,0,0
175,2.9194,1.0,0.0,20.5,0.0,1.0,9.5,0.0,0.0,1.0,1,1,template_ok,0,post_translation,0,0,0.9937,74.5,979.5,1907.5,1007.5,622.5,565.5,1310.5,579.5,0,0
176,2.9361,1.0,0.0,20.5,0.0,1.0,9.5,0.0,0.0,1.0,1,1,template_ok,0,post_translation,0,0,0.9904,74.5,979.5,1907.5,1007.5,622.5,565.5,1310.5,579.5,0,0
177,2.9528,1.0,0.0,20.5,0.0,1.0,9.5,0.0,0.0,1.0,1,1,template_ok,0,post_translation,0,0,0.9899,74.5,979.5,1907.5,1007.5,622.5,565.5,1310.5,579.5,0,0
178,2.9695,1.0,0.0,20.5,0.0,1.0,10.5,0.0,0.0,1.0,1,1,template_ok,0,post_translation,0,0,0.9893,74.5,980.5,1907.5,1008.5,622.5,566.5,1310.5,580.5,0,0
179,2.9862,1.0,0.0,20.5,0.0,1.0,10.5,0.0,0.0,1.0,1,1,template_ok,0,post_translation,0,0,0.9892,74.5,980.5,1907.5,1008.5,622.5,566.5,1310.5,580.5,0,0
180,3.0029,1.0,0.0,21.5,0.0,1.0,10.5,0.0,0.0,1.0,1,1,template_ok,0,post_translation,0,0,0.9869,75.5,980.5,1908.5,1008.5,623.5,566.5,1311.5,580.5,0,0
181,3.0195,1.0,0.0,21.5,0.0,1.0,10.5,0.0,0.0,1.0,1,1,template_ok,0,post_translation,0,0,0.987,75.5,980.5,1908.5,1008.5,623.5,566.5,1311.5,580.5,0,0
182,3.0362,1.0,0.0,20.5,0.0,1.0,10.5,0.0,0.0,1.0,1,1,template_ok,0,post_translation,0,0,0.9869,74.5,980.5,1907.5,1008.5,622.5,566.5,1310.5,580.5,0,0
183,3.0529,1.0,0.0,20.5,0.0,1.0,10.5,0.0,0.0,1.0,1,1,template_ok,0,post_translation,0,0,0.9887,74.5,980.5,1907.5,1008.5,622.5,566.5,1310.5,580.5,0,0
184,3.0696,1.0,0.0,20.5,0.0,1.0,11.5,0.0,0.0,1.0,1,1,template_ok,0,post_translation,0,0,0.9871,74.5,981.5,1907.5,1009.5,622.5,567.5,1310.5,581.5,0,0
185,3.0863,1.0,0.0,20.5,0.0,1.0,11.5,0.0,0.0,1.0,1,1,template_ok,0,post_translation,0,0,0.9886,74.5,981.5,1907.5,1009.5,622.5,567.5,1310.5,581.5,0,0
186,3.1029,1.0,0.0,20.5,0.0,1.0,11.5,0.0,0.0,1.0,1,1,template_ok,0,post_translation,0,0,0.989,74.5,981.5,1907.5,1009.5,622.5,567.5,1310.5,581.5,0,0
187,3.1196,1.0,0.0,20.5,0.0,1.0,11.5,0.0,0.0,1.0,1,1,template_ok,0,post_translation,0,0,0.9897,74.5,981.5,1907.5,1009.5,622.5,567.5,1310.5,581.5,0,0
188,3.1363,1.0,0.0,20.5,0.0,1.0,11.5,0.0,0.0,1.0,1,1,template_ok,0,post_translation,0,0,0.9898,74.5,981.5,1907.5,1009.5,622.5,567.5,1310.5,581.5,0,0
189,3.153,1.0,0.0,20.5,0.0,1.0,11.5,0.0,0.0,1.0,1,1,template_ok,0,post_translation,0,0,0.9911,74.5,981.5,1907.5,1009.5,622.5,567.5,1310.5,581.5,0,0
190,3.1697,1.0,0.0,20.5,0.0,1.0,12.5,0.0,0.0,1.0,1,1,template_ok,0,post_translation,0,0,0.9916,74.5,982.5,1907.5,1010.5,622.5,568.5,1310.5,582.5,0,0
191,3.1864,1.0,0.0,20.5,0.0,1.0,12.5,0.0,0.0,1.0,1,1,template_ok,0,post_translation,0,0,0.9935,74.5,982.5,1907.5,1010.5,622.5,568.5,1310.5,582.5,0,0
192,3.203,1.0,0.0,20.5,0.0,1.0,12.5,0.0,0.0,1.0,1,1,template_ok,0,post_translation,0,0,0.9925,74.5,982.5,1907.5,1010.5,622.5,568.5,1310.5,582.5,0,0
193,3.2197,1.0,0.0,20.5,0.0,1.0,12.5,0.0,0.0,1.0,1,1,template_ok,0,post_translation,0,0,0.9942,74.5,982.5,1907.5,1010.5,622.5,568.5,1310.5,582.5,0,0
194,3.2364,1.0,0.0,20.5,0.0,1.0,12.5,0.0,0.0,1.0,1,1,template_ok,0,post_translation,0,0,0.994,74.5,982.5,1907.5,1010.5,622.5,568.5,1310.5,582.5,0,0
195,3.2531,1.0,0.0,20.5,0.0,1.0,12.5,0.0,0.0,1.0,1,1,template_ok,0,post_translation,0,0,0.9936,74.5,982.5,1907.5,1010.5,622.5,568.5,1310.5,582.5,0,0
196,3.2698,1.0,0.0,20.5,0.0,1.0,13.5,0.0,0.0,1.0,1,1,template_ok,0,post_translation,0,0,0.9935,74.5,983.5,1907.5,1011.5,622.5,569.5,1310.5,583.5,0,0
197,3.2865,1.0,0.0,20.5,0.0,1.0,13.5,0.0,0.0,1.0,1,1,template_ok,0,post_translation,0,0,0.9902,74.5,983.5,1907.5,1011.5,622.5,569.5,1310.5,583.5,0,0
198,3.3031,1.0,0.0,19.5,0.0,1.0,13.5,0.0,0.0,1.0,1,1,template_ok,0,post_translation,0,0,0.9888,73.5,983.5,1906.5,1011.5,621.5,569.5,1309.5,583.5,0,0
199,3.3198,1.0,0.0,19.5,0.0,1.0,14.5,0.0,0.0,1.0,1,1,template_ok,0,post_translation,0,0,0.9919,73.5,984.5,1906.5,1012.5,621.5,570.5,1309.5,584.5,0,0
200,3.3365,1.0,0.0,19.5,0.0,1.0,14.5,0.0,0.0,1.0,1,1,template_ok,0,post_translation,0,0,0.9943,73.5,984.5,1906.5,1012.5,621.5,570.5,1309.5,584.5,0,0
201,3.3532,1.0,0.0,19.5,0.0,1.0,14.5,0.0,0.0,1.0,1,1,template_ok,0,post_translation,0,0,0.993,73.5,984.5,1906.5,1012.5,621.5,570.5,1309.5,584.5,0,0
202,3.3699,1.0,0.0,19.5,0.0,1.0,15.5,0.0,0.0,1.0,1,1,template_ok,0,post_translation,0,0,0.9893,73.5,985.5,1906.5,1013.5,621.5,571.5,1309.5,585.5,0,0
203,3.3866,1.0,0.0,18.5,0.0,1.0,15.5,0.0,0.0,1.0,1,1,template_ok,0,post_translation,0,0,0.99,72.5,985.5,1905.5,1013.5,620.5,571.5,1308.5,585.5,0,0
204,3.4032,1.0,0.0,18.5,0.0,1.0,15.5,0.0,0.0,1.0,1,1,template_ok,0,post_translation,0,0,0.9913,72.5,985.5,1905.5,1013.5,620.5,571.5,1308.5,585.5,0,0
205,3.4199,1.0,0.0,18.5,0.0,1.0,15.5,0.0,0.0,1.0,1,1,template_ok,0,post_translation,0,0,0.9924,72.5,985.5,1905.5,1013.5,620.5,571.5,1308.5,585.5,0,0
206,3.4366,1.0,0.0,18.5,0.0,1.0,16.5,0.0,0.0,1.0,1,1,template_ok,0,post_translation,0,0,0.9934,72.5,986.5,1905.5,1014.5,620.5,572.5,1308.5,586.5,0,0
207,3.4533,1.0,0.0,18.5,0.0,1.0,16.5,0.0,0.0,1.0,1,1,template_ok,0,post_translation,0,0,0.9925,72.5,986.5,1905.5,1014.5,620.5,572.5,1308.5,586.5,0,0
208,3.47,1.0,0.0,18.5,0.0,1.0,16.5,0.0,0.0,1.0,1,1,template_ok,0,post_translation,0,0,0.9922,72.5,986.5,1905.5,1014.5,620.5,572.5,1308.5,586.5,0,0
209,3.4866,1.0,0.0,18.5,0.0,1.0,16.5,0.0,0.0,1.0,1,1,template_ok,0,post_translation,0,0,0.9885,72.5,986.5,1905.5,1014.5,620.5,572.5,1308.5,586.5,0,0
210,3.5033,1.0,0.0,17.5,0.0,1.0,16.5,0.0,0.0,1.0,1,1,template_ok,0,post_translation,0,0,0.9915,71.5,986.5,1904.5,1014.5,619.5,572.5,1307.5,586.5,0,0
211,3.52,1.0,0.0,17.5,0.0,1.0,16.5,0.0,0.0,1.0,1,1,template_ok,0,post_translation,0,0,0.992,71.5,986.5,1904.5,1014.5,619.5,572.5,1307.5,586.5,0,0
212,3.5367,1.0,0.0,17.5,0.0,1.0,16.5,0.0,0.0,1.0,1,1,template_ok,0,post_translation,0,0,0.9931,71.5,986.5,1904.5,1014.5,619.5,572.5,1307.5,586.5,0,0
213,3.5534,1.0,0.0,17.5,0.0,1.0,17.5,0.0,0.0,1.0,1,1,template_ok,0,post_translation,0,0,0.9938,71.5,987.5,1904.5,1015.5,619.5,573.5,1307.5,587.5,0,0
214,3.5701,1.0,0.0,17.5,0.0,1.0,17.5,0.0,0.0,1.0,1,1,template_ok,0,post_translation,0,0,0.9935,71.5,987.5,1904.5,1015.5,619.5,573.5,1307.5,587.5,0,0
215,3.5867,1.0,0.0,17.5,0.0,1.0,17.5,0.0,0.0,1.0,1,1,template_ok,0,post_translation,0,0,0.9896,71.5,987.5,1904.5,1015.5,619.5,573.5,1307.5,587.5,0,0
216,3.6034,1.0,0.0,17.5,0.0,1.0,17.5,0.0,0.0,1.0,1,1,template_ok,0,post_translation,0,0,0.9849,71.5,987.5,1904.5,1015.5,619.5,573.5,1307.5,587.5,0,0
217,3.6201,1.0,0.0,16.5,0.0,1.0,17.5,0.0,0.0,1.0,1,1,template_ok,0,post_translation,0,0,0.9878,70.5,987.5,1903.5,1015.5,618.5,573.5,1306.5,587.5,0,0
218,3.6368,1.0,0.0,16.5,0.0,1.0,18.5,0.0,0.0,1.0,1,1,template_ok,0,post_translation,0,0,0.9916,70.5,988.5,1903.5,1016.5,618.5,574.5,1306.5,588.5,0,0
219,3.6535,1.0,0.0,16.5,0.0,1.0,18.5,0.0,0.0,1.0,1,1,template_ok,0,post_translation,0,0,0.9925,70.5,988.5,1903.5,1016.5,618.5,574.5,1306.5,588.5,0,0
220,3.6702,1.0,0.0,16.5,0.0,1.0,18.5,0.0,0.0,1.0,1,1,template_ok,0,post_translation,0,0,0.9927,70.5,988.5,1903.5,1016.5,618.5,574.5,1306.5,588.5,0,0
221,3.6868,1.0,0.0,16.5,0.0,1.0,19.5,0.0,0.0,1.0,1,1,template_ok,0,post_translation,0,0,0.9936,70.5,989.5,1903.5,1017.5,618.5,575.5,1306.5,589.5,0,0
222,3.7035,1.0,0.0,16.5,0.0,1.0,19.5,0.0,0.0,1.0,1,1,template_ok,0,post_translation,0,0,0.9937,70.5,989.5,1903.5,1017.5,618.5,575.5,1306.5,589.5,0,0
223,3.7202,1.0,0.0,16.5,0.0,1.0,19.5,0.0,0.0,1.0,1,1,template_ok,0,post_translation,0,0,0.9931,70.5,989.5,1903.5,1017.5,618.5,575.5,1306.5,589.5,0,0
224,3.7369,1.0,0.0,16.5,0.0,1.0,20.5,0.0,0.0,1.0,1,1,template_ok,0,post_translation,0,0,0.9936,70.5,990.5,1903.5,1018.5,618.5,576.5,1306.5,590.5,0,0
225,3.7536,1.0,0.0,16.5,0.0,1.0,20.5,0.0,0.0,1.0,1,1,template_ok,0,post_translation,0,0,0.9926,70.5,990.5,1903.5,1018.5,618.5,576.5,1306.5,590.5,0,0
226,3.7702,1.0,0.0,16.5,0.0,1.0,21.5,0.0,0.0,1.0,1,1,template_ok,0,post_translation,0,0,0.9935,70.5,991.5,1903.5,1019.5,618.5,577.5,1306.5,591.5,0,0
227,3.7869,1.0,0.0,16.5,0.0,1.0,21.5,0.0,0.0,1.0,1,1,template_ok,0,post_translation,0,0,0.9937,70.5,991.5,1903.5,1019.5,618.5,577.5,1306.5,591.5,0,0
228,3.8036,1.0,0.0,16.5,0.0,1.0,21.5,0.0,0.0,1.0,1,1,template_ok,0,post_translation,0,0,0.9919,70.5,991.5,1903.5,1019.5,618.5,577.5,1306.5,591.5,0,0
229,3.8203,1.0,0.0,16.5,0.0,1.0,22.5,0.0,0.0,1.0,1,1,template_ok,0,post_translation,0,0,0.994,70.5,992.5,1903.5,1020.5,618.5,578.5,1306.5,592.5,0,0
230,3.837,1.0,0.0,16.5,0.0,1.0,22.5,0.0,0.0,1.0,1,1,template_ok,0,post_translation,0,0,0.9938,70.5,992.5,1903.5,1020.5,618.5,578.5,1306.5,592.5,0,0
231,3.8537,1.0,0.0,16.5,0.0,1.0,23.5,0.0,0.0,1.0,1,1,template_ok,0,post_translation,0,0,0.9943,70.5,993.5,1903.5,1021.5,618.5,579.5,1306.5,593.5,0,0
232,3.8703,1.0,0.0,16.5,0.0,1.0,23.5,0.0,0.0,1.0,1,1,template_ok,0,post_translation,0,0,0.9939,70.5,993.5,1903.5,1021.5,618.5,579.5,1306.5,593.5,0,0
233,3.887,1.0,0.0,16.5,0.0,1.0,24.5,0.0,0.0,1.0,1,1,template_ok,0,post_translation,0,0,0.9942,70.5,994.5,1903.5,1022.5,618.5,580.5,1306.5,594.5,0,0
234,3.9037,1.0,0.0,16.5,0.0,1.0,24.5,0.0,0.0,1.0,1,1,template_ok,0,post_translation,0,0,0.994,70.5,994.5,1903.5,1022.5,618.5,580.5,1306.5,594.5,0,0
235,3.9204,1.0,0.0,16.5,0.0,1.0,24.5,0.0,0.0,1.0,1,1,template_ok,0,post_translation,0,0,0.9937,70.5,994.5,1903.5,1022.5,618.5,580.5,1306.5,594.5,0,0
236,3.9371,1.0,0.0,16.5,0.0,1.0,25.5,0.0,0.0,1.0,1,1,template_ok,0,post_translation,0,0,0.9936,70.5,995.5,1903.5,1023.5,618.5,581.5,1306.5,595.5,0,0
237,3.9538,1.0,0.0,16.5,0.0,1.0,25.5,0.0,0.0,1.0,1,1,template_ok,0,post_translation,0,0,0.9943,70.5,995.5,1903.5,1023.5,618.5,581.5,1306.5,595.5,0,0
238,3.9704,1.0,0.0,16.5,0.0,1.0,26.5,0.0,0.0,1.0,1,1,template_ok,0,post_translation,0,0,0.9937,70.5,996.5,1903.5,1024.5,618.5,582.5,1306.5,596.5,0,0
239,3.9871,1.0,0.0,16.5,0.0,1.0,26.5,0.0,0.0,1.0,1,1,template_ok,0,post_translation,0,0,0.9941,70.5,996.5,1903.5,1024.5,618.5,582.5,1306.5,596.5,0,0
240,4.0038,1.0,0.0,16.5,0.0,1.0,26.5,0.0,0.0,1.0,1,1,template_ok,0,post_translation,0,0,0.9938,70.5,996.5,1903.5,1024.5,618.5,582.5,1306.5,596.5,0,0
241,4.0205,1.0,0.0,16.5,0.0,1.0,26.5,0.0,0.0,1.0,1,1,template_ok,0,post_translation,0,0,0.9932,70.5,996.5,1903.5,1024.5,618.5,582.5,1306.5,596.5,0,0
242,4.0372,1.0,0.0,16.5,0.0,1.0,26.5,0.0,0.0,1.0,1,1,template_ok,0,post_translation,0,0,0.9893,70.5,996.5,1903.5,1024.5,618.5,582.5,1306.5,596.5,0,0
243,4.0539,1.0,0.0,15.5,0.0,1.0,27.5,0.0,0.0,1.0,1,1,template_ok,0,post_translation,0,0,0.9877,69.5,997.5,1902.5,1025.5,617.5,583.5,1305.5,597.5,0,0
244,4.0705,1.0,0.0,15.5,0.0,1.0,27.5,0.0,0.0,1.0,1,1,template_ok,0,post_translation,0,0,0.9936,69.5,997.5,1902.5,1025.5,617.5,583.5,1305.5,597.5,0,0
245,4.0872,1.0,0.0,15.5,0.0,1.0,27.5,0.0,0.0,1.0,1,1,template_ok,0,post_translation,0,0,0.9939,69.5,997.5,1902.5,1025.5,617.5,583.5,1305.5,597.5,0,0
246,4.1039,1.0,0.0,15.5,0.0,1.0,27.5,0.0,0.0,1.0,1,1,template_ok,0,post_translation,0,0,0.991,69.5,997.5,1902.5,1025.5,617.5,583.5,1305.5,597.5,0,0
247,4.1206,1.0,0.0,14.5,0.0,1.0,28.5,0.0,0.0,1.0,1,1,template_ok,0,post_translation,0,0,0.9919,68.5,998.5,1901.5,1026.5,616.5,584.5,1304.5,598.5,0,0
248,4.1373,1.0,0.0,14.5,0.0,1.0,28.5,0.0,0.0,1.0,1,1,template_ok,0,post_translation,0,0,0.9939,68.5,998.5,1901.5,1026.5,616.5,584.5,1304.5,598.5,0,0
249,4.1539,1.0,0.0,14.5,0.0,1.0,28.5,0.0,0.0,1.0,1,1,template_ok,0,post_translation,0,0,0.9931,68.5,998.5,1901.5,1026.5,616.5,584.5,1304.5,598.5,0,0
250,4.1706,1.0,0.0,13.5,0.0,1.0,28.5,0.0,0.0,1.0,1,1,template_ok,0,post_translation,0,0,0.9919,67.5,998.5,1900.5,1026.5,615.5,584.5,1303.5,598.5,0,0
251,4.1873,1.0,0.0,13.5,0.0,1.0,29.5,0.0,0.0,1.0,1,1,template_ok,0,post_translation,0,0,0.9933,67.5,999.5,1900.5,1027.5,615.5,585.5,1303.5,599.5,0,0
252,4.204,1.0,0.0,13.5,0.0,1.0,29.5,0.0,0.0,1.0,1,1,template_ok,0,post_translation,0,0,0.9916,67.5,999.5,1900.5,1027.5,615.5,585.5,1303.5,599.5,0,0
253,4.2207,1.0,0.0,12.5,0.0,1.0,29.5,0.0,0.0,1.0,1,1,template_ok,0,post_translation,0,0,0.9926,66.5,999.5,1899.5,1027.5,614.5,585.5,1302.5,599.5,0,0
254,4.2374,1.0,0.0,12.5,0.0,1.0,29.5,0.0,0.0,1.0,1,1,template_ok,0,post_translation,0,0,0.994,66.5,999.5,1899.5,1027.5,614.5,585.5,1302.5,599.5,0,0
255,4.254,1.0,0.0,12.5,0.0,1.0,29.5,0.0,0.0,1.0,1,1,template_ok,0,post_translation,0,0,0.9907,66.5,999.5,1899.5,1027.5,614.5,585.5,1302.5,599.5,0,0
256,4.2707,1.0,0.0,11.5,0.0,1.0,29.5,0.0,0.0,1.0,1,1,template_ok,0,post_translation,0,0,0.9918,65.5,999.5,1898.5,1027.5,613.5,585.5,1301.5,599.5,0,0
257,4.2874,1.0,0.0,11.5,0.0,1.0,30.5,0.0,0.0,1.0,1,1,template_ok,0,post_translation,0,0,0.9931,65.5,1000.5,1898.5,1028.5,613.5,586.5,1301.5,600.5,0,0
258,4.3041,1.0,0.0,11.5,0.0,1.0,30.5,0.0,0.0,1.0,1,1,template_ok,0,post_translation,0,0,0.9952,65.5,1000.5,1898.5,1028.5,613.5,586.5,1301.5,600.5,0,0
259,4.3208,1.0,0.0,11.5,0.0,1.0,30.5,0.0,0.0,1.0,1,1,template_ok,0,post_translation,0,0,0.9951,65.5,1000.5,1898.5,1028.5,613.5,586.5,1301.5,600.5,0,0
260,4.3375,1.0,0.0,11.5,0.0,1.0,31.5,0.0,0.0,1.0,1,1,template_ok,0,post_translation,0,0,0.9937,65.5,1001.5,1898.5,1029.5,613.5,587.5,1301.5,601.5,0,0
261,4.3541,1.0,0.0,11.5,0.0,1.0,31.5,0.0,0.0,1.0,1,1,template_ok,0,post_translation,0,0,0.9932,65.5,1001.5,1898.5,1029.5,613.5,587.5,1301.5,601.5,0,0
262,4.3708,1.0,0.0,11.5,0.0,1.0,31.5,0.0,0.0,1.0,1,1,template_ok,0,post_translation,0,0,0.9922,65.5,1001.5,1898.5,1029.5,613.5,587.5,1301.5,601.5,0,0
263,4.3875,1.0,0.0,11.5,0.0,1.0,32.5,0.0,0.0,1.0,1,1,template_ok,0,post_translation,0,0,0.9913,65.5,1002.5,1898.5,1030.5,613.5,588.5,1301.5,602.5,0,0
264,4.4042,1.0,0.0,11.5,0.0,1.0,32.5,0.0,0.0,1.0,1,1,template_ok,0,post_translation,0,0,0.9925,65.5,1002.5,1898.5,1030.5,613.5,588.5,1301.5,602.5,0,0
265,4.4209,1.0,0.0,11.5,0.0,1.0,32.5,0.0,0.0,1.0,1,1,template_ok,0,post_translation,0,0,0.9931,65.5,1002.5,1898.5,1030.5,613.5,588.5,1301.5,602.5,0,0
266,4.4375,1.0,0.0,11.5,0.0,1.0,33.5,0.0,0.0,1.0,1,1,template_ok,0,post_translation,0,0,0.9944,65.5,1003.5,1898.5,1031.5,613.5,589.5,1301.5,603.5,0,0
267,4.4542,1.0,0.0,11.5,0.0,1.0,33.5,0.0,0.0,1.0,1,1,template_ok,0,post_translation,0,0,0.9952,65.5,1003.5,1898.5,1031.5,613.5,589.5,1301.5,603.5,0,0
268,4.4709,1.0,0.0,11.5,0.0,1.0,33.5,0.0,0.0,1.0,1,1,template_ok,0,post_translation,0,0,0.9928,65.5,1003.5,1898.5,1031.5,613.5,589.5,1301.5,603.5,0,0
269,4.4876,1.0,0.0,11.5,0.0,1.0,33.5,0.0,0.0,1.0,1,1,template_ok,0,post_translation,0,0,0.9904,65.5,1003.5,1898.5,1031.5,613.5,589.5,1301.5,603.5,0,0
270,4.5043,1.0,0.0,12.5,0.0,1.0,34.5,0.0,0.0,1.0,1,1,template_ok,0,post_translation,0,0,0.9883,66.5,1004.5,1899.5,1032.5,614.5,590.5,1302.5,604.5,0,0
271,4.521,1.0,0.0,12.5,0.0,1.0,34.5,0.0,0.0,1.0,1,1,template_ok,0,post_translation,0,0,0.9925,66.5,1004.5,1899.5,1032.5,614.5,590.5,1302.5,604.5,0,0
272,4.5376,1.0,0.0,12.5,0.0,1.0,34.5,0.0,0.0,1.0,1,1,template_ok,0,post_translation,0,0,0.9937,66.5,1004.5,1899.5,1032.5,614.5,590.5,1302.5,604.5,0,0
273,4.5543,1.0,0.0,12.5,0.0,1.0,35.5,0.0,0.0,1.0,1,1,template_ok,0,post_translation,0,0,0.9948,66.5,1005.5,1899.5,1033.5,614.5,591.5,1302.5,605.5,0,0
274,4.571,1.0,0.0,12.5,0.0,1.0,35.5,0.0,0.0,1.0,1,1,template_ok,0,post_translation,0,0,0.9943,66.5,1005.5,1899.5,1033.5,614.5,591.5,1302.5,605.5,0,0
275,4.5877,1.0,0.0,12.5,0.0,1.0,36.5,0.0,0.0,1.0,1,1,template_ok,0,post_translation,0,0,0.9925,66.5,1006.5,1899.5,1034.5,614.5,592.5,1302.5,606.5,0,0
276,4.6044,1.0,0.0,12.5,0.0,1.0,36.5,0.0,0.0,1.0,1,1,template_ok,0,post_translation,0,0,0.9928,66.5,1006.5,1899.5,1034.5,614.5,592.5,1302.5,606.5,0,0
277,4.6211,1.0,0.0,12.5,0.0,1.0,37.5,0.0,0.0,1.0,1,1,template_ok,0,post_translation,0,0,0.9894,66.5,1007.5,1899.5,1035.5,614.5,593.5,1302.5,607.5,0,0
278,4.6377,1.0,0.0,12.5,0.0,1.0,37.5,0.0,0.0,1.0,1,1,template_ok,0,post_translation,0,0,0.9889,66.5,1007.5,1899.5,1035.5,614.5,593.5,1302.5,607.5,0,0
279,4.6544,1.0,0.0,13.5,0.0,1.0,38.5,0.0,0.0,1.0,1,1,template_ok,0,post_translation,0,0,0.9915,67.5,1008.5,1900.5,1036.5,615.5,594.5,1303.5,608.5,0,0
280,4.6711,1.0,0.0,13.5,0.0,1.0,38.5,0.0,0.0,1.0,1,1,template_ok,0,post_translation,0,0,0.9948,67.5,1008.5,1900.5,1036.5,615.5,594.5,1303.5,608.5,0,0
281,4.6878,1.0,0.0,13.5,0.0,1.0,38.5,0.0,0.0,1.0,1,1,template_ok,0,post_translation,0,0,0.9947,67.5,1008.5,1900.5,1036.5,615.5,594.5,1303.5,608.5,0,0
282,4.7045,1.0,0.0,13.5,0.0,1.0,39.5,0.0,0.0,1.0,1,1,template_ok,0,post_translation,0,0,0.9924,67.5,1009.5,1900.5,1037.5,615.5,595.5,1303.5,609.5,0,0
283,4.7212,1.0,0.0,13.5,0.0,1.0,39.5,0.0,0.0,1.0,1,1,template_ok,0,post_translation,0,0,0.9891,67.5,1009.5,1900.5,1037.5,615.5,595.5,1303.5,609.5,0,0
284,4.7378,1.0,0.0,14.5,0.0,1.0,39.5,0.0,0.0,1.0,1,1,template_ok,0,post_translation,0,0,0.9912,68.5,1009.5,1901.5,1037.5,616.5,595.5,1304.5,609.5,0,0
285,4.7545,1.0,0.0,14.5,0.0,1.0,40.5,0.0,0.0,1.0,1,1,template_ok,0,post_translation,0,0,0.9948,68.5,1010.5,1901.5,1038.5,616.5,596.5,1304.5,610.5,0,0
286,4.7712,1.0,0.0,14.5,0.0,1.0,40.5,0.0,0.0,1.0,1,1,template_ok,0,post_translation,0,0,0.9944,68.5,1010.5,1901.5,1038.5,616.5,596.5,1304.5,610.5,0,0
287,4.7879,1.0,0.0,14.5,0.0,1.0,40.5,0.0,0.0,1.0,1,1,template_ok,0,post_translation,0,0,0.9918,68.5,1010.5,1901.5,1038.5,616.5,596.5,1304.5,610.5,0,0
288,4.8046,1.0,0.0,15.5,0.0,1.0,40.5,0.0,0.0,1.0,1,1,template_ok,0,post_translation,0,0,0.9918,69.5,1010.5,1902.5,1038.5,617.5,596.5,1305.5,610.5,0,0
289,4.8212,1.0,0.0,15.5,0.0,1.0,40.5,0.0,0.0,1.0,1,1,template_ok,0,post_translation,0,0,0.9937,69.5,1010.5,1902.5,1038.5,617.5,596.5,1305.5,610.5,0,0
290,4.8379,1.0,0.0,15.5,0.0,1.0,40.5,0.0,0.0,1.0,1,1,template_ok,0,post_translation,0,0,0.9919,69.5,1010.5,1902.5,1038.5,617.5,596.5,1305.5,610.5,0,0
291,4.8546,1.0,0.0,16.5,0.0,1.0,40.5,0.0,0.0,1.0,1,1,template_ok,0,post_translation,0,0,0.9928,70.5,1010.5,1903.5,1038.5,618.5,596.5,1306.5,610.5,0,0
292,4.8713,1.0,0.0,16.5,0.0,1.0,40.5,0.0,0.0,1.0,1,1,template_ok,0,post_translation,0,0,0.9936,70.5,1010.5,1903.5,1038.5,618.5,596.5,1306.5,610.5,0,0
293,4.888,1.0,0.0,17.5,0.0,1.0,40.5,0.0,0.0,1.0,1,1,template_ok,0,post_translation,0,0,0.9917,71.5,1010.5,1904.5,1038.5,619.5,596.5,1307.5,610.5,0,0
294,4.9047,1.0,0.0,17.5,0.0,1.0,40.5,0.0,0.0,1.0,1,1,template_ok,0,post_translation,0,0,0.9937,71.5,1010.5,1904.5,1038.5,619.5,596.5,1307.5,610.5,0,0
295,4.9213,1.0,0.0,18.5,0.0,1.0,41.5,0.0,0.0,1.0,1,1,template_ok,0,post_translation,0,0,0.9921,72.5,1011.5,1905.5,1039.5,620.5,597.5,1308.5,611.5,0,0
296,4.938,1.0,0.0,18.5,0.0,1.0,41.5,0.0,0.0,1.0,1,1,template_ok,0,post_translation,0,0,0.9943,72.5,1011.5,1905.5,1039.5,620.5,597.5,1308.5,611.5,0,0
297,4.9547,1.0,0.0,19.5,0.0,1.0,41.5,0.0,0.0,1.0,1,1,template_ok,0,post_translation,0,0,0.9953,73.5,1011.5,1906.5,1039.5,621.5,597.5,1309.5,611.5,0,0
298,4.9714,1.0,0.0,19.5,0.0,1.0,41.5,0.0,0.0,1.0,1,1,template_ok,0,post_translation,0,0,0.9907,73.5,1011.5,1906.5,1039.5,621.5,597.5,1309.5,611.5,0,0
299,4.9881,1.0,0.0,20.5,0.0,1.0,41.5,0.0,0.0,1.0,1,1,template_ok,0,post_translation,0,0,0.9944,74.5,1011.5,1907.5,1039.5,622.5,597.5,1310.5,611.5,0,0
300,5.0048,1.0,0.0,20.5,0.0,1.0,42.5,0.0,0.0,1.0,1,1,template_ok,0,post_translation,0,0,0.9901,74.5,1012.5,1907.5,1040.5,622.5,598.5,1310.5,612.5,0,0
301,5.0214,1.0,0.0,21.5,0.0,1.0,42.5,0.0,0.0,1.0,1,1,template_ok,0,post_translation,0,0,0.9881,75.5,1012.5,1908.5,1040.5,623.5,598.5,1311.5,612.5,0,0
302,5.0381,1.0,0.0,21.5,0.0,1.0,42.5,0.0,0.0,1.0,1,1,template_ok,0,post_translation,0,0,0.9918,75.5,1012.5,1908.5,1040.5,623.5,598.5,1311.5,612.5,0,0
303,5.0548,1.0,0.0,21.5,0.0,1.0,42.5,0.0,0.0,1.0,1,1,template_ok,0,post_translation,0,0,0.9932,75.5,1012.5,1908.5,1040.5,623.5,598.5,1311.5,612.5,0,0
304,5.0715,1.0,0.0,21.5,0.0,1.0,42.5,0.0,0.0,1.0,1,1,template_ok,0,post_translation,0,0,0.9937,75.5,1012.5,1908.5,1040.5,623.5,598.5,1311.5,612.5,0,0
305,5.0882,1.0,0.0,21.5,0.0,1.0,42.5,0.0,0.0,1.0,1,1,template_ok,0,post_translation,0,0,0.9936,75.5,1012.5,1908.5,1040.5,623.5,598.5,1311.5,612.5,0,0
306,5.1048,1.0,0.0,21.5,0.0,1.0,42.5,0.0,0.0,1.0,1,1,template_ok,0,post_translation,0,0,0.9923,75.5,1012.5,1908.5,1040.5,623.5,598.5,1311.5,612.5,0,0
307,5.1215,1.0,0.0,21.5,0.0,1.0,42.5,0.0,0.0,1.0,1,1,template_ok,0,post_translation,0,0,0.9878,75.5,1012.5,1908.5,1040.5,623.5,598.5,1311.5,612.5,0,0
308,5.1382,1.0,0.0,21.5,0.0,1.0,42.5,0.0,0.0,1.0,1,1,template_ok,0,post_translation,0,0,0.9882,75.5,1012.5,1908.5,1040.5,623.5,598.5,1311.5,612.5,0,0
309,5.1549,1.0,0.0,21.5,0.0,1.0,42.5,0.0,0.0,1.0,1,1,template_ok,0,post_translation,0,0,0.9881,75.5,1012.5,1908.5,1040.5,623.5,598.5,1311.5,612.5,0,0
310,5.1716,1.0,0.0,21.5,0.0,1.0,41.5,0.0,0.0,1.0,1,1,template_ok,0,post_translation,0,0,0.9878,75.5,1011.5,1908.5,1039.5,623.5,597.5,1311.5,611.5,0,0
311,5.1883,1.0,0.0,21.5,0.0,1.0,41.5,0.0,0.0,1.0,1,1,template_ok,0,post_translation,0,0,0.988,75.5,1011.5,1908.5,1039.5,623.5,597.5,1311.5,611.5,0,0
312,5.2049,1.0,0.0,22.5,0.0,1.0,41.5,0.0,0.0,1.0,1,1,template_ok,0,post_translation,0,0,0.9888,76.5,1011.5,1909.5,1039.5,624.5,597.5,1312.5,611.5,0,0
313,5.2216,1.0,0.0,22.5,0.0,1.0,41.5,0.0,0.0,1.0,1,1,template_ok,0,post_translation,0,0,0.9893,76.5,1011.5,1909.5,1039.5,624.5,597.5,1312.5,611.5,0,0
314,5.2383,1.0,0.0,22.5,0.0,1.0,41.5,0.0,0.0,1.0,1,1,template_ok,0,post_translation,0,0,0.9933,76.5,1011.5,1909.5,1039.5,624.5,597.5,1312.5,611.5,0,0
315,5.255,1.0,0.0,22.5,0.0,1.0,41.5,0.0,0.0,1.0,1,1,template_ok,0,post_translation,0,0,0.9939,76.5,1011.5,1909.5,1039.5,624.5,597.5,1312.5,611.5,0,0
316,5.2717,1.0,0.0,22.5,0.0,1.0,41.5,0.0,0.0,1.0,1,1,template_ok,0,post_translation,0,0,0.9903,76.5,1011.5,1909.5,1039.5,624.5,597.5,1312.5,611.5,0,0
317,5.2884,1.0,0.0,22.5,0.0,1.0,41.5,0.0,0.0,1.0,1,1,template_ok,0,post_translation,0,0,0.9883,76.5,1011.5,1909.5,1039.5,624.5,597.5,1312.5,611.5,0,0
318,5.305,1.0,0.0,23.5,0.0,1.0,41.5,0.0,0.0,1.0,1,1,template_ok,0,post_translation,0,0,0.9928,77.5,1011.5,1910.5,1039.5,625.5,597.5,1313.5,611.5,0,0
319,5.3217,1.0,0.0,23.5,0.0,1.0,41.5,0.0,0.0,1.0,1,1,template_ok,0,post_translation,0,0,0.9926,77.5,1011.5,1910.5,1039.5,625.5,597.5,1313.5,611.5,0,0
320,5.3384,1.0,0.0,23.5,0.0,1.0,41.5,0.0,0.0,1.0,1,1,template_ok,0,post_translation,0,0,0.9932,77.5,1011.5,1910.5,1039.5,625.5,597.5,1313.5,611.5,0,0
321,5.3551,1.0,0.0,23.5,0.0,1.0,41.5,0.0,0.0,1.0,1,1,template_ok,0,post_translation,0,0,0.9928,77.5,1011.5,1910.5,1039.5,625.5,597.5,1313.5,611.5,0,0
322,5.3718,1.0,0.0,23.5,0.0,1.0,41.5,0.0,0.0,1.0,1,1,template_ok,0,post_translation,0,0,0.9931,77.5,1011.5,1910.5,1039.5,625.5,597.5,1313.5,611.5,0,0
323,5.3885,1.0,0.0,23.5,0.0,1.0,41.5,0.0,0.0,1.0,1,1,template_ok,0,post_translation,0,0,0.9934,77.5,1011.5,1910.5,1039.5,625.5,597.5,1313.5,611.5,0,0
324,5.4051,1.0,0.0,23.5,0.0,1.0,40.5,0.0,0.0,1.0,1,1,template_ok,0,post_translation,0,0,0.9923,77.5,1010.5,1910.5,1038.5,625.5,596.5,1313.5,610.5,0,0
325,5.4218,1.0,0.0,23.5,0.0,1.0,40.5,0.0,0.0,1.0,1,1,template_ok,0,post_translation,0,0,0.9917,77.5,1010.5,1910.5,1038.5,625.5,596.5,1313.5,610.5,0,0
326,5.4385,1.0,0.0,23.5,0.0,1.0,40.5,0.0,0.0,1.0,1,1,template_ok,0,post_translation,0,0,0.9897,77.5,1010.5,1910.5,1038.5,625.5,596.5,1313.5,610.5,0,0
327,5.4552,1.0,0.0,23.5,0.0,1.0,40.5,0.0,0.0,1.0,1,1,template_ok,0,post_translation,0,0,0.9899,77.5,1010.5,1910.5,1038.5,625.5,596.5,1313.5,610.5,0,0
328,5.4719,1.0,0.0,24.5,0.0,1.0,40.5,0.0,0.0,1.0,1,1,template_ok,0,post_translation,0,0,0.9868,78.5,1010.5,1911.5,1038.5,626.5,596.5,1314.5,610.5,0,0
329,5.4885,1.0,0.0,24.5,0.0,1.0,40.5,0.0,0.0,1.0,1,1,template_ok,0,post_translation,0,0,0.9861,78.5,1010.5,1911.5,1038.5,626.5,596.5,1314.5,610.5,0,0
330,5.5052,1.0,0.0,24.5,0.0,1.0,40.5,0.0,0.0,1.0,1,1,template_ok,0,post_translation,0,0,0.9886,78.5,1010.5,1911.5,1038.5,626.5,596.5,1314.5,610.5,0,0
331,5.5219,1.0,0.0,24.5,0.0,1.0,40.5,0.0,0.0,1.0,1,1,template_ok,0,post_translation,0,0,0.99,78.5,1010.5,1911.5,1038.5,626.5,596.5,1314.5,610.5,0,0
332,5.5386,1.0,0.0,24.5,0.0,1.0,39.5,0.0,0.0,1.0,1,1,template_ok,0,post_translation,0,0,0.9907,78.5,1009.5,1911.5,1037.5,626.5,595.5,1314.5,609.5,0,0
333,5.5553,1.0,0.0,24.5,0.0,1.0,39.5,0.0,0.0,1.0,1,1,template_ok,0,post_translation,0,0,0.9919,78.5,1009.5,1911.5,1037.5,626.5,595.5,1314.5,609.5,0,0
334,5.572,1.0,0.0,24.5,0.0,1.0,39.5,0.0,0.0,1.0,1,1,template_ok,0,post_translation,0,0,0.992,78.5,1009.5,1911.5,1037.5,626.5,595.5,1314.5,609.5,0,0
335,5.5886,1.0,0.0,24.5,0.0,1.0,38.5,0.0,0.0,1.0,1,1,template_ok,0,post_translation,0,0,0.9934,78.5,1008.5,1911.5,1036.5,626.5,594.5,1314.5,608.5,0,0
336,5.6053,1.0,0.0,24.5,0.0,1.0,38.5,0.0,0.0,1.0,1,1,template_ok,0,post_translation,0,0,0.9916,78.5,1008.5,1911.5,1036.5,626.5,594.5,1314.5,608.5,0,0
337,5.622,1.0,0.0,24.5,0.0,1.0,38.5,0.0,0.0,1.0,1,1,template_ok,0,post_translation,0,0,0.9933,78.5,1008.5,1911.5,1036.5,626.5,594.5,1314.5,608.5,0,0
338,5.6387,1.0,0.0,24.5,0.0,1.0,37.5,0.0,0.0,1.0,1,1,template_ok,0,post_translation,0,0,0.9939,78.5,1007.5,1911.5,1035.5,626.5,593.5,1314.5,607.5,0,0
339,5.6554,1.0,0.0,24.5,0.0,1.0,37.5,0.0,0.0,1.0,1,1,template_ok,0,post_translation,0,0,0.9918,78.5,1007.5,1911.5,1035.5,626.5,593.5,1314.5,607.5,0,0
340,5.6721,1.0,0.0,24.5,0.0,1.0,37.5,0.0,0.0,1.0,1,1,template_ok,0,post_translation,0,0,0.9907,78.5,1007.5,1911.5,1035.5,626.5,593.5,1314.5,607.5,0,0
341,5.6887,1.0,0.0,25.5,0.0,1.0,36.5,0.0,0.0,1.0,1,1,template_ok,0,post_translation,0,0,0.9877,79.5,1006.5,1912.5,1034.5,627.5,592.5,1315.5,606.5,0,0
342,5.7054,1.0,0.0,25.5,0.0,1.0,36.5,0.0,0.0,1.0,1,1,template_ok,0,post_translation,0,0,0.9883,79.5,1006.5,1912.5,1034.5,627.5,592.5,1315.5,606.5,0,0
343,5.7221,1.0,0.0,25.5,0.0,1.0,36.5,0.0,0.0,1.0,1,1,template_ok,0,post_translation,0,0,0.9893,79.5,1006.5,1912.5,1034.5,627.5,592.5,1315.5,606.5,0,0
344,5.7388,1.0,0.0,25.5,0.0,1.0,36.5,0.0,0.0,1.0,1,1,template_ok,0,post_translation,0,0,0.9887,79.5,1006.5,1912.5,1034.5,627.5,592.5,1315.5,606.5,0,0
345,5.7555,1.0,0.0,25.5,0.0,1.0,35.5,0.0,0.0,1.0,1,1,template_ok,0,post_translation,0,0,0.9879,79.5,1005.5,1912.5,1033.5,627.5,591.5,1315.5,605.5,0,0
346,5.7722,1.0,0.0,24.5,0.0,1.0,35.5,0.0,0.0,1.0,1,1,template_ok,0,post_translation,0,0,0.9897,78.5,1005.5,1911.5,1033.5,626.5,591.5,1314.5,605.5,0,0
347,5.7888,1.0,0.0,24.5,0.0,1.0,35.5,0.0,0.0,1.0,1,1,template_ok,0,post_translation,0,0,0.992,78.5,1005.5,1911.5,1033.5,626.5,591.5,1314.5,605.5,0,0
348,5.8055,1.0,0.0,24.5,0.0,1.0,34.5,0.0,0.0,1.0,1,1,template_ok,0,post_translation,0,0,0.9935,78.5,1004.5,1911.5,1032.5,626.5,590.5,1314.5,604.5,0,0
349,5.8222,1.0,0.0,24.5,0.0,1.0,34.5,0.0,0.0,1.0,1,1,template_ok,0,post_translation,0,0,0.993,78.5,1004.5,1911.5,1032.5,626.5,590.5,1314.5,604.5,0,0
350,5.8389,1.0,0.0,24.5,0.0,1.0,33.5,0.0,0.0,1.0,1,1,template_ok,0,post_translation,0,0,0.9888,78.5,1003.5,1911.5,1031.5,626.5,589.5,1314.5,603.5,0,0
351,5.8556,1.0,0.0,23.5,0.0,1.0,33.5,0.0,0.0,1.0,1,1,template_ok,0,post_translation,0,0,0.9892,77.5,1003.5,1910.5,1031.5,625.5,589.5,1313.5,603.5,0,0
352,5.8722,1.0,0.0,23.5,0.0,1.0,32.5,0.0,0.0,1.0,1,1,template_ok,0,post_translation,0,0,0.99,77.5,1002.5,1910.5,1030.5,625.5,588.5,1313.5,602.5,0,0
353,5.8889,1.0,0.0,23.5,0.0,1.0,32.5,0.0,0.0,1.0,1,1,template_ok,0,post_translation,0,0,0.9947,77.5,1002.5,1910.5,1030.5,625.5,588.5,1313.5,602.5,0,0
354,5.9056,1.0,0.0,23.5,0.0,1.0,31.5,0.0,0.0,1.0,1,1,template_ok,0,post_translation,0,0,0.9943,77.5,1001.5,1910.5,1029.5,625.5,587.5,1313.5,601.5,0,0
355,5.9223,1.0,0.0,23.5,0.0,1.0,31.5,0.0,0.0,1.0,1,1,template_ok,0,post_translation,0,0,0.9945,77.5,1001.5,1910.5,1029.5,625.5,587.5,1313.5,601.5,0,0
356,5.939,1.0,0.0,23.5,0.0,1.0,30.5,0.0,0.0,1.0,1,1,template_ok,0,post_translation,0,0,0.9943,77.5,1000.5,1910.5,1028.5,625.5,586.5,1313.5,600.5,0,0
357,5.9557,1.0,0.0,23.5,0.0,1.0,30.5,0.0,0.0,1.0,1,1,template_ok,0,post_translation,0,0,0.9907,77.5,1000.5,1910.5,1028.5,625.5,586.5,1313.5,600.5,0,0
358,5.9723,1.0,0.0,23.5,0.0,1.0,29.5,0.0,0.0,1.0,1,1,template_ok,0,post_translation,0,0,0.991,77.5,999.5,1910.5,1027.5,625.5,585.5,1313.5,599.5,0,0
359,5.989,1.0,0.0,23.5,0.0,1.0,28.5,0.0,0.0,1.0,1,1,template_ok,0,post_translation,0,0,0.9905,77.5,998.5,1910.5,1026.5,625.5,584.5,1313.5,598.5,0,0
360,6.0057,1.0,0.0,23.5,0.0,1.0,28.5,0.0,0.0,1.0,1,1,template_ok,0,post_translation,0,0,0.9896,77.5,998.5,1910.5,1026.5,625.5,584.5,1313.5,598.5,0,0
361,6.0224,1.0,0.0,23.5,0.0,1.0,27.5,0.0,0.0,1.0,1,1,template_ok,0,post_translation,0,0,0.9898,77.5,997.5,1910.5,1025.5,625.5,583.5,1313.5,597.5,0,0
362,6.0391,1.0,0.0,23.5,0.0,1.0,26.5,0.0,0.0,1.0,1,1,template_ok,0,post_translation,0,0,0.9891,77.5,996.5,1910.5,1024.5,625.5,582.5,1313.5,596.5,0,0
363,6.0558,1.0,0.0,23.5,0.0,1.0,26.5,0.0,0.0,1.0,1,1,template_ok,0,post_translation,0,0,0.9899,77.5,996.5,1910.5,1024.5,625.5,582.5,1313.5,596.5,0,0
364,6.0724,1.0,0.0,23.5,0.0,1.0,25.5,0.0,0.0,1.0,1,1,template_ok,0,post_translation,0,0,0.9889,77.5,995.5,1910.5,1023.5,625.5,581.5,1313.5,595.5,0,0
365,6.0891,1.0,0.0,23.5,0.0,1.0,25.5,0.0,0.0,1.0,1,1,template_ok,0,post_translation,0,0,0.9889,77.5,995.5,1910.5,1023.5,625.5,581.5,1313.5,595.5,0,0
366,6.1058,1.0,0.0,23.5,0.0,1.0,24.5,0.0,0.0,1.0,1,1,template_ok,0,post_translation,0,0,0.9881,77.5,994.5,1910.5,1022.5,625.5,580.5,1313.5,594.5,0,0
367,6.1225,1.0,0.0,23.5,0.0,1.0,24.5,0.0,0.0,1.0,1,1,template_ok,0,post_translation,0,0,0.9876,77.5,994.5,1910.5,1022.5,625.5,580.5,1313.5,594.5,0,0
368,6.1392,1.0,0.0,22.5,0.0,1.0,23.5,0.0,0.0,1.0,1,1,template_ok,0,post_translation,0,0,0.9868,76.5,993.5,1909.5,1021.5,624.5,579.5,1312.5,593.5,0,0
369,6.1558,1.0,0.0,22.5,0.0,1.0,22.5,0.0,0.0,1.0,1,1,template_ok,0,post_translation,0,0,0.9889,76.5,992.5,1909.5,1020.5,624.5,578.5,1312.5,592.5,0,0
370,6.1725,1.0,0.0,22.5,0.0,1.0,22.5,0.0,0.0,1.0,1,1,template_ok,0,post_translation,0,0,0.9929,76.5,992.5,1909.5,1020.5,624.5,578.5,1312.5,592.5,0,0
371,6.1892,1.0,0.0,22.5,0.0,1.0,22.5,0.0,0.0,1.0,1,1,template_ok,0,post_translation,0,0,0.9928,76.5,992.5,1909.5,1020.5,624.5,578.5,1312.5,592.5,0,0
372,6.2059,1.0,0.0,22.5,0.0,1.0,21.5,0.0,0.0,1.0,1,1,template_ok,0,post_translation,0,0,0.9926,76.5,991.5,1909.5,1019.5,624.5,577.5,1312.5,591.5,0,0
373,6.2226,1.0,0.0,22.5,0.0,1.0,21.5,0.0,0.0,1.0,1,1,template_ok,0,post_translation,0,0,0.9896,76.5,991.5,1909.5,1019.5,624.5,577.5,1312.5,591.5,0,0
374,6.2393,1.0,0.0,22.5,0.0,1.0,20.5,0.0,0.0,1.0,1,1,template_ok,0,post_translation,0,0,0.9874,76.5,990.5,1909.5,1018.5,624.5,576.5,1312.5,590.5,0,0
375,6.2559,1.0,0.0,21.5,0.0,1.0,20.5,0.0,0.0,1.0,1,1,template_ok,0,post_translation,0,0,0.9912,75.5,990.5,1908.5,1018.5,623.5,576.5,1311.5,590.5,0,0
376,6.2726,1.0,0.0,21.5,0.0,1.0,20.5,0.0,0.0,1.0,1,1,template_ok,0,post_translation,0,0,0.9919,75.5,990.5,1908.5,1018.5,623.5,576.5,1311.5,590.5,0,0
377,6.2893,1.0,0.0,21.5,0.0,1.0,20.5,0.0,0.0,1.0,1,1,template_ok,0,post_translation,0,0,0.9903,75.5,990.5,1908.5,1018.5,623.5,576.5,1311.5,590.5,0,0
378,6.306,1.0,0.0,20.5,0.0,1.0,19.5,0.0,0.0,1.0,1,1,template_ok,0,post_translation,0,0,0.9893,74.5,989.5,1907.5,1017.5,622.5,575.5,1310.5,589.5,0,0
379,6.3227,1.0,0.0,20.5,0.0,1.0,19.5,0.0,0.0,1.0,1,1,template_ok,0,post_translation,0,0,0.993,74.5,989.5,1907.5,1017.5,622.5,575.5,1310.5,589.5,0,0
380,6.3394,1.0,0.0,20.5,0.0,1.0,19.5,0.0,0.0,1.0,1,1,template_ok,0,post_translation,0,0,0.9908,74.5,989.5,1907.5,1017.5,622.5,575.5,1310.5,589.5,0,0
381,6.356,1.0,0.0,19.5,0.0,1.0,19.5,0.0,0.0,1.0,1,1,template_ok,0,post_translation,0,0,0.9872,73.5,989.5,1906.5,1017.5,621.5,575.5,1309.5,589.5,0,0
382,6.3727,1.0,0.0,19.5,0.0,1.0,18.5,0.0,0.0,1.0,1,1,template_ok,0,post_translation,0,0,0.992,73.5,988.5,1906.5,1016.5,621.5,574.5,1309.5,588.5,0,0
383,6.3894,1.0,0.0,19.5,0.0,1.0,18.5,0.0,0.0,1.0,1,1,template_ok,0,post_translation,0,0,0.9926,73.5,988.5,1906.5,1016.5,621.5,574.5,1309.5,588.5,0,0
384,6.4061,1.0,0.0,19.5,0.0,1.0,17.5,0.0,0.0,1.0,1,1,template_ok,0,post_translation,0,0,0.9882,73.5,987.5,1906.5,1015.5,621.5,573.5,1309.5,587.5,0,0
385,6.4228,1.0,0.0,18.5,0.0,1.0,17.5,0.0,0.0,1.0,1,1,template_ok,0,post_translation,0,0,0.9897,72.5,987.5,1905.5,1015.5,620.5,573.5,1308.5,587.5,0,0
386,6.4395,1.0,0.0,18.5,0.0,1.0,16.5,0.0,0.0,1.0,1,1,template_ok,0,post_translation,0,0,0.9915,72.5,986.5,1905.5,1014.5,620.5,572.5,1308.5,586.5,0,0
387,6.4561,1.0,0.0,18.5,0.0,1.0,16.5,0.0,0.0,1.0,1,1,template_ok,0,post_translation,0,0,0.9927,72.5,986.5,1905.5,1014.5,620.5,572.5,1308.5,586.5,0,0
388,6.4728,1.0,0.0,18.5,0.0,1.0,16.5,0.0,0.0,1.0,1,1,template_ok,0,post_translation,0,0,0.9883,72.5,986.5,1905.5,1014.5,620.5,572.5,1308.5,586.5,0,0
389,6.4895,1.0,0.0,17.5,0.0,1.0,15.5,0.0,0.0,1.0,1,1,template_ok,0,post_translation,0,0,0.9889,71.5,985.5,1904.5,1013.5,619.5,571.5,1307.5,585.5,0,0
390,6.5062,1.0,0.0,17.5,0.0,1.0,15.5,0.0,0.0,1.0,1,1,template_ok,0,post_translation,0,0,0.9931,71.5,985.5,1904.5,1013.5,619.5,571.5,1307.5,585.5,0,0
391,6.5229,1.0,0.0,17.5,0.0,1.0,15.5,0.0,0.0,1.0,1,1,template_ok,0,post_translation,0,0,0.9913,71.5,985.5,1904.5,1013.5,619.5,571.5,1307.5,585.5,0,0
392,6.5395,1.0,0.0,17.5,0.0,1.0,14.5,0.0,0.0,1.0,1,1,template_ok,0,post_translation,0,0,0.9855,71.5,984.5,1904.5,1012.5,619.5,570.5,1307.5,584.5,0,0
393,6.5562,1.0,0.0,16.5,0.0,1.0,14.5,0.0,0.0,1.0,1,1,template_ok,0,post_translation,0,0,0.9879,70.5,984.5,1903.5,1012.5,618.5,570.5,1306.5,584.5,0,0
394,6.5729,1.0,0.0,16.5,0.0,1.0,14.5,0.0,0.0,1.0,1,1,template_ok,0,post_translation,0,0,0.9928,70.5,984.5,1903.5,1012.5,618.5,570.5,1306.5,584.5,0,0
395,6.5896,1.0,0.0,16.5,0.0,1.0,14.5,0.0,0.0,1.0,1,1,template_ok,0,post_translation,0,0,0.9903,70.5,984.5,1903.5,1012.5,618.5,570.5,1306.5,584.5,0,0
396,6.6063,1.0,0.0,15.5,0.0,1.0,13.5,0.0,0.0,1.0,1,1,template_ok,0,post_translation,0,0,0.987,69.5,983.5,1902.5,1011.5,617.5,569.5,1305.5,583.5,0,0
397,6.623,1.0,0.0,15.5,0.0,1.0,13.5,0.0,0.0,1.0,1,1,template_ok,0,post_translation,0,0,0.9907,69.5,983.5,1902.5,1011.5,617.5,569.5,1305.5,583.5,0,0
398,6.6396,1.0,0.0,15.5,0.0,1.0,13.5,0.0,0.0,1.0,1,1,template_ok,0,post_translation,0,0,0.9912,69.5,983.5,1902.5,1011.5,617.5,569.5,1305.5,583.5,0,0
399,6.6563,1.0,0.0,15.5,0.0,1.0,12.5,0.0,0.0,1.0,1,1,template_ok,0,post_translation,0,0,0.9901,69.5,982.5,1902.5,1010.5,617.5,568.5,1305.5,582.5,0,0
400,6.673,1.0,0.0,14.5,0.0,1.0,12.5,0.0,0.0,1.0,1,1,template_ok,0,post_translation,0,0,0.9876,68.5,982.5,1901.5,1010.5,616.5,568.5,1304.5,582.5,0,0
401,6.6897,1.0,0.0,14.5,0.0,1.0,12.5,0.0,0.0,1.0,1,1,template_ok,0,post_translation,0,0,0.9912,68.5,982.5,1901.5,1010.5,616.5,568.5,1304.5,582.5,0,0
402,6.7064,1.0,0.0,14.5,0.0,1.0,11.5,0.0,0.0,1.0,1,1,template_ok,0,post_translation,0,0,0.9909,68.5,981.5,1901.5,1009.5,616.5,567.5,1304.5,581.5,0,0
403,6.7231,1.0,0.0,14.5,0.0,1.0,11.5,0.0,0.0,1.0,1,1,template_ok,0,post_translation,0,0,0.989,68.5,981.5,1901.5,1009.5,616.5,567.5,1304.5,581.5,0,0
404,6.7397,1.0,0.0,13.5,0.0,1.0,11.5,0.0,0.0,1.0,1,1,template_ok,0,post_translation,0,0,0.9887,67.5,981.5,1900.5,1009.5,615.5,567.5,1303.5,581.5,0,0
405,6.7564,1.0,0.0,13.5,0.0,1.0,10.5,0.0,0.0,1.0,1,1,template_ok,0,post_translation,0,0,0.9913,67.5,980.5,1900.5,1008.5,615.5,566.5,1303.5,580.5,0,0
406,6.7731,1.0,0.0,13.5,0.0,1.0,10.5,0.0,0.0,1.0,1,1,template_ok,0,post_translation,0,0,0.9895,67.5,980.5,1900.5,1008.5,615.5,566.5,1303.5,580.5,0,0
407,6.7898,1.0,0.0,13.5,0.0,1.0,10.5,0.0,0.0,1.0,1,1,template_ok,0,post_translation,0,0,0.9869,67.5,980.5,1900.5,1008.5,615.5,566.5,1303.5,580.5,0,0
408,6.8065,1.0,0.0,12.5,0.0,1.0,10.5,0.0,0.0,1.0,1,1,template_ok,0,post_translation,0,0,0.9892,66.5,980.5,1899.5,1008.5,614.5,566.5,1302.5,580.5,0,0
409,6.8231,1.0,0.0,12.5,0.0,1.0,9.5,0.0,0.0,1.0,1,1,template_ok,0,post_translation,0,0,0.9921,66.5,979.5,1899.5,1007.5,614.5,565.5,1302.5,579.5,0,0
410,6.8398,1.0,0.0,12.5,0.0,1.0,9.5,0.0,0.0,1.0,1,1,template_ok,0,post_translation,0,0,0.9888,66.5,979.5,1899.5,1007.5,614.5,565.5,1302.5,579.5,0,0
411,6.8565,1.0,0.0,11.5,0.0,1.0,9.5,0.0,0.0,1.0,1,1,template_ok,0,post_translation,0,0,0.9895,65.5,979.5,1898.5,1007.5,613.5,565.5,1301.5,579.5,0,0
412,6.8732,1.0,0.0,11.5,0.0,1.0,8.5,0.0,0.0,1.0,1,1,template_ok,0,post_translation,0,0,0.9909,65.5,978.5,1898.5,1006.5,613.5,564.5,1301.5,578.5,0,0
413,6.8899,1.0,0.0,11.5,0.0,1.0,8.5,0.0,0.0,1.0,1,1,template_ok,0,post_translation,0,0,0.9907,65.5,978.5,1898.5,1006.5,613.5,564.5,1301.5,578.5,0,0
414,6.9066,1.0,0.0,11.5,0.0,1.0,8.5,0.0,0.0,1.0,1,1,template_ok,0,post_translation,0,0,0.9857,65.5,978.5,1898.5,1006.5,613.5,564.5,1301.5,578.5,0,0
415,6.9232,1.0,0.0,10.5,0.0,1.0,7.5,0.0,0.0,1.0,1,1,template_ok,0,post_translation,0,0,0.9896,64.5,977.5,1897.5,1005.5,612.5,563.5,1300.5,577.5,0,0
416,6.9399,1.0,0.0,10.5,0.0,1.0,7.5,0.0,0.0,1.0,1,1,template_ok,0,post_translation,0,0,0.9911,64.5,977.5,1897.5,1005.5,612.5,563.5,1300.5,577.5,0,0
417,6.9566,1.0,0.0,10.5,0.0,1.0,7.5,0.0,0.0,1.0,1,1,template_ok,0,post_translation,0,0,0.9908,64.5,977.5,1897.5,1005.5,612.5,563.5,1300.5,577.5,0,0
418,6.9733,1.0,0.0,10.5,0.0,1.0,6.5,0.0,0.0,1.0,1,1,template_ok,0,post_translation,0,0,0.9862,64.5,976.5,1897.5,1004.5,612.5,562.5,1300.5,576.5,0,0
419,6.99,1.0,0.0,9.5,0.0,1.0,6.5,0.0,0.0,1.0,1,1,template_ok,0,post_translation,0,0,0.9912,63.5,976.5,1896.5,1004.5,611.5,562.5,1299.5,576.5,0,0
420,7.0067,1.0,0.0,9.5,0.0,1.0,5.5,0.0,0.0,1.0,1,1,template_ok,0,post_translation,0,0,0.9882,63.5,975.5,1896.5,1003.5,611.5,561.5,1299.5,575.5,0,0
421,7.0233,1.0,0.0,9.5,0.0,1.0,5.5,0.0,0.0,1.0,1,1,template_ok,0,post_translation,0,0,0.9856,63.5,975.5,1896.5,1003.5,611.5,561.5,1299.5,575.5,0,0
422,7.04,1.0,0.0,8.5,0.0,1.0,5.5,0.0,0.0,1.0,1,1,template_ok,0,post_translation,0,0,0.9891,62.5,975.5,1895.5,1003.5,610.5,561.5,1298.5,575.5,0,0
423,7.0567,1.0,0.0,8.5,0.0,1.0,4.5,0.0,0.0,1.0,1,1,template_ok,0,post_translation,0,0,0.9902,62.5,974.5,1895.5,1002.5,610.5,560.5,1298.5,574.5,0,0
424,7.0734,1.0,0.0,7.5,0.0,1.0,4.5,0.0,0.0,1.0,1,1,template_ok,0,post_translation,0,0,0.9853,61.5,974.5,1894.5,1002.5,609.5,560.5,1297.5,574.5,0,0
425,7.0901,1.0,0.0,7.5,0.0,1.0,4.5,0.0,0.0,1.0,1,1,template_ok,0,post_translation,0,0,0.9909,61.5,974.5,1894.5,1002.5,609.5,560.5,1297.5,574.5,0,0
426,7.1068,1.0,0.0,7.5,0.0,1.0,3.5,0.0,0.0,1.0,1,1,template_ok,0,post_translation,0,0,0.9911,61.5,973.5,1894.5,1001.5,609.5,559.5,1297.5,573.5,0,0
427,7.1234,1.0,0.0,7.5,0.0,1.0,3.5,0.0,0.0,1.0,1,1,template_ok,0,post_translation,0,0,0.9883,61.5,973.5,1894.5,1001.5,609.5,559.5,1297.5,573.5,0,0
428,7.1401,1.0,0.0,7.5,0.0,1.0,3.5,0.0,0.0,1.0,1,1,template_ok,0,post_translation,0,0,0.9862,61.5,973.5,1894.5,1001.5,609.5,559.5,1297.5,573.5,0,0
429,7.1568,1.0,0.0,7.5,0.0,1.0,2.5,0.0,0.0,1.0,1,1,template_ok,0,post_translation,0,0,0.9847,61.5,972.5,1894.5,1000.5,609.5,558.5,1297.5,572.5,0,0
430,7.1735,1.0,0.0,6.5,0.0,1.0,2.5,0.0,0.0,1.0,1,1,template_ok,0,post_translation,0,0,0.9909,60.5,972.5,1893.5,1000.5,608.5,558.5,1296.5,572.5,0,0
431,7.1902,1.0,0.0,6.5,0.0,1.0,2.5,0.0,0.0,1.0,1,1,template_ok,0,post_translation,0,0,0.9912,60.5,972.5,1893.5,1000.5,608.5,558.5,1296.5,572.5,0,0
432,7.2068,1.0,0.0,6.5,0.0,1.0,2.5,0.0,0.0,1.0,1,1,template_ok,0,post_translation,0,0,0.9872,60.5,972.5,1893.5,1000.5,608.5,558.5,1296.5,572.5,0,0
433,7.2235,1.0,0.0,5.5,0.0,1.0,1.5,0.0,0.0,1.0,1,1,template_ok,0,post_translation,0,0,0.9894,59.5,971.5,1892.5,999.5,607.5,557.5,1295.5,571.5,0,0
434,7.2402,1.0,0.0,5.5,0.0,1.0,1.5,0.0,0.0,1.0,1,1,template_ok,0,post_translation,0,0,0.9915,59.5,971.5,1892.5,999.5,607.5,557.5,1295.5,571.5,0,0
435,7.2569,1.0,0.0,5.5,0.0,1.0,1.5,0.0,0.0,1.0,1,1,template_ok,0,post_translation,0,0,0.9888,59.5,971.5,1892.5,999.5,607.5,557.5,1295.5,571.5,0,0
436,7.2736,1.0,0.0,4.5,0.0,1.0,1.5,0.0,0.0,1.0,1,1,template_ok,0,post_translation,0,0,0.9872,58.5,971.5,1891.5,999.5,606.5,557.5,1294.5,571.5,0,0
437,7.2903,1.0,0.0,4.5,0.0,1.0,1.5,0.0,0.0,1.0,1,1,template_ok,0,post_translation,0,0,0.9919,58.5,971.5,1891.5,999.5,606.5,557.5,1294.5,571.5,0,0
438,7.3069,1.0,0.0,4.5,0.0,1.0,0.5,0.0,0.0,1.0,1,1,template_ok,0,post_translation,0,0,0.9902,58.5,970.5,1891.5,998.5,606.5,556.5,1294.5,570.5,0,0
439,7.3236,1.0,0.0,4.5,0.0,1.0,0.5,0.0,0.0,1.0,1,1,template_ok,0,post_translation,0,0,0.988,58.5,970.5,1891.5,998.5,606.5,556.5,1294.5,570.5,0,0
440,7.3403,1.0,0.0,4.5,0.0,1.0,0.5,0.0,0.0,1.0,1,1,template_ok,0,post_translation,0,0,0.9855,58.5,970.5,1891.5,998.5,606.5,556.5,1294.5,570.5,0,0
441,7.357,1.0,0.0,3.5,0.0,1.0,0.5,0.0,0.0,1.0,1,1,template_ok,0,post_translation,0,0,0.986,57.5,970.5,1890.5,998.5,605.5,556.5,1293.5,570.5,0,0
442,7.3737,1.0,0.0,3.5,0.0,1.0,0.5,0.0,0.0,1.0,1,1,template_ok,0,post_translation,0,0,0.9896,57.5,970.5,1890.5,998.5,605.5,556.5,1293.5,570.5,0,0
443,7.3904,1.0,0.0,3.5,0.0,1.0,0.5,0.0,0.0,1.0,1,1,template_ok,0,post_translation,0,0,0.9906,57.5,970.5,1890.5,998.5,605.5,556.5,1293.5,570.5,0,0
444,7.407,1.0,0.0,3.5,0.0,1.0,0.5,0.0,0.0,1.0,1,1,template_ok,0,post_translation,0,0,0.9885,57.5,970.5,1890.5,998.5,605.5,556.5,1293.5,570.5,0,0
445,7.4237,1.0,0.0,3.5,0.0,1.0,-0.5,0.0,0.0,1.0,1,1,template_ok,0,post_translation,0,0,0.9882,57.5,969.5,1890.5,997.5,605.5,555.5,1293.5,569.5,0,0
446,7.4404,1.0,0.0,3.5,0.0,1.0,-0.5,0.0,0.0,1.0,1,1,template_ok,0,post_translation,0,0,0.9867,57.5,969.5,1890.5,997.5,605.5,555.5,1293.5,569.5,0,0
447,7.4571,1.0,0.0,3.5,0.0,1.0,0.5,0.0,0.0,1.0,1,1,template_ok,0,post_translation,0,0,0.9859,57.5,970.5,1890.5,998.5,605.5,556.5,1293.5,570.5,0,0
448,7.4738,1.0,0.0,2.5,0.0,1.0,-0.5,0.0,0.0,1.0,1,1,template_ok,0,post_translation,0,0,0.9842,56.5,969.5,1889.5,997.5,604.5,555.5,1292.5,569.5,0,0
449,7.4904,1.0,0.0,2.5,0.0,1.0,-0.5,0.0,0.0,1.0,1,1,template_ok,0,post_translation,0,0,0.9897,56.5,969.5,1889.5,997.5,604.5,555.5,1292.5,569.5,0,0
450,7.5071,1.0,0.0,2.5,0.0,1.0,0.5,0.0,0.0,1.0,1,1,template_ok,0,post_translation,0,0,0.9904,56.5,970.5,1889.5,998.5,604.5,556.5,1292.5,570.5,0,0
451,7.5238,1.0,0.0,2.5,0.0,1.0,0.5,0.0,0.0,1.0,1,1,template_ok,0,post_translation,0,0,0.9884,56.5,970.5,1889.5,998.5,604.5,556.5,1292.5,570.5,0,0
452,7.5405,1.0,0.0,1.5,0.0,1.0,0.5,0.0,0.0,1.0,1,1,template_ok,0,post_translation,0,0,0.984,55.5,970.5,1888.5,998.5,603.5,556.5,1291.5,570.5,0,0
453,7.5572,1.0,0.0,1.5,0.0,1.0,0.5,0.0,0.0,1.0,1,1,template_ok,0,post_translation,0,0,0.9894,55.5,970.5,1888.5,998.5,603.5,556.5,1291.5,570.5,0,0
454,7.5739,1.0,0.0,1.5,0.0,1.0,0.5,0.0,0.0,1.0,1,1,template_ok,0,post_translation,0,0,0.9911,55.5,970.5,1888.5,998.5,603.5,556.5,1291.5,570.5,0,0
455,7.5905,1.0,0.0,1.5,0.0,1.0,0.5,0.0,0.0,1.0,1,1,template_ok,0,post_translation,0,0,0.9909,55.5,970.5,1888.5,998.5,603.5,556.5,1291.5,570.5,0,0
456,7.6072,1.0,0.0,1.5,0.0,1.0,0.5,0.0,0.0,1.0,1,1,template_ok,0,post_translation,0,0,0.988,55.5,970.5,1888.5,998.5,603.5,556.5,1291.5,570.5,0,0
457,7.6239,1.0,0.0,1.5,0.0,1.0,0.5,0.0,0.0,1.0,1,1,template_ok,0,post_translation,0,0,0.9876,55.5,970.5,1888.5,998.5,603.5,556.5,1291.5,570.5,0,0
458,7.6406,1.0,0.0,1.5,0.0,1.0,1.5,0.0,0.0,1.0,1,1,template_ok,0,post_translation,0,0,0.9871,55.5,971.5,1888.5,999.5,603.5,557.5,1291.5,571.5,0,0
459,7.6573,1.0,0.0,1.5,0.0,1.0,1.5,0.0,0.0,1.0,1,1,template_ok,0,post_translation,0,0,0.9858,55.5,971.5,1888.5,999.5,603.5,557.5,1291.5,571.5,0,0
460,7.674,1.0,0.0,1.5,0.0,1.0,1.5,0.0,0.0,1.0,1,1,template_ok,0,post_translation,0,0,0.9863,55.5,971.5,1888.5,999.5,603.5,557.5,1291.5,571.5,0,0
461,7.6906,1.0,0.0,1.5,0.0,1.0,1.5,0.0,0.0,1.0,1,1,template_ok,0,post_translation,0,0,0.9854,55.5,971.5,1888.5,999.5,603.5,557.5,1291.5,571.5,0,0
462,7.7073,1.0,0.0,1.5,0.0,1.0,1.5,0.0,0.0,1.0,1,1,template_ok,0,post_translation,0,0,0.9854,55.5,971.5,1888.5,999.5,603.5,557.5,1291.5,571.5,0,0
463,7.724,1.0,0.0,1.5,0.0,1.0,0.5,0.0,0.0,1.0,1,1,template_ok,0,post_translation,0,0,0.9881,55.5,970.5,1888.5,998.5,603.5,556.5,1291.5,570.5,0,0
464,7.7407,1.0,0.0,1.5,0.0,1.0,0.5,0.0,0.0,1.0,1,1,template_ok,0,post_translation,0,0,0.9888,55.5,970.5,1888.5,998.5,603.5,556.5,1291.5,570.5,0,0
465,7.7574,1.0,0.0,1.5,0.0,1.0,0.5,0.0,0.0,1.0,1,1,template_ok,0,post_translation,0,0,0.9886,55.5,970.5,1888.5,998.5,603.5,556.5,1291.5,570.5,0,0
466,7.7741,1.0,0.0,1.5,0.0,1.0,0.5,0.0,0.0,1.0,1,1,template_ok,0,post_translation,0,0,0.9863,55.5,970.5,1888.5,998.5,603.5,556.5,1291.5,570.5,0,0
467,7.7907,1.0,0.0,2.5,0.0,1.0,0.5,0.0,0.0,1.0,1,1,template_ok,0,post_translation,0,0,0.985,56.5,970.5,1889.5,998.5,604.5,556.5,1292.5,570.5,0,0
468,7.8074,1.0,0.0,2.5,0.0,1.0,0.5,0.0,0.0,1.0,1,1,template_ok,0,post_translation,0,0,0.9889,56.5,970.5,1889.5,998.5,604.5,556.5,1292.5,570.5,0,0
469,7.8241,1.0,0.0,2.5,0.0,1.0,0.5,0.0,0.0,1.0,1,1,template_ok,0,post_translation,0,0,0.9882,56.5,970.5,1889.5,998.5,604.5,556.5,1292.5,570.5,0,0
470,7.8408,1.0,0.0,2.5,0.0,1.0,0.5,0.0,0.0,1.0,1,1,template_ok,0,post_translation,0,0,0.9848,56.5,970.5,1889.5,998.5,604.5,556.5,1292.5,570.5,0,0
471,7.8575,1.0,0.0,3.5,0.0,1.0,0.5,0.0,0.0,1.0,1,1,template_ok,0,post_translation,0,0,0.9896,57.5,970.5,1890.5,998.5,605.5,556.5,1293.5,570.5,0,0
472,7.8741,1.0,0.0,3.5,0.0,1.0,0.5,0.0,0.0,1.0,1,1,template_ok,0,post_translation,0,0,0.9882,57.5,970.5,1890.5,998.5,605.5,556.5,1293.5,570.5,0,0
473,7.8908,1.0,0.0,4.5,0.0,1.0,0.5,0.0,0.0,1.0,1,1,template_ok,0,post_translation,0,0,0.9864,58.5,970.5,1891.5,998.5,606.5,556.5,1294.5,570.5,0,0
474,7.9075,1.0,0.0,4.5,0.0,1.0,0.5,0.0,0.0,1.0,1,1,template_ok,0,post_translation,0,0,0.9898,58.5,970.5,1891.5,998.5,606.5,556.5,1294.5,570.5,0,0
475,7.9242,1.0,0.0,5.5,0.0,1.0,0.5,0.0,0.0,1.0,1,1,template_ok,0,post_translation,0,0,0.9853,59.5,970.5,1892.5,998.5,607.5,556.5,1295.5,570.5,0,0
476,7.9409,1.0,0.0,5.5,0.0,1.0,0.5,0.0,0.0,1.0,1,1,template_ok,0,post_translation,0,0,0.9883,59.5,970.5,1892.5,998.5,607.5,556.5,1295.5,570.5,0,0
477,7.9576,1.0,0.0,5.5,0.0,1.0,0.5,0.0,0.0,1.0,1,1,template_ok,0,post_translation,0,0,0.9864,59.5,970.5,1892.5,998.5,607.5,556.5,1295.5,570.5,0,0
478,7.9742,1.0,0.0,6.5,0.0,1.0,1.5,0.0,0.0,1.0,1,1,template_ok,0,post_translation,0,0,0.9887,60.5,971.5,1893.5,999.5,608.5,557.5,1296.5,571.5,0,0
479,7.9909,1.0,0.0,6.5,0.0,1.0,1.5,0.0,0.0,1.0,1,1,template_ok,0,post_translation,0,0,0.9895,60.5,971.5,1893.5,999.5,608.5,557.5,1296.5,571.5,0,0
480,8.0076,1.0,0.0,7.5,0.0,1.0,1.5,0.0,0.0,1.0,1,1,template_ok,0,post_translation,0,0,0.9868,61.5,971.5,1894.5,999.5,609.5,557.5,1297.5,571.5,0,0
481,8.0243,1.0,0.0,7.5,0.0,1.0,1.5,0.0,0.0,1.0,1,1,template_ok,0,post_translation,0,0,0.985,61.5,971.5,1894.5,999.5,609.5,557.5,1297.5,571.5,0,0
482,8.041,1.0,0.0,8.5,0.0,1.0,1.5,0.0,0.0,1.0,1,1,template_ok,0,post_translation,0,0,0.9911,62.5,971.5,1895.5,999.5,610.5,557.5,1298.5,571.5,0,0
483,8.0577,1.0,0.0,9.5,0.0,1.0,1.5,0.0,0.0,1.0,1,1,template_ok,0,post_translation,0,0,0.9868,63.5,971.5,1896.5,999.5,611.5,557.5,1299.5,571.5,0,0
484,8.0743,1.0,0.0,9.5,0.0,1.0,1.5,0.0,0.0,1.0,1,1,template_ok,0,post_translation,0,0,0.9861,63.5,971.5,1896.5,999.5,611.5,557.5,1299.5,571.5,0,0
485,8.091,1.0,0.0,10.5,0.0,1.0,1.5,0.0,0.0,1.0,1,1,template_ok,0,post_translation,0,0,0.9902,64.5,971.5,1897.5,999.5,612.5,557.5,1300.5,571.5,0,0
486,8.1077,1.0,0.0,11.5,0.0,1.0,1.5,0.0,0.0,1.0,1,1,template_ok,0,post_translation,0,0,0.9904,65.5,971.5,1898.5,999.5,613.5,557.5,1301.5,571.5,0,0
487,8.1244,1.0,0.0,12.5,0.0,1.0,2.5,0.0,0.0,1.0,1,1,template_ok,0,post_translation,0,0,0.9852,66.5,972.5,1899.5,1000.5,614.5,558.5,1302.5,572.5,0,0
488,8.1411,1.0,0.0,12.5,0.0,1.0,2.5,0.0,0.0,1.0,1,1,template_ok,0,post_translation,0,0,0.9894,66.5,972.5,1899.5,1000.5,614.5,558.5,1302.5,572.5,0,0
489,8.1577,1.0,0.0,13.5,0.0,1.0,2.5,0.0,0.0,1.0,1,1,template_ok,0,post_translation,0,0,0.9901,67.5,972.5,1900.5,1000.5,615.5,558.5,1303.5,572.5,0,0
490,8.1744,1.0,0.0,13.5,0.0,1.0,2.5,0.0,0.0,1.0,1,1,template_ok,0,post_translation,0,0,0.9905,67.5,972.5,1900.5,1000.5,615.5,558.5,1303.5,572.5,0,0
491,8.1911,1.0,0.0,14.5,0.0,1.0,2.5,0.0,0.0,1.0,1,1,template_ok,0,post_translation,0,0,0.9878,68.5,972.5,1901.5,1000.5,616.5,558.5,1304.5,572.5,0,0
492,8.2078,1.0,0.0,14.5,0.0,1.0,3.5,0.0,0.0,1.0,1,1,template_ok,0,post_translation,0,0,0.9899,68.5,973.5,1901.5,1001.5,616.5,559.5,1304.5,573.5,0,0
493,8.2245,1.0,0.0,15.5,0.0,1.0,3.5,0.0,0.0,1.0,1,1,template_ok,0,post_translation,0,0,0.9853,69.5,973.5,1902.5,1001.5,617.5,559.5,1305.5,573.5,0,0
494,8.2412,1.0,0.0,15.5,0.0,1.0,3.5,0.0,0.0,1.0,1,1,template_ok,0,post_translation,0,0,0.9912,69.5,973.5,1902.5,1001.5,617.5,559.5,1305.5,573.5,0,0
495,8.2578,1.0,0.0,15.5,0.0,1.0,3.5,0.0,0.0,1.0,1,1,template_ok,0,post_translation,0,0,0.9908,69.5,973.5,1902.5,1001.5,617.5,559.5,1305.5,573.5,0,0
496,8.2745,1.0,0.0,15.5,0.0,1.0,3.5,0.0,0.0,1.0,1,1,template_ok,0,post_translation,0,0,0.9869,69.5,973.5,1902.5,1001.5,617.5,559.5,1305.5,573.5,0,0
497,8.2912,1.0,0.0,16.5,0.0,1.0,3.5,0.0,0.0,1.0,1,1,template_ok,0,post_translation,0,0,0.9881,70.5,973.5,1903.5,1001.5,618.5,559.5,1306.5,573.5,0,0
498,8.3079,1.0,0.0,16.5,0.0,1.0,3.5,0.0,0.0,1.0,1,1,template_ok,0,post_translation,0,0,0.9915,70.5,973.5,1903.5,1001.5,618.5,559.5,1306.5,573.5,0,0
499,8.3246,1.0,0.0,16.5,0.0,1.0,3.5,0.0,0.0,1.0,1,1,template_ok,0,post_translation,0,0,0.9877,70.5,973.5,1903.5,1001.5,618.5,559.5,1306.5,573.5,0,0
500,8.3413,1.0,0.0,17.5,0.0,1.0,3.5,0.0,0.0,1.0,1,1,template_ok,0,post_translation,0,0,0.99,71.5,973.5,1904.5,1001.5,619.5,559.5,1307.5,573.5,0,0
501,8.3579,1.0,0.0,17.5,0.0,1.0,3.5,0.0,0.0,1.0,1,1,template_ok,0,post_translation,0,0,0.9907,71.5,973.5,1904.5,1001.5,619.5,559.5,1307.5,573.5,0,0
502,8.3746,1.0,0.0,18.5,0.0,1.0,3.5,0.0,0.0,1.0,1,1,template_ok,0,post_translation,0,0,0.9895,72.5,973.5,1905.5,1001.5,620.5,559.5,1308.5,573.5,0,0
503,8.3913,1.0,0.0,18.5,0.0,1.0,2.5,0.0,0.0,1.0,1,1,template_ok,0,post_translation,0,0,0.9896,72.5,972.5,1905.5,1000.5,620.5,558.5,1308.5,572.5,0,0
504,8.408,1.0,0.0,19.5,0.0,1.0,2.5,0.0,0.0,1.0,1,1,template_ok,0,post_translation,0,0,0.9826,73.5,972.5,1906.5,1000.5,621.5,558.5,1309.5,572.5,0,0
505,8.4247,1.0,0.0,19.5,0.0,1.0,2.5,0.0,0.0,1.0,1,1,template_ok,0,post_translation,0,0,0.9906,73.5,972.5,1906.5,1000.5,621.5,558.5,1309.5,572.5,0,0
506,8.4414,1.0,0.0,19.5,0.0,1.0,2.5,0.0,0.0,1.0,1,1,template_ok,0,post_translation,0,0,0.9911,73.5,972.5,1906.5,1000.5,621.5,558.5,1309.5,572.5,0,0
507,8.458,1.0,0.0,19.5,0.0,1.0,2.5,0.0,0.0,1.0,1,1,template_ok,0,post_translation,0,0,0.9907,73.5,972.5,1906.5,1000.5,621.5,558.5,1309.5,572.5,0,0
508,8.4747,1.0,0.0,19.5,0.0,1.0,2.5,0.0,0.0,1.0,1,1,template_ok,0,post_translation,0,0,0.99,73.5,972.5,1906.5,1000.5,621.5,558.5,1309.5,572.5,0,0
509,8.4914,1.0,0.0,19.5,0.0,1.0,2.5,0.0,0.0,1.0,1,1,template_ok,0,post_translation,0,0,0.9894,73.5,972.5,1906.5,1000.5,621.5,558.5,1309.5,572.5,0,0
510,8.5081,1.0,0.0,19.5,0.0,1.0,2.5,0.0,0.0,1.0,1,1,template_ok,0,post_translation,0,0,0.9852,73.5,972.5,1906.5,1000.5,621.5,558.5,1309.5,572.5,0,0
511,8.5248,1.0,0.0,20.5,0.0,1.0,2.5,0.0,0.0,1.0,1,1,template_ok,0,post_translation,0,0,0.9872,74.5,972.5,1907.5,1000.5,622.5,558.5,1310.5,572.5,0,0
512,8.5414,1.0,0.0,20.5,0.0,1.0,2.5,0.0,0.0,1.0,1,1,template_ok,0,post_translation,0,0,0.9862,74.5,972.5,1907.5,1000.5,622.5,558.5,1310.5,572.5,0,0
513,8.5581,1.0,0.0,20.5,0.0,1.0,2.5,0.0,0.0,1.0,1,1,template_ok,0,post_translation,0,0,0.9866,74.5,972.5,1907.5,1000.5,622.5,558.5,1310.5,572.5,0,0
514,8.5748,1.0,0.0,20.5,0.0,1.0,2.5,0.0,0.0,1.0,1,1,template_ok,0,post_translation,0,0,0.9863,74.5,972.5,1907.5,1000.5,622.5,558.5,1310.5,572.5,0,0
515,8.5915,1.0,0.0,20.5,0.0,1.0,2.5,0.0,0.0,1.0,1,1,template_ok,0,post_translation,0,0,0.9861,74.5,972.5,1907.5,1000.5,622.5,558.5,1310.5,572.5,0,0
516,8.6082,1.0,0.0,20.5,0.0,1.0,1.5,0.0,0.0,1.0,1,1,template_ok,0,post_translation,0,0,0.9823,74.5,971.5,1907.5,999.5,622.5,557.5,1310.5,571.5,0,0
517,8.6249,1.0,0.0,19.5,0.0,1.0,1.5,0.0,0.0,1.0,1,1,template_ok,0,post_translation,0,0,0.9843,73.5,971.5,1906.5,999.5,621.5,557.5,1309.5,571.5,0,0
518,8.6415,1.0,0.0,19.5,0.0,1.0,1.5,0.0,0.0,1.0,1,1,template_ok,0,post_translation,0,0,0.9883,73.5,971.5,1906.5,999.5,621.5,557.5,1309.5,571.5,0,0
519,8.6582,1.0,0.0,19.5,0.0,1.0,1.5,0.0,0.0,1.0,1,1,template_ok,0,post_translation,0,0,0.9892,73.5,971.5,1906.5,999.5,621.5,557.5,1309.5,571.5,0,0
520,8.6749,1.0,0.0,19.5,0.0,1.0,1.5,0.0,0.0,1.0,1,1,template_ok,0,post_translation,0,0,0.9888,73.5,971.5,1906.5,999.5,621.5,557.5,1309.5,571.5,0,0
521,8.6916,1.0,0.0,19.5,0.0,1.0,0.5,0.0,0.0,1.0,1,1,template_ok,0,post_translation,0,0,0.9895,73.5,970.5,1906.5,998.5,621.5,556.5,1309.5,570.5,0,0
522,8.7083,1.0,0.0,18.5,0.0,1.0,0.5,0.0,0.0,1.0,1,1,template_ok,0,post_translation,0,0,0.986,72.5,970.5,1905.5,998.5,620.5,556.5,1308.5,570.5,0,0
523,8.725,1.0,0.0,18.5,0.0,1.0,0.5,0.0,0.0,1.0,1,1,template_ok,0,post_translation,0,0,0.9858,72.5,970.5,1905.5,998.5,620.5,556.5,1308.5,570.5,0,0
524,8.7416,1.0,0.0,18.5,0.0,1.0,0.5,0.0,0.0,1.0,1,1,template_ok,0,post_translation,0,0,0.9904,72.5,970.5,1905.5,998.5,620.5,556.5,1308.5,570.5,0,0
525,8.7583,1.0,0.0,18.5,0.0,1.0,0.5,0.0,0.0,1.0,1,1,template_ok,0,post_translation,0,0,0.9859,72.5,970.5,1905.5,998.5,620.5,556.5,1308.5,570.5,0,0
526,8.775,1.0,0.0,17.5,0.0,1.0,0.5,0.0,0.0,1.0,1,1,template_ok,0,post_translation,0,0,0.99,71.5,970.5,1904.5,998.5,619.5,556.5,1307.5,570.5,0,0
527,8.7917,1.0,0.0,17.5,0.0,1.0,0.5,0.0,0.0,1.0,1,1,template_ok,0,post_translation,0,0,0.9852,71.5,970.5,1904.5,998.5,619.5,556.5,1307.5,570.5,0,0
528,8.8084,1.0,0.0,16.5,0.0,1.0,0.5,0.0,0.0,1.0,1,1,template_ok,0,post_translation,0,0,0.9885,70.5,970.5,1903.5,998.5,618.5,556.5,1306.5,570.5,0,0
529,8.8251,1.0,0.0,16.5,0.0,1.0,0.5,0.0,0.0,1.0,1,1,template_ok,0,post_translation,0,0,0.9867,70.5,970.5,1903.5,998.5,618.5,556.5,1306.5,570.5,0,0
530,8.8417,1.0,0.0,15.5,0.0,1.0,1.5,0.0,0.0,1.0,1,1,template_ok,0,post_translation,0,0,0.9875,69.5,971.5,1902.5,999.5,617.5,557.5,1305.5,571.5,0,0
531,8.8584,1.0,0.0,15.5,0.0,1.0,1.5,0.0,0.0,1.0,1,1,template_ok,0,post_translation,0,0,0.9876,69.5,971.5,1902.5,999.5,617.5,557.5,1305.5,571.5,0,0
532,8.8751,1.0,0.0,15.5,0.0,1.0,1.5,0.0,0.0,1.0,1,1,template_ok,0,post_translation,0,0,0.9881,69.5,971.5,1902.5,999.5,617.5,557.5,1305.5,571.5,0,0
533,8.8918,1.0,0.0,15.5,0.0,1.0,1.5,0.0,0.0,1.0,1,1,template_ok,0,post_translation,0,0,0.9885,69.5,971.5,1902.5,999.5,617.5,557.5,1305.5,571.5,0,0
534,8.9085,1.0,0.0,15.5,0.0,1.0,1.5,0.0,0.0,1.0,1,1,template_ok,0,post_translation,0,0,0.9878,69.5,971.5,1902.5,999.5,617.5,557.5,1305.5,571.5,0,0
535,8.9251,1.0,0.0,15.5,0.0,1.0,2.5,0.0,0.0,1.0,1,1,template_ok,0,post_translation,0,0,0.9889,69.5,972.5,1902.5,1000.5,617.5,558.5,1305.5,572.5,0,0
536,8.9418,1.0,0.0,15.5,0.0,1.0,2.5,0.0,0.0,1.0,1,1,template_ok,0,post_translation,0,0,0.9905,69.5,972.5,1902.5,1000.5,617.5,558.5,1305.5,572.5,0,0
537,8.9585,1.0,0.0,15.5,0.0,1.0,2.5,0.0,0.0,1.0,1,1,template_ok,0,post_translation,0,0,0.9846,69.5,972.5,1902.5,1000.5,617.5,558.5,1305.5,572.5,0,0
538,8.9752,1.0,0.0,14.5,0.0,1.0,3.5,0.0,0.0,1.0,1,1,template_ok,0,post_translation,0,0,0.9917,68.5,973.5,1901.5,1001.5,616.5,559.5,1304.5,573.5,0,0
539,8.9919,1.0,0.0,14.5,0.0,1.0,3.5,0.0,0.0,1.0,1,1,template_ok,0,post_translation,0,0,0.9874,68.5,973.5,1901.5,1001.5,616.5,559.5,1304.5,573.5,0,0
540,9.0086,1.0,0.0,13.5,0.0,1.0,4.5,0.0,0.0,1.0,1,1,template_ok,0,post_translation,0,0,0.9862,67.5,974.5,1900.5,1002.5,615.5,560.5,1303.5,574.5,0,0
541,9.0252,1.0,0.0,13.5,0.0,1.0,4.5,0.0,0.0,1.0,1,1,template_ok,0,post_translation,0,0,0.9896,67.5,974.5,1900.5,1002.5,615.5,560.5,1303.5,574.5,0,0
542,9.0419,1.0,0.0,13.5,0.0,1.0,4.5,0.0,0.0,1.0,1,1,template_ok,0,post_translation,0,0,0.9906,67.5,974.5,1900.5,1002.5,615.5,560.5,1303.5,574.5,0,0
543,9.0586,1.0,0.0,13.5,0.0,1.0,4.5,0.0,0.0,1.0,1,1,template_ok,0,post_translation,0,0,0.9908,67.5,974.5,1900.5,1002.5,615.5,560.5,1303.5,574.5,0,0
544,9.0753,1.0,0.0,13.5,0.0,1.0,4.5,0.0,0.0,1.0,1,1,template_ok,0,post_translation,0,0,0.9896,67.5,974.5,1900.5,1002.5,615.5,560.5,1303.5,574.5,0,0
545,9.092,1.0,0.0,13.5,0.0,1.0,4.5,0.0,0.0,1.0,1,1,template_ok,0,post_translation,0,0,0.9882,67.5,974.5,1900.5,1002.5,615.5,560.5,1303.5,574.5,0,0
546,9.1087,1.0,0.0,13.5,0.0,1.0,4.5,0.0,0.0,1.0,1,1,template_ok,0,post_translation,0,0,0.9859,67.5,974.5,1900.5,1002.5,615.5,560.5,1303.5,574.5,0,0
547,9.1253,1.0,0.0,12.5,0.0,1.0,4.5,0.0,0.0,1.0,1,1,template_ok,0,post_translation,0,0,0.9847,66.5,974.5,1899.5,1002.5,614.5,560.5,1302.5,574.5,0,0
548,9.142,1.0,0.0,13.5,0.0,1.0,4.5,0.0,0.0,1.0,1,1,template_ok,0,post_translation,0,0,0.985,67.5,974.5,1900.5,1002.5,615.5,560.5,1303.5,574.5,0,0
549,9.1587,1.0,0.0,12.5,0.0,1.0,4.5,0.0,0.0,1.0,1,1,template_ok,0,post_translation,0,0,0.9848,66.5,974.5,1899.5,1002.5,614.5,560.5,1302.5,574.5,0,0
550,9.1754,1.0,0.0,13.5,0.0,1.0,4.5,0.0,0.0,1.0,1,1,template_ok,0,post_translation,0,0,0.9847,67.5,974.5,1900.5,1002.5,615.5,560.5,1303.5,574.5,0,0
551,9.1921,1.0,0.0,12.5,0.0,1.0,4.5,0.0,0.0,1.0,1,1,template_ok,0,post_translation,0,0,0.9848,66.5,974.5,1899.5,1002.5,614.5,560.5,1302.5,574.5,0,0
552,9.2087,1.0,0.0,12.5,0.0,1.0,4.5,0.0,0.0,1.0,1,1,template_ok,0,post_translation,0,0,0.9888,66.5,974.5,1899.5,1002.5,614.5,560.5,1302.5,574.5,0,0
553,9.2254,1.0,0.0,12.5,0.0,1.0,4.5,0.0,0.0,1.0,1,1,template_ok,0,post_translation,0,0,0.9905,66.5,974.5,1899.5,1002.5,614.5,560.5,1302.5,574.5,0,0
554,9.2421,1.0,0.0,12.5,0.0,1.0,4.5,0.0,0.0,1.0,1,1,template_ok,0,post_translation,0,0,0.9911,66.5,974.5,1899.5,1002.5,614.5,560.5,1302.5,574.5,0,0
555,9.2588,1.0,0.0,12.5,0.0,1.0,4.5,0.0,0.0,1.0,1,1,template_ok,0,post_translation,0,0,0.9906,66.5,974.5,1899.5,1002.5,614.5,560.5,1302.5,574.5,0,0
556,9.2755,1.0,0.0,12.5,0.0,1.0,4.5,0.0,0.0,1.0,1,1,template_ok,0,post_translation,0,0,0.9902,66.5,974.5,1899.5,1002.5,614.5,560.5,1302.5,574.5,0,0
557,9.2922,1.0,0.0,11.5,0.0,1.0,4.5,0.0,0.0,1.0,1,1,template_ok,0,post_translation,0,0,0.9888,65.5,974.5,1898.5,1002.5,613.5,560.5,1301.5,574.5,0,0
558,9.3088,1.0,0.0,11.5,0.0,1.0,4.5,0.0,0.0,1.0,1,1,template_ok,0,post_translation,0,0,0.9917,65.5,974.5,1898.5,1002.5,613.5,560.5,1301.5,574.5,0,0
559,9.3255,1.0,0.0,11.5,0.0,1.0,4.5,0.0,0.0,1.0,1,1,template_ok,0,post_translation,0,0,0.9912,65.5,974.5,1898.5,1002.5,613.5,560.5,1301.5,574.5,0,0
560,9.3422,1.0,0.0,11.5,0.0,1.0,4.5,0.0,0.0,1.0,1,1,template_ok,0,post_translation,0,0,0.9862,65.5,974.5,1898.5,1002.5,613.5,560.5,1301.5,574.5,0,0
561,9.3589,1.0,0.0,10.5,0.0,1.0,4.5,0.0,0.0,1.0,1,1,template_ok,0,post_translation,0,0,0.9875,64.5,974.5,1897.5,1002.5,612.5,560.5,1300.5,574.5,0,0
562,9.3756,1.0,0.0,10.5,0.0,1.0,4.5,0.0,0.0,1.0,1,1,template_ok,0,post_translation,0,0,0.9927,64.5,974.5,1897.5,1002.5,612.5,560.5,1300.5,574.5,0,0
563,9.3923,1.0,0.0,10.5,0.0,1.0,4.5,0.0,0.0,1.0,1,1,template_ok,0,post_translation,0,0,0.9877,64.5,974.5,1897.5,1002.5,612.5,560.5,1300.5,574.5,0,0
564,9.4089,1.0,0.0,9.5,0.0,1.0,4.5,0.0,0.0,1.0,1,1,template_ok,0,post_translation,0,0,0.9862,63.5,974.5,1896.5,1002.5,611.5,560.5,1299.5,574.5,0,0
565,9.4256,1.0,0.0,9.5,0.0,1.0,4.5,0.0,0.0,1.0,1,1,template_ok,0,post_translation,0,0,0.9894,63.5,974.5,1896.5,1002.5,611.5,560.5,1299.5,574.5,0,0
566,9.4423,1.0,0.0,9.5,0.0,1.0,5.5,0.0,0.0,1.0,1,1,template_ok,0,post_translation,0,0,0.9907,63.5,975.5,1896.5,1003.5,611.5,561.5,1299.5,575.5,0,0
567,9.459,1.0,0.0,8.5,0.0,1.0,5.5,0.0,0.0,1.0,1,1,template_ok,0,post_translation,0,0,0.9865,62.5,975.5,1895.5,1003.5,610.5,561.5,1298.5,575.5,0,0
568,9.4757,1.0,0.0,8.5,0.0,1.0,5.5,0.0,0.0,1.0,1,1,template_ok,0,post_translation,0,0,0.9903,62.5,975.5,1895.5,1003.5,610.5,561.5,1298.5,575.5,0,0
569,9.4924,1.0,0.0,8.5,0.0,1.0,5.5,0.0,0.0,1.0,1,1,template_ok,0,post_translation,0,0,0.9891,62.5,975.5,1895.5,1003.5,610.5,561.5,1298.5,575.5,0,0
570,9.509,1.0,0.0,7.5,0.0,1.0,5.5,0.0,0.0,1.0,1,1,template_ok,0,post_translation,0,0,0.9929,61.5,975.5,1894.5,1003.5,609.5,561.5,1297.5,575.5,0,0
571,9.5257,1.0,0.0,7.5,0.0,1.0,5.5,0.0,0.0,1.0,1,1,template_ok,0,post_translation,0,0,0.9887,61.5,975.5,1894.5,1003.5,609.5,561.5,1297.5,575.5,0,0
572,9.5424,1.0,0.0,6.5,0.0,1.0,5.5,0.0,0.0,1.0,1,1,template_ok,0,post_translation,0,0,0.9923,60.5,975.5,1893.5,1003.5,608.5,561.5,1296.5,575.5,0,0
573,9.5591,1.0,0.0,6.5,0.0,1.0,5.5,0.0,0.0,1.0,1,1,template_ok,0,post_translation,0,0,0.9907,60.5,975.5,1893.5,1003.5,608.5,561.5,1296.5,575.5,0,0
574,9.5758,1.0,0.0,5.5,0.0,1.0,5.5,0.0,0.0,1.0,1,1,template_ok,0,post_translation,0,0,0.991,59.5,975.5,1892.5,1003.5,607.5,561.5,1295.5,575.5,0,0
575,9.5924,1.0,0.0,5.5,0.0,1.0,5.5,0.0,0.0,1.0,1,1,template_ok,0,post_translation,0,0,0.9933,59.5,975.5,1892.5,1003.5,607.5,561.5,1295.5,575.5,0,0
576,9.6091,1.0,0.0,5.5,0.0,1.0,5.5,0.0,0.0,1.0,1,1,template_ok,0,post_translation,0,0,0.9894,59.5,975.5,1892.5,1003.5,607.5,561.5,1295.5,575.5,0,0
577,9.6258,1.0,0.0,4.5,0.0,1.0,4.5,0.0,0.0,1.0,1,1,template_ok,0,post_translation,0,0,0.9897,58.5,974.5,1891.5,1002.5,606.5,560.5,1294.5,574.5,0,0
578,9.6425,1.0,0.0,4.5,0.0,1.0,4.5,0.0,0.0,1.0,1,1,template_ok,0,post_translation,0,0,0.9929,58.5,974.5,1891.5,1002.5,606.5,560.5,1294.5,574.5,0,0
579,9.6592,1.0,0.0,4.5,0.0,1.0,4.5,0.0,0.0,1.0,1,1,template_ok,0,post_translation,0,0,0.9898,58.5,974.5,1891.5,1002.5,606.5,560.5,1294.5,574.5,0,0
580,9.6759,1.0,0.0,3.5,0.0,1.0,4.5,0.0,0.0,1.0,1,1,template_ok,0,post_translation,0,0,0.9891,57.5,974.5,1890.5,1002.5,605.5,560.5,1293.5,574.5,0,0
581,9.6925,1.0,0.0,3.5,0.0,1.0,4.5,0.0,0.0,1.0,1,1,template_ok,0,post_translation,0,0,0.9931,57.5,974.5,1890.5,1002.5,605.5,560.5,1293.5,574.5,0,0
582,9.7092,1.0,0.0,3.5,0.0,1.0,4.5,0.0,0.0,1.0,1,1,template_ok,0,post_translation,0,0,0.9908,57.5,974.5,1890.5,1002.5,605.5,560.5,1293.5,574.5,0,0
583,9.7259,1.0,0.0,2.5,0.0,1.0,4.5,0.0,0.0,1.0,1,1,template_ok,0,post_translation,0,0,0.9918,56.5,974.5,1889.5,1002.5,604.5,560.5,1292.5,574.5,0,0
584,9.7426,1.0,0.0,2.5,0.0,1.0,4.5,0.0,0.0,1.0,1,1,template_ok,0,post_translation,0,0,0.9916,56.5,974.5,1889.5,1002.5,604.5,560.5,1292.5,574.5,0,0
585,9.7593,1.0,0.0,1.5,0.0,1.0,4.5,0.0,0.0,1.0,1,1,template_ok,0,post_translation,0,0,0.9895,55.5,974.5,1888.5,1002.5,603.5,560.5,1291.5,574.5,0,0
586,9.776,1.0,0.0,1.5,0.0,1.0,4.5,0.0,0.0,1.0,1,1,template_ok,0,post_translation,0,0,0.9934,55.5,974.5,1888.5,1002.5,603.5,560.5,1291.5,574.5,0,0
587,9.7926,1.0,0.0,1.5,0.0,1.0,4.5,0.0,0.0,1.0,1,1,template_ok,0,post_translation,0,0,0.9921,55.5,974.5,1888.5,1002.5,603.5,560.5,1291.5,574.5,0,0
588,9.8093,1.0,0.0,1.5,0.0,1.0,5.5,0.0,0.0,1.0,1,1,template_ok,0,post_translation,0,0,0.9868,55.5,975.5,1888.5,1003.5,603.5,561.5,1291.5,575.5,0,0
589,9.826,1.0,0.0,0.5,0.0,1.0,5.5,0.0,0.0,1.0,1,1,template_ok,0,post_translation,0,0,0.9921,54.5,975.5,1887.5,1003.5,602.5,561.5,1290.5,575.5,0,0
590,9.8427,1.0,0.0,0.5,0.0,1.0,4.5,0.0,0.0,1.0,1,1,template_ok,0,post_translation,0,0,0.9923,54.5,974.5,1887.5,1002.5,602.5,560.5,1290.5,574.5,0,0
591,9.8594,1.0,0.0,0.5,0.0,1.0,4.5,0.0,0.0,1.0,1,1,template_ok,0,post_translation,0,0,0.9935,54.5,974.5,1887.5,1002.5,602.5,560.5,1290.5,574.5,0,0
592,9.876,1.0,0.0,0.5,0.0,1.0,5.5,0.0,0.0,1.0,1,1,template_ok,0,post_translation,0,0,0.9913,54.5,975.5,1887.5,1003.5,602.5,561.5,1290.5,575.5,0,0
593,9.8927,1.0,0.0,0.5,0.0,1.0,5.5,0.0,0.0,1.0,1,1,template_ok,0,post_translation,0,0,0.9879,54.5,975.5,1887.5,1003.5,602.5,561.5,1290.5,575.5,0,0
594,9.9094,1.0,0.0,-0.5,0.0,1.0,5.5,0.0,0.0,1.0,1,1,template_ok,0,post_translation,0,0,0.9927,53.5,975.5,1886.5,1003.5,601.5,561.5,1289.5,575.5,0,0
595,9.9261,1.0,0.0,-0.5,0.0,1.0,5.5,0.0,0.0,1.0,1,1,template_ok,0,post_translation,0,0,0.994,53.5,975.5,1886.5,1003.5,601.5,561.5,1289.5,575.5,0,0
596,9.9428,1.0,0.0,-0.5,0.0,1.0,5.5,0.0,0.0,1.0,1,1,template_ok,0,post_translation,0,0,0.9885,53.5,975.5,1886.5,1003.5,601.5,561.5,1289.5,575.5,0,0
597,9.9595,1.0,0.0,-1.5,0.0,1.0,5.5,0.0,0.0,1.0,1,1,template_ok,0,post_translation,0,0,0.9944,52.5,975.5,1885.5,1003.5,600.5,561.5,1288.5,575.5,0,0
598,9.9761,1.0,0.0,-1.5,0.0,1.0,6.5,0.0,0.0,1.0,1,1,template_ok,0,post_translation,0,0,0.9936,52.5,976.5,1885.5,1004.5,600.5,562.5,1288.5,576.5,0,0
599,9.9928,1.0,0.0,-1.5,0.0,1.0,6.5,0.0,0.0,1.0,1,1,template_ok,0,post_translation,0,0,0.988,52.5,976.5,1885.5,1004.5,600.5,562.5,1288.5,576.5,0,0
600,10.0095,1.0,0.0,-2.5,0.0,1.0,6.5,0.0,0.0,1.0,1,1,template_ok,0,post_translation,0,0,0.992,51.5,976.5,1884.5,1004.5,599.5,562.5,1287.5,576.5,0,0
601,10.0262,1.0,0.0,-2.5,0.0,1.0,6.5,0.0,0.0,1.0,1,1,template_ok,0,post_translation,0,0,0.9948,51.5,976.5,1884.5,1004.5,599.5,562.5,1287.5,576.5,0,0
602,10.0429,1.0,0.0,-2.5,0.0,1.0,6.5,0.0,0.0,1.0,1,1,template_ok,0,post_translation,0,0,0.9947,51.5,976.5,1884.5,1004.5,599.5,562.5,1287.5,576.5,0,0
603,10.0596,1.0,0.0,-2.5,0.0,1.0,6.5,0.0,0.0,1.0,1,1,template_ok,0,post_translation,0,0,0.9943,51.5,976.5,1884.5,1004.5,599.5,562.5,1287.5,576.5,0,0
604,10.0762,1.0,0.0,-2.5,0.0,1.0,6.5,0.0,0.0,1.0,1,1,template_ok,0,post_translation,0,0,0.9938,51.5,976.5,1884.5,1004.5,599.5,562.5,1287.5,576.5,0,0
605,10.0929,1.0,0.0,-2.5,0.0,1.0,7.5,0.0,0.0,1.0,1,1,template_ok,0,post_translation,0,0,0.9942,51.5,977.5,1884.5,1005.5,599.5,563.5,1287.5,577.5,0,0
606,10.1096,1.0,0.0,-2.5,0.0,1.0,6.5,0.0,0.0,1.0,1,1,template_ok,0,post_translation,0,0,0.9928,51.5,976.5,1884.5,1004.5,599.5,562.5,1287.5,576.5,0,0
607,10.1263,1.0,0.0,-2.5,0.0,1.0,6.5,0.0,0.0,1.0,1,1,template_ok,0,post_translation,0,0,0.9886,51.5,976.5,1884.5,1004.5,599.5,562.5,1287.5,576.5,0,0
608,10.143,1.0,0.0,-1.5,0.0,1.0,7.5,0.0,0.0,1.0,1,1,template_ok,0,post_translation,0,0,0.9911,52.5,977.5,1885.5,1005.5,600.5,563.5,1288.5,577.5,0,0
609,10.1597,1.0,0.0,-1.5,0.0,1.0,7.5,0.0,0.0,1.0,1,1,template_ok,0,post_translation,0,0,0.9943,52.5,977.5,1885.5,1005.5,600.5,563.5,1288.5,577.5,0,0
610,10.1763,1.0,0.0,-1.5,0.0,1.0,7.5,0.0,0.0,1.0,1,1,template_ok,0,post_translation,0,0,0.995,52.5,977.5,1885.5,1005.5,600.5,563.5,1288.5,577.5,0,0
611,10.193,1.0,0.0,-1.5,0.0,1.0,7.5,0.0,0.0,1.0,1,1,template_ok,0,post_translation,0,0,0.9942,52.5,977.5,1885.5,1005.5,600.5,563.5,1288.5,577.5,0,0
612,10.2097,1.0,0.0,-1.5,0.0,1.0,7.5,0.0,0.0,1.0,1,1,template_ok,0,post_translation,0,0,0.9887,52.5,977.5,1885.5,1005.5,600.5,563.5,1288.5,577.5,0,0
613,10.2264,1.0,0.0,-1.5,0.0,1.0,7.5,0.0,0.0,1.0,1,1,template_ok,0,post_translation,0,0,0.9882,52.5,977.5,1885.5,1005.5,600.5,563.5,1288.5,577.5,0,0
614,10.2431,1.0,0.0,-0.5,0.0,1.0,7.5,0.0,0.0,1.0,1,1,template_ok,0,post_translation,0,0,0.9908,53.5,977.5,1886.5,1005.5,601.5,563.5,1289.5,577.5,0,0
615,10.2597,1.0,0.0,-0.5,0.0,1.0,7.5,0.0,0.0,1.0,1,1,template_ok,0,post_translation,0,0,0.9933,53.5,977.5,1886.5,1005.5,601.5,563.5,1289.5,577.5,0,0
616,10.2764,1.0,0.0,-0.5,0.0,1.0,7.5,0.0,0.0,1.0,1,1,template_ok,0,post_translation,0,0,0.9944,53.5,977.5,1886.5,1005.5,601.5,563.5,1289.5,577.5,0,0
617,10.2931,1.0,0.0,-0.5,0.0,1.0,7.5,0.0,0.0,1.0,1,1,template_ok,0,post_translation,0,0,0.9946,53.5,977.5,1886.5,1005.5,601.5,563.5,1289.5,577.5,0,0
618,10.3098,1.0,0.0,-0.5,0.0,1.0,7.5,0.0,0.0,1.0,1,1,template_ok,0,post_translation,0,0,0.9933,53.5,977.5,1886.5,1005.5,601.5,563.5,1289.5,577.5,0,0
619,10.3265,1.0,0.0,0.5,0.0,1.0,7.5,0.0,0.0,1.0,1,1,template_ok,0,post_translation,0,0,0.9889,54.5,977.5,1887.5,1005.5,602.5,563.5,1290.5,577.5,0,0
620,10.3432,1.0,0.0,0.5,0.0,1.0,7.5,0.0,0.0,1.0,1,1,template_ok,0,post_translation,0,0,0.9927,54.5,977.5,1887.5,1005.5,602.5,563.5,1290.5,577.5,0,0
621,10.3598,1.0,0.0,0.5,0.0,1.0,7.5,0.0,0.0,1.0,1,1,template_ok,0,post_translation,0,0,0.9944,54.5,977.5,1887.5,1005.5,602.5,563.5,1290.5,577.5,0,0
622,10.3765,1.0,0.0,1.5,0.0,1.0,7.5,0.0,0.0,1.0,1,1,template_ok,0,post_translation,0,0,0.9879,55.5,977.5,1888.5,1005.5,603.5,563.5,1291.5,577.5,0,0
623,10.3932,1.0,0.0,1.5,0.0,1.0,6.5,0.0,0.0,1.0,1,1,template_ok,0,post_translation,0,0,0.9945,55.5,976.5,1888.5,1004.5,603.5,562.5,1291.5,576.5,0,0
624,10.4099,1.0,0.0,1.5,0.0,1.0,6.5,0.0,0.0,1.0,1,1,template_ok,0,post_translation,0,0,0.993,55.5,976.5,1888.5,1004.5,603.5,562.5,1291.5,576.5,0,0
625,10.4266,1.0,0.0,1.5,0.0,1.0,6.5,0.0,0.0,1.0,1,1,template_ok,0,post_translation,0,0,0.9883,55.5,976.5,1888.5,1004.5,603.5,562.5,1291.5,576.5,0,0
626,10.4433,1.0,0.0,2.5,0.0,1.0,6.5,0.0,0.0,1.0,1,1,template_ok,0,post_translation,0,0,0.9945,56.5,976.5,1889.5,1004.5,604.5,562.5,1292.5,576.5,0,0
627,10.4599,1.0,0.0,2.5,0.0,1.0,6.5,0.0,0.0,1.0,1,1,template_ok,0,post_translation,0,0,0.9943,56.5,976.5,1889.5,1004.5,604.5,562.5,1292.5,576.5,0,0
628,10.4766,1.0,0.0,2.5,0.0,1.0,6.5,0.0,0.0,1.0,1,1,template_ok,0,post_translation,0,0,0.9881,56.5,976.5,1889.5,1004.5,604.5,562.5,1292.5,576.5,0,0
629,10.4933,1.0,0.0,3.5,0.0,1.0,6.5,0.0,0.0,1.0,1,1,template_ok,0,post_translation,0,0,0.9943,57.5,976.5,1890.5,1004.5,605.5,562.5,1293.5,576.5,0,0
630,10.51,1.0,0.0,3.5,0.0,1.0,6.5,0.0,0.0,1.0,1,1,template_ok,0,post_translation,0,0,0.9944,57.5,976.5,1890.5,1004.5,605.5,562.5,1293.5,576.5,0,0
631,10.5267,1.0,0.0,3.5,0.0,1.0,6.5,0.0,0.0,1.0,1,1,template_ok,0,post_translation,0,0,0.9883,57.5,976.5,1890.5,1004.5,605.5,562.5,1293.5,576.5,0,0
632,10.5433,1.0,0.0,4.5,0.0,1.0,6.5,0.0,0.0,1.0,1,1,template_ok,0,post_translation,0,0,0.9925,58.5,976.5,1891.5,1004.5,606.5,562.5,1294.5,576.5,0,0
633,10.56,1.0,0.0,4.5,0.0,1.0,6.5,0.0,0.0,1.0,1,1,template_ok,0,post_translation,0,0,0.9942,58.5,976.5,1891.5,1004.5,606.5,562.5,1294.5,576.5,0,0
634,10.5767,1.0,0.0,4.5,0.0,1.0,6.5,0.0,0.0,1.0,1,1,template_ok,0,post_translation,0,0,0.9909,58.5,976.5,1891.5,1004.5,606.5,562.5,1294.5,576.5,0,0
635,10.5934,1.0,0.0,5.5,0.0,1.0,6.5,0.0,0.0,1.0,1,1,template_ok,0,post_translation,0,0,0.9938,59.5,976.5,1892.5,1004.5,607.5,562.5,1295.5,576.5,0,0
636,10.6101,1.0,0.0,5.5,0.0,1.0,6.5,0.0,0.0,1.0,1,1,template_ok,0,post_translation,0,0,0.9916,59.5,976.5,1892.5,1004.5,607.5,562.5,1295.5,576.5,0,0
637,10.6268,1.0,0.0,6.5,0.0,1.0,6.5,0.0,0.0,1.0,1,1,template_ok,0,post_translation,0,0,0.992,60.5,976.5,1893.5,1004.5,608.5,562.5,1296.5,576.5,0,0
638,10.6434,1.0,0.0,6.5,0.0,1.0,6.5,0.0,0.0,1.0,1,1,template_ok,0,post_translation,0,0,0.9937,60.5,976.5,1893.5,1004.5,608.5,562.5,1296.5,576.5,0,0
639,10.6601,1.0,0.0,6.5,0.0,1.0,7.5,0.0,0.0,1.0,1,1,template_ok,0,post_translation,0,0,0.9941,60.5,977.5,1893.5,1005.5,608.5,563.5,1296.5,577.5,0,0
640,10.6768,1.0,0.0,6.5,0.0,1.0,7.5,0.0,0.0,1.0,1,1,template_ok,0,post_translation,0,0,0.9906,60.5,977.5,1893.5,1005.5,608.5,563.5,1296.5,577.5,0,0
641,10.6935,1.0,0.0,6.5,0.0,1.0,7.5,0.0,0.0,1.0,1,1,template_ok,0,post_translation,0,0,0.9883,60.5,977.5,1893.5,1005.5,608.5,563.5,1296.5,577.5,0,0
642,10.7102,1.0,0.0,7.5,0.0,1.0,7.5,0.0,0.0,1.0,1,1,template_ok,0,post_translation,0,0,0.9929,61.5,977.5,1894.5,1005.5,609.5,563.5,1297.5,577.5,0,0
643,10.7269,1.0,0.0,7.5,0.0,1.0,7.5,0.0,0.0,1.0,1,1,template_ok,0,post_translation,0,0,0.9951,61.5,977.5,1894.5,1005.5,609.5,563.5,1297.5,577.5,0,0
644,10.7435,1.0,0.0,7.5,0.0,1.0,7.5,0.0,0.0,1.0,1,1,template_ok,0,post_translation,0,0,0.9942,61.5,977.5,1894.5,1005.5,609.5,563.5,1297.5,577.5,0,0
645,10.7602,1.0,0.0,7.5,0.0,1.0,7.5,0.0,0.0,1.0,1,1,template_ok,0,post_translation,0,0,0.9908,61.5,977.5,1894.5,1005.5,609.5,563.5,1297.5,577.5,0,0
646,10.7769,1.0,0.0,8.5,0.0,1.0,8.5,0.0,0.0,1.0,1,1,template_ok,0,post_translation,0,0,0.9924,62.5,978.5,1895.5,1006.5,610.5,564.5,1298.5,578.5,0,0
647,10.7936,1.0,0.0,8.5,0.0,1.0,8.5,0.0,0.0,1.0,1,1,template_ok,0,post_translation,0,0,0.9944,62.5,978.5,1895.5,1006.5,610.5,564.5,1298.5,578.5,0,0
648,10.8103,1.0,0.0,8.5,0.0,1.0,8.5,0.0,0.0,1.0,1,1,template_ok,0,post_translation,0,0,0.9892,62.5,978.5,1895.5,1006.5,610.5,564.5,1298.5,578.5,0,0
649,10.827,1.0,0.0,9.5,0.0,1.0,8.5,0.0,0.0,1.0,1,1,template_ok,0,post_translation,0,0,0.9935,63.5,978.5,1896.5,1006.5,611.5,564.5,1299.5,578.5,0,0
650,10.8436,1.0,0.0,9.5,0.0,1.0,8.5,0.0,0.0,1.0,1,1,template_ok,0,post_translation,0,0,0.9945,63.5,978.5,1896.5,1006.5,611.5,564.5,1299.5,578.5,0,0
651,10.8603,1.0,0.0,9.5,0.0,1.0,8.5,0.0,0.0,1.0,1,1,template_ok,0,post_translation,0,0,0.9892,63.5,978.5,1896.5,1006.5,611.5,564.5,1299.5,578.5,0,0
652,10.877,1.0,0.0,10.5,0.0,1.0,8.5,0.0,0.0,1.0,1,1,template_ok,0,post_translation,0,0,0.9939,64.5,978.5,1897.5,1006.5,612.5,564.5,1300.5,578.5,0,0
653,10.8937,1.0,0.0,10.5,0.0,1.0,8.5,0.0,0.0,1.0,1,1,template_ok,0,post_translation,0,0,0.9944,64.5,978.5,1897.5,1006.5,612.5,564.5,1300.5,578.5,0,0
654,10.9104,1.0,0.0,10.5,0.0,1.0,8.5,0.0,0.0,1.0,1,1,template_ok,0,post_translation,0,0,0.9893,64.5,978.5,1897.5,1006.5,612.5,564.5,1300.5,578.5,0,0
655,10.927,1.0,0.0,11.5,0.0,1.0,8.5,0.0,0.0,1.0,1,1,template_ok,0,post_translation,0,0,0.9946,65.5,978.5,1898.5,1006.5,613.5,564.5,1301.5,578.5,0,0
656,10.9437,1.0,0.0,11.5,0.0,1.0,8.5,0.0,0.0,1.0,1,1,template_ok,0,post_translation,0,0,0.994,65.5,978.5,1898.5,1006.5,613.5,564.5,1301.5,578.5,0,0
657,10.9604,1.0,0.0,11.5,0.0,1.0,9.5,0.0,0.0,1.0,1,1,template_ok,0,post_translation,0,0,0.9895,65.5,979.5,1898.5,1007.5,613.5,565.5,1301.5,579.5,0,0
658,10.9771,1.0,0.0,12.5,0.0,1.0,9.5,0.0,0.0,1.0,1,1,template_ok,0,post_translation,0,0,0.9934,66.5,979.5,1899.5,1007.5,614.5,565.5,1302.5,579.5,0,0
659,10.9938,1.0,0.0,12.5,0.0,1.0,9.5,0.0,0.0,1.0,1,1,template_ok,0,post_translation,0,0,0.9953,66.5,979.5,1899.5,1007.5,614.5,565.5,1302.5,579.5,0,0
660,11.0105,1.0,0.0,12.5,0.0,1.0,9.5,0.0,0.0,1.0,1,1,template_ok,0,post_translation,0,0,0.9896,66.5,979.5,1899.5,1007.5,614.5,565.5,1302.5,579.5,0,0
661,11.0271,1.0,0.0,13.5,0.0,1.0,10.5,0.0,0.0,1.0,1,1,template_ok,0,post_translation,0,0,0.9916,67.5,980.5,1900.5,1008.5,615.5,566.5,1303.5,580.5,0,0
662,11.0438,1.0,0.0,13.5,0.0,1.0,10.5,0.0,0.0,1.0,1,1,template_ok,0,post_translation,0,0,0.995,67.5,980.5,1900.5,1008.5,615.5,566.5,1303.5,580.5,0,0
663,11.0605,1.0,0.0,13.5,0.0,1.0,10.5,0.0,0.0,1.0,1,1,template_ok,0,post_translation,0,0,0.9934,67.5,980.5,1900.5,1008.5,615.5,566.5,1303.5,580.5,0,0
664,11.0772,1.0,0.0,13.5,0.0,1.0,11.5,0.0,0.0,1.0,1,1,template_ok,0,post_translation,0,0,0.9904,67.5,981.5,1900.5,1009.5,615.5,567.5,1303.5,581.5,0,0
665,11.0939,1.0,0.0,14.5,0.0,1.0,11.5,0.0,0.0,1.0,1,1,template_ok,0,post_translation,0,0,0.9938,68.5,981.5,1901.5,1009.5,616.5,567.5,1304.5,581.5,0,0
666,11.1106,1.0,0.0,14.5,0.0,1.0,11.5,0.0,0.0,1.0,1,1,template_ok,0,post_translation,0,0,0.9948,68.5,981.5,1901.5,1009.5,616.5,567.5,1304.5,581.5,0,0
667,11.1272,1.0,0.0,14.5,0.0,1.0,11.5,0.0,0.0,1.0,1,1,template_ok,0,post_translation,0,0,0.9927,68.5,981.5,1901.5,1009.5,616.5,567.5,1304.5,581.5,0,0
668,11.1439,1.0,0.0,14.5,0.0,1.0,11.5,0.0,0.0,1.0,1,1,template_ok,0,post_translation,0,0,0.9877,68.5,981.5,1901.5,1009.5,616.5,567.5,1304.5,581.5,0,0
669,11.1606,1.0,0.0,15.5,0.0,1.0,11.5,0.0,0.0,1.0,1,1,template_ok,0,post_translation,0,0,0.9924,69.5,981.5,1902.5,1009.5,617.5,567.5,1305.5,581.5,0,0
670,11.1773,1.0,0.0,15.5,0.0,1.0,12.5,0.0,0.0,1.0,1,1,template_ok,0,post_translation,0,0,0.9942,69.5,982.5,1902.5,1010.5,617.5,568.5,1305.5,582.5,0,0
671,11.194,1.0,0.0,15.5,0.0,1.0,12.5,0.0,0.0,1.0,1,1,template_ok,0,post_translation,0,0,0.9911,69.5,982.5,1902.5,1010.5,617.5,568.5,1305.5,582.5,0,0
672,11.2107,1.0,0.0,15.5,0.0,1.0,12.5,0.0,0.0,1.0,1,1,template_ok,0,post_translation,0,0,0.9877,69.5,982.5,1902.5,1010.5,617.5,568.5,1305.5,582.5,0,0
673,11.2273,1.0,0.0,16.5,0.0,1.0,12.5,0.0,0.0,1.0,1,1,template_ok,0,post_translation,0,0,0.9939,70.5,982.5,1903.5,1010.5,618.5,568.5,1306.5,582.5,0,0
674,11.244,1.0,0.0,16.5,0.0,1.0,12.5,0.0,0.0,1.0,1,1,template_ok,0,post_translation,0,0,0.9937,70.5,982.5,1903.5,1010.5,618.5,568.5,1306.5,582.5,0,0
675,11.2607,1.0,0.0,17.5,0.0,1.0,12.5,0.0,0.0,1.0,1,1,template_ok,0,post_translation,0,0,0.99,71.5,982.5,1904.5,1010.5,619.5,568.5,1307.5,582.5,0,0
676,11.2774,1.0,0.0,17.5,0.0,1.0,12.5,0.0,0.0,1.0,1,1,template_ok,0,post_translation,0,0,0.995,71.5,982.5,1904.5,1010.5,619.5,568.5,1307.5,582.5,0,0
677,11.2941,1.0,0.0,17.5,0.0,1.0,12.5,0.0,0.0,1.0,1,1,template_ok,0,post_translation,0,0,0.9934,71.5,982.5,1904.5,1010.5,619.5,568.5,1307.5,582.5,0,0
678,11.3107,1.0,0.0,18.5,0.0,1.0,12.5,0.0,0.0,1.0,1,1,template_ok,0,post_translation,0,0,0.991,72.5,982.5,1905.5,1010.5,620.5,568.5,1308.5,582.5,0,0
679,11.3274,1.0,0.0,18.5,0.0,1.0,12.5,0.0,0.0,1.0,1,1,template_ok,0,post_translation,0,0,0.9944,72.5,982.5,1905.5,1010.5,620.5,568.5,1308.5,582.5,0,0
680,11.3441,1.0,0.0,18.5,0.0,1.0,12.5,0.0,0.0,1.0,1,1,template_ok,0,post_translation,0,0,0.9937,72.5,982.5,1905.5,1010.5,620.5,568.5,1308.5,582.5,0,0
681,11.3608,1.0,0.0,18.5,0.0,1.0,13.5,0.0,0.0,1.0,1,1,template_ok,0,post_translation,0,0,0.9894,72.5,983.5,1905.5,1011.5,620.5,569.5,1308.5,583.5,0,0
682,11.3775,1.0,0.0,19.5,0.0,1.0,13.5,0.0,0.0,1.0,1,1,template_ok,0,post_translation,0,0,0.9939,73.5,983.5,1906.5,1011.5,621.5,569.5,1309.5,583.5,0,0
683,11.3942,1.0,0.0,19.5,0.0,1.0,13.5,0.0,0.0,1.0,1,1,template_ok,0,post_translation,0,0,0.9946,73.5,983.5,1906.5,1011.5,621.5,569.5,1309.5,583.5,0,0
684,11.4108,1.0,0.0,19.5,0.0,1.0,13.5,0.0,0.0,1.0,1,1,template_ok,0,post_translation,0,0,0.99,73.5,983.5,1906.5,1011.5,621.5,569.5,1309.5,583.5,0,0
685,11.4275,1.0,0.0,20.5,0.0,1.0,13.5,0.0,0.0,1.0,1,1,template_ok,0,post_translation,0,0,0.9935,74.5,983.5,1907.5,1011.5,622.5,569.5,1310.5,583.5,0,0
686,11.4442,1.0,0.0,20.5,0.0,1.0,13.5,0.0,0.0,1.0,1,1,template_ok,0,post_translation,0,0,0.9938,74.5,983.5,1907.5,1011.5,622.5,569.5,1310.5,583.5,0,0
687,11.4609,1.0,0.0,21.5,0.0,1.0,13.5,0.0,0.0,1.0,1,1,template_ok,0,post_translation,0,0,0.9894,75.5,983.5,1908.5,1011.5,623.5,569.5,1311.5,583.5,0,0
688,11.4776,1.0,0.0,21.5,0.0,1.0,13.5,0.0,0.0,1.0,1,1,template_ok,0,post_translation,0,0,0.9942,75.5,983.5,1908.5,1011.5,623.5,569.5,1311.5,583.5,0,0
689,11.4943,1.0,0.0,21.5,0.0,1.0,13.5,0.0,0.0,1.0,1,1,template_ok,0,post_translation,0,0,0.9918,75.5,983.5,1908.5,1011.5,623.5,569.5,1311.5,583.5,0,0
690,11.5109,1.0,0.0,22.5,0.0,1.0,13.5,0.0,0.0,1.0,1,1,template_ok,0,post_translation,0,0,0.9932,76.5,983.5,1909.5,1011.5,624.5,569.5,1312.5,583.5,0,0
691,11.5276,1.0,0.0,22.5,0.0,1.0,13.5,0.0,0.0,1.0,1,1,template_ok,0,post_translation,0,0,0.9934,76.5,983.5,1909.5,1011.5,624.5,569.5,1312.5,583.5,0,0
692,11.5443,1.0,0.0,23.5,0.0,1.0,13.5,0.0,0.0,1.0,1,1,template_ok,0,post_translation,0,0,0.9868,77.5,983.5,1910.5,1011.5,625.5,569.5,1313.5,583.5,0,0
693,11.561,1.0,0.0,23.5,0.0,1.0,13.5,0.0,0.0,1.0,1,1,template_ok,0,post_translation,0,0,0.9929,77.5,983.5,1910.5,1011.5,625.5,569.5,1313.5,583.5,0,0
694,11.5777,1.0,0.0,23.5,0.0,1.0,13.5,0.0,0.0,1.0,1,1,template_ok,0,post_translation,0,0,0.9943,77.5,983.5,1910.5,1011.5,625.5,569.5,1313.5,583.5,0,0
695,11.5943,1.0,0.0,23.5,0.0,1.0,13.5,0.0,0.0,1.0,1,1,template_ok,0,post_translation,0,0,0.9932,77.5,983.5,1910.5,1011.5,625.5,569.5,1313.5,583.5,0,0
696,11.611,1.0,0.0,23.5,0.0,1.0,13.5,0.0,0.0,1.0,1,1,template_ok,0,post_translation,0,0,0.9881,77.5,983.5,1910.5,1011.5,625.5,569.5,1313.5,583.5,0,0
697,11.6277,1.0,0.0,23.5,0.0,1.0,13.5,0.0,0.0,1.0,1,1,template_ok,0,post_translation,0,0,0.9887,77.5,983.5,1910.5,1011.5,625.5,569.5,1313.5,583.5,0,0
698,11.6444,1.0,0.0,24.5,0.0,1.0,13.5,0.0,0.0,1.0,1,1,template_ok,0,post_translation,0,0,0.9867,78.5,983.5,1911.5,1011.5,626.5,569.5,1314.5,583.5,0,0
699,11.6611,1.0,0.0,24.5,0.0,1.0,13.5,0.0,0.0,1.0,1,1,template_ok,0,post_translation,0,0,0.9904,78.5,983.5,1911.5,1011.5,626.5,569.5,1314.5,583.5,0,0
700,11.6778,1.0,0.0,24.5,0.0,1.0,13.5,0.0,0.0,1.0,1,1,template_ok,0,post_translation,0,0,0.992,78.5,983.5,1911.5,1011.5,626.5,569.5,1314.5,583.5,0,0
701,11.6944,1.0,0.0,24.5,0.0,1.0,13.5,0.0,0.0,1.0,1,1,template_ok,0,post_translation,0,0,0.993,78.5,983.5,1911.5,1011.5,626.5,569.5,1314.5,583.5,0,0
702,11.7111,1.0,0.0,24.5,0.0,1.0,13.5,0.0,0.0,1.0,1,1,template_ok,0,post_translation,0,0,0.9931,78.5,983.5,1911.5,1011.5,626.5,569.5,1314.5,583.5,0,0
703,11.7278,1.0,0.0,24.5,0.0,1.0,13.5,0.0,0.0,1.0,1,1,template_ok,0,post_translation,0,0,0.9927,78.5,983.5,1911.5,1011.5,626.5,569.5,1314.5,583.5,0,0
704,11.7445,1.0,0.0,24.5,0.0,1.0,13.5,0.0,0.0,1.0,1,1,template_ok,0,post_translation,0,0,0.9904,78.5,983.5,1911.5,1011.5,626.5,569.5,1314.5,583.5,0,0
705,11.7612,1.0,0.0,24.5,0.0,1.0,13.5,0.0,0.0,1.0,1,1,template_ok,0,post_translation,0,0,0.9879,78.5,983.5,1911.5,1011.5,626.5,569.5,1314.5,583.5,0,0
706,11.7779,1.0,0.0,25.5,0.0,1.0,14.5,0.0,0.0,1.0,1,1,template_ok,0,post_translation,0,0,0.9894,79.5,984.5,1912.5,1012.5,627.5,570.5,1315.5,584.5,0,0
707,11.7945,1.0,0.0,25.5,0.0,1.0,14.5,0.0,0.0,1.0,1,1,template_ok,0,post_translation,0,0,0.9917,79.5,984.5,1912.5,1012.5,627.5,570.5,1315.5,584.5,0,0
708,11.8112,1.0,0.0,25.5,0.0,1.0,14.5,0.0,0.0,1.0,1,1,template_ok,0,post_translation,0,0,0.992,79.5,984.5,1912.5,1012.5,627.5,570.5,1315.5,584.5,0,0
709,11.8279,1.0,0.0,25.5,0.0,1.0,14.5,0.0,0.0,1.0,1,1,template_ok,0,post_translation,0,0,0.9926,79.5,984.5,1912.5,1012.5,627.5,570.5,1315.5,584.5,0,0
710,11.8446,1.0,0.0,25.5,0.0,1.0,14.5,0.0,0.0,1.0,1,1,template_ok,0,post_translation,0,0,0.991,79.5,984.5,1912.5,1012.5,627.5,570.5,1315.5,584.5,0,0
711,11.8613,1.0,0.0,25.5,0.0,1.0,14.5,0.0,0.0,1.0,1,1,template_ok,0,post_translation,0,0,0.9893,79.5,984.5,1912.5,1012.5,627.5,570.5,1315.5,584.5,0,0
712,11.878,1.0,0.0,25.5,0.0,1.0,14.5,0.0,0.0,1.0,1,1,template_ok,0,post_translation,0,0,0.9873,79.5,984.5,1912.5,1012.5,627.5,570.5,1315.5,584.5,0,0
713,11.8946,1.0,0.0,26.5,0.0,1.0,14.5,0.0,0.0,1.0,1,1,template_ok,0,post_translation,0,0,0.9886,80.5,984.5,1913.5,1012.5,628.5,570.5,1316.5,584.5,0,0
714,11.9113,1.0,0.0,26.5,0.0,1.0,14.5,0.0,0.0,1.0,1,1,template_ok,0,post_translation,0,0,0.9925,80.5,984.5,1913.5,1012.5,628.5,570.5,1316.5,584.5,0,0
715,11.928,1.0,0.0,26.5,0.0,1.0,14.5,0.0,0.0,1.0,1,1,template_ok,0,post_translation,0,0,0.9933,80.5,984.5,1913.5,1012.5,628.5,570.5,1316.5,584.5,0,0
716,11.9447,1.0,0.0,26.5,0.0,1.0,14.5,0.0,0.0,1.0,1,1,template_ok,0,post_translation,0,0,0.9925,80.5,984.5,1913.5,1012.5,628.5,570.5,1316.5,584.5,0,0
717,11.9614,1.0,0.0,26.5,0.0,1.0,14.5,0.0,0.0,1.0,1,1,template_ok,0,post_translation,0,0,0.9897,80.5,984.5,1913.5,1012.5,628.5,570.5,1316.5,584.5,0,0
718,11.978,1.0,0.0,27.5,0.0,1.0,15.5,0.0,0.0,1.0,1,1,template_ok,0,post_translation,0,0,0.9879,81.5,985.5,1914.5,1013.5,629.5,571.5,1317.5,585.5,0,0
719,11.9947,1.0,0.0,27.5,0.0,1.0,14.5,0.0,0.0,1.0,1,1,template_ok,0,post_translation,0,0,0.9904,81.5,984.5,1914.5,1012.5,629.5,570.5,1317.5,584.5,0,0
720,12.0114,1.0,0.0,27.5,0.0,1.0,15.5,0.0,0.0,1.0,1,1,template_ok,0,post_translation,0,0,0.9912,81.5,985.5,1914.5,1013.5,629.5,571.5,1317.5,585.5,0,0
721,12.0281,1.0,0.0,27.5,0.0,1.0,15.5,0.0,0.0,1.0,1,1,template_ok,0,post_translation,0,0,0.9889,81.5,985.5,1914.5,1013.5,629.5,571.5,1317.5,585.5,0,0
722,12.0448,1.0,0.0,28.5,0.0,1.0,15.5,0.0,0.0,1.0,1,1,template_ok,0,post_translation,0,0,0.9861,82.5,985.5,1915.5,1013.5,630.5,571.5,1318.5,585.5,0,0
723,12.0615,1.0,0.0,28.5,0.0,1.0,15.5,0.0,0.0,1.0,1,1,template_ok,0,post_translation,0,0,0.9909,82.5,985.5,1915.5,1013.5,630.5,571.5,1318.5,585.5,0,0
724,12.0781,1.0,0.0,28.5,0.0,1.0,14.5,0.0,0.0,1.0,1,1,template_ok,0,post_translation,0,0,0.9916,82.5,984.5,1915.5,1012.5,630.5,570.5,1318.5,584.5,0,0
725,12.0948,1.0,0.0,28.5,0.0,1.0,14.5,0.0,0.0,1.0,1,1,template_ok,0,post_translation,0,0,0.9906,82.5,984.5,1915.5,1012.5,630.5,570.5,1318.5,584.5,0,0
726,12.1115,1.0,0.0,29.5,0.0,1.0,14.5,0.0,0.0,1.0,1,1,template_ok,0,post_translation,0,0,0.9862,83.5,984.5,1916.5,1012.5,631.5,570.5,1319.5,584.5,0,0
727,12.1282,1.0,0.0,29.5,0.0,1.0,14.5,0.0,0.0,1.0,1,1,template_ok,0,post_translation,0,0,0.988,83.5,984.5,1916.5,1012.5,631.5,570.5,1319.5,584.5,0,0
728,12.1449,1.0,0.0,29.5,0.0,1.0,14.5,0.0,0.0,1.0,1,1,template_ok,0,post_translation,0,0,0.9913,83.5,984.5,1916.5,1012.5,631.5,570.5,1319.5,584.5,0,0
729,12.1616,1.0,0.0,29.5,0.0,1.0,14.5,0.0,0.0,1.0,1,1,template_ok,0,post_translation,0,0,0.9914,83.5,984.5,1916.5,1012.5,631.5,570.5,1319.5,584.5,0,0
730,12.1782,1.0,0.0,29.5,0.0,1.0,14.5,0.0,0.0,1.0,1,1,template_ok,0,post_translation,0,0,0.9894,83.5,984.5,1916.5,1012.5,631.5,570.5,1319.5,584.5,0,0
731,12.1949,1.0,0.0,30.5,0.0,1.0,14.5,0.0,0.0,1.0,1,1,template_ok,0,post_translation,0,0,0.9863,84.5,984.5,1917.5,1012.5,632.5,570.5,1320.5,584.5,0,0
732,12.2116,1.0,0.0,30.5,0.0,1.0,15.5,0.0,0.0,1.0,1,1,template_ok,0,post_translation,0,0,0.9887,84.5,985.5,1917.5,1013.5,632.5,571.5,1320.5,585.5,0,0
733,12.2283,1.0,0.0,30.5,0.0,1.0,14.5,0.0,0.0,1.0,1,1,template_ok,0,post_translation,0,0,0.9908,84.5,984.5,1917.5,1012.5,632.5,570.5,1320.5,584.5,0,0
734,12.245,1.0,0.0,30.5,0.0,1.0,14.5,0.0,0.0,1.0,1,1,template_ok,0,post_translation,0,0,0.9904,84.5,984.5,1917.5,1012.5,632.5,570.5,1320.5,584.5,0,0
735,12.2616,1.0,0.0,30.5,0.0,1.0,14.5,0.0,0.0,1.0,1,1,template_ok,0,post_translation,0,0,0.9896,84.5,984.5,1917.5,1012.5,632.5,570.5,1320.5,584.5,0,0
736,12.2783,1.0,0.0,30.5,0.0,1.0,14.5,0.0,0.0,1.0,1,1,template_ok,0,post_translation,0,0,0.9865,84.5,984.5,1917.5,1012.5,632.5,570.5,1320.5,584.5,0,0
737,12.295,1.0,0.0,31.5,0.0,1.0,15.5,0.0,0.0,1.0,1,1,template_ok,0,post_translation,0,0,0.9887,85.5,985.5,1918.5,1013.5,633.5,571.5,1321.5,585.5,0,0
738,12.3117,1.0,0.0,31.5,0.0,1.0,15.5,0.0,0.0,1.0,1,1,template_ok,0,post_translation,0,0,0.9917,85.5,985.5,1918.5,1013.5,633.5,571.5,1321.5,585.5,0,0
739,12.3284,1.0,0.0,31.5,0.0,1.0,15.5,0.0,0.0,1.0,1,1,template_ok,0,post_translation,0,0,0.9916,85.5,985.5,1918.5,1013.5,633.5,571.5,1321.5,585.5,0,0
740,12.3451,1.0,0.0,31.5,0.0,1.0,15.5,0.0,0.0,1.0,1,1,template_ok,0,post_translation,0,0,0.9884,85.5,985.5,1918.5,1013.5,633.5,571.5,1321.5,585.5,0,0
741,12.3617,1.0,0.0,32.5,0.0,1.0,15.5,0.0,0.0,1.0,1,1,template_ok,0,post_translation,0,0,0.9866,86.5,985.5,1919.5,1013.5,634.5,571.5,1322.5,585.5,0,0
742,12.3784,1.0,0.0,32.5,0.0,1.0,15.5,0.0,0.0,1.0,1,1,template_ok,0,post_translation,0,0,0.9917,86.5,985.5,1919.5,1013.5,634.5,571.5,1322.5,585.5,0,0
743,12.3951,1.0,0.0,32.5,0.0,1.0,15.5,0.0,0.0,1.0,1,1,template_ok,0,post_translation,0,0,0.992,86.5,985.5,1919.5,1013.5,634.5,571.5,1322.5,585.5,0,0
744,12.4118,1.0,0.0,32.5,0.0,1.0,15.5,0.0,0.0,1.0,1,1,template_ok,0,post_translation,0,0,0.9906,86.5,985.5,1919.5,1013.5,634.5,571.5,1322.5,585.5,0,0
745,12.4285,1.0,0.0,32.5,0.0,1.0,15.5,0.0,0.0,1.0,1,1,template_ok,0,post_translation,0,0,0.9888,86.5,985.5,1919.5,1013.5,634.5,571.5,1322.5,585.5,0,0
746,12.4452,1.0,0.0,32.5,0.0,1.0,15.5,0.0,0.0,1.0,1,1,template_ok,0,post_translation,0,0,0.9847,86.5,985.5,1919.5,1013.5,634.5,571.5,1322.5,585.5,0,0
747,12.4618,1.0,0.0,33.5,0.0,1.0,15.5,0.0,0.0,1.0,1,1,template_ok,0,post_translation,0,0,0.9897,87.5,985.5,1920.5,1013.5,635.5,571.5,1323.5,585.5,0,0
748,12.4785,1.0,0.0,33.5,0.0,1.0,15.5,0.0,0.0,1.0,1,1,template_ok,0,post_translation,0,0,0.9905,87.5,985.5,1920.5,1013.5,635.5,571.5,1323.5,585.5,0,0
749,12.4952,1.0,0.0,33.5,0.0,1.0,15.5,0.0,0.0,1.0,1,1,template_ok,0,post_translation,0,0,0.9911,87.5,985.5,1920.5,1013.5,635.5,571.5,1323.5,585.5,0,0
750,12.5119,1.0,0.0,33.5,0.0,1.0,15.5,0.0,0.0,1.0,1,1,template_ok,0,post_translation,0,0,0.9901,87.5,985.5,1920.5,1013.5,635.5,571.5,1323.5,585.5,0,0
751,12.5286,1.0,0.0,33.5,0.0,1.0,15.5,0.0,0.0,1.0,1,1,template_ok,0,post_translation,0,0,0.9866,87.5,985.5,1920.5,1013.5,635.5,571.5,1323.5,585.5,0,0
752,12.5453,1.0,0.0,34.5,0.0,1.0,15.5,0.0,0.0,1.0,1,1,template_ok,0,post_translation,0,0,0.9903,88.5,985.5,1921.5,1013.5,636.5,571.5,1324.5,585.5,0,0
753,12.5619,1.0,0.0,34.5,0.0,1.0,15.5,0.0,0.0,1.0,1,1,template_ok,0,post_translation,0,0,0.9919,88.5,985.5,1921.5,1013.5,636.5,571.5,1324.5,585.5,0,0
754,12.5786,1.0,0.0,34.5,0.0,1.0,15.5,0.0,0.0,1.0,1,1,template_ok,0,post_translation,0,0,0.9864,88.5,985.5,1921.5,1013.5,636.5,571.5,1324.5,585.5,0,0
755,12.5953,1.0,0.0,35.5,0.0,1.0,15.5,0.0,0.0,1.0,1,1,template_ok,0,post_translation,0,0,0.9895,89.5,985.5,1922.5,1013.5,637.5,571.5,1325.5,585.5,0,0
756,12.612,1.0,0.0,35.5,0.0,1.0,15.5,0.0,0.0,1.0,1,1,template_ok,0,post_translation,0,0,0.9899,89.5,985.5,1922.5,1013.5,637.5,571.5,1325.5,585.5,0,0
757,12.6287,1.0,0.0,35.5,0.0,1.0,15.5,0.0,0.0,1.0,1,1,template_ok,0,post_translation,0,0,0.9888,89.5,985.5,1922.5,1013.5,637.5,571.5,1325.5,585.5,0,0
758,12.6453,1.0,0.0,36.5,0.0,1.0,15.5,0.0,0.0,1.0,1,1,template_ok,0,post_translation,0,0,0.9887,90.5,985.5,1923.5,1013.5,638.5,571.5,1326.5,585.5,0,0
759,12.662,1.0,0.0,36.5,0.0,1.0,15.5,0.0,0.0,1.0,1,1,template_ok,0,post_translation,0,0,0.9913,90.5,985.5,1923.5,1013.5,638.5,571.5,1326.5,585.5,0,0
760,12.6787,1.0,0.0,36.5,0.0,1.0,15.5,0.0,0.0,1.0,1,1,template_ok,0,post_translation,0,0,0.9903,90.5,985.5,1923.5,1013.5,638.5,571.5,1326.5,585.5,0,0
761,12.6954,1.0,0.0,36.5,0.0,1.0,15.5,0.0,0.0,1.0,1,1,template_ok,0,post_translation,0,0,0.9865,90.5,985.5,1923.5,1013.5,638.5,571.5,1326.5,585.5,0,0
762,12.7121,1.0,0.0,37.5,0.0,1.0,15.5,0.0,0.0,1.0,1,1,template_ok,0,post_translation,0,0,0.9875,91.5,985.5,1924.5,1013.5,639.5,571.5,1327.5,585.5,0,0
763,12.7288,1.0,0.0,37.5,0.0,1.0,15.5,0.0,0.0,1.0,1,1,template_ok,0,post_translation,0,0,0.9904,91.5,985.5,1924.5,1013.5,639.5,571.5,1327.5,585.5,0,0
764,12.7454,1.0,0.0,37.5,0.0,1.0,15.5,0.0,0.0,1.0,1,1,template_ok,0,post_translation,0,0,0.9903,91.5,985.5,1924.5,1013.5,639.5,571.5,1327.5,585.5,0,0
765,12.7621,1.0,0.0,37.5,0.0,1.0,15.5,0.0,0.0,1.0,1,1,template_ok,0,post_translation,0,0,0.9899,91.5,985.5,1924.5,1013.5,639.5,571.5,1327.5,585.5,0,0
766,12.7788,1.0,0.0,37.5,0.0,1.0,15.5,0.0,0.0,1.0,1,1,template_ok,0,post_translation,0,0,0.9893,91.5,985.5,1924.5,1013.5,639.5,571.5,1327.5,585.5,0,0
767,12.7955,1.0,0.0,37.5,0.0,1.0,15.5,0.0,0.0,1.0,1,1,template_ok,0,post_translation,0,0,0.989,91.5,985.5,1924.5,1013.5,639.5,571.5,1327.5,585.5,0,0
768,12.8122,1.0,0.0,37.5,0.0,1.0,15.5,0.0,0.0,1.0,1,1,template_ok,0,post_translation,0,0,0.9889,91.5,985.5,1924.5,1013.5,639.5,571.5,1327.5,585.5,0,0
769,12.8289,1.0,0.0,37.5,0.0,1.0,15.5,0.0,0.0,1.0,1,1,template_ok,0,post_translation,0,0,0.9872,91.5,985.5,1924.5,1013.5,639.5,571.5,1327.5,585.5,0,0
770,12.8455,1.0,0.0,37.5,0.0,1.0,15.5,0.0,0.0,1.0,1,1,template_ok,0,post_translation,0,0,0.9848,91.5,985.5,1924.5,1013.5,639.5,571.5,1327.5,585.5,0,0
771,12.8622,1.0,0.0,37.5,0.0,1.0,15.5,0.0,0.0,1.0,1,1,template_ok,0,post_translation,0,0,0.9849,91.5,985.5,1924.5,1013.5,639.5,571.5,1327.5,585.5,0,0
772,12.8789,1.0,0.0,37.5,0.0,1.0,15.5,0.0,0.0,1.0,1,1,template_ok,0,post_translation,0,0,0.9843,91.5,985.5,1924.5,1013.5,639.5,571.5,1327.5,585.5,0,0
773,12.8956,1.0,0.0,38.5,0.0,1.0,15.5,0.0,0.0,1.0,1,1,template_ok,0,post_translation,0,0,0.9847,92.5,985.5,1925.5,1013.5,640.5,571.5,1328.5,585.5,0,0
774,12.9123,1.0,0.0,38.5,0.0,1.0,15.5,0.0,0.0,1.0,1,1,template_ok,0,post_translation,0,0,0.9858,92.5,985.5,1925.5,1013.5,640.5,571.5,1328.5,585.5,0,0
775,12.9289,1.0,0.0,38.5,0.0,1.0,15.5,0.0,0.0,1.0,1,1,template_ok,0,post_translation,0,0,0.9878,92.5,985.5,1925.5,1013.5,640.5,571.5,1328.5,585.5,0,0
776,12.9456,1.0,0.0,38.5,0.0,1.0,15.5,0.0,0.0,1.0,1,1,template_ok,0,post_translation,0,0,0.9883,92.5,985.5,1925.5,1013.5,640.5,571.5,1328.5,585.5,0,0
777,12.9623,1.0,0.0,38.5,0.0,1.0,15.5,0.0,0.0,1.0,1,1,template_ok,0,post_translation,0,0,0.9894,92.5,985.5,1925.5,1013.5,640.5,571.5,1328.5,585.5,0,0
778,12.979,1.0,0.0,38.5,0.0,1.0,15.5,0.0,0.0,1.0,1,1,template_ok,0,post_translation,0,0,0.9886,92.5,985.5,1925.5,1013.5,640.5,571.5,1328.5,585.5,0,0
779,12.9957,1.0,0.0,38.5,0.0,1.0,15.5,0.0,0.0,1.0,1,1,template_ok,0,post_translation,0,0,0.9887,92.5,985.5,1925.5,1013.5,640.5,571.5,1328.5,585.5,0,0
780,13.0124,1.0,0.0,38.5,0.0,1.0,14.5,0.0,0.0,1.0,1,1,template_ok,0,post_translation,0,0,0.9885,92.5,984.5,1925.5,1012.5,640.5,570.5,1328.5,584.5,0,0
781,13.029,1.0,0.0,38.5,0.0,1.0,14.5,0.0,0.0,1.0,1,1,template_ok,0,post_translation,0,0,0.9879,92.5,984.5,1925.5,1012.5,640.5,570.5,1328.5,584.5,0,0
782,13.0457,1.0,0.0,38.5,0.0,1.0,14.5,0.0,0.0,1.0,1,1,template_ok,0,post_translation,0,0,0.987,92.5,984.5,1925.5,1012.5,640.5,570.5,1328.5,584.5,0,0
783,13.0624,1.0,0.0,38.5,0.0,1.0,14.5,0.0,0.0,1.0,1,1,template_ok,0,post_translation,0,0,0.9864,92.5,984.5,1925.5,1012.5,640.5,570.5,1328.5,584.5,0,0
784,13.0791,1.0,0.0,38.5,0.0,1.0,14.5,0.0,0.0,1.0,1,1,template_ok,0,post_translation,0,0,0.9838,92.5,984.5,1925.5,1012.5,640.5,570.5,1328.5,584.5,0,0
785,13.0958,1.0,0.0,38.5,0.0,1.0,14.5,0.0,0.0,1.0,1,1,template_ok,0,post_translation,0,0,0.9841,92.5,984.5,1925.5,1012.5,640.5,570.5,1328.5,584.5,0,0
786,13.1125,1.0,0.0,38.5,0.0,1.0,13.5,0.0,0.0,1.0,1,1,template_ok,0,post_translation,0,0,0.9832,92.5,983.5,1925.5,1011.5,640.5,569.5,1328.5,583.5,0,0
787,13.1291,1.0,0.0,37.5,0.0,1.0,13.5,0.0,0.0,1.0,1,1,template_ok,0,post_translation,0,0,0.9855,91.5,983.5,1924.5,1011.5,639.5,569.5,1327.5,583.5,0,0
788,13.1458,1.0,0.0,37.5,0.0,1.0,13.5,0.0,0.0,1.0,1,1,template_ok,0,post_translation,0,0,0.9887,91.5,983.5,1924.5,1011.5,639.5,569.5,1327.5,583.5,0,0
789,13.1625,1.0,0.0,37.5,0.0,1.0,13.5,0.0,0.0,1.0,1,1,template_ok,0,post_translation,0,0,0.9905,91.5,983.5,1924.5,1011.5,639.5,569.5,1327.5,583.5,0,0
790,13.1792,1.0,0.0,37.5,0.0,1.0,13.5,0.0,0.0,1.0,1,1,template_ok,0,post_translation,0,0,0.9896,91.5,983.5,1924.5,1011.5,639.5,569.5,1327.5,583.5,0,0
791,13.1959,1.0,0.0,36.5,0.0,1.0,13.5,0.0,0.0,1.0,1,1,template_ok,0,post_translation,0,0,0.9839,90.5,983.5,1923.5,1011.5,638.5,569.5,1326.5,583.5,0,0
792,13.2126,1.0,0.0,36.5,0.0,1.0,13.5,0.0,0.0,1.0,1,1,template_ok,0,post_translation,0,0,0.9893,90.5,983.5,1923.5,1011.5,638.5,569.5,1326.5,583.5,0,0
793,13.2292,1.0,0.0,36.5,0.0,1.0,13.5,0.0,0.0,1.0,1,1,template_ok,0,post_translation,0,0,0.9872,90.5,983.5,1923.5,1011.5,638.5,569.5,1326.5,583.5,0,0
794,13.2459,1.0,0.0,35.5,0.0,1.0,13.5,0.0,0.0,1.0,1,1,template_ok,0,post_translation,0,0,0.9892,89.5,983.5,1922.5,1011.5,637.5,569.5,1325.5,583.5,0,0
795,13.2626,1.0,0.0,35.5,0.0,1.0,13.5,0.0,0.0,1.0,1,1,template_ok,0,post_translation,0,0,0.9893,89.5,983.5,1922.5,1011.5,637.5,569.5,1325.5,583.5,0,0
796,13.2793,1.0,0.0,34.5,0.0,1.0,13.5,0.0,0.0,1.0,1,1,template_ok,0,post_translation,0,0,0.9897,88.5,983.5,1921.5,1011.5,636.5,569.5,1324.5,583.5,0,0
797,13.296,1.0,0.0,34.5,0.0,1.0,13.5,0.0,0.0,1.0,1,1,template_ok,0,post_translation,0,0,0.9837,88.5,983.5,1921.5,1011.5,636.5,569.5,1324.5,583.5,0,0
798,13.3126,1.0,0.0,33.5,0.0,1.0,13.5,0.0,0.0,1.0,1,1,template_ok,0,post_translation,0,0,0.9872,87.5,983.5,1920.5,1011.5,635.5,569.5,1323.5,583.5,0,0
799,13.3293,1.0,0.0,32.5,0.0,1.0,14.5,0.0,0.0,1.0,1,1,template_ok,0,post_translation,0,0,0.9911,86.5,984.5,1919.5,1012.5,634.5,570.5,1322.5,584.5,0,0
800,13.346,1.0,0.0,31.5,0.0,1.0,14.5,0.0,0.0,1.0,1,1,template_ok,0,post_translation,0,0,0.9888,85.5,984.5,1918.5,1012.5,633.5,570.5,1321.5,584.5,0,0
801,13.3627,1.0,0.0,31.5,0.0,1.0,14.5,0.0,0.0,1.0,1,1,template_ok,0,post_translation,0,0,0.9866,85.5,984.5,1918.5,1012.5,633.5,570.5,1321.5,584.5,0,0
802,13.3794,1.0,0.0,30.5,0.0,1.0,14.5,0.0,0.0,1.0,1,1,template_ok,0,post_translation,0,0,0.9905,84.5,984.5,1917.5,1012.5,632.5,570.5,1320.5,584.5,0,0
803,13.3961,1.0,0.0,29.5,0.0,1.0,14.5,0.0,0.0,1.0,1,1,template_ok,0,post_translation,0,0,0.9868,83.5,984.5,1916.5,1012.5,631.5,570.5,1319.5,584.5,0,0
804,13.4127,1.0,0.0,29.5,0.0,1.0,14.5,0.0,0.0,1.0,1,1,template_ok,0,post_translation,0,0,0.9879,83.5,984.5,1916.5,1012.5,631.5,570.5,1319.5,584.5,0,0
805,13.4294,1.0,0.0,28.5,0.0,1.0,14.5,0.0,0.0,1.0,1,1,template_ok,0,post_translation,0,0,0.9859,82.5,984.5,1915.5,1012.5,630.5,570.5,1318.5,584.5,0,0
806,13.4461,1.0,0.0,28.5,0.0,1.0,14.5,0.0,0.0,1.0,1,1,template_ok,0,post_translation,0,0,0.9901,82.5,984.5,1915.5,1012.5,630.5,570.5,1318.5,584.5,0,0
807,13.4628,1.0,0.0,28.5,0.0,1.0,14.5,0.0,0.0,1.0,1,1,template_ok,0,post_translation,0,0,0.987,82.5,984.5,1915.5,1012.5,630.5,570.5,1318.5,584.5,0,0
808,13.4795,1.0,0.0,27.5,0.0,1.0,14.5,0.0,0.0,1.0,1,1,template_ok,0,post_translation,0,0,0.9894,81.5,984.5,1914.5,1012.5,629.5,570.5,1317.5,584.5,0,0
809,13.4962,1.0,0.0,27.5,0.0,1.0,14.5,0.0,0.0,1.0,1,1,template_ok,0,post_translation,0,0,0.9889,81.5,984.5,1914.5,1012.5,629.5,570.5,1317.5,584.5,0,0
810,13.5128,1.0,0.0,26.5,0.0,1.0,14.5,0.0,0.0,1.0,1,1,template_ok,0,post_translation,0,0,0.9889,80.5,984.5,1913.5,1012.5,628.5,570.5,1316.5,584.5,0,0
811,13.5295,1.0,0.0,26.5,0.0,1.0,14.5,0.0,0.0,1.0,1,1,template_ok,0,post_translation,0,0,0.9895,80.5,984.5,1913.5,1012.5,628.5,570.5,1316.5,584.5,0,0
812,13.5462,1.0,0.0,25.5,0.0,1.0,14.5,0.0,0.0,1.0,1,1,template_ok,0,post_translation,0,0,0.9897,79.5,984.5,1912.5,1012.5,627.5,570.5,1315.5,584.5,0,0
813,13.5629,1.0,0.0,25.5,0.0,1.0,14.5,0.0,0.0,1.0,1,1,template_ok,0,post_translation,0,0,0.9872,79.5,984.5,1912.5,1012.5,627.5,570.5,1315.5,584.5,0,0
814,13.5796,1.0,0.0,24.5,0.0,1.0,13.5,0.0,0.0,1.0,1,1,template_ok,0,post_translation,0,0,0.9887,78.5,983.5,1911.5,1011.5,626.5,569.5,1314.5,583.5,0,0
815,13.5962,1.0,0.0,24.5,0.0,1.0,14.5,0.0,0.0,1.0,1,1,template_ok,0,post_translation,0,0,0.9887,78.5,984.5,1911.5,1012.5,626.5,570.5,1314.5,584.5,0,0
816,13.6129,1.0,0.0,23.5,0.0,1.0,14.5,0.0,0.0,1.0,1,1,template_ok,0,post_translation,0,0,0.9855,77.5,984.5,1910.5,1012.5,625.5,570.5,1313.5,584.5,0,0
817,13.6296,1.0,0.0,23.5,0.0,1.0,14.5,0.0,0.0,1.0,1,1,template_ok,0,post_translation,0,0,0.9898,77.5,984.5,1910.5,1012.5,625.5,570.5,1313.5,584.5,0,0
818,13.6463,1.0,0.0,22.5,0.0,1.0,14.5,0.0,0.0,1.0,1,1,template_ok,0,post_translation,0,0,0.9832,76.5,984.5,1909.5,1012.5,624.5,570.5,1312.5,584.5,0,0
819,13.663,1.0,0.0,22.5,0.0,1.0,14.5,0.0,0.0,1.0,1,1,template_ok,0,post_translation,0,0,0.9894,76.5,984.5,1909.5,1012.5,624.5,570.5,1312.5,584.5,0,0
820,13.6797,1.0,0.0,22.5,0.0,1.0,14.5,0.0,0.0,1.0,1,1,template_ok,0,post_translation,0,0,0.9872,76.5,984.5,1909.5,1012.5,624.5,570.5,1312.5,584.5,0,0
821,13.6963,1.0,0.0,21.5,0.0,1.0,14.5,0.0,0.0,1.0,1,1,template_ok,0,post_translation,0,0,0.9882,75.5,984.5,1908.5,1012.5,623.5,570.5,1311.5,584.5,0,0
822,13.713,1.0,0.0,21.5,0.0,1.0,14.5,0.0,0.0,1.0,1,1,template_ok,0,post_translation,0,0,0.9886,75.5,984.5,1908.5,1012.5,623.5,570.5,1311.5,584.5,0,0
823,13.7297,1.0,0.0,20.5,0.0,1.0,14.5,0.0,0.0,1.0,1,1,template_ok,0,post_translation,0,0,0.9868,74.5,984.5,1907.5,1012.5,622.5,570.5,1310.5,584.5,0,0
824,13.7464,1.0,0.0,20.5,0.0,1.0,14.5,0.0,0.0,1.0,1,1,template_ok,0,post_translation,0,0,0.99,74.5,984.5,1907.5,1012.5,622.5,570.5,1310.5,584.5,0,0
825,13.7631,1.0,0.0,19.5,0.0,1.0,14.5,0.0,0.0,1.0,1,1,template_ok,0,post_translation,0,0,0.9847,73.5,984.5,1906.5,1012.5,621.5,570.5,1309.5,584.5,0,0
826,13.7798,1.0,0.0,19.5,0.0,1.0,14.5,0.0,0.0,1.0,1,1,template_ok,0,post_translation,0,0,0.99,73.5,984.5,1906.5,1012.5,621.5,570.5,1309.5,584.5,0,0
827,13.7964,1.0,0.0,19.5,0.0,1.0,14.5,0.0,0.0,1.0,1,1,template_ok,0,post_translation,0,0,0.9888,73.5,984.5,1906.5,1012.5,621.5,570.5,1309.5,584.5,0,0
828,13.8131,1.0,0.0,18.5,0.0,1.0,14.5,0.0,0.0,1.0,1,1,template_ok,0,post_translation,0,0,0.9879,72.5,984.5,1905.5,1012.5,620.5,570.5,1308.5,584.5,0,0
829,13.8298,1.0,0.0,18.5,0.0,1.0,14.5,0.0,0.0,1.0,1,1,template_ok,0,post_translation,0,0,0.9899,72.5,984.5,1905.5,1012.5,620.5,570.5,1308.5,584.5,0,0
830,13.8465,1.0,0.0,18.5,0.0,1.0,14.5,0.0,0.0,1.0,1,1,template_ok,0,post_translation,0,0,0.9855,72.5,984.5,1905.5,1012.5,620.5,570.5,1308.5,584.5,0,0
831,13.8632,1.0,0.0,17.5,0.0,1.0,14.5,0.0,0.0,1.0,1,1,template_ok,0,post_translation,0,0,0.9904,71.5,984.5,1904.5,1012.5,619.5,570.5,1307.5,584.5,0,0
832,13.8799,1.0,0.0,17.5,0.0,1.0,14.5,0.0,0.0,1.0,1,1,template_ok,0,post_translation,0,0,0.9861,71.5,984.5,1904.5,1012.5,619.5,570.5,1307.5,584.5,0,0
833,13.8965,1.0,0.0,16.5,0.0,1.0,14.5,0.0,0.0,1.0,1,1,template_ok,0,post_translation,0,0,0.9888,70.5,984.5,1903.5,1012.5,618.5,570.5,1306.5,584.5,0,0
834,13.9132,1.0,0.0,16.5,0.0,1.0,14.5,0.0,0.0,1.0,1,1,template_ok,0,post_translation,0,0,0.9867,70.5,984.5,1903.5,1012.5,618.5,570.5,1306.5,584.5,0,0
835,13.9299,1.0,0.0,15.5,0.0,1.0,13.5,0.0,0.0,1.0,1,1,template_ok,0,post_translation,0,0,0.99,69.5,983.5,1902.5,1011.5,617.5,569.5,1305.5,583.5,0,0
836,13.9466,1.0,0.0,15.5,0.0,1.0,13.5,0.0,0.0,1.0,1,1,template_ok,0,post_translation,0,0,0.9843,69.5,983.5,1902.5,1011.5,617.5,569.5,1305.5,583.5,0,0
837,13.9633,1.0,0.0,14.5,0.0,1.0,13.5,0.0,0.0,1.0,1,1,template_ok,0,post_translation,0,0,0.9905,68.5,983.5,1901.5,1011.5,616.5,569.5,1304.5,583.5,0,0
838,13.9799,1.0,0.0,13.5,0.0,1.0,13.5,0.0,0.0,1.0,1,1,template_ok,0,post_translation,0,0,0.9892,67.5,983.5,1900.5,1011.5,615.5,569.5,1303.5,583.5,0,0
839,13.9966,1.0,0.0,13.5,0.0,1.0,13.5,0.0,0.0,1.0,1,1,template_ok,0,post_translation,0,0,0.9888,67.5,983.5,1900.5,1011.5,615.5,569.5,1303.5,583.5,0,0
840,14.0133,1.0,0.0,12.5,0.0,1.0,12.5,0.0,0.0,1.0,1,1,template_ok,0,post_translation,0,0,0.9902,66.5,982.5,1899.5,1010.5,614.5,568.5,1302.5,582.5,0,0
841,14.03,1.0,0.0,11.5,0.0,1.0,11.5,0.0,0.0,1.0,1,1,template_ok,0,post_translation,0,0,0.986,65.5,981.5,1898.5,1009.5,613.5,567.5,1301.5,581.5,0,0
842,14.0467,1.0,0.0,11.5,0.0,1.0,11.5,0.0,0.0,1.0,1,1,template_ok,0,post_translation,0,0,0.9921,65.5,981.5,1898.5,1009.5,613.5,567.5,1301.5,581.5,0,0
843,14.0634,1.0,0.0,10.5,0.0,1.0,10.5,0.0,0.0,1.0,1,1,template_ok,0,post_translation,0,0,0.9885,64.5,980.5,1897.5,1008.5,612.5,566.5,1300.5,580.5,0,0
844,14.08,1.0,0.0,10.5,0.0,1.0,10.5,0.0,0.0,1.0,1,1,template_ok,0,post_translation,0,0,0.9892,64.5,980.5,1897.5,1008.5,612.5,566.5,1300.5,580.5,0,0
845,14.0967,1.0,0.0,9.5,0.0,1.0,10.5,0.0,0.0,1.0,1,1,template_ok,0,post_translation,0,0,0.989,63.5,980.5,1896.5,1008.5,611.5,566.5,1299.5,580.5,0,0
846,14.1134,1.0,0.0,9.5,0.0,1.0,10.5,0.0,0.0,1.0,1,1,template_ok,0,post_translation,0,0,0.9905,63.5,980.5,1896.5,1008.5,611.5,566.5,1299.5,580.5,0,0
847,14.1301,1.0,0.0,8.5,0.0,1.0,9.5,0.0,0.0,1.0,1,1,template_ok,0,post_translation,0,0,0.9886,62.5,979.5,1895.5,1007.5,610.5,565.5,1298.5,579.5,0,0
848,14.1468,1.0,0.0,8.5,0.0,1.0,9.5,0.0,0.0,1.0,1,1,template_ok,0,post_translation,0,0,0.992,62.5,979.5,1895.5,1007.5,610.5,565.5,1298.5,579.5,0,0
849,14.1635,1.0,0.0,8.5,0.0,1.0,9.5,0.0,0.0,1.0,1,1,template_ok,0,post_translation,0,0,0.989,62.5,979.5,1895.5,1007.5,610.5,565.5,1298.5,579.5,0,0
850,14.1801,1.0,0.0,7.5,0.0,1.0,9.5,0.0,0.0,1.0,1,1,template_ok,0,post_translation,0,0,0.9901,61.5,979.5,1894.5,1007.5,609.5,565.5,1297.5,579.5,0,0
851,14.1968,1.0,0.0,7.5,0.0,1.0,9.5,0.0,0.0,1.0,1,1,template_ok,0,post_translation,0,0,0.9897,61.5,979.5,1894.5,1007.5,609.5,565.5,1297.5,579.5,0,0
852,14.2135,1.0,0.0,7.5,0.0,1.0,8.5,0.0,0.0,1.0,1,1,template_ok,0,post_translation,0,0,0.9847,61.5,978.5,1894.5,1006.5,609.5,564.5,1297.5,578.5,0,0
853,14.2302,1.0,0.0,6.5,0.0,1.0,8.5,0.0,0.0,1.0,1,1,template_ok,0,post_translation,0,0,0.9905,60.5,978.5,1893.5,1006.5,608.5,564.5,1296.5,578.5,0,0
854,14.2469,1.0,0.0,6.5,0.0,1.0,8.5,0.0,0.0,1.0,1,1,template_ok,0,post_translation,0,0,0.9881,60.5,978.5,1893.5,1006.5,608.5,564.5,1296.5,578.5,0,0
855,14.2636,1.0,0.0,5.5,0.0,1.0,8.5,0.0,0.0,1.0,1,1,template_ok,0,post_translation,0,0,0.9889,59.5,978.5,1892.5,1006.5,607.5,564.5,1295.5,578.5,0,0
856,14.2802,1.0,0.0,5.5,0.0,1.0,8.5,0.0,0.0,1.0,1,1,template_ok,0,post_translation,0,0,0.9884,59.5,978.5,1892.5,1006.5,607.5,564.5,1295.5,578.5,0,0
857,14.2969,1.0,0.0,4.5,0.0,1.0,8.5,0.0,0.0,1.0,1,1,template_ok,0,post_translation,0,0,0.9904,58.5,978.5,1891.5,1006.5,606.5,564.5,1294.5,578.5,0,0
858,14.3136,1.0,0.0,4.5,0.0,1.0,8.5,0.0,0.0,1.0,1,1,template_ok,0,post_translation,0,0,0.9885,58.5,978.5,1891.5,1006.5,606.5,564.5,1294.5,578.5,0,0
859,14.3303,1.0,0.0,3.5,0.0,1.0,8.5,0.0,0.0,1.0,1,1,template_ok,0,post_translation,0,0,0.991,57.5,978.5,1890.5,1006.5,605.5,564.5,1293.5,578.5,0,0
860,14.347,1.0,0.0,3.5,0.0,1.0,8.5,0.0,0.0,1.0,1,1,template_ok,0,post_translation,0,0,0.9884,57.5,978.5,1890.5,1006.5,605.5,564.5,1293.5,578.5,0,0
861,14.3636,1.0,0.0,2.5,0.0,1.0,8.5,0.0,0.0,1.0,1,1,template_ok,0,post_translation,0,0,0.9914,56.5,978.5,1889.5,1006.5,604.5,564.5,1292.5,578.5,0,0
862,14.3803,1.0,0.0,2.5,0.0,1.0,8.5,0.0,0.0,1.0,1,1,template_ok,0,post_translation,0,0,0.9881,56.5,978.5,1889.5,1006.5,604.5,564.5,1292.5,578.5,0,0
863,14.397,1.0,0.0,1.5,0.0,1.0,8.5,0.0,0.0,1.0,1,1,template_ok,0,post_translation,0,0,0.9917,55.5,978.5,1888.5,1006.5,603.5,564.5,1291.5,578.5,0,0
864,14.4137,1.0,0.0,1.5,0.0,1.0,8.5,0.0,0.0,1.0,1,1,template_ok,0,post_translation,0,0,0.9867,55.5,978.5,1888.5,1006.5,603.5,564.5,1291.5,578.5,0,0
865,14.4304,1.0,0.0,0.5,0.0,1.0,7.5,0.0,0.0,1.0,1,1,template_ok,0,post_translation,0,0,0.9899,54.5,977.5,1887.5,1005.5,602.5,563.5,1290.5,577.5,0,0
866,14.4471,1.0,0.0,0.5,0.0,1.0,7.5,0.0,0.0,1.0,1,1,template_ok,0,post_translation,0,0,0.9912,54.5,977.5,1887.5,1005.5,602.5,563.5,1290.5,577.5,0,0
867,14.4637,1.0,0.0,-0.5,0.0,1.0,7.5,0.0,0.0,1.0,1,1,template_ok,0,post_translation,0,0,0.9897,53.5,977.5,1886.5,1005.5,601.5,563.5,1289.5,577.5,0,0
868,14.4804,1.0,0.0,-0.5,0.0,1.0,7.5,0.0,0.0,1.0,1,1,template_ok,0,post_translation,0,0,0.9903,53.5,977.5,1886.5,1005.5,601.5,563.5,1289.5,577.5,0,0
869,14.4971,1.0,0.0,-0.5,0.0,1.0,7.5,0.0,0.0,1.0,1,1,template_ok,0,post_translation,0,0,0.9891,53.5,977.5,1886.5,1005.5,601.5,563.5,1289.5,577.5,0,0
870,14.5138,1.0,0.0,-1.5,0.0,1.0,7.5,0.0,0.0,1.0,1,1,template_ok,0,post_translation,0,0,0.9869,52.5,977.5,1885.5,1005.5,600.5,563.5,1288.5,577.5,0,0
871,14.5305,1.0,0.0,-1.5,0.0,1.0,7.5,0.0,0.0,1.0,1,1,template_ok,0,post_translation,0,0,0.9902,52.5,977.5,1885.5,1005.5,600.5,563.5,1288.5,577.5,0,0
872,14.5472,1.0,0.0,-1.5,0.0,1.0,6.5,0.0,0.0,1.0,1,1,template_ok,0,post_translation,0,0,0.9909,52.5,976.5,1885.5,1004.5,600.5,562.5,1288.5,576.5,0,0
873,14.5638,1.0,0.0,-2.5,0.0,1.0,6.5,0.0,0.0,1.0,1,1,template_ok,0,post_translation,0,0,0.9877,51.5,976.5,1884.5,1004.5,599.5,562.5,1287.5,576.5,0,0
874,14.5805,1.0,0.0,-2.5,0.0,1.0,6.5,0.0,0.0,1.0,1,1,template_ok,0,post_translation,0,0,0.9918,51.5,976.5,1884.5,1004.5,599.5,562.5,1287.5,576.5,0,0
875,14.5972,1.0,0.0,-3.5,0.0,1.0,6.5,0.0,0.0,1.0,1,1,template_ok,0,post_translation,0,0,0.9871,50.5,976.5,1883.5,1004.5,598.5,562.5,1286.5,576.5,0,0
876,14.6139,1.0,0.0,-3.5,0.0,1.0,6.5,0.0,0.0,1.0,1,1,template_ok,0,post_translation,0,0,0.9866,50.5,976.5,1883.5,1004.5,598.5,562.5,1286.5,576.5,0,0
877,14.6306,1.0,0.0,-4.5,0.0,1.0,6.5,0.0,0.0,1.0,1,1,template_ok,0,post_translation,0,0,0.9888,49.5,976.5,1882.5,1004.5,597.5,562.5,1285.5,576.5,0,0
878,14.6472,1.0,0.0,-5.5,0.0,1.0,6.5,0.0,0.0,1.0,1,1,template_ok,0,post_translation,0,0,0.9895,48.5,976.5,1881.5,1004.5,596.5,562.5,1284.5,576.5,0,0
879,14.6639,1.0,0.0,-6.5,0.0,1.0,6.5,0.0,0.0,1.0,1,1,template_ok,0,post_translation,0,0,0.9903,47.5,976.5,1880.5,1004.5,595.5,562.5,1283.5,576.5,0,0
880,14.6806,1.0,0.0,-7.5,0.0,1.0,6.5,0.0,0.0,1.0,1,1,template_ok,0,post_translation,0,0,0.991,46.5,976.5,1879.5,1004.5,594.5,562.5,1282.5,576.5,0,0
881,14.6973,1.0,0.0,-8.5,0.0,1.0,6.5,0.0,0.0,1.0,1,1,template_ok,0,post_translation,0,0,0.9892,45.5,976.5,1878.5,1004.5,593.5,562.5,1281.5,576.5,0,0
882,14.714,1.0,0.0,-9.5,0.0,1.0,6.5,0.0,0.0,1.0,1,1,template_ok,0,post_translation,0,0,0.984,44.5,976.5,1877.5,1004.5,592.5,562.5,1280.5,576.5,0,0
883,14.7307,1.0,0.0,-9.5,0.0,1.0,6.5,0.0,0.0,1.0,1,1,template_ok,0,post_translation,0,0,0.9898,44.5,976.5,1877.5,1004.5,592.5,562.5,1280.5,576.5,0,0
884,14.7473,1.0,0.0,-10.5,0.0,1.0,6.5,0.0,0.0,1.0,1,1,template_ok,0,post_translation,0,0,0.9876,43.5,976.5,1876.5,1004.5,591.5,562.5,1279.5,576.5,0,0
885,14.764,1.0,0.0,-10.5,0.0,1.0,6.5,0.0,0.0,1.0,1,1,template_ok,0,post_translation,0,0,0.9911,43.5,976.5,1876.5,1004.5,591.5,562.5,1279.5,576.5,0,0
886,14.7807,1.0,0.0,-10.5,0.0,1.0,6.5,0.0,0.0,1.0,1,1,template_ok,0,post_translation,0,0,0.9874,43.5,976.5,1876.5,1004.5,591.5,562.5,1279.5,576.5,0,0
887,14.7974,1.0,0.0,-11.5,0.0,1.0,6.5,0.0,0.0,1.0,1,1,template_ok,0,post_translation,0,0,0.9895,42.5,976.5,1875.5,1004.5,590.5,562.5,1278.5,576.5,0,0
888,14.8141,1.0,0.0,-11.5,0.0,1.0,5.5,0.0,0.0,1.0,1,1,template_ok,0,post_translation,0,0,0.9907,42.5,975.5,1875.5,1003.5,590.5,561.5,1278.5,575.5,0,0
889,14.8308,1.0,0.0,-12.5,0.0,1.0,5.5,0.0,0.0,1.0,1,1,template_ok,0,post_translation,0,0,0.9853,41.5,975.5,1874.5,1003.5,589.5,561.5,1277.5,575.5,0,0
890,14.8474,1.0,0.0,-12.5,0.0,1.0,5.5,0.0,0.0,1.0,1,1,template_ok,0,post_translation,0,0,0.9915,41.5,975.5,1874.5,1003.5,589.5,561.5,1277.5,575.5,0,0
891,14.8641,1.0,0.0,-12.5,0.0,1.0,5.5,0.0,0.0,1.0,1,1,template_ok,0,post_translation,0,0,0.9855,41.5,975.5,1874.5,1003.5,589.5,561.5,1277.5,575.5,0,0
892,14.8808,1.0,0.0,-13.5,0.0,1.0,5.5,0.0,0.0,1.0,1,1,template_ok,0,post_translation,0,0,0.9909,40.5,975.5,1873.5,1003.5,588.5,561.5,1276.5,575.5,0,0
893,14.8975,1.0,0.0,-14.5,0.0,1.0,5.5,0.0,0.0,1.0,1,1,template_ok,0,post_translation,0,0,0.9876,39.5,975.5,1872.5,1003.5,587.5,561.5,1275.5,575.5,0,0
894,14.9142,1.0,0.0,-14.5,0.0,1.0,5.5,0.0,0.0,1.0,1,1,template_ok,0,post_translation,0,0,0.9897,39.5,975.5,1872.5,1003.5,587.5,561.5,1275.5,575.5,0,0
895,14.9309,1.0,0.0,-15.5,0.0,1.0,5.5,0.0,0.0,1.0,1,1,template_ok,0,post_translation,0,0,0.9909,38.5,975.5,1871.5,1003.5,586.5,561.5,1274.5,575.5,0,0
896,14.9475,1.0,0.0,-15.5,0.0,1.0,5.5,0.0,0.0,1.0,1,1,template_ok,0,post_translation,0,0,0.9874,38.5,975.5,1871.5,1003.5,586.5,561.5,1274.5,575.5,0,0
897,14.9642,1.0,0.0,-16.5,0.0,1.0,5.5,0.0,0.0,1.0,1,1,template_ok,0,post_translation,0,0,0.9919,37.5,975.5,1870.5,1003.5,585.5,561.5,1273.5,575.5,0,0
898,14.9809,1.0,0.0,-16.5,0.0,1.0,5.5,0.0,0.0,1.0,1,1,template_ok,0,post_translation,0,0,0.9871,37.5,975.5,1870.5,1003.5,585.5,561.5,1273.5,575.5,0,0
899,14.9976,1.0,0.0,-17.5,0.0,1.0,5.5,0.0,0.0,1.0,1,1,template_ok,0,post_translation,0,0,0.9918,36.5,975.5,1869.5,1003.5,584.5,561.5,1272.5,575.5,0,0
900,15.0143,1.0,0.0,-17.5,0.0,1.0,5.5,0.0,0.0,1.0,1,1,template_ok,0,post_translation,0,0,0.9861,36.5,975.5,1869.5,1003.5,584.5,561.5,1272.5,575.5,0,0
901,15.0309,1.0,0.0,-18.5,0.0,1.0,5.5,0.0,0.0,1.0,1,1,template_ok,0,post_translation,0,0,0.9927,35.5,975.5,1868.5,1003.5,583.5,561.5,1271.5,575.5,0,0
902,15.0476,1.0,0.0,-18.5,0.0,1.0,5.5,0.0,0.0,1.0,1,1,template_ok,0,post_translation,0,0,0.9874,35.5,975.5,1868.5,1003.5,583.5,561.5,1271.5,575.5,0,0
903,15.0643,1.0,0.0,-19.5,0.0,1.0,5.5,0.0,0.0,1.0,1,1,template_ok,0,post_translation,0,0,0.9927,34.5,975.5,1867.5,1003.5,582.5,561.5,1270.5,575.5,0,0
904,15.081,1.0,0.0,-19.5,0.0,1.0,5.5,0.0,0.0,1.0,1,1,template_ok,0,post_translation,0,0,0.9878,34.5,975.5,1867.5,1003.5,582.5,561.5,1270.5,575.5,0,0
905,15.0977,1.0,0.0,-20.5,0.0,1.0,5.5,0.0,0.0,1.0,1,1,template_ok,0,post_translation,0,0,0.9924,33.5,975.5,1866.5,1003.5,581.5,561.5,1269.5,575.5,0,0
906,15.1144,1.0,0.0,-20.5,0.0,1.0,5.5,0.0,0.0,1.0,1,1,template_ok,0,post_translation,0,0,0.9903,33.5,975.5,1866.5,1003.5,581.5,561.5,1269.5,575.5,0,0
907,15.131,1.0,0.0,-21.5,0.0,1.0,5.5,0.0,0.0,1.0,1,1,template_ok,0,post_translation,0,0,0.9903,32.5,975.5,1865.5,1003.5,580.5,561.5,1268.5,575.5,0,0
908,15.1477,1.0,0.0,-21.5,0.0,1.0,4.5,0.0,0.0,1.0,1,1,template_ok,0,post_translation,0,0,0.9904,32.5,974.5,1865.5,1002.5,580.5,560.5,1268.5,574.5,0,0
909,15.1644,1.0,0.0,-22.5,0.0,1.0,4.5,0.0,0.0,1.0,1,1,template_ok,0,post_translation,0,0,0.9916,31.5,974.5,1864.5,1002.5,579.5,560.5,1267.5,574.5,0,0
910,15.1811,1.0,0.0,-22.5,0.0,1.0,4.5,0.0,0.0,1.0,1,1,template_ok,0,post_translation,0,0,0.9913,31.5,974.5,1864.5,1002.5,579.5,560.5,1267.5,574.5,0,0
911,15.1978,1.0,0.0,-23.5,0.0,1.0,4.5,0.0,0.0,1.0,1,1,template_ok,0,post_translation,0,0,0.9911,30.5,974.5,1863.5,1002.5,578.5,560.5,1266.5,574.5,0,0
912,15.2145,1.0,0.0,-23.5,0.0,1.0,4.5,0.0,0.0,1.0,1,1,template_ok,0,post_translation,0,0,0.9901,30.5,974.5,1863.5,1002.5,578.5,560.5,1266.5,574.5,0,0
913,15.2311,1.0,0.0,-24.5,0.0,1.0,4.5,0.0,0.0,1.0,1,1,template_ok,0,post_translation,0,0,0.9897,29.5,974.5,1862.5,1002.5,577.5,560.5,1265.5,574.5,0,0
914,15.2478,1.0,0.0,-24.5,0.0,1.0,4.5,0.0,0.0,1.0,1,1,template_ok,0,post_translation,0,0,0.9932,29.5,974.5,1862.5,1002.5,577.5,560.5,1265.5,574.5,0,0
915,15.2645,1.0,0.0,-25.5,0.0,1.0,4.5,0.0,0.0,1.0,1,1,template_ok,0,post_translation,0,0,0.9884,28.5,974.5,1861.5,1002.5,576.5,560.5,1264.5,574.5,0,0
916,15.2812,1.0,0.0,-25.5,0.0,1.0,4.5,0.0,0.0,1.0,1,1,template_ok,0,post_translation,0,0,0.9934,28.5,974.5,1861.5,1002.5,576.5,560.5,1264.5,574.5,0,0
917,15.2979,1.0,0.0,-25.5,0.0,1.0,4.5,0.0,0.0,1.0,1,1,template_ok,0,post_translation,0,0,0.9905,28.5,974.5,1861.5,1002.5,576.5,560.5,1264.5,574.5,0,0
918,15.3145,1.0,0.0,-26.5,0.0,1.0,4.5,0.0,0.0,1.0,1,1,template_ok,0,post_translation,0,0,0.9893,27.5,974.5,1860.5,1002.5,575.5,560.5,1263.5,574.5,0,0
919,15.3312,1.0,0.0,-26.5,0.0,1.0,4.5,0.0,0.0,1.0,1,1,template_ok,0,post_translation,0,0,0.9929,27.5,974.5,1860.5,1002.5,575.5,560.5,1263.5,574.5,0,0
920,15.3479,1.0,0.0,-26.5,0.0,1.0,4.5,0.0,0.0,1.0,1,1,template_ok,0,post_translation,0,0,0.9911,27.5,974.5,1860.5,1002.5,575.5,560.5,1263.5,574.5,0,0
921,15.3646,1.0,0.0,-26.5,0.0,1.0,4.5,0.0,0.0,1.0,1,1,template_ok,0,post_translation,0,0,0.9873,27.5,974.5,1860.5,1002.5,575.5,560.5,1263.5,574.5,0,0
922,15.3813,1.0,0.0,-27.5,0.0,1.0,4.5,0.0,0.0,1.0,1,1,template_ok,0,post_translation,0,0,0.9909,26.5,974.5,1859.5,1002.5,574.5,560.5,1262.5,574.5,0,0
923,15.398,1.0,0.0,-27.5,0.0,1.0,4.5,0.0,0.0,1.0,1,1,template_ok,0,post_translation,0,0,0.993,26.5,974.5,1859.5,1002.5,574.5,560.5,1262.5,574.5,0,0
924,15.4146,1.0,0.0,-27.5,0.0,1.0,4.5,0.0,0.0,1.0,1,1,template_ok,0,post_translation,0,0,0.9921,26.5,974.5,1859.5,1002.5,574.5,560.5,1262.5,574.5,0,0
925,15.4313,1.0,0.0,-27.5,0.0,1.0,4.5,0.0,0.0,1.0,1,1,template_ok,0,post_translation,0,0,0.9894,26.5,974.5,1859.5,1002.5,574.5,560.5,1262.5,574.5,0,0
926,15.448,1.0,0.0,-27.5,0.0,1.0,4.5,0.0,0.0,1.0,1,1,template_ok,0,post_translation,0,0,0.9883,26.5,974.5,1859.5,1002.5,574.5,560.5,1262.5,574.5,0,0
927,15.4647,1.0,0.0,-28.5,0.0,1.0,4.5,0.0,0.0,1.0,1,1,template_ok,0,post_translation,0,0,0.9885,25.5,974.5,1858.5,1002.5,573.5,560.5,1261.5,574.5,0,0
928,15.4814,1.0,0.0,-28.5,0.0,1.0,4.5,0.0,0.0,1.0,1,1,template_ok,0,post_translation,0,0,0.9904,25.5,974.5,1858.5,1002.5,573.5,560.5,1261.5,574.5,0,0
929,15.4981,1.0,0.0,-28.5,0.0,1.0,4.5,0.0,0.0,1.0,1,1,template_ok,0,post_translation,0,0,0.9918,25.5,974.5,1858.5,1002.5,573.5,560.5,1261.5,574.5,0,0
930,15.5147,1.0,0.0,-28.5,0.0,1.0,4.5,0.0,0.0,1.0,1,1,template_ok,0,post_translation,0,0,0.9933,25.5,974.5,1858.5,1002.5,573.5,560.5,1261.5,574.5,0,0
931,15.5314,1.0,0.0,-28.5,0.0,1.0,4.5,0.0,0.0,1.0,1,1,template_ok,0,post_translation,0,0,0.9916,25.5,974.5,1858.5,1002.5,573.5,560.5,1261.5,574.5,0,0
932,15.5481,1.0,0.0,-28.5,0.0,1.0,4.5,0.0,0.0,1.0,1,1,template_ok,0,post_translation,0,0,0.9885,25.5,974.5,1858.5,1002.5,573.5,560.5,1261.5,574.5,0,0
933,15.5648,1.0,0.0,-28.5,0.0,1.0,5.5,0.0,0.0,1.0,1,1,template_ok,0,post_translation,0,0,0.9868,25.5,975.5,1858.5,1003.5,573.5,561.5,1261.5,575.5,0,0
934,15.5815,1.0,0.0,-29.5,0.0,1.0,5.5,0.0,0.0,1.0,1,1,template_ok,0,post_translation,0,0,0.9877,24.5,975.5,1857.5,1003.5,572.5,561.5,1260.5,575.5,0,0
935,15.5982,1.0,0.0,-29.5,0.0,1.0,5.5,0.0,0.0,1.0,1,1,template_ok,0,post_translation,0,0,0.9921,24.5,975.5,1857.5,1003.5,572.5,561.5,1260.5,575.5,0,0
936,15.6148,1.0,0.0,-29.5,0.0,1.0,5.5,0.0,0.0,1.0,1,1,template_ok,0,post_translation,0,0,0.9908,24.5,975.5,1857.5,1003.5,572.5,561.5,1260.5,575.5,0,0
937,15.6315,1.0,0.0,-29.5,0.0,1.0,5.5,0.0,0.0,1.0,1,1,template_ok,0,post_translation,0,0,0.9915,24.5,975.5,1857.5,1003.5,572.5,561.5,1260.5,575.5,0,0
938,15.6482,1.0,0.0,-29.5,0.0,1.0,5.5,0.0,0.0,1.0,1,1,template_ok,0,post_translation,0,0,0.9921,24.5,975.5,1857.5,1003.5,572.5,561.5,1260.5,575.5,0,0
939,15.6649,1.0,0.0,-29.5,0.0,1.0,5.5,0.0,0.0,1.0,1,1,template_ok,0,post_translation,0,0,0.9926,24.5,975.5,1857.5,1003.5,572.5,561.5,1260.5,575.5,0,0
940,15.6816,1.0,0.0,-29.5,0.0,1.0,6.5,0.0,0.0,1.0,1,1,template_ok,0,post_translation,0,0,0.9918,24.5,976.5,1857.5,1004.5,572.5,562.5,1260.5,576.5,0,0
941,15.6982,1.0,0.0,-29.5,0.0,1.0,6.5,0.0,0.0,1.0,1,1,template_ok,0,post_translation,0,0,0.9926,24.5,976.5,1857.5,1004.5,572.5,562.5,1260.5,576.5,0,0
942,15.7149,1.0,0.0,-29.5,0.0,1.0,6.5,0.0,0.0,1.0,1,1,template_ok,0,post_translation,0,0,0.9933,24.5,976.5,1857.5,1004.5,572.5,562.5,1260.5,576.5,0,0
943,15.7316,1.0,0.0,-29.5,0.0,1.0,6.5,0.0,0.0,1.0,1,1,template_ok,0,post_translation,0,0,0.9932,24.5,976.5,1857.5,1004.5,572.5,562.5,1260.5,576.5,0,0
944,15.7483,1.0,0.0,-29.5,0.0,1.0,7.5,0.0,0.0,1.0,1,1,template_ok,0,post_translation,0,0,0.9925,24.5,977.5,1857.5,1005.5,572.5,563.5,1260.5,577.5,0,0
945,15.765,1.0,0.0,-29.5,0.0,1.0,7.5,0.0,0.0,1.0,1,1,template_ok,0,post_translation,0,0,0.9925,24.5,977.5,1857.5,1005.5,572.5,563.5,1260.5,577.5,0,0
946,15.7817,1.0,0.0,-29.5,0.0,1.0,7.5,0.0,0.0,1.0,1,1,template_ok,0,post_translation,0,0,0.9933,24.5,977.5,1857.5,1005.5,572.5,563.5,1260.5,577.5,0,0
947,15.7983,1.0,0.0,-29.5,0.0,1.0,7.5,0.0,0.0,1.0,1,1,template_ok,0,post_translation,0,0,0.9934,24.5,977.5,1857.5,1005.5,572.5,563.5,1260.5,577.5,0,0
948,15.815,1.0,0.0,-29.5,0.0,1.0,7.5,0.0,0.0,1.0,1,1,template_ok,0,post_translation,0,0,0.9908,24.5,977.5,1857.5,1005.5,572.5,563.5,1260.5,577.5,0,0
949,15.8317,1.0,0.0,-29.5,0.0,1.0,7.5,0.0,0.0,1.0,1,1,template_ok,0,post_translation,0,0,0.9904,24.5,977.5,1857.5,1005.5,572.5,563.5,1260.5,577.5,0,0
950,15.8484,1.0,0.0,-29.5,0.0,1.0,8.5,0.0,0.0,1.0,1,1,template_ok,0,post_translation,0,0,0.9915,24.5,978.5,1857.5,1006.5,572.5,564.5,1260.5,578.5,0,0
951,15.8651,1.0,0.0,-29.5,0.0,1.0,8.5,0.0,0.0,1.0,1,1,template_ok,0,post_translation,0,0,0.9914,24.5,978.5,1857.5,1006.5,572.5,564.5,1260.5,578.5,0,0
952,15.8818,1.0,0.0,-29.5,0.0,1.0,8.5,0.0,0.0,1.0,1,1,template_ok,0,post_translation,0,0,0.9911,24.5,978.5,1857.5,1006.5,572.5,564.5,1260.5,578.5,0,0
953,15.8984,1.0,0.0,-29.5,0.0,1.0,8.5,0.0,0.0,1.0,1,1,template_ok,0,post_translation,0,0,0.9896,24.5,978.5,1857.5,1006.5,572.5,564.5,1260.5,578.5,0,0
954,15.9151,1.0,0.0,-29.5,0.0,1.0,8.5,0.0,0.0,1.0,1,1,template_ok,0,post_translation,0,0,0.989,24.5,978.5,1857.5,1006.5,572.5,564.5,1260.5,578.5,0,0
955,15.9318,1.0,0.0,-29.5,0.0,1.0,8.5,0.0,0.0,1.0,1,1,template_ok,0,post_translation,0,0,0.9882,24.5,978.5,1857.5,1006.5,572.5,564.5,1260.5,578.5,0,0
956,15.9485,1.0,0.0,-30.5,0.0,1.0,8.5,0.0,0.0,1.0,1,1,template_ok,0,post_translation,0,0,0.9854,23.5,978.5,1856.5,1006.5,571.5,564.5,1259.5,578.5,0,0
957,15.9652,1.0,0.0,-30.5,0.0,1.0,8.5,0.0,0.0,1.0,1,1,template_ok,0,post_translation,0,0,0.9862,23.5,978.5,1856.5,1006.5,571.5,564.5,1259.5,578.5,0,0
958,15.9818,1.0,0.0,-30.5,0.0,1.0,8.5,0.0,0.0,1.0,1,1,template_ok,0,post_translation,0,0,0.9862,23.5,978.5,1856.5,1006.5,571.5,564.5,1259.5,578.5,0,0
959,15.9985,1.0,0.0,-30.5,0.0,1.0,8.5,0.0,0.0,1.0,1,1,template_ok,0,post_translation,0,0,0.9862,23.5,978.5,1856.5,1006.5,571.5,564.5,1259.5,578.5,0,0
960,16.0152,1.0,0.0,-30.5,0.0,1.0,7.5,0.0,0.0,1.0,1,1,template_ok,0,post_translation,0,0,0.9862,23.5,977.5,1856.5,1005.5,571.5,563.5,1259.5,577.5,0,0
961,16.0319,1.0,0.0,-30.5,0.0,1.0,7.5,0.0,0.0,1.0,1,1,template_ok,0,post_translation,0,0,0.9866,23.5,977.5,1856.5,1005.5,571.5,563.5,1259.5,577.5,0,0
962,16.0486,1.0,0.0,-30.5,0.0,1.0,7.5,0.0,0.0,1.0,1,1,template_ok,0,post_translation,0,0,0.9872,23.5,977.5,1856.5,1005.5,571.5,563.5,1259.5,577.5,0,0
963,16.0653,1.0,0.0,-30.5,0.0,1.0,7.5,0.0,0.0,1.0,1,1,template_ok,0,post_translation,0,0,0.9873,23.5,977.5,1856.5,1005.5,571.5,563.5,1259.5,577.5,0,0
964,16.0819,1.0,0.0,-30.5,0.0,1.0,7.5,0.0,0.0,1.0,1,1,template_ok,0,post_translation,0,0,0.9885,23.5,977.5,1856.5,1005.5,571.5,563.5,1259.5,577.5,0,0
965,16.0986,1.0,0.0,-30.5,0.0,1.0,7.5,0.0,0.0,1.0,1,1,template_ok,0,post_translation,0,0,0.9897,23.5,977.5,1856.5,1005.5,571.5,563.5,1259.5,577.5,0,0
966,16.1153,1.0,0.0,-30.5,0.0,1.0,7.5,0.0,0.0,1.0,1,1,template_ok,0,post_translation,0,0,0.9907,23.5,977.5,1856.5,1005.5,571.5,563.5,1259.5,577.5,0,0
967,16.132,1.0,0.0,-30.5,0.0,1.0,7.5,0.0,0.0,1.0,1,1,template_ok,0,post_translation,0,0,0.9916,23.5,977.5,1856.5,1005.5,571.5,563.5,1259.5,577.5,0,0
968,16.1487,1.0,0.0,-30.5,0.0,1.0,8.5,0.0,0.0,1.0,1,1,template_ok,0,post_translation,0,0,0.992,23.5,978.5,1856.5,1006.5,571.5,564.5,1259.5,578.5,0,0
969,16.1654,1.0,0.0,-30.5,0.0,1.0,8.5,0.0,0.0,1.0,1,1,template_ok,0,post_translation,0,0,0.9922,23.5,978.5,1856.5,1006.5,571.5,564.5,1259.5,578.5,0,0
970,16.182,1.0,0.0,-30.5,0.0,1.0,8.5,0.0,0.0,1.0,1,1,template_ok,0,post_translation,0,0,0.9923,23.5,978.5,1856.5,1006.5,571.5,564.5,1259.5,578.5,0,0
971,16.1987,1.0,0.0,-30.5,0.0,1.0,8.5,0.0,0.0,1.0,1,1,template_ok,0,post_translation,0,0,0.9906,23.5,978.5,1856.5,1006.5,571.5,564.5,1259.5,578.5,0,0
972,16.2154,1.0,0.0,-30.5,0.0,1.0,8.5,0.0,0.0,1.0,1,1,template_ok,0,post_translation,0,0,0.989,23.5,978.5,1856.5,1006.5,571.5,564.5,1259.5,578.5,0,0
973,16.2321,1.0,0.0,-30.5,0.0,1.0,8.5,0.0,0.0,1.0,1,1,template_ok,0,post_translation,0,0,0.9882,23.5,978.5,1856.5,1006.5,571.5,564.5,1259.5,578.5,0,0
974,16.2488,1.0,0.0,-31.5,0.0,1.0,8.5,0.0,0.0,1.0,1,1,template_ok,0,post_translation,0,0,0.9918,22.5,978.5,1855.5,1006.5,570.5,564.5,1258.5,578.5,0,0
975,16.2655,1.0,0.0,-31.5,0.0,1.0,8.5,0.0,0.0,1.0,1,1,template_ok,0,post_translation,0,0,0.9896,22.5,978.5,1855.5,1006.5,570.5,564.5,1258.5,578.5,0,0
976,16.2821,1.0,0.0,-31.5,0.0,1.0,8.5,0.0,0.0,1.0,1,1,template_ok,0,post_translation,0,0,0.9902,22.5,978.5,1855.5,1006.5,570.5,564.5,1258.5,578.5,0,0
977,16.2988,1.0,0.0,-31.5,0.0,1.0,8.5,0.0,0.0,1.0,1,1,template_ok,0,post_translation,0,0,0.9881,22.5,978.5,1855.5,1006.5,570.5,564.5,1258.5,578.5,0,0
978,16.3155,1.0,0.0,-30.5,0.0,1.0,8.5,0.0,0.0,1.0,1,1,template_ok,0,post_translation,0,0,0.9883,23.5,978.5,1856.5,1006.5,571.5,564.5,1259.5,578.5,0,0
979,16.3322,1.0,0.0,-30.5,0.0,1.0,8.5,0.0,0.0,1.0,1,1,template_ok,0,post_translation,0,0,0.9884,23.5,978.5,1856.5,1006.5,571.5,564.5,1259.5,578.5,0,0
980,16.3489,1.0,0.0,-30.5,0.0,1.0,8.5,0.0,0.0,1.0,1,1,template_ok,0,post_translation,0,0,0.9883,23.5,978.5,1856.5,1006.5,571.5,564.5,1259.5,578.5,0,0
981,16.3655,1.0,0.0,-31.5,0.0,1.0,8.5,0.0,0.0,1.0,1,1,template_ok,0,post_translation,0,0,0.9866,22.5,978.5,1855.5,1006.5,570.5,564.5,1258.5,578.5,0,0
982,16.3822,1.0,0.0,-31.5,0.0,1.0,8.5,0.0,0.0,1.0,1,1,template_ok,0,post_translation,0,0,0.992,22.5,978.5,1855.5,1006.5,570.5,564.5,1258.5,578.5,0,0
983,16.3989,1.0,0.0,-31.5,0.0,1.0,9.5,0.0,0.0,1.0,1,1,template_ok,0,post_translation,0,0,0.9926,22.5,979.5,1855.5,1007.5,570.5,565.5,1258.5,579.5,0,0
984,16.4156,1.0,0.0,-31.5,0.0,1.0,9.5,0.0,0.0,1.0,1,1,template_ok,0,post_translation,0,0,0.9893,22.5,979.5,1855.5,1007.5,570.5,565.5,1258.5,579.5,0,0
985,16.4323,1.0,0.0,-31.5,0.0,1.0,9.5,0.0,0.0,1.0,1,1,template_ok,0,post_translation,0,0,0.9869,22.5,979.5,1855.5,1007.5,570.5,565.5,1258.5,579.5,0,0
986,16.449,1.0,0.0,-32.5,0.0,1.0,9.5,0.0,0.0,1.0,1,1,template_ok,0,post_translation,0,0,0.9879,21.5,979.5,1854.5,1007.5,569.5,565.5,1257.5,579.5,0,0
987,16.4656,1.0,0.0,-32.5,0.0,1.0,9.5,0.0,0.0,1.0,1,1,template_ok,0,post_translation,0,0,0.9884,21.5,979.5,1854.5,1007.5,569.5,565.5,1257.5,579.5,0,0
988,16.4823,1.0,0.0,-32.5,0.0,1.0,9.5,0.0,0.0,1.0,1,1,template_ok,0,post_translation,0,0,0.9881,21.5,979.5,1854.5,1007.5,569.5,565.5,1257.5,579.5,0,0
989,16.499,1.0,0.0,-32.5,0.0,1.0,10.5,0.0,0.0,1.0,1,1,template_ok,0,post_translation,0,0,0.9876,21.5,980.5,1854.5,1008.5,569.5,566.5,1257.5,580.5,0,0
990,16.5157,1.0,0.0,-32.5,0.0,1.0,10.5,0.0,0.0,1.0,1,1,template_ok,0,post_translation,0,0,0.9871,21.5,980.5,1854.5,1008.5,569.5,566.5,1257.5,580.5,0,0
991,16.5324,1.0,0.0,-31.5,0.0,1.0,10.5,0.0,0.0,1.0,1,1,template_ok,0,post_translation,0,0,0.9876,22.5,980.5,1855.5,1008.5,570.5,566.5,1258.5,580.5,0,0
992,16.5491,1.0,0.0,-31.5,0.0,1.0,10.5,0.0,0.0,1.0,1,1,template_ok,0,post_translation,0,0,0.9902,22.5,980.5,1855.5,1008.5,570.5,566.5,1258.5,580.5,0,0
993,16.5657,1.0,0.0,-31.5,0.0,1.0,10.5,0.0,0.0,1.0,1,1,template_ok,0,post_translation,0,0,0.9933,22.5,980.5,1855.5,1008.5,570.5,566.5,1258.5,580.5,0,0
994,16.5824,1.0,0.0,-31.5,0.0,1.0,10.5,0.0,0.0,1.0,1,1,template_ok,0,post_translation,0,0,0.9923,22.5,980.5,1855.5,1008.5,570.5,566.5,1258.5,580.5,0,0
995,16.5991,1.0,0.0,-31.5,0.0,1.0,10.5,0.0,0.0,1.0,1,1,template_ok,0,post_translation,0,0,0.9913,22.5,980.5,1855.5,1008.5,570.5,566.5,1258.5,580.5,0,0
996,16.6158,1.0,0.0,-30.5,0.0,1.0,11.5,0.0,0.0,1.0,1,1,template_ok,0,post_translation,0,0,0.9855,23.5,981.5,1856.5,1009.5,571.5,567.5,1259.5,581.5,0,0
997,16.6325,1.0,0.0,-30.5,0.0,1.0,11.5,0.0,0.0,1.0,1,1,template_ok,0,post_translation,0,0,0.9935,23.5,981.5,1856.5,1009.5,571.5,567.5,1259.5,581.5,0,0
998,16.6492,1.0,0.0,-30.5,0.0,1.0,11.5,0.0,0.0,1.0,1,1,template_ok,0,post_translation,0,0,0.9927,23.5,981.5,1856.5,1009.5,571.5,567.5,1259.5,581.5,0,0
999,16.6658,1.0,0.0,-30.5,0.0,1.0,11.5,0.0,0.0,1.0,1,1,template_ok,0,post_translation,0,0,0.99,23.5,981.5,1856.5,1009.5,571.5,567.5,1259.5,581.5,0,0
1000,16.6825,1.0,0.0,-29.5,0.0,1.0,12.5,0.0,0.0,1.0,1,1,template_ok,0,post_translation,0,0,0.987,24.5,982.5,1857.5,1010.5,572.5,568.5,1260.5,582.5,0,0
1001,16.6992,1.0,0.0,-29.5,0.0,1.0,12.5,0.0,0.0,1.0,1,1,template_ok,0,post_translation,0,0,0.9901,24.5,982.5,1857.5,1010.5,572.5,568.5,1260.5,582.5,0,0
1002,16.7159,1.0,0.0,-29.5,0.0,1.0,12.5,0.0,0.0,1.0,1,1,template_ok,0,post_translation,0,0,0.992,24.5,982.5,1857.5,1010.5,572.5,568.5,1260.5,582.5,0,0
1003,16.7326,1.0,0.0,-29.5,0.0,1.0,12.5,0.0,0.0,1.0,1,1,template_ok,0,post_translation,0,0,0.9934,24.5,982.5,1857.5,1010.5,572.5,568.5,1260.5,582.5,0,0
1004,16.7492,1.0,0.0,-29.5,0.0,1.0,12.5,0.0,0.0,1.0,1,1,template_ok,0,post_translation,0,0,0.9925,24.5,982.5,1857.5,1010.5,572.5,568.5,1260.5,582.5,0,0
1005,16.7659,1.0,0.0,-29.5,0.0,1.0,12.5,0.0,0.0,1.0,1,1,template_ok,0,post_translation,0,0,0.9925,24.5,982.5,1857.5,1010.5,572.5,568.5,1260.5,582.5,0,0
1006,16.7826,1.0,0.0,-29.5,0.0,1.0,12.5,0.0,0.0,1.0,1,1,template_ok,0,post_translation,0,0,0.9915,24.5,982.5,1857.5,1010.5,572.5,568.5,1260.5,582.5,0,0
1007,16.7993,1.0,0.0,-29.5,0.0,1.0,12.5,0.0,0.0,1.0,1,1,template_ok,0,post_translation,0,0,0.9892,24.5,982.5,1857.5,1010.5,572.5,568.5,1260.5,582.5,0,0
1008,16.816,1.0,0.0,-29.5,0.0,1.0,13.5,0.0,0.0,1.0,1,1,template_ok,0,post_translation,0,0,0.9877,24.5,983.5,1857.5,1011.5,572.5,569.5,1260.5,583.5,0,0
1009,16.8327,1.0,0.0,-28.5,0.0,1.0,13.5,0.0,0.0,1.0,1,1,template_ok,0,post_translation,0,0,0.9898,25.5,983.5,1858.5,1011.5,573.5,569.5,1261.5,583.5,0,0
1010,16.8493,1.0,0.0,-28.5,0.0,1.0,13.5,0.0,0.0,1.0,1,1,template_ok,0,post_translation,0,0,0.9938,25.5,983.5,1858.5,1011.5,573.5,569.5,1261.5,583.5,0,0
1011,16.866,1.0,0.0,-28.5,0.0,1.0,13.5,0.0,0.0,1.0,1,1,template_ok,0,post_translation,0,0,0.9936,25.5,983.5,1858.5,1011.5,573.5,569.5,1261.5,583.5,0,0
1012,16.8827,1.0,0.0,-27.5,0.0,1.0,13.5,0.0,0.0,1.0,1,1,template_ok,0,post_translation,0,0,0.9904,26.5,983.5,1859.5,1011.5,574.5,569.5,1262.5,583.5,0,0
1013,16.8994,1.0,0.0,-27.5,0.0,1.0,13.5,0.0,0.0,1.0,1,1,template_ok,0,post_translation,0,0,0.9938,26.5,983.5,1859.5,1011.5,574.5,569.5,1262.5,583.5,0,0
1014,16.9161,1.0,0.0,-26.5,0.0,1.0,13.5,0.0,0.0,1.0,1,1,template_ok,0,post_translation,0,0,0.9915,27.5,983.5,1860.5,1011.5,575.5,569.5,1263.5,583.5,0,0
1015,16.9328,1.0,0.0,-26.5,0.0,1.0,13.5,0.0,0.0,1.0,1,1,template_ok,0,post_translation,0,0,0.991,27.5,983.5,1860.5,1011.5,575.5,569.5,1263.5,583.5,0,0
1016,16.9494,1.0,0.0,-25.5,0.0,1.0,13.5,0.0,0.0,1.0,1,1,template_ok,0,post_translation,0,0,0.9935,28.5,983.5,1861.5,1011.5,576.5,569.5,1264.5,583.5,0,0
1017,16.9661,1.0,0.0,-24.5,0.0,1.0,13.5,0.0,0.0,1.0,1,1,template_ok,0,post_translation,0,0,0.9887,29.5,983.5,1862.5,1011.5,577.5,569.5,1265.5,583.5,0,0
1018,16.9828,1.0,0.0,-24.5,0.0,1.0,13.5,0.0,0.0,1.0,1,1,template_ok,0,post_translation,0,0,0.993,29.5,983.5,1862.5,1011.5,577.5,569.5,1265.5,583.5,0,0
1019,16.9995,1.0,0.0,-23.5,0.0,1.0,13.5,0.0,0.0,1.0,1,1,template_ok,0,post_translation,0,0,0.9879,30.5,983.5,1863.5,1011.5,578.5,569.5,1266.5,583.5,0,0
1020,17.0162,1.0,0.0,-23.5,0.0,1.0,13.5,0.0,0.0,1.0,1,1,template_ok,0,post_translation,0,0,0.9927,30.5,983.5,1863.5,1011.5,578.5,569.5,1266.5,583.5,0,0
1021,17.0328,1.0,0.0,-23.5,0.0,1.0,12.5,0.0,0.0,1.0,1,1,template_ok,0,post_translation,0,0,0.9912,30.5,982.5,1863.5,1010.5,578.5,568.5,1266.5,582.5,0,0
1022,17.0495,1.0,0.0,-23.5,0.0,1.0,12.5,0.0,0.0,1.0,1,1,template_ok,0,post_translation,0,0,0.9883,30.5,982.5,1863.5,1010.5,578.5,568.5,1266.5,582.5,0,0
1023,17.0662,1.0,0.0,-22.5,0.0,1.0,12.5,0.0,0.0,1.0,1,1,template_ok,0,post_translation,0,0,0.992,31.5,982.5,1864.5,1010.5,579.5,568.5,1267.5,582.5,0,0
1024,17.0829,1.0,0.0,-22.5,0.0,1.0,11.5,0.0,0.0,1.0,1,1,template_ok,0,post_translation,0,0,0.9925,31.5,981.5,1864.5,1009.5,579.5,567.5,1267.5,581.5,0,0
1025,17.0996,1.0,0.0,-22.5,0.0,1.0,11.5,0.0,0.0,1.0,1,1,template_ok,0,post_translation,0,0,0.9891,31.5,981.5,1864.5,1009.5,579.5,567.5,1267.5,581.5,0,0
1026,17.1163,1.0,0.0,-21.5,0.0,1.0,11.5,0.0,0.0,1.0,1,1,template_ok,0,post_translation,0,0,0.9939,32.5,981.5,1865.5,1009.5,580.5,567.5,1268.5,581.5,0,0
1027,17.1329,1.0,0.0,-21.5,0.0,1.0,10.5,0.0,0.0,1.0,1,1,template_ok,0,post_translation,0,0,0.9911,32.5,980.5,1865.5,1008.5,580.5,566.5,1268.5,580.5,0,0
1028,17.1496,1.0,0.0,-20.5,0.0,1.0,10.5,0.0,0.0,1.0,1,1,template_ok,0,post_translation,0,0,0.9912,33.5,980.5,1866.5,1008.5,581.5,566.5,1269.5,580.5,0,0
1029,17.1663,1.0,0.0,-20.5,0.0,1.0,10.5,0.0,0.0,1.0,1,1,template_ok,0,post_translation,0,0,0.9924,33.5,980.5,1866.5,1008.5,581.5,566.5,1269.5,580.5,0,0
1030,17.183,1.0,0.0,-19.5,0.0,1.0,10.5,0.0,0.0,1.0,1,1,template_ok,0,post_translation,0,0,0.9909,34.5,980.5,1867.5,1008.5,582.5,566.5,1270.5,580.5,0,0
1031,17.1997,1.0,0.0,-19.5,0.0,1.0,9.5,0.0,0.0,1.0,1,1,template_ok,0,post_translation,0,0,0.9928,34.5,979.5,1867.5,1007.5,582.5,565.5,1270.5,579.5,0,0
1032,17.2164,1.0,0.0,-18.5,0.0,1.0,9.5,0.0,0.0,1.0,1,1,template_ok,0,post_translation,0,0,0.9917,35.5,979.5,1868.5,1007.5,583.5,565.5,1271.5,579.5,0,0
1033,17.233,1.0,0.0,-18.5,0.0,1.0,8.5,0.0,0.0,1.0,1,1,template_ok,0,post_translation,0,0,0.9901,35.5,978.5,1868.5,1006.5,583.5,564.5,1271.5,578.5,0,0
1034,17.2497,1.0,0.0,-17.5,0.0,1.0,8.5,0.0,0.0,1.0,1,1,template_ok,0,post_translation,0,0,0.9919,36.5,978.5,1869.5,1006.5,584.5,564.5,1272.5,578.5,0,0
1035,17.2664,1.0,0.0,-17.5,0.0,1.0,8.5,0.0,0.0,1.0,1,1,template_ok,0,post_translation,0,0,0.9924,36.5,978.5,1869.5,1006.5,584.5,564.5,1272.5,578.5,0,0
1036,17.2831,1.0,0.0,-16.5,0.0,1.0,7.5,0.0,0.0,1.0,1,1,template_ok,0,post_translation,0,0,0.9886,37.5,977.5,1870.5,1005.5,585.5,563.5,1273.5,577.5,0,0
1037,17.2998,1.0,0.0,-16.5,0.0,1.0,7.5,0.0,0.0,1.0,1,1,template_ok,0,post_translation,0,0,0.9923,37.5,977.5,1870.5,1005.5,585.5,563.5,1273.5,577.5,0,0
1038,17.3165,1.0,0.0,-16.5,0.0,1.0,7.5,0.0,0.0,1.0,1,1,template_ok,0,post_translation,0,0,0.9932,37.5,977.5,1870.5,1005.5,585.5,563.5,1273.5,577.5,0,0
1039,17.3331,1.0,0.0,-16.5,0.0,1.0,7.5,0.0,0.0,1.0,1,1,template_ok,0,post_translation,0,0,0.9909,37.5,977.5,1870.5,1005.5,585.5,563.5,1273.5,577.5,0,0
1040,17.3498,1.0,0.0,-16.5,0.0,1.0,7.5,0.0,0.0,1.0,1,1,template_ok,0,post_translation,0,0,0.9887,37.5,977.5,1870.5,1005.5,585.5,563.5,1273.5,577.5,0,0
1041,17.3665,1.0,0.0,-16.5,0.0,1.0,6.5,0.0,0.0,1.0,1,1,template_ok,0,post_translation,0,0,0.9866,37.5,976.5,1870.5,1004.5,585.5,562.5,1273.5,576.5,0,0
1042,17.3832,1.0,0.0,-15.5,0.0,1.0,6.5,0.0,0.0,1.0,1,1,template_ok,0,post_translation,0,0,0.989,38.5,976.5,1871.5,1004.5,586.5,562.5,1274.5,576.5,0,0
1043,17.3999,1.0,0.0,-15.5,0.0,1.0,6.5,0.0,0.0,1.0,1,1,template_ok,0,post_translation,0,0,0.9895,38.5,976.5,1871.5,1004.5,586.5,562.5,1274.5,576.5,0,0
1044,17.4165,1.0,0.0,-15.5,0.0,1.0,6.5,0.0,0.0,1.0,1,1,template_ok,0,post_translation,0,0,0.9901,38.5,976.5,1871.5,1004.5,586.5,562.5,1274.5,576.5,0,0
1045,17.4332,1.0,0.0,-15.5,0.0,1.0,6.5,0.0,0.0,1.0,1,1,template_ok,0,post_translation,0,0,0.99,38.5,976.5,1871.5,1004.5,586.5,562.5,1274.5,576.5,0,0
1046,17.4499,1.0,0.0,-15.5,0.0,1.0,6.5,0.0,0.0,1.0,1,1,template_ok,0,post_translation,0,0,0.9891,38.5,976.5,1871.5,1004.5,586.5,562.5,1274.5,576.5,0,0
1047,17.4666,1.0,0.0,-15.5,0.0,1.0,5.5,0.0,0.0,1.0,1,1,template_ok,0,post_translation,0,0,0.9893,38.5,975.5,1871.5,1003.5,586.5,561.5,1274.5,575.5,0,0
1048,17.4833,1.0,0.0,-15.5,0.0,1.0,5.5,0.0,0.0,1.0,1,1,template_ok,0,post_translation,0,0,0.9902,38.5,975.5,1871.5,1003.5,586.5,561.5,1274.5,575.5,0,0
1049,17.5,1.0,0.0,-15.5,0.0,1.0,5.5,0.0,0.0,1.0,1,1,template_ok,0,post_translation,0,0,0.993,38.5,975.5,1871.5,1003.5,586.5,561.5,1274.5,575.5,0,0
1050,17.5166,1.0,0.0,-15.5,0.0,1.0,5.5,0.0,0.0,1.0,1,1,template_ok,0,post_translation,0,0,0.993,38.5,975.5,1871.5,1003.5,586.5,561.5,1274.5,575.5,0,0
1051,17.5333,1.0,0.0,-15.5,0.0,1.0,5.5,0.0,0.0,1.0,1,1,template_ok,0,post_translation,0,0,0.9927,38.5,975.5,1871.5,1003.5,586.5,561.5,1274.5,575.5,0,0
1052,17.55,1.0,0.0,-15.5,0.0,1.0,4.5,0.0,0.0,1.0,1,1,template_ok,0,post_translation,0,0,0.9899,38.5,974.5,1871.5,1002.5,586.5,560.5,1274.5,574.5,0,0
1053,17.5667,1.0,0.0,-15.5,0.0,1.0,4.5,0.0,0.0,1.0,1,1,template_ok,0,post_translation,0,0,0.99,38.5,974.5,1871.5,1002.5,586.5,560.5,1274.5,574.5,0,0
1054,17.5834,1.0,0.0,-15.5,0.0,1.0,4.5,0.0,0.0,1.0,1,1,template_ok,0,post_translation,0,0,0.9879,38.5,974.5,1871.5,1002.5,586.5,560.5,1274.5,574.5,0,0
1055,17.6001,1.0,0.0,-15.5,0.0,1.0,4.5,0.0,0.0,1.0,1,1,template_ok,0,post_translation,0,0,0.9875,38.5,974.5,1871.5,1002.5,586.5,560.5,1274.5,574.5,0,0
1056,17.6167,1.0,0.0,-14.5,0.0,1.0,4.5,0.0,0.0,1.0,1,1,template_ok,0,post_translation,0,0,0.9862,39.5,974.5,1872.5,1002.5,587.5,560.5,1275.5,574.5,0,0
1057,17.6334,1.0,0.0,-14.5,0.0,1.0,4.5,0.0,0.0,1.0,1,1,template_ok,0,post_translation,0,0,0.9889,39.5,974.5,1872.5,1002.5,587.5,560.5,1275.5,574.5,0,0
1058,17.6501,1.0,0.0,-14.5,0.0,1.0,3.5,0.0,0.0,1.0,1,1,template_ok,0,post_translation,0,0,0.9896,39.5,973.5,1872.5,1001.5,587.5,559.5,1275.5,573.5,0,0
1059,17.6668,1.0,0.0,-14.5,0.0,1.0,3.5,0.0,0.0,1.0,1,1,template_ok,0,post_translation,0,0,0.991,39.5,973.5,1872.5,1001.5,587.5,559.5,1275.5,573.5,0,0
1060,17.6835,1.0,0.0,-14.5,0.0,1.0,3.5,0.0,0.0,1.0,1,1,template_ok,0,post_translation,0,0,0.9912,39.5,973.5,1872.5,1001.5,587.5,559.5,1275.5,573.5,0,0
1061,17.7001,1.0,0.0,-14.5,0.0,1.0,3.5,0.0,0.0,1.0,1,1,template_ok,0,post_translation,0,0,0.9917,39.5,973.5,1872.5,1001.5,587.5,559.5,1275.5,573.5,0,0
1062,17.7168,1.0,0.0,-14.5,0.0,1.0,3.5,0.0,0.0,1.0,1,1,template_ok,0,post_translation,0,0,0.9918,39.5,973.5,1872.5,1001.5,587.5,559.5,1275.5,573.5,0,0
1063,17.7335,1.0,0.0,-14.5,0.0,1.0,2.5,0.0,0.0,1.0,1,1,template_ok,0,post_translation,0,0,0.9927,39.5,972.5,1872.5,1000.5,587.5,558.5,1275.5,572.5,0,0
1064,17.7502,1.0,0.0,-14.5,0.0,1.0,2.5,0.0,0.0,1.0,1,1,template_ok,0,post_translation,0,0,0.9922,39.5,972.5,1872.5,1000.5,587.5,558.5,1275.5,572.5,0,0
1065,17.7669,1.0,0.0,-14.5,0.0,1.0,2.5,0.0,0.0,1.0,1,1,template_ok,0,post_translation,0,0,0.9922,39.5,972.5,1872.5,1000.5,587.5,558.5,1275.5,572.5,0,0
1066,17.7836,1.0,0.0,-14.5,0.0,1.0,2.5,0.0,0.0,1.0,1,1,template_ok,0,post_translation,0,0,0.9899,39.5,972.5,1872.5,1000.5,587.5,558.5,1275.5,572.5,0,0
1067,17.8002,1.0,0.0,-14.5,0.0,1.0,1.5,0.0,0.0,1.0,1,1,template_ok,0,post_translation,0,0,0.9869,39.5,971.5,1872.5,999.5,587.5,557.5,1275.5,571.5,0,0
1068,17.8169,1.0,0.0,-13.5,0.0,1.0,1.5,0.0,0.0,1.0,1,1,template_ok,0,post_translation,0,0,0.9866,40.5,971.5,1873.5,999.5,588.5,557.5,1276.5,571.5,0,0
1069,17.8336,1.0,0.0,-13.5,0.0,1.0,1.5,0.0,0.0,1.0,1,1,template_ok,0,post_translation,0,0,0.9872,40.5,971.5,1873.5,999.5,588.5,557.5,1276.5,571.5,0,0
1070,17.8503,1.0,0.0,-13.5,0.0,1.0,1.5,0.0,0.0,1.0,1,1,template_ok,0,post_translation,0,0,0.9875,40.5,971.5,1873.5,999.5,588.5,557.5,1276.5,571.5,0,0
1071,17.867,1.0,0.0,-13.5,0.0,1.0,1.5,0.0,0.0,1.0,1,1,template_ok,0,post_translation,0,0,0.9881,40.5,971.5,1873.5,999.5,588.5,557.5,1276.5,571.5,0,0
1072,17.8837,1.0,0.0,-13.5,0.0,1.0,0.5,0.0,0.0,1.0,1,1,template_ok,0,post_translation,0,0,0.9891,40.5,970.5,1873.5,998.5,588.5,556.5,1276.5,570.5,0,0
1073,17.9003,1.0,0.0,-13.5,0.0,1.0,0.5,0.0,0.0,1.0,1,1,template_ok,0,post_translation,0,0,0.9887,40.5,970.5,1873.5,998.5,588.5,556.5,1276.5,570.5,0,0
1074,17.917,1.0,0.0,-13.5,0.0,1.0,0.5,0.0,0.0,1.0,1,1,template_ok,0,post_translation,0,0,0.9868,40.5,970.5,1873.5,998.5,588.5,556.5,1276.5,570.5,0,0
1075,17.9337,1.0,0.0,-14.5,0.0,1.0,0.5,0.0,0.0,1.0,1,1,template_ok,0,post_translation,0,0,0.9871,39.5,970.5,1872.5,998.5,587.5,556.5,1275.5,570.5,0,0
1076,17.9504,1.0,0.0,-14.5,0.0,1.0,0.5,0.0,0.0,1.0,1,1,template_ok,0,post_translation,0,0,0.9883,39.5,970.5,1872.5,998.5,587.5,556.5,1275.5,570.5,0,0
1077,17.9671,1.0,0.0,-14.5,0.0,1.0,-0.5,0.0,0.0,1.0,1,1,template_ok,0,post_translation,0,0,0.9895,39.5,969.5,1872.5,997.5,587.5,555.5,1275.5,569.5,0,0
1078,17.9838,1.0,0.0,-14.5,0.0,1.0,-0.5,0.0,0.0,1.0,1,1,template_ok,0,post_translation,0,0,0.9909,39.5,969.5,1872.5,997.5,587.5,555.5,1275.5,569.5,0,0
1079,18.0004,1.0,0.0,-14.5,0.0,1.0,-0.5,0.0,0.0,1.0,1,1,template_ok,0,post_translation,0,0,0.9916,39.5,969.5,1872.5,997.5,587.5,555.5,1275.5,569.5,0,0
1080,18.0171,1.0,0.0,-14.5,0.0,1.0,-0.5,0.0,0.0,1.0,1,1,template_ok,0,post_translation,0,0,0.9899,39.5,969.5,1872.5,997.5,587.5,555.5,1275.5,569.5,0,0
1081,18.0338,1.0,0.0,-14.5,0.0,1.0,-1.5,0.0,0.0,1.0,1,1,template_ok,0,post_translation,0,0,0.9909,39.5,968.5,1872.5,996.5,587.5,554.5,1275.5,568.5,0,0
1082,18.0505,1.0,0.0,-14.5,0.0,1.0,-1.5,0.0,0.0,1.0,1,1,template_ok,0,post_translation,0,0,0.9915,39.5,968.5,1872.5,996.5,587.5,554.5,1275.5,568.5,0,0
1083,18.0672,1.0,0.0,-14.5,0.0,1.0,-1.5,0.0,0.0,1.0,1,1,template_ok,0,post_translation,0,0,0.9913,39.5,968.5,1872.5,996.5,587.5,554.5,1275.5,568.5,0,0
1084,18.0838,1.0,0.0,-14.5,0.0,1.0,-1.5,0.0,0.0,1.0,1,1,template_ok,0,post_translation,0,0,0.9908,39.5,968.5,1872.5,996.5,587.5,554.5,1275.5,568.5,0,0
1085,18.1005,1.0,0.0,-14.5,0.0,1.0,-2.5,0.0,0.0,1.0,1,1,template_ok,0,post_translation,0,0,0.9913,39.5,967.5,1872.5,995.5,587.5,553.5,1275.5,567.5,0,0
1086,18.1172,1.0,0.0,-14.5,0.0,1.0,-2.5,0.0,0.0,1.0,1,1,template_ok,0,post_translation,0,0,0.9918,39.5,967.5,1872.5,995.5,587.5,553.5,1275.5,567.5,0,0
1087,18.1339,1.0,0.0,-14.5,0.0,1.0,-2.5,0.0,0.0,1.0,1,1,template_ok,0,post_translation,0,0,0.9913,39.5,967.5,1872.5,995.5,587.5,553.5,1275.5,567.5,0,0
1088,18.1506,1.0,0.0,-14.5,0.0,1.0,-3.5,0.0,0.0,1.0,1,1,template_ok,0,post_translation,0,0,0.9896,39.5,966.5,1872.5,994.5,587.5,552.5,1275.5,566.5,0,0
1089,18.1673,1.0,0.0,-14.5,0.0,1.0,-3.5,0.0,0.0,1.0,1,1,template_ok,0,post_translation,0,0,0.9892,39.5,966.5,1872.5,994.5,587.5,552.5,1275.5,566.5,0,0
1090,18.1839,1.0,0.0,-14.5,0.0,1.0,-3.5,0.0,0.0,1.0,1,1,template_ok,0,post_translation,0,0,0.9881,39.5,966.5,1872.5,994.5,587.5,552.5,1275.5,566.5,0,0
1091,18.2006,1.0,0.0,-14.5,0.0,1.0,-3.5,0.0,0.0,1.0,1,1,template_ok,0,post_translation,0,0,0.9884,39.5,966.5,1872.5,994.5,587.5,552.5,1275.5,566.5,0,0
1092,18.2173,1.0,0.0,-13.5,0.0,1.0,-3.5,0.0,0.0,1.0,1,1,template_ok,0,post_translation,0,0,0.9849,40.5,966.5,1873.5,994.5,588.5,552.5,1276.5,566.5,0,0
1093,18.234,1.0,0.0,-13.5,0.0,1.0,-4.5,0.0,0.0,1.0,1,1,template_ok,0,post_translation,0,0,0.9883,40.5,965.5,1873.5,993.5,588.5,551.5,1276.5,565.5,0,0
1094,18.2507,1.0,0.0,-13.5,0.0,1.0,-4.5,0.0,0.0,1.0,1,1,template_ok,0,post_translation,0,0,0.9919,40.5,965.5,1873.5,993.5,588.5,551.5,1276.5,565.5,0,0
1095,18.2674,1.0,0.0,-13.5,0.0,1.0,-4.5,0.0,0.0,1.0,1,1,template_ok,0,post_translation,0,0,0.9918,40.5,965.5,1873.5,993.5,588.5,551.5,1276.5,565.5,0,0
1096,18.284,1.0,0.0,-13.5,0.0,1.0,-5.5,0.0,0.0,1.0,1,1,template_ok,0,post_translation,0,0,0.9922,40.5,964.5,1873.5,992.5,588.5,550.5,1276.5,564.5,0,0
1097,18.3007,1.0,0.0,-13.5,0.0,1.0,-5.5,0.0,0.0,1.0,1,1,template_ok,0,post_translation,0,0,0.9919,40.5,964.5,1873.5,992.5,588.5,550.5,1276.5,564.5,0,0
1098,18.3174,1.0,0.0,-13.5,0.0,1.0,-5.5,0.0,0.0,1.0,1,1,template_ok,0,post_translation,0,0,0.9915,40.5,964.5,1873.5,992.5,588.5,550.5,1276.5,564.5,0,0
1099,18.3341,1.0,0.0,-13.5,0.0,1.0,-6.5,0.0,0.0,1.0,1,1,template_ok,0,post_translation,0,0,0.9913,40.5,963.5,1873.5,991.5,588.5,549.5,1276.5,563.5,0,0
1100,18.3508,1.0,0.0,-13.5,0.0,1.0,-6.5,0.0,0.0,1.0,1,1,template_ok,0,post_translation,0,0,0.992,40.5,963.5,1873.5,991.5,588.5,549.5,1276.5,563.5,0,0
1101,18.3674,1.0,0.0,-13.5,0.0,1.0,-6.5,0.0,0.0,1.0,1,1,template_ok,0,post_translation,0,0,0.9912,40.5,963.5,1873.5,991.5,588.5,549.5,1276.5,563.5,0,0
1102,18.3841,1.0,0.0,-13.5,0.0,1.0,-6.5,0.0,0.0,1.0,1,1,template_ok,0,post_translation,0,0,0.9861,40.5,963.5,1873.5,991.5,588.5,549.5,1276.5,563.5,0,0
1103,18.4008,1.0,0.0,-14.5,0.0,1.0,-7.5,0.0,0.0,1.0,1,1,template_ok,0,post_translation,0,0,0.9861,39.5,962.5,1872.5,990.5,587.5,548.5,1275.5,562.5,0,0
1104,18.4175,1.0,0.0,-14.5,0.0,1.0,-7.5,0.0,0.0,1.0,1,1,template_ok,0,post_translation,0,0,0.9892,39.5,962.5,1872.5,990.5,587.5,548.5,1275.5,562.5,0,0
1105,18.4342,1.0,0.0,-14.5,0.0,1.0,-7.5,0.0,0.0,1.0,1,1,template_ok,0,post_translation,0,0,0.9921,39.5,962.5,1872.5,990.5,587.5,548.5,1275.5,562.5,0,0
1106,18.4509,1.0,0.0,-14.5,0.0,1.0,-7.5,0.0,0.0,1.0,1,1,template_ok,0,post_translation,0,0,0.9914,39.5,962.5,1872.5,990.5,587.5,548.5,1275.5,562.5,0,0
1107,18.4675,1.0,0.0,-14.5,0.0,1.0,-8.5,0.0,0.0,1.0,1,1,template_ok,0,post_translation,0,0,0.9899,39.5,961.5,1872.5,989.5,587.5,547.5,1275.5,561.5,0,0
1108,18.4842,1.0,0.0,-14.5,0.0,1.0,-8.5,0.0,0.0,1.0,1,1,template_ok,0,post_translation,0,0,0.9896,39.5,961.5,1872.5,989.5,587.5,547.5,1275.5,561.5,0,0
1109,18.5009,1.0,0.0,-14.5,0.0,1.0,-8.5,0.0,0.0,1.0,1,1,template_ok,0,post_translation,0,0,0.9898,39.5,961.5,1872.5,989.5,587.5,547.5,1275.5,561.5,0,0
1110,18.5176,1.0,0.0,-14.5,0.0,1.0,-8.5,0.0,0.0,1.0,1,1,template_ok,0,post_translation,0,0,0.9905,39.5,961.5,1872.5,989.5,587.5,547.5,1275.5,561.5,0,0
1111,18.5343,1.0,0.0,-14.5,0.0,1.0,-9.5,0.0,0.0,1.0,1,1,template_ok,0,post_translation,0,0,0.9923,39.5,960.5,1872.5,988.5,587.5,546.5,1275.5,560.5,0,0
1112,18.551,1.0,0.0,-14.5,0.0,1.0,-9.5,0.0,0.0,1.0,1,1,template_ok,0,post_translation,0,0,0.9888,39.5,960.5,1872.5,988.5,587.5,546.5,1275.5,560.5,0,0
1113,18.5676,1.0,0.0,-14.5,0.0,1.0,-9.5,0.0,0.0,1.0,1,1,template_ok,0,post_translation,0,0,0.988,39.5,960.5,1872.5,988.5,587.5,546.5,1275.5,560.5,0,0
1114,18.5843,1.0,0.0,-13.5,0.0,1.0,-9.5,0.0,0.0,1.0,1,1,template_ok,0,post_translation,0,0,0.9888,40.5,960.5,1873.5,988.5,588.5,546.5,1276.5,560.5,0,0
1115,18.601,1.0,0.0,-13.5,0.0,1.0,-9.5,0.0,0.0,1.0,1,1,template_ok,0,post_translation,0,0,0.991,40.5,960.5,1873.5,988.5,588.5,546.5,1276.5,560.5,0,0
1116,18.6177,1.0,0.0,-13.5,0.0,1.0,-9.5,0.0,0.0,1.0,1,1,template_ok,0,post_translation,0,0,0.9901,40.5,960.5,1873.5,988.5,588.5,546.5,1276.5,560.5,0,0
1117,18.6344,1.0,0.0,-13.5,0.0,1.0,-9.5,0.0,0.0,1.0,1,1,template_ok,0,post_translation,0,0,0.99,40.5,960.5,1873.5,988.5,588.5,546.5,1276.5,560.5,0,0
1118,18.6511,1.0,0.0,-13.5,0.0,1.0,-9.5,0.0,0.0,1.0,1,1,template_ok,0,post_translation,0,0,0.9892,40.5,960.5,1873.5,988.5,588.5,546.5,1276.5,560.5,0,0
1119,18.6677,1.0,0.0,-13.5,0.0,1.0,-9.5,0.0,0.0,1.0,1,1,template_ok,0,post_translation,0,0,0.9892,40.5,960.5,1873.5,988.5,588.5,546.5,1276.5,560.5,0,0
1120,18.6844,1.0,0.0,-13.5,0.0,1.0,-10.5,0.0,0.0,1.0,1,1,template_ok,0,post_translation,0,0,0.986,40.5,959.5,1873.5,987.5,588.5,545.5,1276.5,559.5,0,0
1121,18.7011,1.0,0.0,-13.5,0.0,1.0,-9.5,0.0,0.0,1.0,1,1,template_ok,0,post_translation,0,0,0.9864,40.5,960.5,1873.5,988.5,588.5,546.5,1276.5,560.5,0,0
1122,18.7178,1.0,0.0,-13.5,0.0,1.0,-10.5,0.0,0.0,1.0,1,1,template_ok,0,post_translation,0,0,0.9844,40.5,959.5,1873.5,987.5,588.5,545.5,1276.5,559.5,0,0
1123,18.7345,1.0,0.0,-12.5,0.0,1.0,-10.5,0.0,0.0,1.0,1,1,template_ok,0,post_translation,0,0,0.9862,41.5,959.5,1874.5,987.5,589.5,545.5,1277.5,559.5,0,0
1124,18.7511,1.0,0.0,-12.5,0.0,1.0,-10.5,0.0,0.0,1.0,1,1,template_ok,0,post_translation,0,0,0.9883,41.5,959.5,1874.5,987.5,589.5,545.5,1277.5,559.5,0,0
1125,18.7678,1.0,0.0,-12.5,0.0,1.0,-10.5,0.0,0.0,1.0,1,1,template_ok,0,post_translation,0,0,0.9882,41.5,959.5,1874.5,987.5,589.5,545.5,1277.5,559.5,0,0
1126,18.7845,1.0,0.0,-12.5,0.0,1.0,-10.5,0.0,0.0,1.0,1,1,template_ok,0,post_translation,0,0,0.9904,41.5,959.5,1874.5,987.5,589.5,545.5,1277.5,559.5,0,0
1127,18.8012,1.0,0.0,-12.5,0.0,1.0,-10.5,0.0,0.0,1.0,1,1,template_ok,0,post_translation,0,0,0.9905,41.5,959.5,1874.5,987.5,589.5,545.5,1277.5,559.5,0,0
1128,18.8179,1.0,0.0,-12.5,0.0,1.0,-10.5,0.0,0.0,1.0,1,1,template_ok,0,post_translation,0,0,0.9893,41.5,959.5,1874.5,987.5,589.5,545.5,1277.5,559.5,0,0
1129,18.8346,1.0,0.0,-12.5,0.0,1.0,-10.5,0.0,0.0,1.0,1,1,template_ok,0,post_translation,0,0,0.9889,41.5,959.5,1874.5,987.5,589.5,545.5,1277.5,559.5,0,0
1130,18.8512,1.0,0.0,-12.5,0.0,1.0,-11.5,0.0,0.0,1.0,1,1,template_ok,0,post_translation,0,0,0.9895,41.5,958.5,1874.5,986.5,589.5,544.5,1277.5,558.5,0,0
1131,18.8679,1.0,0.0,-12.5,0.0,1.0,-11.5,0.0,0.0,1.0,1,1,template_ok,0,post_translation,0,0,0.9902,41.5,958.5,1874.5,986.5,589.5,544.5,1277.5,558.5,0,0
1132,18.8846,1.0,0.0,-12.5,0.0,1.0,-11.5,0.0,0.0,1.0,1,1,template_ok,0,post_translation,0,0,0.9909,41.5,958.5,1874.5,986.5,589.5,544.5,1277.5,558.5,0,0
1133,18.9013,1.0,0.0,-12.5,0.0,1.0,-11.5,0.0,0.0,1.0,1,1,template_ok,0,post_translation,0,0,0.9918,41.5,958.5,1874.5,986.5,589.5,544.5,1277.5,558.5,0,0
1134,18.918,1.0,0.0,-12.5,0.0,1.0,-11.5,0.0,0.0,1.0,1,1,template_ok,0,post_translation,0,0,0.9898,41.5,958.5,1874.5,986.5,589.5,544.5,1277.5,558.5,0,0
1135,18.9347,1.0,0.0,-11.5,0.0,1.0,-11.5,0.0,0.0,1.0,1,1,template_ok,0,post_translation,0,0,0.9916,42.5,958.5,1875.5,986.5,590.5,544.5,1278.5,558.5,0,0
1136,18.9513,1.0,0.0,-11.5,0.0,1.0,-12.5,0.0,0.0,1.0,1,1,template_ok,0,post_translation,0,0,0.9905,42.5,957.5,1875.5,985.5,590.5,543.5,1278.5,557.5,0,0
1137,18.968,1.0,0.0,-10.5,0.0,1.0,-12.5,0.0,0.0,1.0,1,1,template_ok,0,post_translation,0,0,0.9891,43.5,957.5,1876.5,985.5,591.5,543.5,1279.5,557.5,0,0
1138,18.9847,1.0,0.0,-10.5,0.0,1.0,-12.5,0.0,0.0,1.0,1,1,template_ok,0,post_translation,0,0,0.9899,43.5,957.5,1876.5,985.5,591.5,543.5,1279.5,557.5,0,0
1139,19.0014,1.0,0.0,-10.5,0.0,1.0,-12.5,0.0,0.0,1.0,1,1,template_ok,0,post_translation,0,0,0.9916,43.5,957.5,1876.5,985.5,591.5,543.5,1279.5,557.5,0,0
1140,19.0181,1.0,0.0,-10.5,0.0,1.0,-12.5,0.0,0.0,1.0,1,1,template_ok,0,post_translation,0,0,0.9904,43.5,957.5,1876.5,985.5,591.5,543.5,1279.5,557.5,0,0
1141,19.0347,1.0,0.0,-10.5,0.0,1.0,-12.5,0.0,0.0,1.0,1,1,template_ok,0,post_translation,0,0,0.9902,43.5,957.5,1876.5,985.5,591.5,543.5,1279.5,557.5,0,0
1142,19.0514,1.0,0.0,-10.5,0.0,1.0,-12.5,0.0,0.0,1.0,1,1,template_ok,0,post_translation,0,0,0.9898,43.5,957.5,1876.5,985.5,591.5,543.5,1279.5,557.5,0,0
1143,19.0681,1.0,0.0,-10.5,0.0,1.0,-12.5,0.0,0.0,1.0,1,1,template_ok,0,post_translation,0,0,0.9886,43.5,957.5,1876.5,985.5,591.5,543.5,1279.5,557.5,0,0
1144,19.0848,1.0,0.0,-10.5,0.0,1.0,-12.5,0.0,0.0,1.0,1,1,template_ok,0,post_translation,0,0,0.9893,43.5,957.5,1876.5,985.5,591.5,543.5,1279.5,557.5,0,0
1145,19.1015,1.0,0.0,-10.5,0.0,1.0,-12.5,0.0,0.0,1.0,1,1,template_ok,0,post_translation,0,0,0.9906,43.5,957.5,1876.5,985.5,591.5,543.5,1279.5,557.5,0,0
1146,19.1182,1.0,0.0,-10.5,0.0,1.0,-12.5,0.0,0.0,1.0,1,1,template_ok,0,post_translation,0,0,0.9893,43.5,957.5,1876.5,985.5,591.5,543.5,1279.5,557.5,0,0
1147,19.1348,1.0,0.0,-10.5,0.0,1.0,-12.5,0.0,0.0,1.0,1,1,template_ok,0,post_translation,0,0,0.989,43.5,957.5,1876.5,985.5,591.5,543.5,1279.5,557.5,0,0
1148,19.1515,1.0,0.0,-10.5,0.0,1.0,-12.5,0.0,0.0,1.0,1,1,template_ok,0,post_translation,0,0,0.9874,43.5,957.5,1876.5,985.5,591.5,543.5,1279.5,557.5,0,0
1149,19.1682,1.0,0.0,-10.5,0.0,1.0,-12.5,0.0,0.0,1.0,1,1,template_ok,0,post_translation,0,0,0.9882,43.5,957.5,1876.5,985.5,591.5,543.5,1279.5,557.5,0,0
1150,19.1849,1.0,0.0,-10.5,0.0,1.0,-12.5,0.0,0.0,1.0,1,1,template_ok,0,post_translation,0,0,0.9884,43.5,957.5,1876.5,985.5,591.5,543.5,1279.5,557.5,0,0
1151,19.2016,1.0,0.0,-10.5,0.0,1.0,-12.5,0.0,0.0,1.0,1,1,template_ok,0,post_translation,0,0,0.9894,43.5,957.5,1876.5,985.5,591.5,543.5,1279.5,557.5,0,0
1152,19.2183,1.0,0.0,-10.5,0.0,1.0,-12.5,0.0,0.0,1.0,1,1,template_ok,0,post_translation,0,0,0.9891,43.5,957.5,1876.5,985.5,591.5,543.5,1279.5,557.5,0,0
1153,19.2349,1.0,0.0,-10.5,0.0,1.0,-12.5,0.0,0.0,1.0,1,1,template_ok,0,post_translation,0,0,0.9894,43.5,957.5,1876.5,985.5,591.5,543.5,1279.5,557.5,0,0
1154,19.2516,1.0,0.0,-10.5,0.0,1.0,-12.5,0.0,0.0,1.0,1,1,template_ok,0,post_translation,0,0,0.9896,43.5,957.5,1876.5,985.5,591.5,543.5,1279.5,557.5,0,0
1155,19.2683,1.0,0.0,-10.5,0.0,1.0,-12.5,0.0,0.0,1.0,1,1,template_ok,0,post_translation,0,0,0.9895,43.5,957.5,1876.5,985.5,591.5,543.5,1279.5,557.5,0,0
1156,19.285,1.0,0.0,-10.5,0.0,1.0,-12.5,0.0,0.0,1.0,1,1,template_ok,0,post_translation,0,0,0.9893,43.5,957.5,1876.5,985.5,591.5,543.5,1279.5,557.5,0,0
1157,19.3017,1.0,0.0,-10.5,0.0,1.0,-12.5,0.0,0.0,1.0,1,1,template_ok,0,post_translation,0,0,0.9893,43.5,957.5,1876.5,985.5,591.5,543.5,1279.5,557.5,0,0
1158,19.3184,1.0,0.0,-10.5,0.0,1.0,-12.5,0.0,0.0,1.0,1,1,template_ok,0,post_translation,0,0,0.9885,43.5,957.5,1876.5,985.5,591.5,543.5,1279.5,557.5,0,0
1159,19.335,1.0,0.0,-10.5,0.0,1.0,-12.5,0.0,0.0,1.0,1,1,template_ok,0,post_translation,0,0,0.9877,43.5,957.5,1876.5,985.5,591.5,543.5,1279.5,557.5,0,0
1160,19.3517,1.0,0.0,-10.5,0.0,1.0,-12.5,0.0,0.0,1.0,1,1,template_ok,0,post_translation,0,0,0.9858,43.5,957.5,1876.5,985.5,591.5,543.5,1279.5,557.5,0,0
1161,19.3684,1.0,0.0,-9.5,0.0,1.0,-12.5,0.0,0.0,1.0,1,1,template_ok,0,post_translation,0,0,0.984,44.5,957.5,1877.5,985.5,592.5,543.5,1280.5,557.5,0,0
1162,19.3851,1.0,0.0,-9.5,0.0,1.0,-12.5,0.0,0.0,1.0,1,1,template_ok,0,post_translation,0,0,0.9874,44.5,957.5,1877.5,985.5,592.5,543.5,1280.5,557.5,0,0
1163,19.4018,1.0,0.0,-9.5,0.0,1.0,-12.5,0.0,0.0,1.0,1,1,template_ok,0,post_translation,0,0,0.9877,44.5,957.5,1877.5,985.5,592.5,543.5,1280.5,557.5,0,0
1164,19.4184,1.0,0.0,-9.5,0.0,1.0,-12.5,0.0,0.0,1.0,1,1,template_ok,0,post_translation,0,0,0.9887,44.5,957.5,1877.5,985.5,592.5,543.5,1280.5,557.5,0,0
1165,19.4351,1.0,0.0,-9.5,0.0,1.0,-12.5,0.0,0.0,1.0,1,1,template_ok,0,post_translation,0,0,0.9885,44.5,957.5,1877.5,985.5,592.5,543.5,1280.5,557.5,0,0
1166,19.4518,1.0,0.0,-9.5,0.0,1.0,-12.5,0.0,0.0,1.0,1,1,template_ok,0,post_translation,0,0,0.9883,44.5,957.5,1877.5,985.5,592.5,543.5,1280.5,557.5,0,0
1167,19.4685,1.0,0.0,-9.5,0.0,1.0,-12.5,0.0,0.0,1.0,1,1,template_ok,0,post_translation,0,0,0.987,44.5,957.5,1877.5,985.5,592.5,543.5,1280.5,557.5,0,0
1168,19.4852,1.0,0.0,-8.5,0.0,1.0,-12.5,0.0,0.0,1.0,1,1,template_ok,0,post_translation,0,0,0.9839,45.5,957.5,1878.5,985.5,593.5,543.5,1281.5,557.5,0,0
1169,19.5019,1.0,0.0,-8.5,0.0,1.0,-11.5,0.0,0.0,1.0,1,1,template_ok,0,post_translation,0,0,0.9886,45.5,958.5,1878.5,986.5,593.5,544.5,1281.5,558.5,0,0
1170,19.5185,1.0,0.0,-8.5,0.0,1.0,-12.5,0.0,0.0,1.0,1,1,template_ok,0,post_translation,0,0,0.9896,45.5,957.5,1878.5,985.5,593.5,543.5,1281.5,557.5,0,0
1171,19.5352,1.0,0.0,-8.5,0.0,1.0,-12.5,0.0,0.0,1.0,1,1,template_ok,0,post_translation,0,0,0.9865,45.5,957.5,1878.5,985.5,593.5,543.5,1281.5,557.5,0,0
1172,19.5519,1.0,0.0,-7.5,0.0,1.0,-11.5,0.0,0.0,1.0,1,1,template_ok,0,post_translation,0,0,0.9852,46.5,958.5,1879.5,986.5,594.5,544.5,1282.5,558.5,0,0
1173,19.5686,1.0,0.0,-7.5,0.0,1.0,-11.5,0.0,0.0,1.0,1,1,template_ok,0,post_translation,0,0,0.9896,46.5,958.5,1879.5,986.5,594.5,544.5,1282.5,558.5,0,0
1174,19.5853,1.0,0.0,-7.5,0.0,1.0,-11.5,0.0,0.0,1.0,1,1,template_ok,0,post_translation,0,0,0.9895,46.5,958.5,1879.5,986.5,594.5,544.5,1282.5,558.5,0,0
1175,19.602,1.0,0.0,-7.5,0.0,1.0,-11.5,0.0,0.0,1.0,1,1,template_ok,0,post_translation,0,0,0.9866,46.5,958.5,1879.5,986.5,594.5,544.5,1282.5,558.5,0,0
1176,19.6186,1.0,0.0,-6.5,0.0,1.0,-11.5,0.0,0.0,1.0,1,1,template_ok,0,post_translation,0,0,0.9875,47.5,958.5,1880.5,986.5,595.5,544.5,1283.5,558.5,0,0
1177,19.6353,1.0,0.0,-6.5,0.0,1.0,-11.5,0.0,0.0,1.0,1,1,template_ok,0,post_translation,0,0,0.989,47.5,958.5,1880.5,986.5,595.5,544.5,1283.5,558.5,0,0
1178,19.652,1.0,0.0,-5.5,0.0,1.0,-11.5,0.0,0.0,1.0,1,1,template_ok,0,post_translation,0,0,0.984,48.5,958.5,1881.5,986.5,596.5,544.5,1284.5,558.5,0,0
1179,19.6687,1.0,0.0,-5.5,0.0,1.0,-11.5,0.0,0.0,1.0,1,1,template_ok,0,post_translation,0,0,0.9886,48.5,958.5,1881.5,986.5,596.5,544.5,1284.5,558.5,0,0
1180,19.6854,1.0,0.0,-5.5,0.0,1.0,-11.5,0.0,0.0,1.0,1,1,template_ok,0,post_translation,0,0,0.9903,48.5,958.5,1881.5,986.5,596.5,544.5,1284.5,558.5,0,0
1181,19.7021,1.0,0.0,-5.5,0.0,1.0,-11.5,0.0,0.0,1.0,1,1,template_ok,0,post_translation,0,0,0.9891,48.5,958.5,1881.5,986.5,596.5,544.5,1284.5,558.5,0,0
1182,19.7187,1.0,0.0,-5.5,0.0,1.0,-11.5,0.0,0.0,1.0,1,1,template_ok,0,post_translation,0,0,0.9864,48.5,958.5,1881.5,986.5,596.5,544.5,1284.5,558.5,0,0
1183,19.7354,1.0,0.0,-5.5,0.0,1.0,-11.5,0.0,0.0,1.0,1,1,template_ok,0,post_translation,0,0,0.9842,48.5,958.5,1881.5,986.5,596.5,544.5,1284.5,558.5,0,0
1184,19.7521,1.0,0.0,-4.5,0.0,1.0,-11.5,0.0,0.0,1.0,1,1,template_ok,0,post_translation,0,0,0.9843,49.5,958.5,1882.5,986.5,597.5,544.5,1285.5,558.5,0,0
1185,19.7688,1.0,0.0,-4.5,0.0,1.0,-11.5,0.0,0.0,1.0,1,1,template_ok,0,post_translation,0,0,0.9858,49.5,958.5,1882.5,986.5,597.5,544.5,1285.5,558.5,0,0
1186,19.7855,1.0,0.0,-4.5,0.0,1.0,-10.5,0.0,0.0,1.0,1,1,template_ok,0,post_translation,0,0,0.9899,49.5,959.5,1882.5,987.5,597.5,545.5,1285.5,559.5,0,0
1187,19.8021,1.0,0.0,-4.5,0.0,1.0,-10.5,0.0,0.0,1.0,1,1,template_ok,0,post_translation,0,0,0.9897,49.5,959.5,1882.5,987.5,597.5,545.5,1285.5,559.5,0,0
1188,19.8188,1.0,0.0,-4.5,0.0,1.0,-10.5,0.0,0.0,1.0,1,1,template_ok,0,post_translation,0,0,0.9866,49.5,959.5,1882.5,987.5,597.5,545.5,1285.5,559.5,0,0
1189,19.8355,1.0,0.0,-3.5,0.0,1.0,-10.5,0.0,0.0,1.0,1,1,template_ok,0,post_translation,0,0,0.9837,50.5,959.5,1883.5,987.5,598.5,545.5,1286.5,559.5,0,0
1190,19.8522,1.0,0.0,-3.5,0.0,1.0,-10.5,0.0,0.0,1.0,1,1,template_ok,0,post_translation,0,0,0.9854,50.5,959.5,1883.5,987.5,598.5,545.5,1286.5,559.5,0,0
1191,19.8689,1.0,0.0,-3.5,0.0,1.0,-10.5,0.0,0.0,1.0,1,1,template_ok,0,post_translation,0,0,0.988,50.5,959.5,1883.5,987.5,598.5,545.5,1286.5,559.5,0,0
1192,19.8856,1.0,0.0,-3.5,0.0,1.0,-10.5,0.0,0.0,1.0,1,1,template_ok,0,post_translation,0,0,0.9891,50.5,959.5,1883.5,987.5,598.5,545.5,1286.5,559.5,0,0
1193,19.9022,1.0,0.0,-3.5,0.0,1.0,-10.5,0.0,0.0,1.0,1,1,template_ok,0,post_translation,0,0,0.9895,50.5,959.5,1883.5,987.5,598.5,545.5,1286.5,559.5,0,0
1194,19.9189,1.0,0.0,-3.5,0.0,1.0,-10.5,0.0,0.0,1.0,1,1,template_ok,0,post_translation,0,0,0.9894,50.5,959.5,1883.5,987.5,598.5,545.5,1286.5,559.5,0,0
1195,19.9356,1.0,0.0,-3.5,0.0,1.0,-10.5,0.0,0.0,1.0,1,1,template_ok,0,post_translation,0,0,0.9892,50.5,959.5,1883.5,987.5,598.5,545.5,1286.5,559.5,0,0
1196,19.9523,1.0,0.0,-3.5,0.0,1.0,-10.5,0.0,0.0,1.0,1,1,template_ok,0,post_translation,0,0,0.9873,50.5,959.5,1883.5,987.5,598.5,545.5,1286.5,559.5,0,0
1197,19.969,1.0,0.0,-2.5,0.0,1.0,-10.5,0.0,0.0,1.0,1,1,template_ok,0,post_translation,0,0,0.9829,51.5,959.5,1884.5,987.5,599.5,545.5,1287.5,559.5,0,0
1198,19.9857,1.0,0.0,-2.5,0.0,1.0,-10.5,0.0,0.0,1.0,1,1,template_ok,0,post_translation,0,0,0.9854,51.5,959.5,1884.5,987.5,599.5,545.5,1287.5,559.5,0,0
1199,20.0023,1.0,0.0,-2.5,0.0,1.0,-9.5,0.0,0.0,1.0,1,1,template_ok,0,post_translation,0,0,0.9874,51.5,960.5,1884.5,988.5,599.5,546.5,1287.5,560.5,0,0
1200,20.019,1.0,0.0,-2.5,0.0,1.0,-9.5,0.0,0.0,1.0,1,1,template_ok,0,post_translation,0,0,0.9882,51.5,960.5,1884.5,988.5,599.5,546.5,1287.5,560.5,0,0
1201,20.0357,1.0,0.0,-2.5,0.0,1.0,-9.5,0.0,0.0,1.0,1,1,template_ok,0,post_translation,0,0,0.9894,51.5,960.5,1884.5,988.5,599.5,546.5,1287.5,560.5,0,0
1202,20.0524,1.0,0.0,-2.5,0.0,1.0,-9.5,0.0,0.0,1.0,1,1,template_ok,0,post_translation,0,0,0.9882,51.5,960.5,1884.5,988.5,599.5,546.5,1287.5,560.5,0,0
1203,20.0691,1.0,0.0,-2.5,0.0,1.0,-9.5,0.0,0.0,1.0,1,1,template_ok,0,post_translation,0,0,0.985,51.5,960.5,1884.5,988.5,599.5,546.5,1287.5,560.5,0,0
1204,20.0857,1.0,0.0,-2.5,0.0,1.0,-9.5,0.0,0.0,1.0,1,1,template_ok,0,post_translation,0,0,0.9841,51.5,960.5,1884.5,988.5,599.5,546.5,1287.5,560.5,0,0
1205,20.1024,1.0,0.0,-1.5,0.0,1.0,-9.5,0.0,0.0,1.0,1,1,template_ok,0,post_translation,0,0,0.984,52.5,960.5,1885.5,988.5,600.5,546.5,1288.5,560.5,0,0
1206,20.1191,1.0,0.0,-1.5,0.0,1.0,-10.5,0.0,0.0,1.0,1,1,template_ok,0,post_translation,0,0,0.9867,52.5,959.5,1885.5,987.5,600.5,545.5,1288.5,559.5,0,0
1207,20.1358,1.0,0.0,-1.5,0.0,1.0,-10.5,0.0,0.0,1.0,1,1,template_ok,0,post_translation,0,0,0.9899,52.5,959.5,1885.5,987.5,600.5,545.5,1288.5,559.5,0,0
1208,20.1525,1.0,0.0,-1.5,0.0,1.0,-10.5,0.0,0.0,1.0,1,1,template_ok,0,post_translation,0,0,0.99,52.5,959.5,1885.5,987.5,600.5,545.5,1288.5,559.5,0,0
1209,20.1692,1.0,0.0,-1.5,0.0,1.0,-10.5,0.0,0.0,1.0,1,1,template_ok,0,post_translation,0,0,0.9893,52.5,959.5,1885.5,987.5,600.5,545.5,1288.5,559.5,0,0
1210,20.1858,1.0,0.0,-1.5,0.0,1.0,-10.5,0.0,0.0,1.0,1,1,template_ok,0,post_translation,0,0,0.9858,52.5,959.5,1885.5,987.5,600.5,545.5,1288.5,559.5,0,0
1211,20.2025,1.0,0.0,-1.5,0.0,1.0,-10.5,0.0,0.0,1.0,1,1,template_ok,0,post_translation,0,0,0.9855,52.5,959.5,1885.5,987.5,600.5,545.5,1288.5,559.5,0,0
1212,20.2192,1.0,0.0,-0.5,0.0,1.0,-10.5,0.0,0.0,1.0,1,1,template_ok,0,post_translation,0,0,0.9827,53.5,959.5,1886.5,987.5,601.5,545.5,1289.5,559.5,0,0
1213,20.2359,1.0,0.0,-0.5,0.0,1.0,-10.5,0.0,0.0,1.0,1,1,template_ok,0,post_translation,0,0,0.9831,53.5,959.5,1886.5,987.5,601.5,545.5,1289.5,559.5,0,0
1214,20.2526,1.0,0.0,-0.5,0.0,1.0,-10.5,0.0,0.0,1.0,1,1,template_ok,0,post_translation,0,0,0.9848,53.5,959.5,1886.5,987.5,601.5,545.5,1289.5,559.5,0,0
1215,20.2693,1.0,0.0,-0.5,0.0,1.0,-10.5,0.0,0.0,1.0,1,1,template_ok,0,post_translation,0,0,0.987,53.5,959.5,1886.5,987.5,601.5,545.5,1289.5,559.5,0,0
1216,20.2859,1.0,0.0,-0.5,0.0,1.0,-10.5,0.0,0.0,1.0,1,1,template_ok,0,post_translation,0,0,0.9872,53.5,959.5,1886.5,987.5,601.5,545.5,1289.5,559.5,0,0
1217,20.3026,1.0,0.0,-0.5,0.0,1.0,-10.5,0.0,0.0,1.0,1,1,template_ok,0,post_translation,0,0,0.9871,53.5,959.5,1886.5,987.5,601.5,545.5,1289.5,559.5,0,0
1218,20.3193,1.0,0.0,-0.5,0.0,1.0,-9.5,0.0,0.0,1.0,1,1,template_ok,0,post_translation,0,0,0.9872,53.5,960.5,1886.5,988.5,601.5,546.5,1289.5,560.5,0,0
1219,20.336,1.0,0.0,-0.5,0.0,1.0,-9.5,0.0,0.0,1.0,1,1,template_ok,0,post_translation,0,0,0.9876,53.5,960.5,1886.5,988.5,601.5,546.5,1289.5,560.5,0,0
1220,20.3527,1.0,0.0,-0.5,0.0,1.0,-9.5,0.0,0.0,1.0,1,1,template_ok,0,post_translation,0,0,0.9876,53.5,960.5,1886.5,988.5,601.5,546.5,1289.5,560.5,0,0
1221,20.3694,1.0,0.0,-0.5,0.0,1.0,-9.5,0.0,0.0,1.0,1,1,template_ok,0,post_translation,0,0,0.9884,53.5,960.5,1886.5,988.5,601.5,546.5,1289.5,560.5,0,0
1222,20.386,1.0,0.0,-0.5,0.0,1.0,-9.5,0.0,0.0,1.0,1,1,template_ok,0,post_translation,0,0,0.9889,53.5,960.5,1886.5,988.5,601.5,546.5,1289.5,560.5,0,0
1223,20.4027,1.0,0.0,-0.5,0.0,1.0,-9.5,0.0,0.0,1.0,1,1,template_ok,0,post_translation,0,0,0.9881,53.5,960.5,1886.5,988.5,601.5,546.5,1289.5,560.5,0,0
1224,20.4194,1.0,0.0,-0.5,0.0,1.0,-10.5,0.0,0.0,1.0,1,1,template_ok,0,post_translation,0,0,0.9879,53.5,959.5,1886.5,987.5,601.5,545.5,1289.5,559.5,0,0
1225,20.4361,1.0,0.0,-0.5,0.0,1.0,-10.5,0.0,0.0,1.0,1,1,template_ok,0,post_translation,0,0,0.9879,53.5,959.5,1886.5,987.5,601.5,545.5,1289.5,559.5,0,0
1226,20.4528,1.0,0.0,-0.5,0.0,1.0,-10.5,0.0,0.0,1.0,1,1,template_ok,0,post_translation,0,0,0.9877,53.5,959.5,1886.5,987.5,601.5,545.5,1289.5,559.5,0,0
1227,20.4694,1.0,0.0,-0.5,0.0,1.0,-10.5,0.0,0.0,1.0,1,1,template_ok,0,post_translation,0,0,0.9876,53.5,959.5,1886.5,987.5,601.5,545.5,1289.5,559.5,0,0
1228,20.4861,1.0,0.0,-0.5,0.0,1.0,-10.5,0.0,0.0,1.0,1,1,template_ok,0,post_translation,0,0,0.9874,53.5,959.5,1886.5,987.5,601.5,545.5,1289.5,559.5,0,0
1229,20.5028,1.0,0.0,-0.5,0.0,1.0,-10.5,0.0,0.0,1.0,1,1,template_ok,0,post_translation,0,0,0.9874,53.5,959.5,1886.5,987.5,601.5,545.5,1289.5,559.5,0,0
1230,20.5195,1.0,0.0,-0.5,0.0,1.0,-10.5,0.0,0.0,1.0,1,1,template_ok,0,post_translation,0,0,0.9876,53.5,959.5,1886.5,987.5,601.5,545.5,1289.5,559.5,0,0
1231,20.5362,1.0,0.0,-0.5,0.0,1.0,-10.5,0.0,0.0,1.0,1,1,template_ok,0,post_translation,0,0,0.9885,53.5,959.5,1886.5,987.5,601.5,545.5,1289.5,559.5,0,0
1232,20.5529,1.0,0.0,-0.5,0.0,1.0,-10.5,0.0,0.0,1.0,1,1,template_ok,0,post_translation,0,0,0.9882,53.5,959.5,1886.5,987.5,601.5,545.5,1289.5,559.5,0,0
1233,20.5695,1.0,0.0,-0.5,0.0,1.0,-10.5,0.0,0.0,1.0,1,1,template_ok,0,post_translation,0,0,0.9882,53.5,959.5,1886.5,987.5,601.5,545.5,1289.5,559.5,0,0
1234,20.5862,1.0,0.0,-0.5,0.0,1.0,-10.5,0.0,0.0,1.0,1,1,template_ok,0,post_translation,0,0,0.9879,53.5,959.5,1886.5,987.5,601.5,545.5,1289.5,559.5,0,0
1235,20.6029,1.0,0.0,-0.5,0.0,1.0,-10.5,0.0,0.0,1.0,1,1,template_ok,0,post_translation,0,0,0.9882,53.5,959.5,1886.5,987.5,601.5,545.5,1289.5,559.5,0,0
1236,20.6196,1.0,0.0,-0.5,0.0,1.0,-10.5,0.0,0.0,1.0,1,1,template_ok,0,post_translation,0,0,0.9859,53.5,959.5,1886.5,987.5,601.5,545.5,1289.5,559.5,0,0
1237,20.6363,1.0,0.0,-0.5,0.0,1.0,-10.5,0.0,0.0,1.0,1,1,template_ok,0,post_translation,0,0,0.9851,53.5,959.5,1886.5,987.5,601.5,545.5,1289.5,559.5,0,0
1238,20.653,1.0,0.0,-0.5,0.0,1.0,-10.5,0.0,0.0,1.0,1,1,template_ok,0,post_translation,0,0,0.9836,53.5,959.5,1886.5,987.5,601.5,545.5,1289.5,559.5,0,0
1239,20.6696,1.0,0.0,-0.5,0.0,1.0,-10.5,0.0,0.0,1.0,1,1,template_ok,0,post_translation,0,0,0.9837,53.5,959.5,1886.5,987.5,601.5,545.5,1289.5,559.5,0,0
1240,20.6863,1.0,0.0,-1.5,0.0,1.0,-10.5,0.0,0.0,1.0,1,1,template_ok,0,post_translation,0,0,0.9852,52.5,959.5,1885.5,987.5,600.5,545.5,1288.5,559.5,0,0
1241,20.703,1.0,0.0,-1.5,0.0,1.0,-10.5,0.0,0.0,1.0,1,1,template_ok,0,post_translation,0,0,0.9874,52.5,959.5,1885.5,987.5,600.5,545.5,1288.5,559.5,0,0
1242,20.7197,1.0,0.0,-1.5,0.0,1.0,-10.5,0.0,0.0,1.0,1,1,template_ok,0,post_translation,0,0,0.9884,52.5,959.5,1885.5,987.5,600.5,545.5,1288.5,559.5,0,0
1243,20.7364,1.0,0.0,-1.5,0.0,1.0,-10.5,0.0,0.0,1.0,1,1,template_ok,0,post_translation,0,0,0.9896,52.5,959.5,1885.5,987.5,600.5,545.5,1288.5,559.5,0,0
1244,20.753,1.0,0.0,-1.5,0.0,1.0,-10.5,0.0,0.0,1.0,1,1,template_ok,0,post_translation,0,0,0.9868,52.5,959.5,1885.5,987.5,600.5,545.5,1288.5,559.5,0,0
1245,20.7697,1.0,0.0,-1.5,0.0,1.0,-10.5,0.0,0.0,1.0,1,1,template_ok,0,post_translation,0,0,0.9857,52.5,959.5,1885.5,987.5,600.5,545.5,1288.5,559.5,0,0
1246,20.7864,1.0,0.0,-1.5,0.0,1.0,-9.5,0.0,0.0,1.0,1,1,template_ok,0,post_translation,0,0,0.984,52.5,960.5,1885.5,988.5,600.5,546.5,1288.5,560.5,0,0
1247,20.8031,1.0,0.0,-2.5,0.0,1.0,-9.5,0.0,0.0,1.0,1,1,template_ok,0,post_translation,0,0,0.9826,51.5,960.5,1884.5,988.5,599.5,546.5,1287.5,560.5,0,0
1248,20.8198,1.0,0.0,-2.5,0.0,1.0,-9.5,0.0,0.0,1.0,1,1,template_ok,0,post_translation,0,0,0.9843,51.5,960.5,1884.5,988.5,599.5,546.5,1287.5,560.5,0,0
1249,20.8365,1.0,0.0,-2.5,0.0,1.0,-9.5,0.0,0.0,1.0,1,1,template_ok,0,post_translation,0,0,0.986,51.5,960.5,1884.5,988.5,599.5,546.5,1287.5,560.5,0,0
1250,20.8531,1.0,0.0,-2.5,0.0,1.0,-9.5,0.0,0.0,1.0,1,1,template_ok,0,post_translation,0,0,0.9888,51.5,960.5,1884.5,988.5,599.5,546.5,1287.5,560.5,0,0
1251,20.8698,1.0,0.0,-2.5,0.0,1.0,-9.5,0.0,0.0,1.0,1,1,template_ok,0,post_translation,0,0,0.9898,51.5,960.5,1884.5,988.5,599.5,546.5,1287.5,560.5,0,0
1252,20.8865,1.0,0.0,-2.5,0.0,1.0,-9.5,0.0,0.0,1.0,1,1,template_ok,0,post_translation,0,0,0.9879,51.5,960.5,1884.5,988.5,599.5,546.5,1287.5,560.5,0,0
1253,20.9032,1.0,0.0,-2.5,0.0,1.0,-8.5,0.0,0.0,1.0,1,1,template_ok,0,post_translation,0,0,0.9851,51.5,961.5,1884.5,989.5,599.5,547.5,1287.5,561.5,0,0
1254,20.9199,1.0,0.0,-3.5,0.0,1.0,-9.5,0.0,0.0,1.0,1,1,template_ok,0,post_translation,0,0,0.9845,50.5,960.5,1883.5,988.5,598.5,546.5,1286.5,560.5,0,0
1255,20.9366,1.0,0.0,-3.5,0.0,1.0,-8.5,0.0,0.0,1.0,1,1,template_ok,0,post_translation,0,0,0.9867,50.5,961.5,1883.5,989.5,598.5,547.5,1286.5,561.5,0,0
1256,20.9532,1.0,0.0,-3.5,0.0,1.0,-8.5,0.0,0.0,1.0,1,1,template_ok,0,post_translation,0,0,0.9873,50.5,961.5,1883.5,989.5,598.5,547.5,1286.5,561.5,0,0
1257,20.9699,1.0,0.0,-3.5,0.0,1.0,-8.5,0.0,0.0,1.0,1,1,template_ok,0,post_translation,0,0,0.9883,50.5,961.5,1883.5,989.5,598.5,547.5,1286.5,561.5,0,0
1258,20.9866,1.0,0.0,-3.5,0.0,1.0,-8.5,0.0,0.0,1.0,1,1,template_ok,0,post_translation,0,0,0.9857,50.5,961.5,1883.5,989.5,598.5,547.5,1286.5,561.5,0,0
1259,21.0033,1.0,0.0,-3.5,0.0,1.0,-8.5,0.0,0.0,1.0,1,1,template_ok,0,post_translation,0,0,0.9856,50.5,961.5,1883.5,989.5,598.5,547.5,1286.5,561.5,0,0
1260,21.02,1.0,0.0,-3.5,0.0,1.0,-8.5,0.0,0.0,1.0,1,1,template_ok,0,post_translation,0,0,0.9826,50.5,961.5,1883.5,989.5,598.5,547.5,1286.5,561.5,0,0
1261,21.0367,1.0,0.0,-3.5,0.0,1.0,-8.5,0.0,0.0,1.0,1,1,template_ok,0,post_translation,0,0,0.982,50.5,961.5,1883.5,989.5,598.5,547.5,1286.5,561.5,0,0
1262,21.0533,1.0,0.0,-4.5,0.0,1.0,-8.5,0.0,0.0,1.0,1,1,template_ok,0,post_translation,0,0,0.9842,49.5,961.5,1882.5,989.5,597.5,547.5,1285.5,561.5,0,0
1263,21.07,1.0,0.0,-4.5,0.0,1.0,-8.5,0.0,0.0,1.0,1,1,template_ok,0,post_translation,0,0,0.9843,49.5,961.5,1882.5,989.5,597.5,547.5,1285.5,561.5,0,0
1264,21.0867,1.0,0.0,-4.5,0.0,1.0,-8.5,0.0,0.0,1.0,1,1,template_ok,0,post_translation,0,0,0.9867,49.5,961.5,1882.5,989.5,597.5,547.5,1285.5,561.5,0,0
1265,21.1034,1.0,0.0,-4.5,0.0,1.0,-9.5,0.0,0.0,1.0,1,1,template_ok,0,post_translation,0,0,0.9863,49.5,960.5,1882.5,988.5,597.5,546.5,1285.5,560.5,0,0
1266,21.1201,1.0,0.0,-4.5,0.0,1.0,-8.5,0.0,0.0,1.0,1,1,template_ok,0,post_translation,0,0,0.9888,49.5,961.5,1882.5,989.5,597.5,547.5,1285.5,561.5,0,0
1267,21.1367,1.0,0.0,-4.5,0.0,1.0,-8.5,0.0,0.0,1.0,1,1,template_ok,0,post_translation,0,0,0.9881,49.5,961.5,1882.5,989.5,597.5,547.5,1285.5,561.5,0,0
1268,21.1534,1.0,0.0,-4.5,0.0,1.0,-8.5,0.0,0.0,1.0,1,1,template_ok,0,post_translation,0,0,0.9847,49.5,961.5,1882.5,989.5,597.5,547.5,1285.5,561.5,0,0
1269,21.1701,1.0,0.0,-5.5,0.0,1.0,-8.5,0.0,0.0,1.0,1,1,template_ok,0,post_translation,0,0,0.9869,48.5,961.5,1881.5,989.5,596.5,547.5,1284.5,561.5,0,0
1270,21.1868,1.0,0.0,-5.5,0.0,1.0,-8.5,0.0,0.0,1.0,1,1,template_ok,0,post_translation,0,0,0.988,48.5,961.5,1881.5,989.5,596.5,547.5,1284.5,561.5,0,0
1271,21.2035,1.0,0.0,-5.5,0.0,1.0,-8.5,0.0,0.0,1.0,1,1,template_ok,0,post_translation,0,0,0.9857,48.5,961.5,1881.5,989.5,596.5,547.5,1284.5,561.5,0,0
1272,21.2202,1.0,0.0,-6.5,0.0,1.0,-7.5,0.0,0.0,1.0,1,1,template_ok,0,post_translation,0,0,0.9835,47.5,962.5,1880.5,990.5,595.5,548.5,1283.5,562.5,0,0
1273,21.2368,1.0,0.0,-6.5,0.0,1.0,-7.5,0.0,0.0,1.0,1,1,template_ok,0,post_translation,0,0,0.9896,47.5,962.5,1880.5,990.5,595.5,548.5,1283.5,562.5,0,0
1274,21.2535,1.0,0.0,-6.5,0.0,1.0,-7.5,0.0,0.0,1.0,1,1,template_ok,0,post_translation,0,0,0.9858,47.5,962.5,1880.5,990.5,595.5,548.5,1283.5,562.5,0,0
1275,21.2702,1.0,0.0,-7.5,0.0,1.0,-7.5,0.0,0.0,1.0,1,1,template_ok,0,post_translation,0,0,0.9861,46.5,962.5,1879.5,990.5,594.5,548.5,1282.5,562.5,0,0
1276,21.2869,1.0,0.0,-7.5,0.0,1.0,-7.5,0.0,0.0,1.0,1,1,template_ok,0,post_translation,0,0,0.9881,46.5,962.5,1879.5,990.5,594.5,548.5,1282.5,562.5,0,0
1277,21.3036,1.0,0.0,-7.5,0.0,1.0,-6.5,0.0,0.0,1.0,1,1,template_ok,0,post_translation,0,0,0.9869,46.5,963.5,1879.5,991.5,594.5,549.5,1282.5,563.5,0,0
1278,21.3203,1.0,0.0,-8.5,0.0,1.0,-6.5,0.0,0.0,1.0,1,1,template_ok,0,post_translation,0,0,0.986,45.5,963.5,1878.5,991.5,593.5,549.5,1281.5,563.5,0,0
1279,21.3369,1.0,0.0,-8.5,0.0,1.0,-6.5,0.0,0.0,1.0,1,1,template_ok,0,post_translation,0,0,0.9892,45.5,963.5,1878.5,991.5,593.5,549.5,1281.5,563.5,0,0
1280,21.3536,1.0,0.0,-8.5,0.0,1.0,-6.5,0.0,0.0,1.0,1,1,template_ok,0,post_translation,0,0,0.9859,45.5,963.5,1878.5,991.5,593.5,549.5,1281.5,563.5,0,0
1281,21.3703,1.0,0.0,-9.5,0.0,1.0,-6.5,0.0,0.0,1.0,1,1,template_ok,0,post_translation,0,0,0.9861,44.5,963.5,1877.5,991.5,592.5,549.5,1280.5,563.5,0,0
1282,21.387,1.0,0.0,-9.5,0.0,1.0,-5.5,0.0,0.0,1.0,1,1,template_ok,0,post_translation,0,0,0.9885,44.5,964.5,1877.5,992.5,592.5,550.5,1280.5,564.5,0,0
1283,21.4037,1.0,0.0,-9.5,0.0,1.0,-5.5,0.0,0.0,1.0,1,1,template_ok,0,post_translation,0,0,0.9849,44.5,964.5,1877.5,992.5,592.5,550.5,1280.5,564.5,0,0
1284,21.4203,1.0,0.0,-10.5,0.0,1.0,-5.5,0.0,0.0,1.0,1,1,template_ok,0,post_translation,0,0,0.9856,43.5,964.5,1876.5,992.5,591.5,550.5,1279.5,564.5,0,0
1285,21.437,1.0,0.0,-10.5,0.0,1.0,-5.5,0.0,0.0,1.0,1,1,template_ok,0,post_translation,0,0,0.9882,43.5,964.5,1876.5,992.5,591.5,550.5,1279.5,564.5,0,0
1286,21.4537,1.0,0.0,-11.5,0.0,1.0,-5.5,0.0,0.0,1.0,1,1,template_ok,0,post_translation,0,0,0.9838,42.5,964.5,1875.5,992.5,590.5,550.5,1278.5,564.5,0,0
1287,21.4704,1.0,0.0,-11.5,0.0,1.0,-4.5,0.0,0.0,1.0,1,1,template_ok,0,post_translation,0,0,0.9896,42.5,965.5,1875.5,993.5,590.5,551.5,1278.5,565.5,0,0
1288,21.4871,1.0,0.0,-11.5,0.0,1.0,-4.5,0.0,0.0,1.0,1,1,template_ok,0,post_translation,0,0,0.9869,42.5,965.5,1875.5,993.5,590.5,551.5,1278.5,565.5,0,0
1289,21.5038,1.0,0.0,-12.5,0.0,1.0,-4.5,0.0,0.0,1.0,1,1,template_ok,0,post_translation,0,0,0.987,41.5,965.5,1874.5,993.5,589.5,551.5,1277.5,565.5,0,0
1290,21.5204,1.0,0.0,-12.5,0.0,1.0,-4.5,0.0,0.0,1.0,1,1,template_ok,0,post_translation,0,0,0.9884,41.5,965.5,1874.5,993.5,589.5,551.5,1277.5,565.5,0,0
1291,21.5371,1.0,0.0,-13.5,0.0,1.0,-3.5,0.0,0.0,1.0,1,1,template_ok,0,post_translation,0,0,0.9834,40.5,966.5,1873.5,994.5,588.5,552.5,1276.5,566.5,0,0
1292,21.5538,1.0,0.0,-13.5,0.0,1.0,-3.5,0.0,0.0,1.0,1,1,template_ok,0,post_translation,0,0,0.989,40.5,966.5,1873.5,994.5,588.5,552.5,1276.5,566.5,0,0
1293,21.5705,1.0,0.0,-13.5,0.0,1.0,-3.5,0.0,0.0,1.0,1,1,template_ok,0,post_translation,0,0,0.9893,40.5,966.5,1873.5,994.5,588.5,552.5,1276.5,566.5,0,0
1294,21.5872,1.0,0.0,-14.5,0.0,1.0,-3.5,0.0,0.0,1.0,1,1,template_ok,0,post_translation,0,0,0.9835,39.5,966.5,1872.5,994.5,587.5,552.5,1275.5,566.5,0,0
1295,21.6039,1.0,0.0,-14.5,0.0,1.0,-2.5,0.0,0.0,1.0,1,1,template_ok,0,post_translation,0,0,0.9884,39.5,967.5,1872.5,995.5,587.5,553.5,1275.5,567.5,0,0
1296,21.6205,1.0,0.0,-14.5,0.0,1.0,-2.5,0.0,0.0,1.0,1,1,template_ok,0,post_translation,0,0,0.9874,39.5,967.5,1872.5,995.5,587.5,553.5,1275.5,567.5,0,0
1297,21.6372,1.0,0.0,-14.5,0.0,1.0,-2.5,0.0,0.0,1.0,1,1,template_ok,0,post_translation,0,0,0.9831,39.5,967.5,1872.5,995.5,587.5,553.5,1275.5,567.5,0,0
1298,21.6539,1.0,0.0,-15.5,0.0,1.0,-1.5,0.0,0.0,1.0,1,1,template_ok,0,post_translation,0,0,0.9888,38.5,968.5,1871.5,996.5,586.5,554.5,1274.5,568.5,0,0
1299,21.6706,1.0,0.0,-15.5,0.0,1.0,-1.5,0.0,0.0,1.0,1,1,template_ok,0,post_translation,0,0,0.9886,38.5,968.5,1871.5,996.5,586.5,554.5,1274.5,568.5,0,0
1300,21.6873,1.0,0.0,-15.5,0.0,1.0,-1.5,0.0,0.0,1.0,1,1,template_ok,0,post_translation,0,0,0.9852,38.5,968.5,1871.5,996.5,586.5,554.5,1274.5,568.5,0,0
1301,21.704,1.0,0.0,-16.5,0.0,1.0,-0.5,0.0,0.0,1.0,1,1,template_ok,0,post_translation,0,0,0.9876,37.5,969.5,1870.5,997.5,585.5,555.5,1273.5,569.5,0,0
1302,21.7206,1.0,0.0,-16.5,0.0,1.0,-0.5,0.0,0.0,1.0,1,1,template_ok,0,post_translation,0,0,0.9889,37.5,969.5,1870.5,997.5,585.5,555.5,1273.5,569.5,0,0
1303,21.7373,1.0,0.0,-16.5,0.0,1.0,-0.5,0.0,0.0,1.0,1,1,template_ok,0,post_translation,0,0,0.9855,37.5,969.5,1870.5,997.5,585.5,555.5,1273.5,569.5,0,0
1304,21.754,1.0,0.0,-17.5,0.0,1.0,0.5,0.0,0.0,1.0,1,1,template_ok,0,post_translation,0,0,0.9816,36.5,970.5,1869.5,998.5,584.5,556.5,1272.5,570.5,0,0
1305,21.7707,1.0,0.0,-17.5,0.0,1.0,0.5,0.0,0.0,1.0,1,1,template_ok,0,post_translation,0,0,0.9887,36.5,970.5,1869.5,998.5,584.5,556.5,1272.5,570.5,0,0
1306,21.7874,1.0,0.0,-17.5,0.0,1.0,0.5,0.0,0.0,1.0,1,1,template_ok,0,post_translation,0,0,0.9894,36.5,970.5,1869.5,998.5,584.5,556.5,1272.5,570.5,0,0
1307,21.804,1.0,0.0,-17.5,0.0,1.0,1.5,0.0,0.0,1.0,1,1,template_ok,0,post_translation,0,0,0.9877,36.5,971.5,1869.5,999.5,584.5,557.5,1272.5,571.5,0,0
1308,21.8207,1.0,0.0,-17.5,0.0,1.0,1.5,0.0,0.0,1.0,1,1,template_ok,0,post_translation,0,0,0.9831,36.5,971.5,1869.5,999.5,584.5,557.5,1272.5,571.5,0,0
1309,21.8374,1.0,0.0,-18.5,0.0,1.0,1.5,0.0,0.0,1.0,1,1,template_ok,0,post_translation,0,0,0.9869,35.5,971.5,1868.5,999.5,583.5,557.5,1271.5,571.5,0,0
1310,21.8541,1.0,0.0,-18.5,0.0,1.0,2.5,0.0,0.0,1.0,1,1,template_ok,0,post_translation,0,0,0.9884,35.5,972.5,1868.5,1000.5,583.5,558.5,1271.5,572.5,0,0
1311,21.8708,1.0,0.0,-18.5,0.0,1.0,2.5,0.0,0.0,1.0,1,1,template_ok,0,post_translation,0,0,0.9867,35.5,972.5,1868.5,1000.5,583.5,558.5,1271.5,572.5,0,0
1312,21.8875,1.0,0.0,-19.5,0.0,1.0,2.5,0.0,0.0,1.0,1,1,template_ok,0,post_translation,0,0,0.9831,34.5,972.5,1867.5,1000.5,582.5,558.5,1270.5,572.5,0,0
1313,21.9041,1.0,0.0,-19.5,0.0,1.0,3.5,0.0,0.0,1.0,1,1,template_ok,0,post_translation,0,0,0.9897,34.5,973.5,1867.5,1001.5,582.5,559.5,1270.5,573.5,0,0
1314,21.9208,1.0,0.0,-19.5,0.0,1.0,3.5,0.0,0.0,1.0,1,1,template_ok,0,post_translation,0,0,0.9887,34.5,973.5,1867.5,1001.5,582.5,559.5,1270.5,573.5,0,0
1315,21.9375,1.0,0.0,-20.5,0.0,1.0,4.5,0.0,0.0,1.0,1,1,template_ok,0,post_translation,0,0,0.9847,33.5,974.5,1866.5,1002.5,581.5,560.5,1269.5,574.5,0,0
1316,21.9542,1.0,0.0,-20.5,0.0,1.0,4.5,0.0,0.0,1.0,1,1,template_ok,0,post_translation,0,0,0.9889,33.5,974.5,1866.5,1002.5,581.5,560.5,1269.5,574.5,0,0
1317,21.9709,1.0,0.0,-20.5,0.0,1.0,5.5,0.0,0.0,1.0,1,1,template_ok,0,post_translation,0,0,0.9894,33.5,975.5,1866.5,1003.5,581.5,561.5,1269.5,575.5,0,0
1318,21.9876,1.0,0.0,-20.5,0.0,1.0,5.5,0.0,0.0,1.0,1,1,template_ok,0,post_translation,0,0,0.9836,33.5,975.5,1866.5,1003.5,581.5,561.5,1269.5,575.5,0,0
1319,22.0042,1.0,0.0,-21.5,0.0,1.0,6.5,0.0,0.0,1.0,1,1,template_ok,0,post_translation,0,0,0.9871,32.5,976.5,1865.5,1004.5,580.5,562.5,1268.5,576.5,0,0
1320,22.0209,1.0,0.0,-21.5,0.0,1.0,6.5,0.0,0.0,1.0,1,1,template_ok,0,post_translation,0,0,0.9883,32.5,976.5,1865.5,1004.5,580.5,562.5,1268.5,576.5,0,0
1321,22.0376,1.0,0.0,-21.5,0.0,1.0,7.5,0.0,0.0,1.0,1,1,template_ok,0,post_translation,0,0,0.9873,32.5,977.5,1865.5,1005.5,580.5,563.5,1268.5,577.5,0,0
1322,22.0543,1.0,0.0,-22.5,0.0,1.0,7.5,0.0,0.0,1.0,1,1,template_ok,0,post_translation,0,0,0.9839,31.5,977.5,1864.5,1005.5,579.5,563.5,1267.5,577.5,0,0
1323,22.071,1.0,0.0,-22.5,0.0,1.0,8.5,0.0,0.0,1.0,1,1,template_ok,0,post_translation,0,0,0.9906,31.5,978.5,1864.5,1006.5,579.5,564.5,1267.5,578.5,0,0
1324,22.0876,1.0,0.0,-23.5,0.0,1.0,8.5,0.0,0.0,1.0,1,1,template_ok,0,post_translation,0,0,0.984,30.5,978.5,1863.5,1006.5,578.5,564.5,1266.5,578.5,0,0
1325,22.1043,1.0,0.0,-23.5,0.0,1.0,9.5,0.0,0.0,1.0,1,1,template_ok,0,post_translation,0,0,0.9908,30.5,979.5,1863.5,1007.5,578.5,565.5,1266.5,579.5,0,0
1326,22.121,1.0,0.0,-23.5,0.0,1.0,10.5,0.0,0.0,1.0,1,1,template_ok,0,post_translation,0,0,0.989,30.5,980.5,1863.5,1008.5,578.5,566.5,1266.5,580.5,0,0
1327,22.1377,1.0,0.0,-24.5,0.0,1.0,10.5,0.0,0.0,1.0,1,1,template_ok,0,post_translation,0,0,0.9891,29.5,980.5,1862.5,1008.5,577.5,566.5,1265.5,580.5,0,0
1328,22.1544,1.0,0.0,-24.5,0.0,1.0,11.5,0.0,0.0,1.0,1,1,template_ok,0,post_translation,0,0,0.9894,29.5,981.5,1862.5,1009.5,577.5,567.5,1265.5,581.5,0,0
1329,22.1711,1.0,0.0,-24.5,0.0,1.0,12.5,0.0,0.0,1.0,1,1,template_ok,0,post_translation,0,0,0.9867,29.5,982.5,1862.5,1010.5,577.5,568.5,1265.5,582.5,0,0
1330,22.1877,1.0,0.0,-25.5,0.0,1.0,13.5,0.0,0.0,1.0,1,1,template_ok,0,post_translation,0,0,0.9872,28.5,983.5,1861.5,1011.5,576.5,569.5,1264.5,583.5,0,0
1331,22.2044,1.0,0.0,-25.5,0.0,1.0,14.5,0.0,0.0,1.0,1,1,template_ok,0,post_translation,0,0,0.9899,28.5,984.5,1861.5,1012.5,576.5,570.5,1264.5,584.5,0,0
1332,22.2211,1.0,0.0,-25.5,0.0,1.0,14.5,0.0,0.0,1.0,1,1,template_ok,0,post_translation,0,0,0.987,28.5,984.5,1861.5,1012.5,576.5,570.5,1264.5,584.5,0,0
1333,22.2378,1.0,0.0,-26.5,0.0,1.0,15.5,0.0,0.0,1.0,1,1,template_ok,0,post_translation,0,0,0.9831,27.5,985.5,1860.5,1013.5,575.5,571.5,1263.5,585.5,0,0
1334,22.2545,1.0,0.0,-26.5,0.0,1.0,16.5,0.0,0.0,1.0,1,1,template_ok,0,post_translation,0,0,0.9896,27.5,986.5,1860.5,1014.5,575.5,572.5,1263.5,586.5,0,0
1335,22.2712,1.0,0.0,-26.5,0.0,1.0,17.5,0.0,0.0,1.0,1,1,template_ok,0,post_translation,0,0,0.9875,27.5,987.5,1860.5,1015.5,575.5,573.5,1263.5,587.5,0,0
1336,22.2878,1.0,0.0,-26.5,0.0,1.0,18.5,0.0,0.0,1.0,1,1,template_ok,0,post_translation,0,0,0.9825,27.5,988.5,1860.5,1016.5,575.5,574.5,1263.5,588.5,0,0
1337,22.3045,1.0,0.0,-27.5,0.0,1.0,18.5,0.0,0.0,1.0,1,1,template_ok,0,post_translation,0,0,0.9882,26.5,988.5,1859.5,1016.5,574.5,574.5,1262.5,588.5,0,0
1338,22.3212,1.0,0.0,-27.5,0.0,1.0,19.5,0.0,0.0,1.0,1,1,template_ok,0,post_translation,0,0,0.9898,26.5,989.5,1859.5,1017.5,574.5,575.5,1262.5,589.5,0,0
1339,22.3379,1.0,0.0,-27.5,0.0,1.0,19.5,0.0,0.0,1.0,1,1,template_ok,0,post_translation,0,0,0.989,26.5,989.5,1859.5,1017.5,574.5,575.5,1262.5,589.5,0,0
1340,22.3546,1.0,0.0,-27.5,0.0,1.0,20.5,0.0,0.0,1.0,1,1,template_ok,0,post_translation,0,0,0.9858,26.5,990.5,1859.5,1018.5,574.5,576.5,1262.5,590.5,0,0
1341,22.3713,1.0,0.0,-28.5,0.0,1.0,20.5,0.0,0.0,1.0,1,1,template_ok,0,post_translation,0,0,0.9838,25.5,990.5,1858.5,1018.5,573.5,576.5,1261.5,590.5,0,0
1342,22.3879,1.0,0.0,-28.5,0.0,1.0,21.5,0.0,0.0,1.0,1,1,template_ok,0,post_translation,0,0,0.9875,25.5,991.5,1858.5,1019.5,573.5,577.5,1261.5,591.5,0,0
1343,22.4046,1.0,0.0,-28.5,0.0,1.0,21.5,0.0,0.0,1.0,1,1,template_ok,0,post_translation,0,0,0.988,25.5,991.5,1858.5,1019.5,573.5,577.5,1261.5,591.5,0,0
1344,22.4213,1.0,0.0,-28.5,0.0,1.0,22.5,0.0,0.0,1.0,1,1,template_ok,0,post_translation,0,0,0.9885,25.5,992.5,1858.5,1020.5,573.5,578.5,1261.5,592.5,0,0
1345,22.438,1.0,0.0,-28.5,0.0,1.0,22.5,0.0,0.0,1.0,1,1,template_ok,0,post_translation,0,0,0.9895,25.5,992.5,1858.5,1020.5,573.5,578.5,1261.5,592.5,0,0
1346,22.4547,1.0,0.0,-28.5,0.0,1.0,23.5,0.0,0.0,1.0,1,1,template_ok,0,post_translation,0,0,0.9903,25.5,993.5,1858.5,1021.5,573.5,579.5,1261.5,593.5,0,0
1347,22.4713,1.0,0.0,-28.5,0.0,1.0,23.5,0.0,0.0,1.0,1,1,template_ok,0,post_translation,0,0,0.9906,25.5,993.5,1858.5,1021.5,573.5,579.5,1261.5,593.5,0,0
1348,22.488,1.0,0.0,-28.5,0.0,1.0,23.5,0.0,0.0,1.0,1,1,template_ok,0,post_translation,0,0,0.9894,25.5,993.5,1858.5,1021.5,573.5,579.5,1261.5,593.5,0,0
1349,22.5047,1.0,0.0,-28.5,0.0,1.0,24.5,0.0,0.0,1.0,1,1,template_ok,0,post_translation,0,0,0.9883,25.5,994.5,1858.5,1022.5,573.5,580.5,1261.5,594.5,0,0
1350,22.5214,1.0,0.0,-28.5,0.0,1.0,24.5,0.0,0.0,1.0,1,1,template_ok,0,post_translation,0,0,0.9886,25.5,994.5,1858.5,1022.5,573.5,580.5,1261.5,594.5,0,0
1351,22.5381,1.0,0.0,-28.5,0.0,1.0,24.5,0.0,0.0,1.0,1,1,template_ok,0,post_translation,0,0,0.9875,25.5,994.5,1858.5,1022.5,573.5,580.5,1261.5,594.5,0,0
1352,22.5548,1.0,0.0,-28.5,0.0,1.0,24.5,0.0,0.0,1.0,1,1,template_ok,0,post_translation,0,0,0.986,25.5,994.5,1858.5,1022.5,573.5,580.5,1261.5,594.5,0,0
1353,22.5714,1.0,0.0,-28.5,0.0,1.0,25.5,0.0,0.0,1.0,1,1,template_ok,0,post_translation,0,0,0.9854,25.5,995.5,1858.5,1023.5,573.5,581.5,1261.5,595.5,0,0
1354,22.5881,1.0,0.0,-29.5,0.0,1.0,25.5,0.0,0.0,1.0,1,1,template_ok,0,post_translation,0,0,0.9858,24.5,995.5,1857.5,1023.5,572.5,581.5,1260.5,595.5,0,0
1355,22.6048,1.0,0.0,-29.5,0.0,1.0,25.5,0.0,0.0,1.0,1,1,template_ok,0,post_translation,0,0,0.986,24.5,995.5,1857.5,1023.5,572.5,581.5,1260.5,595.5,0,0
1356,22.6215,1.0,0.0,-29.5,0.0,1.0,25.5,0.0,0.0,1.0,1,1,template_ok,0,post_translation,0,0,0.9854,24.5,995.5,1857.5,1023.5,572.5,581.5,1260.5,595.5,0,0
1357,22.6382,1.0,0.0,-29.5,0.0,1.0,25.5,0.0,0.0,1.0,1,1,template_ok,0,post_translation,0,0,0.9843,24.5,995.5,1857.5,1023.5,572.5,581.5,1260.5,595.5,0,0
1358,22.6549,1.0,0.0,-29.5,0.0,1.0,26.5,0.0,0.0,1.0,1,1,template_ok,0,post_translation,0,0,0.9873,24.5,996.5,1857.5,1024.5,572.5,582.5,1260.5,596.5,0,0
1359,22.6715,1.0,0.0,-29.5,0.0,1.0,26.5,0.0,0.0,1.0,1,1,template_ok,0,post_translation,0,0,0.9865,24.5,996.5,1857.5,1024.5,572.5,582.5,1260.5,596.5,0,0
1360,22.6882,1.0,0.0,-28.5,0.0,1.0,26.5,0.0,0.0,1.0,1,1,template_ok,0,post_translation,0,0,0.9844,25.5,996.5,1858.5,1024.5,573.5,582.5,1261.5,596.5,0,0
1361,22.7049,1.0,0.0,-29.5,0.0,1.0,26.5,0.0,0.0,1.0,1,1,template_ok,0,post_translation,0,0,0.9839,24.5,996.5,1857.5,1024.5,572.5,582.5,1260.5,596.5,0,0
1362,22.7216,1.0,0.0,-28.5,0.0,1.0,26.5,0.0,0.0,1.0,1,1,template_ok,0,post_translation,0,0,0.9876,25.5,996.5,1858.5,1024.5,573.5,582.5,1261.5,596.5,0,0
1363,22.7383,1.0,0.0,-28.5,0.0,1.0,26.5,0.0,0.0,1.0,1,1,template_ok,0,post_translation,0,0,0.9886,25.5,996.5,1858.5,1024.5,573.5,582.5,1261.5,596.5,0,0
1364,22.755,1.0,0.0,-28.5,0.0,1.0,26.5,0.0,0.0,1.0,1,1,template_ok,0,post_translation,0,0,0.9887,25.5,996.5,1858.5,1024.5,573.5,582.5,1261.5,596.5,0,0
1365,22.7716,1.0,0.0,-28.5,0.0,1.0,26.5,0.0,0.0,1.0,1,1,template_ok,0,post_translation,0,0,0.9895,25.5,996.5,1858.5,1024.5,573.5,582.5,1261.5,596.5,0,0
1366,22.7883,1.0,0.0,-28.5,0.0,1.0,26.5,0.0,0.0,1.0,1,1,template_ok,0,post_translation,0,0,0.9897,25.5,996.5,1858.5,1024.5,573.5,582.5,1261.5,596.5,0,0
1367,22.805,1.0,0.0,-28.5,0.0,1.0,26.5,0.0,0.0,1.0,1,1,template_ok,0,post_translation,0,0,0.9894,25.5,996.5,1858.5,1024.5,573.5,582.5,1261.5,596.5,0,0
1368,22.8217,1.0,0.0,-28.5,0.0,1.0,26.5,0.0,0.0,1.0,1,1,template_ok,0,post_translation,0,0,0.9867,25.5,996.5,1858.5,1024.5,573.5,582.5,1261.5,596.5,0,0
1369,22.8384,1.0,0.0,-28.5,0.0,1.0,26.5,0.0,0.0,1.0,1,1,template_ok,0,post_translation,0,0,0.9866,25.5,996.5,1858.5,1024.5,573.5,582.5,1261.5,596.5,0,0
1370,22.855,1.0,0.0,-28.5,0.0,1.0,26.5,0.0,0.0,1.0,1,1,template_ok,0,post_translation,0,0,0.985,25.5,996.5,1858.5,1024.5,573.5,582.5,1261.5,596.5,0,0
1371,22.8717,1.0,0.0,-27.5,0.0,1.0,26.5,0.0,0.0,1.0,1,1,template_ok,0,post_translation,0,0,0.985,26.5,996.5,1859.5,1024.5,574.5,582.5,1262.5,596.5,0,0
1372,22.8884,1.0,0.0,-27.5,0.0,1.0,26.5,0.0,0.0,1.0,1,1,template_ok,0,post_translation,0,0,0.9881,26.5,996.5,1859.5,1024.5,574.5,582.5,1262.5,596.5,0,0
1373,22.9051,1.0,0.0,-27.5,0.0,1.0,26.5,0.0,0.0,1.0,1,1,template_ok,0,post_translation,0,0,0.9894,26.5,996.5,1859.5,1024.5,574.5,582.5,1262.5,596.5,0,0
1374,22.9218,1.0,0.0,-27.5,0.0,1.0,26.5,0.0,0.0,1.0,1,1,template_ok,0,post_translation,0,0,0.9879,26.5,996.5,1859.5,1024.5,574.5,582.5,1262.5,596.5,0,0
1375,22.9385,1.0,0.0,-27.5,0.0,1.0,26.5,0.0,0.0,1.0,1,1,template_ok,0,post_translation,0,0,0.9845,26.5,996.5,1859.5,1024.5,574.5,582.5,1262.5,596.5,0,0
1376,22.9551,1.0,0.0,-26.5,0.0,1.0,26.5,0.0,0.0,1.0,1,1,template_ok,0,post_translation,0,0,0.9866,27.5,996.5,1860.5,1024.5,575.5,582.5,1263.5,596.5,0,0
1377,22.9718,1.0,0.0,-26.5,0.0,1.0,26.5,0.0,0.0,1.0,1,1,template_ok,0,post_translation,0,0,0.9905,27.5,996.5,1860.5,1024.5,575.5,582.5,1263.5,596.5,0,0
1378,22.9885,1.0,0.0,-25.5,0.0,1.0,26.5,0.0,0.0,1.0,1,1,template_ok,0,post_translation,0,0,0.984,28.5,996.5,1861.5,1024.5,576.5,582.5,1264.5,596.5,0,0
1379,23.0052,1.0,0.0,-25.5,0.0,1.0,26.5,0.0,0.0,1.0,1,1,template_ok,0,post_translation,0,0,0.9874,28.5,996.5,1861.5,1024.5,576.5,582.5,1264.5,596.5,0,0
1380,23.0219,1.0,0.0,-25.5,0.0,1.0,25.5,0.0,0.0,1.0,1,1,template_ok,0,post_translation,0,0,0.9899,28.5,995.5,1861.5,1023.5,576.5,581.5,1264.5,595.5,0,0
1381,23.0386,1.0,0.0,-25.5,0.0,1.0,25.5,0.0,0.0,1.0,1,1,template_ok,0,post_translation,0,0,0.9851,28.5,995.5,1861.5,1023.5,576.5,581.5,1264.5,595.5,0,0
1382,23.0552,1.0,0.0,-24.5,0.0,1.0,24.5,0.0,0.0,1.0,1,1,template_ok,0,post_translation,0,0,0.9873,29.5,994.5,1862.5,1022.5,577.5,580.5,1265.5,594.5,0,0
1383,23.0719,1.0,0.0,-24.5,0.0,1.0,24.5,0.0,0.0,1.0,1,1,template_ok,0,post_translation,0,0,0.9897,29.5,994.5,1862.5,1022.5,577.5,580.5,1265.5,594.5,0,0
1384,23.0886,1.0,0.0,-23.5,0.0,1.0,23.5,0.0,0.0,1.0,1,1,template_ok,0,post_translation,0,0,0.9837,30.5,993.5,1863.5,1021.5,578.5,579.5,1266.5,593.5,0,0
1385,23.1053,1.0,0.0,-23.5,0.0,1.0,23.5,0.0,0.0,1.0,1,1,template_ok,0,post_translation,0,0,0.9909,30.5,993.5,1863.5,1021.5,578.5,579.5,1266.5,593.5,0,0
1386,23.122,1.0,0.0,-22.5,0.0,1.0,22.5,0.0,0.0,1.0,1,1,template_ok,0,post_translation,0,0,0.9891,31.5,992.5,1864.5,1020.5,579.5,578.5,1267.5,592.5,0,0
1387,23.1386,1.0,0.0,-21.5,0.0,1.0,21.5,0.0,0.0,1.0,1,1,template_ok,0,post_translation,0,0,0.9864,32.5,991.5,1865.5,1019.5,580.5,577.5,1268.5,591.5,0,0
1388,23.1553,1.0,0.0,-20.5,0.0,1.0,20.5,0.0,0.0,1.0,1,1,template_ok,0,post_translation,0,0,0.9858,33.5,990.5,1866.5,1018.5,581.5,576.5,1269.5,590.5,0,0
1389,23.172,1.0,0.0,-18.5,0.0,1.0,20.5,0.0,0.0,1.0,1,1,template_ok,0,post_translation,0,0,0.9729,35.5,990.5,1868.5,1018.5,583.5,576.5,1271.5,590.5,0,0
1390,23.1887,1.0,0.0,-16.5,0.0,1.0,19.5,0.0,0.0,1.0,1,1,template_ok,0,post_translation,0,0,0.9728,37.5,989.5,1870.5,1017.5,585.5,575.5,1273.5,589.5,0,0
1391,23.2054,1.0,0.0,-14.5,0.0,1.0,18.5,0.0,0.0,1.0,1,1,template_ok,0,post_translation,0,0,0.9735,39.5,988.5,1872.5,1016.5,587.5,574.5,1275.5,588.5,0,0
1392,23.2221,1.0,0.0,-12.5,0.0,1.0,17.5,0.0,0.0,1.0,1,1,template_ok,0,post_translation,0,0,0.9883,41.5,987.5,1874.5,1015.5,589.5,573.5,1277.5,587.5,0,0
1393,23.2387,1.0,0.0,-10.5,0.0,1.0,17.5,0.0,0.0,1.0,1,1,template_ok,0,post_translation,0,0,0.9843,43.5,987.5,1876.5,1015.5,591.5,573.5,1279.5,587.5,0,0
1394,23.2554,1.0,0.0,-8.5,0.0,1.0,16.5,0.0,0.0,1.0,1,1,template_ok,0,post_translation,0,0,0.9878,45.5,986.5,1878.5,1014.5,593.5,572.5,1281.5,586.5,0,0
1395,23.2721,1.0,0.0,-6.5,0.0,1.0,15.5,0.0,0.0,1.0,1,1,template_ok,0,post_translation,0,0,0.989,47.5,985.5,1880.5,1013.5,595.5,571.5,1283.5,585.5,0,0
1396,23.2888,1.0,0.0,-5.5,0.0,1.0,15.5,0.0,0.0,1.0,1,1,template_ok,0,post_translation,0,0,0.9902,48.5,985.5,1881.5,1013.5,596.5,571.5,1284.5,585.5,0,0
1397,23.3055,1.0,0.0,-5.5,0.0,1.0,15.5,0.0,0.0,1.0,1,1,template_ok,0,post_translation,0,0,0.9888,48.5,985.5,1881.5,1013.5,596.5,571.5,1284.5,585.5,0,0
1398,23.3222,1.0,0.0,-4.5,0.0,1.0,15.5,0.0,0.0,1.0,1,1,template_ok,0,post_translation,0,0,0.9901,49.5,985.5,1882.5,1013.5,597.5,571.5,1285.5,585.5,0,0
1399,23.3388,1.0,0.0,-4.5,0.0,1.0,14.5,0.0,0.0,1.0,1,1,template_ok,0,post_translation,0,0,0.9898,49.5,984.5,1882.5,1012.5,597.5,570.5,1285.5,584.5,0,0
1400,23.3555,1.0,0.0,-4.5,0.0,1.0,14.5,0.0,0.0,1.0,1,1,template_ok,0,post_translation,0,0,0.9874,49.5,984.5,1882.5,1012.5,597.5,570.5,1285.5,584.5,0,0
1401,23.3722,1.0,0.0,-4.5,0.0,1.0,14.5,0.0,0.0,1.0,1,1,template_ok,0,post_translation,0,0,0.9876,49.5,984.5,1882.5,1012.5,597.5,570.5,1285.5,584.5,0,0
1402,23.3889,1.0,0.0,-4.5,0.0,1.0,14.5,0.0,0.0,1.0,1,1,template_ok,0,post_translation,0,0,0.9869,49.5,984.5,1882.5,1012.5,597.5,570.5,1285.5,584.5,0,0
1403,23.4056,1.0,0.0,-3.5,0.0,1.0,14.5,0.0,0.0,1.0,1,1,template_ok,0,post_translation,0,0,0.986,50.5,984.5,1883.5,1012.5,598.5,570.5,1286.5,584.5,0,0
1404,23.4223,1.0,0.0,-4.5,0.0,1.0,14.5,0.0,0.0,1.0,1,1,template_ok,0,post_translation,0,0,0.9858,49.5,984.5,1882.5,1012.5,597.5,570.5,1285.5,584.5,0,0
1405,23.4389,1.0,0.0,-4.5,0.0,1.0,13.5,0.0,0.0,1.0,1,1,template_ok,0,post_translation,0,0,0.9863,49.5,983.5,1882.5,1011.5,597.5,569.5,1285.5,583.5,0,0
1406,23.4556,1.0,0.0,-4.5,0.0,1.0,13.5,0.0,0.0,1.0,1,1,template_ok,0,post_translation,0,0,0.9887,49.5,983.5,1882.5,1011.5,597.5,569.5,1285.5,583.5,0,0
1407,23.4723,1.0,0.0,-4.5,0.0,1.0,13.5,0.0,0.0,1.0,1,1,template_ok,0,post_translation,0,0,0.9899,49.5,983.5,1882.5,1011.5,597.5,569.5,1285.5,583.5,0,0
1408,23.489,1.0,0.0,-4.5,0.0,1.0,13.5,0.0,0.0,1.0,1,1,template_ok,0,post_translation,0,0,0.9895,49.5,983.5,1882.5,1011.5,597.5,569.5,1285.5,583.5,0,0
1409,23.5057,1.0,0.0,-4.5,0.0,1.0,13.5,0.0,0.0,1.0,1,1,template_ok,0,post_translation,0,0,0.9886,49.5,983.5,1882.5,1011.5,597.5,569.5,1285.5,583.5,0,0
1410,23.5223,1.0,0.0,-4.5,0.0,1.0,13.5,0.0,0.0,1.0,1,1,template_ok,0,post_translation,0,0,0.9889,49.5,983.5,1882.5,1011.5,597.5,569.5,1285.5,583.5,0,0
1411,23.539,1.0,0.0,-4.5,0.0,1.0,13.5,0.0,0.0,1.0,1,1,template_ok,0,post_translation,0,0,0.9888,49.5,983.5,1882.5,1011.5,597.5,569.5,1285.5,583.5,0,0
1412,23.5557,1.0,0.0,-4.5,0.0,1.0,13.5,0.0,0.0,1.0,1,1,template_ok,0,post_translation,0,0,0.9885,49.5,983.5,1882.5,1011.5,597.5,569.5,1285.5,583.5,0,0
1413,23.5724,1.0,0.0,-4.5,0.0,1.0,13.5,0.0,0.0,1.0,1,1,template_ok,0,post_translation,0,0,0.9906,49.5,983.5,1882.5,1011.5,597.5,569.5,1285.5,583.5,0,0
1414,23.5891,1.0,0.0,-4.5,0.0,1.0,13.5,0.0,0.0,1.0,1,1,template_ok,0,post_translation,0,0,0.9898,49.5,983.5,1882.5,1011.5,597.5,569.5,1285.5,583.5,0,0
1415,23.6058,1.0,0.0,-4.5,0.0,1.0,13.5,0.0,0.0,1.0,1,1,template_ok,0,post_translation,0,0,0.9897,49.5,983.5,1882.5,1011.5,597.5,569.5,1285.5,583.5,0,0
1416,23.6224,1.0,0.0,-4.5,0.0,1.0,12.5,0.0,0.0,1.0,1,1,template_ok,0,post_translation,0,0,0.9876,49.5,982.5,1882.5,1010.5,597.5,568.5,1285.5,582.5,0,0
1417,23.6391,1.0,0.0,-4.5,0.0,1.0,13.5,0.0,0.0,1.0,1,1,template_ok,0,post_translation,0,0,0.9857,49.5,983.5,1882.5,1011.5,597.5,569.5,1285.5,583.5,0,0
1418,23.6558,1.0,0.0,-5.5,0.0,1.0,13.5,0.0,0.0,1.0,1,1,template_ok,0,post_translation,0,0,0.984,48.5,983.5,1881.5,1011.5,596.5,569.5,1284.5,583.5,0,0
1419,23.6725,1.0,0.0,-5.5,0.0,1.0,12.5,0.0,0.0,1.0,1,1,template_ok,0,post_translation,0,0,0.9855,48.5,982.5,1881.5,1010.5,596.5,568.5,1284.5,582.5,0,0
1420,23.6892,1.0,0.0,-5.5,0.0,1.0,12.5,0.0,0.0,1.0,1,1,template_ok,0,post_translation,0,0,0.9864,48.5,982.5,1881.5,1010.5,596.5,568.5,1284.5,582.5,0,0
1421,23.7059,1.0,0.0,-5.5,0.0,1.0,12.5,0.0,0.0,1.0,1,1,template_ok,0,post_translation,0,0,0.9871,48.5,982.5,1881.5,1010.5,596.5,568.5,1284.5,582.5,0,0
1422,23.7225,1.0,0.0,-5.5,0.0,1.0,12.5,0.0,0.0,1.0,1,1,template_ok,0,post_translation,0,0,0.9905,48.5,982.5,1881.5,1010.5,596.5,568.5,1284.5,582.5,0,0
1423,23.7392,1.0,0.0,-5.5,0.0,1.0,12.5,0.0,0.0,1.0,1,1,template_ok,0,post_translation,0,0,0.9908,48.5,982.5,1881.5,1010.5,596.5,568.5,1284.5,582.5,0,0
1424,23.7559,1.0,0.0,-5.5,0.0,1.0,12.5,0.0,0.0,1.0,1,1,template_ok,0,post_translation,0,0,0.9903,48.5,982.5,1881.5,1010.5,596.5,568.5,1284.5,582.5,0,0
1425,23.7726,1.0,0.0,-5.5,0.0,1.0,12.5,0.0,0.0,1.0,1,1,template_ok,0,post_translation,0,0,0.9899,48.5,982.5,1881.5,1010.5,596.5,568.5,1284.5,582.5,0,0
1426,23.7893,1.0,0.0,-5.5,0.0,1.0,12.5,0.0,0.0,1.0,1,1,template_ok,0,post_translation,0,0,0.989,48.5,982.5,1881.5,1010.5,596.5,568.5,1284.5,582.5,0,0
1427,23.8059,1.0,0.0,-5.5,0.0,1.0,12.5,0.0,0.0,1.0,1,1,template_ok,0,post_translation,0,0,0.987,48.5,982.5,1881.5,1010.5,596.5,568.5,1284.5,582.5,0,0
1428,23.8226,1.0,0.0,-5.5,0.0,1.0,12.5,0.0,0.0,1.0,1,1,template_ok,0,post_translation,0,0,0.9825,48.5,982.5,1881.5,1010.5,596.5,568.5,1284.5,582.5,0,0
1429,23.8393,1.0,0.0,-5.5,0.0,1.0,12.5,0.0,0.0,1.0,1,1,template_ok,0,post_translation,0,0,0.9828,48.5,982.5,1881.5,1010.5,596.5,568.5,1284.5,582.5,0,0
1430,23.856,1.0,0.0,-5.5,0.0,1.0,11.5,0.0,0.0,1.0,1,1,template_ok,0,post_translation,0,0,0.9833,48.5,981.5,1881.5,1009.5,596.5,567.5,1284.5,581.5,0,0
1431,23.8727,1.0,0.0,-5.5,0.0,1.0,11.5,0.0,0.0,1.0,1,1,template_ok,0,post_translation,0,0,0.984,48.5,981.5,1881.5,1009.5,596.5,567.5,1284.5,581.5,0,0
1432,23.8894,1.0,0.0,-6.5,0.0,1.0,11.5,0.0,0.0,1.0,1,1,template_ok,0,post_translation,0,0,0.9872,47.5,981.5,1880.5,1009.5,595.5,567.5,1283.5,581.5,0,0
1433,23.906,1.0,0.0,-6.5,0.0,1.0,11.5,0.0,0.0,1.0,1,1,template_ok,0,post_translation,0,0,0.9863,47.5,981.5,1880.5,1009.5,595.5,567.5,1283.5,581.5,0,0
1434,23.9227,1.0,0.0,-6.5,0.0,1.0,11.5,0.0,0.0,1.0,1,1,template_ok,0,post_translation,0,0,0.9879,47.5,981.5,1880.5,1009.5,595.5,567.5,1283.5,581.5,0,0
1435,23.9394,1.0,0.0,-6.5,0.0,1.0,11.5,0.0,0.0,1.0,1,1,template_ok,0,post_translation,0,0,0.9894,47.5,981.5,1880.5,1009.5,595.5,567.5,1283.5,581.5,0,0
1436,23.9561,1.0,0.0,-6.5,0.0,1.0,10.5,0.0,0.0,1.0,1,1,template_ok,0,post_translation,0,0,0.9896,47.5,980.5,1880.5,1008.5,595.5,566.5,1283.5,580.5,0,0
1437,23.9728,1.0,0.0,-6.5,0.0,1.0,10.5,0.0,0.0,1.0,1,1,template_ok,0,post_translation,0,0,0.9904,47.5,980.5,1880.5,1008.5,595.5,566.5,1283.5,580.5,0,0
1438,23.9895,1.0,0.0,-6.5,0.0,1.0,10.5,0.0,0.0,1.0,1,1,template_ok,0,post_translation,0,0,0.99,47.5,980.5,1880.5,1008.5,595.5,566.5,1283.5,580.5,0,0
1439,24.0061,1.0,0.0,-6.5,0.0,1.0,10.5,0.0,0.0,1.0,1,1,template_ok,0,post_translation,0,0,0.9868,47.5,980.5,1880.5,1008.5,595.5,566.5,1283.5,580.5,0,0
1440,24.0228,1.0,0.0,-7.5,0.0,1.0,10.5,0.0,0.0,1.0,1,1,template_ok,0,post_translation,0,0,0.9867,46.5,980.5,1879.5,1008.5,594.5,566.5,1282.5,580.5,0,0
1441,24.0395,1.0,0.0,-7.5,0.0,1.0,10.5,0.0,0.0,1.0,1,1,template_ok,0,post_translation,0,0,0.9891,46.5,980.5,1879.5,1008.5,594.5,566.5,1282.5,580.5,0,0
1442,24.0562,1.0,0.0,-7.5,0.0,1.0,10.5,0.0,0.0,1.0,1,1,template_ok,0,post_translation,0,0,0.9905,46.5,980.5,1879.5,1008.5,594.5,566.5,1282.5,580.5,0,0
1443,24.0729,1.0,0.0,-8.5,0.0,1.0,10.5,0.0,0.0,1.0,1,1,template_ok,0,post_translation,0,0,0.9862,45.5,980.5,1878.5,1008.5,593.5,566.5,1281.5,580.5,0,0
1444,24.0896,1.0,0.0,-8.5,0.0,1.0,10.5,0.0,0.0,1.0,1,1,template_ok,0,post_translation,0,0,0.9902,45.5,980.5,1878.5,1008.5,593.5,566.5,1281.5,580.5,0,0
1445,24.1062,1.0,0.0,-8.5,0.0,1.0,10.5,0.0,0.0,1.0,1,1,template_ok,0,post_translation,0,0,0.9904,45.5,980.5,1878.5,1008.5,593.5,566.5,1281.5,580.5,0,0
1446,24.1229,1.0,0.0,-8.5,0.0,1.0,10.5,0.0,0.0,1.0,1,1,template_ok,0,post_translation,0,0,0.9851,45.5,980.5,1878.5,1008.5,593.5,566.5,1281.5,580.5,0,0
1447,24.1396,1.0,0.0,-9.5,0.0,1.0,10.5,0.0,0.0,1.0,1,1,template_ok,0,post_translation,0,0,0.9877,44.5,980.5,1877.5,1008.5,592.5,566.5,1280.5,580.5,0,0
1448,24.1563,1.0,0.0,-9.5,0.0,1.0,10.5,0.0,0.0,1.0,1,1,template_ok,0,post_translation,0,0,0.9902,44.5,980.5,1877.5,1008.5,592.5,566.5,1280.5,580.5,0,0
1449,24.173,1.0,0.0,-9.5,0.0,1.0,10.5,0.0,0.0,1.0,1,1,template_ok,0,post_translation,0,0,0.9906,44.5,980.5,1877.5,1008.5,592.5,566.5,1280.5,580.5,0,0
1450,24.1896,1.0,0.0,-9.5,0.0,1.0,10.5,0.0,0.0,1.0,1,1,template_ok,0,post_translation,0,0,0.991,44.5,980.5,1877.5,1008.5,592.5,566.5,1280.5,580.5,0,0
1451,24.2063,1.0,0.0,-9.5,0.0,1.0,10.5,0.0,0.0,1.0,1,1,template_ok,0,post_translation,0,0,0.9912,44.5,980.5,1877.5,1008.5,592.5,566.5,1280.5,580.5,0,0
1452,24.223,1.0,0.0,-9.5,0.0,1.0,10.5,0.0,0.0,1.0,1,1,template_ok,0,post_translation,0,0,0.9901,44.5,980.5,1877.5,1008.5,592.5,566.5,1280.5,580.5,0,0
1453,24.2397,1.0,0.0,-9.5,0.0,1.0,10.5,0.0,0.0,1.0,1,1,template_ok,0,post_translation,0,0,0.9916,44.5,980.5,1877.5,1008.5,592.5,566.5,1280.5,580.5,0,0
1454,24.2564,1.0,0.0,-9.5,0.0,1.0,10.5,0.0,0.0,1.0,1,1,template_ok,0,post_translation,0,0,0.9917,44.5,980.5,1877.5,1008.5,592.5,566.5,1280.5,580.5,0,0
1455,24.2731,1.0,0.0,-9.5,0.0,1.0,9.5,0.0,0.0,1.0,1,1,template_ok,0,post_translation,0,0,0.9908,44.5,979.5,1877.5,1007.5,592.5,565.5,1280.5,579.5,0,0
1456,24.2897,1.0,0.0,-9.5,0.0,1.0,9.5,0.0,0.0,1.0,1,1,template_ok,0,post_translation,0,0,0.9908,44.5,979.5,1877.5,1007.5,592.5,565.5,1280.5,579.5,0,0
1457,24.3064,1.0,0.0,-9.5,0.0,1.0,9.5,0.0,0.0,1.0,1,1,template_ok,0,post_translation,0,0,0.9886,44.5,979.5,1877.5,1007.5,592.5,565.5,1280.5,579.5,0,0
1458,24.3231,1.0,0.0,-10.5,0.0,1.0,9.5,0.0,0.0,1.0,1,1,template_ok,0,post_translation,0,0,0.9858,43.5,979.5,1876.5,1007.5,591.5,565.5,1279.5,579.5,0,0
1459,24.3398,1.0,0.0,-10.5,0.0,1.0,9.5,0.0,0.0,1.0,1,1,template_ok,0,post_translation,0,0,0.9872,43.5,979.5,1876.5,1007.5,591.5,565.5,1279.5,579.5,0,0
1460,24.3565,1.0,0.0,-10.5,0.0,1.0,9.5,0.0,0.0,1.0,1,1,template_ok,0,post_translation,0,0,0.9884,43.5,979.5,1876.5,1007.5,591.5,565.5,1279.5,579.5,0,0
1461,24.3732,1.0,0.0,-10.5,0.0,1.0,9.5,0.0,0.0,1.0,1,1,template_ok,0,post_translation,0,0,0.9884,43.5,979.5,1876.5,1007.5,591.5,565.5,1279.5,579.5,0,0
1462,24.3898,1.0,0.0,-10.5,0.0,1.0,9.5,0.0,0.0,1.0,1,1,template_ok,0,post_translation,0,0,0.9885,43.5,979.5,1876.5,1007.5,591.5,565.5,1279.5,579.5,0,0
1463,24.4065,1.0,0.0,-10.5,0.0,1.0,9.5,0.0,0.0,1.0,1,1,template_ok,0,post_translation,0,0,0.9888,43.5,979.5,1876.5,1007.5,591.5,565.5,1279.5,579.5,0,0
1464,24.4232,1.0,0.0,-10.5,0.0,1.0,9.5,0.0,0.0,1.0,1,1,template_ok,0,post_translation,0,0,0.9887,43.5,979.5,1876.5,1007.5,591.5,565.5,1279.5,579.5,0,0
1465,24.4399,1.0,0.0,-10.5,0.0,1.0,9.5,0.0,0.0,1.0,1,1,template_ok,0,post_translation,0,0,0.9899,43.5,979.5,1876.5,1007.5,591.5,565.5,1279.5,579.5,0,0
1466,24.4566,1.0,0.0,-10.5,0.0,1.0,9.5,0.0,0.0,1.0,1,1,template_ok,0,post_translation,0,0,0.9868,43.5,979.5,1876.5,1007.5,591.5,565.5,1279.5,579.5,0,0
1467,24.4732,1.0,0.0,-10.5,0.0,1.0,9.5,0.0,0.0,1.0,1,1,template_ok,0,post_translation,0,0,0.9868,43.5,979.5,1876.5,1007.5,591.5,565.5,1279.5,579.5,0,0
1468,24.4899,1.0,0.0,-10.5,0.0,1.0,8.5,0.0,0.0,1.0,1,1,template_ok,0,post_translation,0,0,0.9868,43.5,978.5,1876.5,1006.5,591.5,564.5,1279.5,578.5,0,0
1469,24.5066,1.0,0.0,-10.5,0.0,1.0,8.5,0.0,0.0,1.0,1,1,template_ok,0,post_translation,0,0,0.9891,43.5,978.5,1876.5,1006.5,591.5,564.5,1279.5,578.5,0,0
1470,24.5233,1.0,0.0,-10.5,0.0,1.0,8.5,0.0,0.0,1.0,1,1,template_ok,0,post_translation,0,0,0.987,43.5,978.5,1876.5,1006.5,591.5,564.5,1279.5,578.5,0,0
1471,24.54,1.0,0.0,-10.5,0.0,1.0,7.5,0.0,0.0,1.0,1,1,template_ok,0,post_translation,0,0,0.9872,43.5,977.5,1876.5,1005.5,591.5,563.5,1279.5,577.5,0,0
1472,24.5567,1.0,0.0,-9.5,0.0,1.0,7.5,0.0,0.0,1.0,1,1,template_ok,0,post_translation,0,0,0.9918,44.5,977.5,1877.5,1005.5,592.5,563.5,1280.5,577.5,0,0
1473,24.5733,1.0,0.0,-9.5,0.0,1.0,7.5,0.0,0.0,1.0,1,1,template_ok,0,post_translation,0,0,0.9918,44.5,977.5,1877.5,1005.5,592.5,563.5,1280.5,577.5,0,0
1474,24.59,1.0,0.0,-8.5,0.0,1.0,7.5,0.0,0.0,1.0,1,1,template_ok,0,post_translation,0,0,0.9888,45.5,977.5,1878.5,1005.5,593.5,563.5,1281.5,577.5,0,0
1475,24.6067,1.0,0.0,-8.5,0.0,1.0,6.5,0.0,0.0,1.0,1,1,template_ok,0,post_translation,0,0,0.9895,45.5,976.5,1878.5,1004.5,593.5,562.5,1281.5,576.5,0,0
1476,24.6234,1.0,0.0,-7.5,0.0,1.0,6.5,0.0,0.0,1.0,1,1,template_ok,0,post_translation,0,0,0.9904,46.5,976.5,1879.5,1004.5,594.5,562.5,1282.5,576.5,0,0
1477,24.6401,1.0,0.0,-7.5,0.0,1.0,6.5,0.0,0.0,1.0,1,1,template_ok,0,post_translation,0,0,0.9911,46.5,976.5,1879.5,1004.5,594.5,562.5,1282.5,576.5,0,0
1478,24.6568,1.0,0.0,-6.5,0.0,1.0,6.5,0.0,0.0,1.0,1,1,template_ok,0,post_translation,0,0,0.9868,47.5,976.5,1880.5,1004.5,595.5,562.5,1283.5,576.5,0,0
1479,24.6734,1.0,0.0,-6.5,0.0,1.0,6.5,0.0,0.0,1.0,1,1,template_ok,0,post_translation,0,0,0.9909,47.5,976.5,1880.5,1004.5,595.5,562.5,1283.5,576.5,0,0
1480,24.6901,1.0,0.0,-6.5,0.0,1.0,6.5,0.0,0.0,1.0,1,1,template_ok,0,post_translation,0,0,0.9917,47.5,976.5,1880.5,1004.5,595.5,562.5,1283.5,576.5,0,0
1481,24.7068,1.0,0.0,-6.5,0.0,1.0,6.5,0.0,0.0,1.0,1,1,template_ok,0,post_translation,0,0,0.9889,47.5,976.5,1880.5,1004.5,595.5,562.5,1283.5,576.5,0,0
1482,24.7235,1.0,0.0,-6.5,0.0,1.0,6.5,0.0,0.0,1.0,1,1,template_ok,0,post_translation,0,0,0.9886,47.5,976.5,1880.5,1004.5,595.5,562.5,1283.5,576.5,0,0
1483,24.7402,1.0,0.0,-6.5,0.0,1.0,6.5,0.0,0.0,1.0,1,1,template_ok,0,post_translation,0,0,0.989,47.5,976.5,1880.5,1004.5,595.5,562.5,1283.5,576.5,0,0
1484,24.7569,1.0,0.0,-6.5,0.0,1.0,6.5,0.0,0.0,1.0,1,1,template_ok,0,post_translation,0,0,0.9895,47.5,976.5,1880.5,1004.5,595.5,562.5,1283.5,576.5,0,0
1485,24.7735,1.0,0.0,-6.5,0.0,1.0,6.5,0.0,0.0,1.0,1,1,template_ok,0,post_translation,0,0,0.99,47.5,976.5,1880.5,1004.5,595.5,562.5,1283.5,576.5,0,0
1486,24.7902,1.0,0.0,-6.5,0.0,1.0,6.5,0.0,0.0,1.0,1,1,template_ok,0,post_translation,0,0,0.991,47.5,976.5,1880.5,1004.5,595.5,562.5,1283.5,576.5,0,0
1487,24.8069,1.0,0.0,-6.5,0.0,1.0,6.5,0.0,0.0,1.0,1,1,template_ok,0,post_translation,0,0,0.9912,47.5,976.5,1880.5,1004.5,595.5,562.5,1283.5,576.5,0,0
1488,24.8236,1.0,0.0,-6.5,0.0,1.0,5.5,0.0,0.0,1.0,1,1,template_ok,0,post_translation,0,0,0.9909,47.5,975.5,1880.5,1003.5,595.5,561.5,1283.5,575.5,0,0
1489,24.8403,1.0,0.0,-6.5,0.0,1.0,5.5,0.0,0.0,1.0,1,1,template_ok,0,post_translation,0,0,0.9903,47.5,975.5,1880.5,1003.5,595.5,561.5,1283.5,575.5,0,0
1490,24.8569,1.0,0.0,-6.5,0.0,1.0,5.5,0.0,0.0,1.0,1,1,template_ok,0,post_translation,0,0,0.9903,47.5,975.5,1880.5,1003.5,595.5,561.5,1283.5,575.5,0,0
1491,24.8736,1.0,0.0,-6.5,0.0,1.0,5.5,0.0,0.0,1.0,1,1,template_ok,0,post_translation,0,0,0.9888,47.5,975.5,1880.5,1003.5,595.5,561.5,1283.5,575.5,0,0
1492,24.8903,1.0,0.0,-6.5,0.0,1.0,5.5,0.0,0.0,1.0,1,1,template_ok,0,post_translation,0,0,0.9871,47.5,975.5,1880.5,1003.5,595.5,561.5,1283.5,575.5,0,0
1493,24.907,1.0,0.0,-6.5,0.0,1.0,5.5,0.0,0.0,1.0,1,1,template_ok,0,post_translation,0,0,0.9853,47.5,975.5,1880.5,1003.5,595.5,561.5,1283.5,575.5,0,0
1494,24.9237,1.0,0.0,-7.5,0.0,1.0,5.5,0.0,0.0,1.0,1,1,template_ok,0,post_translation,0,0,0.985,46.5,975.5,1879.5,1003.5,594.5,561.5,1282.5,575.5,0,0
1495,24.9404,1.0,0.0,-7.5,0.0,1.0,5.5,0.0,0.0,1.0,1,1,template_ok,0,post_translation,0,0,0.9898,46.5,975.5,1879.5,1003.5,594.5,561.5,1282.5,575.5,0,0
1496,24.957,1.0,0.0,-7.5,0.0,1.0,5.5,0.0,0.0,1.0,1,1,template_ok,0,post_translation,0,0,0.9889,46.5,975.5,1879.5,1003.5,594.5,561.5,1282.5,575.5,0,0
1497,24.9737,1.0,0.0,-7.5,0.0,1.0,5.5,0.0,0.0,1.0,1,1,template_ok,0,post_translation,0,0,0.9897,46.5,975.5,1879.5,1003.5,594.5,561.5,1282.5,575.5,0,0
1498,24.9904,1.0,0.0,-7.5,0.0,1.0,5.5,0.0,0.0,1.0,1,1,template_ok,0,post_translation,0,0,0.9927,46.5,975.5,1879.5,1003.5,594.5,561.5,1282.5,575.5,0,0
1499,25.0071,1.0,0.0,-7.5,0.0,1.0,5.5,0.0,0.0,1.0,1,1,template_ok,0,post_translation,0,0,0.9927,46.5,975.5,1879.5,1003.5,594.5,561.5,1282.5,575.5,0,0
1500,25.0238,1.0,0.0,-7.5,0.0,1.0,5.5,0.0,0.0,1.0,1,1,template_ok,0,post_translation,0,0,0.9911,46.5,975.5,1879.5,1003.5,594.5,561.5,1282.5,575.5,0,0
1501,25.0405,1.0,0.0,-7.5,0.0,1.0,5.5,0.0,0.0,1.0,1,1,template_ok,0,post_translation,0,0,0.989,46.5,975.5,1879.5,1003.5,594.5,561.5,1282.5,575.5,0,0
1502,25.0571,1.0,0.0,-8.5,0.0,1.0,5.5,0.0,0.0,1.0,1,1,template_ok,0,post_translation,0,0,0.9883,45.5,975.5,1878.5,1003.5,593.5,561.5,1281.5,575.5,0,0
1503,25.0738,1.0,0.0,-8.5,0.0,1.0,5.5,0.0,0.0,1.0,1,1,template_ok,0,post_translation,0,0,0.9905,45.5,975.5,1878.5,1003.5,593.5,561.5,1281.5,575.5,0,0
1504,25.0905,1.0,0.0,-8.5,0.0,1.0,5.5,0.0,0.0,1.0,1,1,template_ok,0,post_translation,0,0,0.9919,45.5,975.5,1878.5,1003.5,593.5,561.5,1281.5,575.5,0,0
1505,25.1072,1.0,0.0,-8.5,0.0,1.0,5.5,0.0,0.0,1.0,1,1,template_ok,0,post_translation,0,0,0.9921,45.5,975.5,1878.5,1003.5,593.5,561.5,1281.5,575.5,0,0
1506,25.1239,1.0,0.0,-8.5,0.0,1.0,5.5,0.0,0.0,1.0,1,1,template_ok,0,post_translation,0,0,0.9903,45.5,975.5,1878.5,1003.5,593.5,561.5,1281.5,575.5,0,0
1507,25.1406,1.0,0.0,-8.5,0.0,1.0,5.5,0.0,0.0,1.0,1,1,template_ok,0,post_translation,0,0,0.9876,45.5,975.5,1878.5,1003.5,593.5,561.5,1281.5,575.5,0,0
1508,25.1572,1.0,0.0,-9.5,0.0,1.0,5.5,0.0,0.0,1.0,1,1,template_ok,0,post_translation,0,0,0.9881,44.5,975.5,1877.5,1003.5,592.5,561.5,1280.5,575.5,0,0
1509,25.1739,1.0,0.0,-9.5,0.0,1.0,5.5,0.0,0.0,1.0,1,1,template_ok,0,post_translation,0,0,0.9882,44.5,975.5,1877.5,1003.5,592.5,561.5,1280.5,575.5,0,0
1510,25.1906,1.0,0.0,-9.5,0.0,1.0,5.5,0.0,0.0,1.0,1,1,template_ok,0,post_translation,0,0,0.9914,44.5,975.5,1877.5,1003.5,592.5,561.5,1280.5,575.5,0,0
1511,25.2073,1.0,0.0,-9.5,0.0,1.0,5.5,0.0,0.0,1.0,1,1,template_ok,0,post_translation,0,0,0.9922,44.5,975.5,1877.5,1003.5,592.5,561.5,1280.5,575.5,0,0
1512,25.224,1.0,0.0,-9.5,0.0,1.0,5.5,0.0,0.0,1.0,1,1,template_ok,0,post_translation,0,0,0.9881,44.5,975.5,1877.5,1003.5,592.5,561.5,1280.5,575.5,0,0
1513,25.2406,1.0,0.0,-10.5,0.0,1.0,5.5,0.0,0.0,1.0,1,1,template_ok,0,post_translation,0,0,0.9859,43.5,975.5,1876.5,1003.5,591.5,561.5,1279.5,575.5,0,0
1514,25.2573,1.0,0.0,-10.5,0.0,1.0,5.5,0.0,0.0,1.0,1,1,template_ok,0,post_translation,0,0,0.9904,43.5,975.5,1876.5,1003.5,591.5,561.5,1279.5,575.5,0,0
1515,25.274,1.0,0.0,-10.5,0.0,1.0,5.5,0.0,0.0,1.0,1,1,template_ok,0,post_translation,0,0,0.9926,43.5,975.5,1876.5,1003.5,591.5,561.5,1279.5,575.5,0,0
1516,25.2907,1.0,0.0,-10.5,0.0,1.0,5.5,0.0,0.0,1.0,1,1,template_ok,0,post_translation,0,0,0.9917,43.5,975.5,1876.5,1003.5,591.5,561.5,1279.5,575.5,0,0
1517,25.3074,1.0,0.0,-10.5,0.0,1.0,5.5,0.0,0.0,1.0,1,1,template_ok,0,post_translation,0,0,0.9868,43.5,975.5,1876.5,1003.5,591.5,561.5,1279.5,575.5,0,0
1518,25.3241,1.0,0.0,-11.5,0.0,1.0,5.5,0.0,0.0,1.0,1,1,template_ok,0,post_translation,0,0,0.991,42.5,975.5,1875.5,1003.5,590.5,561.5,1278.5,575.5,0,0
1519,25.3407,1.0,0.0,-11.5,0.0,1.0,5.5,0.0,0.0,1.0,1,1,template_ok,0,post_translation,0,0,0.9923,42.5,975.5,1875.5,1003.5,590.5,561.5,1278.5,575.5,0,0
1520,25.3574,1.0,0.0,-11.5,0.0,1.0,5.5,0.0,0.0,1.0,1,1,template_ok,0,post_translation,0,0,0.991,42.5,975.5,1875.5,1003.5,590.5,561.5,1278.5,575.5,0,0
1521,25.3741,1.0,0.0,-11.5,0.0,1.0,5.5,0.0,0.0,1.0,1,1,template_ok,0,post_translation,0,0,0.9912,42.5,975.5,1875.5,1003.5,590.5,561.5,1278.5,575.5,0,0
1522,25.3908,1.0,0.0,-11.5,0.0,1.0,5.5,0.0,0.0,1.0,1,1,template_ok,0,post_translation,0,0,0.9892,42.5,975.5,1875.5,1003.5,590.5,561.5,1278.5,575.5,0,0
1523,25.4075,1.0,0.0,-12.5,0.0,1.0,5.5,0.0,0.0,1.0,1,1,template_ok,0,post_translation,0,0,0.986,41.5,975.5,1874.5,1003.5,589.5,561.5,1277.5,575.5,0,0
1524,25.4242,1.0,0.0,-12.5,0.0,1.0,5.5,0.0,0.0,1.0,1,1,template_ok,0,post_translation,0,0,0.9896,41.5,975.5,1874.5,1003.5,589.5,561.5,1277.5,575.5,0,0
1525,25.4408,1.0,0.0,-12.5,0.0,1.0,5.5,0.0,0.0,1.0,1,1,template_ok,0,post_translation,0,0,0.9904,41.5,975.5,1874.5,1003.5,589.5,561.5,1277.5,575.5,0,0
1526,25.4575,1.0,0.0,-12.5,0.0,1.0,5.5,0.0,0.0,1.0,1,1,template_ok,0,post_translation,0,0,0.9911,41.5,975.5,1874.5,1003.5,589.5,561.5,1277.5,575.5,0,0
1527,25.4742,1.0,0.0,-12.5,0.0,1.0,5.5,0.0,0.0,1.0,1,1,template_ok,0,post_translation,0,0,0.9931,41.5,975.5,1874.5,1003.5,589.5,561.5,1277.5,575.5,0,0
1528,25.4909,1.0,0.0,-12.5,0.0,1.0,5.5,0.0,0.0,1.0,1,1,template_ok,0,post_translation,0,0,0.9926,41.5,975.5,1874.5,1003.5,589.5,561.5,1277.5,575.5,0,0
1529,25.5076,1.0,0.0,-12.5,0.0,1.0,5.5,0.0,0.0,1.0,1,1,template_ok,0,post_translation,0,0,0.9915,41.5,975.5,1874.5,1003.5,589.5,561.5,1277.5,575.5,0,0
1530,25.5242,1.0,0.0,-12.5,0.0,1.0,5.5,0.0,0.0,1.0,1,1,template_ok,0,post_translation,0,0,0.9894,41.5,975.5,1874.5,1003.5,589.5,561.5,1277.5,575.5,0,0
1531,25.5409,1.0,0.0,-12.5,0.0,1.0,4.5,0.0,0.0,1.0,1,1,template_ok,0,post_translation,0,0,0.9878,41.5,974.5,1874.5,1002.5,589.5,560.5,1277.5,574.5,0,0
1532,25.5576,1.0,0.0,-13.5,0.0,1.0,4.5,0.0,0.0,1.0,1,1,template_ok,0,post_translation,0,0,0.9874,40.5,974.5,1873.5,1002.5,588.5,560.5,1276.5,574.5,0,0
1533,25.5743,1.0,0.0,-13.5,0.0,1.0,4.5,0.0,0.0,1.0,1,1,template_ok,0,post_translation,0,0,0.9881,40.5,974.5,1873.5,1002.5,588.5,560.5,1276.5,574.5,0,0
1534,25.591,1.0,0.0,-13.5,0.0,1.0,4.5,0.0,0.0,1.0,1,1,template_ok,0,post_translation,0,0,0.989,40.5,974.5,1873.5,1002.5,588.5,560.5,1276.5,574.5,0,0
1535,25.6077,1.0,0.0,-13.5,0.0,1.0,4.5,0.0,0.0,1.0,1,1,template_ok,0,post_translation,0,0,0.9886,40.5,974.5,1873.5,1002.5,588.5,560.5,1276.5,574.5,0,0
1536,25.6243,1.0,0.0,-12.5,0.0,1.0,4.5,0.0,0.0,1.0,1,1,template_ok,0,post_translation,0,0,0.9845,41.5,974.5,1874.5,1002.5,589.5,560.5,1277.5,574.5,0,0
1537,25.641,1.0,0.0,-12.5,0.0,1.0,4.5,0.0,0.0,1.0,1,1,template_ok,0,post_translation,0,0,0.987,41.5,974.5,1874.5,1002.5,589.5,560.5,1277.5,574.5,0,0
1538,25.6577,1.0,0.0,-12.5,0.0,1.0,4.5,0.0,0.0,1.0,1,1,template_ok,0,post_translation,0,0,0.99,41.5,974.5,1874.5,1002.5,589.5,560.5,1277.5,574.5,0,0
1539,25.6744,1.0,0.0,-12.5,0.0,1.0,4.5,0.0,0.0,1.0,1,1,template_ok,0,post_translation,0,0,0.9921,41.5,974.5,1874.5,1002.5,589.5,560.5,1277.5,574.5,0,0
1540,25.6911,1.0,0.0,-12.5,0.0,1.0,4.5,0.0,0.0,1.0,1,1,template_ok,0,post_translation,0,0,0.9918,41.5,974.5,1874.5,1002.5,589.5,560.5,1277.5,574.5,0,0
1541,25.7078,1.0,0.0,-12.5,0.0,1.0,4.5,0.0,0.0,1.0,1,1,template_ok,0,post_translation,0,0,0.991,41.5,974.5,1874.5,1002.5,589.5,560.5,1277.5,574.5,0,0
1542,25.7244,1.0,0.0,-12.5,0.0,1.0,4.5,0.0,0.0,1.0,1,1,template_ok,0,post_translation,0,0,0.9903,41.5,974.5,1874.5,1002.5,589.5,560.5,1277.5,574.5,0,0
1543,25.7411,1.0,0.0,-13.5,0.0,1.0,4.5,0.0,0.0,1.0,1,1,template_ok,0,post_translation,0,0,0.9867,40.5,974.5,1873.5,1002.5,588.5,560.5,1276.5,574.5,0,0
1544,25.7578,1.0,0.0,-13.5,0.0,1.0,4.5,0.0,0.0,1.0,1,1,template_ok,0,post_translation,0,0,0.9895,40.5,974.5,1873.5,1002.5,588.5,560.5,1276.5,574.5,0,0
1545,25.7745,1.0,0.0,-13.5,0.0,1.0,3.5,0.0,0.0,1.0,1,1,template_ok,0,post_translation,0,0,0.9923,40.5,973.5,1873.5,1001.5,588.5,559.5,1276.5,573.5,0,0
1546,25.7912,1.0,0.0,-13.5,0.0,1.0,3.5,0.0,0.0,1.0,1,1,template_ok,0,post_translation,0,0,0.9907,40.5,973.5,1873.5,1001.5,588.5,559.5,1276.5,573.5,0,0
1547,25.8079,1.0,0.0,-13.5,0.0,1.0,3.5,0.0,0.0,1.0,1,1,template_ok,0,post_translation,0,0,0.9881,40.5,973.5,1873.5,1001.5,588.5,559.5,1276.5,573.5,0,0
1548,25.8245,1.0,0.0,-14.5,0.0,1.0,3.5,0.0,0.0,1.0,1,1,template_ok,0,post_translation,0,0,0.9874,39.5,973.5,1872.5,1001.5,587.5,559.5,1275.5,573.5,0,0
1549,25.8412,1.0,0.0,-14.5,0.0,1.0,3.5,0.0,0.0,1.0,1,1,template_ok,0,post_translation,0,0,0.9875,39.5,973.5,1872.5,1001.5,587.5,559.5,1275.5,573.5,0,0
1550,25.8579,1.0,0.0,-14.5,0.0,1.0,2.5,0.0,0.0,1.0,1,1,template_ok,0,post_translation,0,0,0.9883,39.5,972.5,1872.5,1000.5,587.5,558.5,1275.5,572.5,0,0
1551,25.8746,1.0,0.0,-14.5,0.0,1.0,2.5,0.0,0.0,1.0,1,1,template_ok,0,post_translation,0,0,0.9902,39.5,972.5,1872.5,1000.5,587.5,558.5,1275.5,572.5,0,0
1552,25.8913,1.0,0.0,-14.5,0.0,1.0,2.5,0.0,0.0,1.0,1,1,template_ok,0,post_translation,0,0,0.9902,39.5,972.5,1872.5,1000.5,587.5,558.5,1275.5,572.5,0,0
1553,25.9079,1.0,0.0,-14.5,0.0,1.0,2.5,0.0,0.0,1.0,1,1,template_ok,0,post_translation,0,0,0.9904,39.5,972.5,1872.5,1000.5,587.5,558.5,1275.5,572.5,0,0
1554,25.9246,1.0,0.0,-14.5,0.0,1.0,2.5,0.0,0.0,1.0,1,1,template_ok,0,post_translation,0,0,0.9913,39.5,972.5,1872.5,1000.5,587.5,558.5,1275.5,572.5,0,0
1555,25.9413,1.0,0.0,-14.5,0.0,1.0,2.5,0.0,0.0,1.0,1,1,template_ok,0,post_translation,0,0,0.9923,39.5,972.5,1872.5,1000.5,587.5,558.5,1275.5,572.5,0,0
1556,25.958,1.0,0.0,-14.5,0.0,1.0,2.5,0.0,0.0,1.0,1,1,template_ok,0,post_translation,0,0,0.992,39.5,972.5,1872.5,1000.5,587.5,558.5,1275.5,572.5,0,0
1557,25.9747,1.0,0.0,-14.5,0.0,1.0,2.5,0.0,0.0,1.0,1,1,template_ok,0,post_translation,0,0,0.9921,39.5,972.5,1872.5,1000.5,587.5,558.5,1275.5,572.5,0,0
1558,25.9914,1.0,0.0,-14.5,0.0,1.0,1.5,0.0,0.0,1.0,1,1,template_ok,0,post_translation,0,0,0.9917,39.5,971.5,1872.5,999.5,587.5,557.5,1275.5,571.5,0,0
1559,26.008,1.0,0.0,-14.5,0.0,1.0,1.5,0.0,0.0,1.0,1,1,template_ok,0,post_translation,0,0,0.9925,39.5,971.5,1872.5,999.5,587.5,557.5,1275.5,571.5,0,0
1560,26.0247,1.0,0.0,-14.5,0.0,1.0,1.5,0.0,0.0,1.0,1,1,template_ok,0,post_translation,0,0,0.9903,39.5,971.5,1872.5,999.5,587.5,557.5,1275.5,571.5,0,0
1561,26.0414,1.0,0.0,-14.5,0.0,1.0,1.5,0.0,0.0,1.0,1,1,template_ok,0,post_translation,0,0,0.99,39.5,971.5,1872.5,999.5,587.5,557.5,1275.5,571.5,0,0
1562,26.0581,1.0,0.0,-14.5,0.0,1.0,1.5,0.0,0.0,1.0,1,1,template_ok,0,post_translation,0,0,0.9868,39.5,971.5,1872.5,999.5,587.5,557.5,1275.5,571.5,0,0
1563,26.0748,1.0,0.0,-15.5,0.0,1.0,0.5,0.0,0.0,1.0,1,1,template_ok,0,post_translation,0,0,0.9913,38.5,970.5,1871.5,998.5,586.5,556.5,1274.5,570.5,0,0
1564,26.0915,1.0,0.0,-15.5,0.0,1.0,0.5,0.0,0.0,1.0,1,1,template_ok,0,post_translation,0,0,0.9926,38.5,970.5,1871.5,998.5,586.5,556.5,1274.5,570.5,0,0
1565,26.1081,1.0,0.0,-15.5,0.0,1.0,0.5,0.0,0.0,1.0,1,1,template_ok,0,post_translation,0,0,0.9906,38.5,970.5,1871.5,998.5,586.5,556.5,1274.5,570.5,0,0
1566,26.1248,1.0,0.0,-16.5,0.0,1.0,0.5,0.0,0.0,1.0,1,1,template_ok,0,post_translation,0,0,0.9892,37.5,970.5,1870.5,998.5,585.5,556.5,1273.5,570.5,0,0
1567,26.1415,1.0,0.0,-16.5,0.0,1.0,0.5,0.0,0.0,1.0,1,1,template_ok,0,post_translation,0,0,0.9927,37.5,970.5,1870.5,998.5,585.5,556.5,1273.5,570.5,0,0
1568,26.1582,1.0,0.0,-16.5,0.0,1.0,0.5,0.0,0.0,1.0,1,1,template_ok,0,post_translation,0,0,0.9924,37.5,970.5,1870.5,998.5,585.5,556.5,1273.5,570.5,0,0
1569,26.1749,1.0,0.0,-16.5,0.0,1.0,0.5,0.0,0.0,1.0,1,1,template_ok,0,post_translation,0,0,0.9928,37.5,970.5,1870.5,998.5,585.5,556.5,1273.5,570.5,0,0
1570,26.1915,1.0,0.0,-16.5,0.0,1.0,-0.5,0.0,0.0,1.0,1,1,template_ok,0,post_translation,0,0,0.9923,37.5,969.5,1870.5,997.5,585.5,555.5,1273.5,569.5,0,0
1571,26.2082,1.0,0.0,-16.5,0.0,1.0,-0.5,0.0,0.0,1.0,1,1,template_ok,0,post_translation,0,0,0.9923,37.5,969.5,1870.5,997.5,585.5,555.5,1273.5,569.5,0,0
1572,26.2249,1.0,0.0,-16.5,0.0,1.0,-0.5,0.0,0.0,1.0,1,1,template_ok,0,post_translation,0,0,0.9909,37.5,969.5,1870.5,997.5,585.5,555.5,1273.5,569.5,0,0
1573,26.2416,1.0,0.0,-16.5,0.0,1.0,-0.5,0.0,0.0,1.0,1,1,template_ok,0,post_translation,0,0,0.9913,37.5,969.5,1870.5,997.5,585.5,555.5,1273.5,569.5,0,0
1574,26.2583,1.0,0.0,-16.5,0.0,1.0,-0.5,0.0,0.0,1.0,1,1,template_ok,0,post_translation,0,0,0.9911,37.5,969.5,1870.5,997.5,585.5,555.5,1273.5,569.5,0,0
1575,26.275,1.0,0.0,-16.5,0.0,1.0,-0.5,0.0,0.0,1.0,1,1,template_ok,0,post_translation,0,0,0.9912,37.5,969.5,1870.5,997.5,585.5,555.5,1273.5,569.5,0,0
1576,26.2916,1.0,0.0,-16.5,0.0,1.0,-0.5,0.0,0.0,1.0,1,1,template_ok,0,post_translation,0,0,0.9916,37.5,969.5,1870.5,997.5,585.5,555.5,1273.5,569.5,0,0
1577,26.3083,1.0,0.0,-16.5,0.0,1.0,-0.5,0.0,0.0,1.0,1,1,template_ok,0,post_translation,0,0,0.9912,37.5,969.5,1870.5,997.5,585.5,555.5,1273.5,569.5,0,0
1578,26.325,1.0,0.0,-16.5,0.0,1.0,0.5,0.0,0.0,1.0,1,1,template_ok,0,post_translation,0,0,0.9899,37.5,970.5,1870.5,998.5,585.5,556.5,1273.5,570.5,0,0
1579,26.3417,1.0,0.0,-16.5,0.0,1.0,0.5,0.0,0.0,1.0,1,1,template_ok,0,post_translation,0,0,0.9904,37.5,970.5,1870.5,998.5,585.5,556.5,1273.5,570.5,0,0
1580,26.3584,1.0,0.0,-16.5,0.0,1.0,0.5,0.0,0.0,1.0,1,1,template_ok,0,post_translation,0,0,0.9905,37.5,970.5,1870.5,998.5,585.5,556.5,1273.5,570.5,0,0
1581,26.3751,1.0,0.0,-16.5,0.0,1.0,0.5,0.0,0.0,1.0,1,1,template_ok,0,post_translation,0,0,0.9917,37.5,970.5,1870.5,998.5,585.5,556.5,1273.5,570.5,0,0
1582,26.3917,1.0,0.0,-16.5,0.0,1.0,0.5,0.0,0.0,1.0,1,1,template_ok,0,post_translation,0,0,0.9928,37.5,970.5,1870.5,998.5,585.5,556.5,1273.5,570.5,0,0
1583,26.4084,1.0,0.0,-16.5,0.0,1.0,0.5,0.0,0.0,1.0,1,1,template_ok,0,post_translation,0,0,0.9919,37.5,970.5,1870.5,998.5,585.5,556.5,1273.5,570.5,0,0
1584,26.4251,1.0,0.0,-16.5,0.0,1.0,-0.5,0.0,0.0,1.0,1,1,template_ok,0,post_translation,0,0,0.988,37.5,969.5,1870.5,997.5,585.5,555.5,1273.5,569.5,0,0
1585,26.4418,1.0,0.0,-15.5,0.0,1.0,-0.5,0.0,0.0,1.0,1,1,template_ok,0,post_translation,0,0,0.9856,38.5,969.5,1871.5,997.5,586.5,555.5,1274.5,569.5,0,0
1586,26.4585,1.0,0.0,-15.5,0.0,1.0,-0.5,0.0,0.0,1.0,1,1,template_ok,0,post_translation,0,0,0.9876,38.5,969.5,1871.5,997.5,586.5,555.5,1274.5,569.5,0,0
1587,26.4752,1.0,0.0,-15.5,0.0,1.0,-0.5,0.0,0.0,1.0,1,1,template_ok,0,post_translation,0,0,0.9918,38.5,969.5,1871.5,997.5,586.5,555.5,1274.5,569.5,0,0
1588,26.4918,1.0,0.0,-15.5,0.0,1.0,-0.5,0.0,0.0,1.0,1,1,template_ok,0,post_translation,0,0,0.9906,38.5,969.5,1871.5,997.5,586.5,555.5,1274.5,569.5,0,0
1589,26.5085,1.0,0.0,-15.5,0.0,1.0,-0.5,0.0,0.0,1.0,1,1,template_ok,0,post_translation,0,0,0.9904,38.5,969.5,1871.5,997.5,586.5,555.5,1274.5,569.5,0,0
1590,26.5252,1.0,0.0,-15.5,0.0,1.0,-0.5,0.0,0.0,1.0,1,1,template_ok,0,post_translation,0,0,0.9886,38.5,969.5,1871.5,997.5,586.5,555.5,1274.5,569.5,0,0
1591,26.5419,1.0,0.0,-14.5,0.0,1.0,-0.5,0.0,0.0,1.0,1,1,template_ok,0,post_translation,0,0,0.9886,39.5,969.5,1872.5,997.5,587.5,555.5,1275.5,569.5,0,0
1592,26.5586,1.0,0.0,-14.5,0.0,1.0,-0.5,0.0,0.0,1.0,1,1,template_ok,0,post_translation,0,0,0.9885,39.5,969.5,1872.5,997.5,587.5,555.5,1275.5,569.5,0,0
1593,26.5752,1.0,0.0,-14.5,0.0,1.0,-0.5,0.0,0.0,1.0,1,1,template_ok,0,post_translation,0,0,0.9883,39.5,969.5,1872.5,997.5,587.5,555.5,1275.5,569.5,0,0
1594,26.5919,1.0,0.0,-14.5,0.0,1.0,-0.5,0.0,0.0,1.0,1,1,template_ok,0,post_translation,0,0,0.989,39.5,969.5,1872.5,997.5,587.5,555.5,1275.5,569.5,0,0
1595,26.6086,1.0,0.0,-14.5,0.0,1.0,-0.5,0.0,0.0,1.0,1,1,template_ok,0,post_translation,0,0,0.9894,39.5,969.5,1872.5,997.5,587.5,555.5,1275.5,569.5,0,0
1596,26.6253,1.0,0.0,-14.5,0.0,1.0,-0.5,0.0,0.0,1.0,1,1,template_ok,0,post_translation,0,0,0.9891,39.5,969.5,1872.5,997.5,587.5,555.5,1275.5,569.5,0,0
1597,26.642,1.0,0.0,-14.5,0.0,1.0,-0.5,0.0,0.0,1.0,1,1,template_ok,0,post_translation,0,0,0.9918,39.5,969.5,1872.5,997.5,587.5,555.5,1275.5,569.5,0,0
1598,26.6587,1.0,0.0,-14.5,0.0,1.0,-0.5,0.0,0.0,1.0,1,1,template_ok,0,post_translation,0,0,0.9918,39.5,969.5,1872.5,997.5,587.5,555.5,1275.5,569.5,0,0
1599,26.6753,1.0,0.0,-14.5,0.0,1.0,-0.5,0.0,0.0,1.0,1,1,template_ok,0,post_translation,0,0,0.9912,39.5,969.5,1872.5,997.5,587.5,555.5,1275.5,569.5,0,0
1600,26.692,1.0,0.0,-14.5,0.0,1.0,-0.5,0.0,0.0,1.0,1,1,template_ok,0,post_translation,0,0,0.9905,39.5,969.5,1872.5,997.5,587.5,555.5,1275.5,569.5,0,0
1601,26.7087,1.0,0.0,-14.5,0.0,1.0,-0.5,0.0,0.0,1.0,1,1,template_ok,0,post_translation,0,0,0.9887,39.5,969.5,1872.5,997.5,587.5,555.5,1275.5,569.5,0,0
1602,26.7254,1.0,0.0,-14.5,0.0,1.0,-0.5,0.0,0.0,1.0,1,1,template_ok,0,post_translation,0,0,0.9894,39.5,969.5,1872.5,997.5,587.5,555.5,1275.5,569.5,0,0
1603,26.7421,1.0,0.0,-14.5,0.0,1.0,-0.5,0.0,0.0,1.0,1,1,template_ok,0,post_translation,0,0,0.9882,39.5,969.5,1872.5,997.5,587.5,555.5,1275.5,569.5,0,0
1604,26.7588,1.0,0.0,-14.5,0.0,1.0,-0.5,0.0,0.0,1.0,1,1,template_ok,0,post_translation,0,0,0.9853,39.5,969.5,1872.5,997.5,587.5,555.5,1275.5,569.5,0,0
1605,26.7754,1.0,0.0,-13.5,0.0,1.0,-0.5,0.0,0.0,1.0,1,1,template_ok,0,post_translation,0,0,0.9896,40.5,969.5,1873.5,997.5,588.5,555.5,1276.5,569.5,0,0
1606,26.7921,1.0,0.0,-13.5,0.0,1.0,-0.5,0.0,0.0,1.0,1,1,template_ok,0,post_translation,0,0,0.9911,40.5,969.5,1873.5,997.5,588.5,555.5,1276.5,569.5,0,0
1607,26.8088,1.0,0.0,-13.5,0.0,1.0,-0.5,0.0,0.0,1.0,1,1,template_ok,0,post_translation,0,0,0.9916,40.5,969.5,1873.5,997.5,588.5,555.5,1276.5,569.5,0,0
1608,26.8255,1.0,0.0,-13.5,0.0,1.0,-1.5,0.0,0.0,1.0,1,1,template_ok,0,post_translation,0,0,0.9884,40.5,968.5,1873.5,996.5,588.5,554.5,1276.5,568.5,0,0
1609,26.8422,1.0,0.0,-13.5,0.0,1.0,-0.5,0.0,0.0,1.0,1,1,template_ok,0,post_translation,0,0,0.9868,40.5,969.5,1873.5,997.5,588.5,555.5,1276.5,569.5,0,0
1610,26.8588,1.0,0.0,-12.5,0.0,1.0,-0.5,0.0,0.0,1.0,1,1,template_ok,0,post_translation,0,0,0.988,41.5,969.5,1874.5,997.5,589.5,555.5,1277.5,569.5,0,0
1611,26.8755,1.0,0.0,-12.5,0.0,1.0,-0.5,0.0,0.0,1.0,1,1,template_ok,0,post_translation,0,0,0.9887,41.5,969.5,1874.5,997.5,589.5,555.5,1277.5,569.5,0,0
1612,26.8922,1.0,0.0,-12.5,0.0,1.0,-0.5,0.0,0.0,1.0,1,1,template_ok,0,post_translation,0,0,0.9912,41.5,969.5,1874.5,997.5,589.5,555.5,1277.5,569.5,0,0
1613,26.9089,1.0,0.0,-12.5,0.0,1.0,-1.5,0.0,0.0,1.0,1,1,template_ok,0,post_translation,0,0,0.9905,41.5,968.5,1874.5,996.5,589.5,554.5,1277.5,568.5,0,0
1614,26.9256,1.0,0.0,-12.5,0.0,1.0,-1.5,0.0,0.0,1.0,1,1,template_ok,0,post_translation,0,0,0.9887,41.5,968.5,1874.5,996.5,589.5,554.5,1277.5,568.5,0,0
1615,26.9423,1.0,0.0,-12.5,0.0,1.0,-1.5,0.0,0.0,1.0,1,1,template_ok,0,post_translation,0,0,0.9865,41.5,968.5,1874.5,996.5,589.5,554.5,1277.5,568.5,0,0
1616,26.9589,1.0,0.0,-11.5,0.0,1.0,-0.5,0.0,0.0,1.0,1,1,template_ok,0,post_translation,0,0,0.9862,42.5,969.5,1875.5,997.5,590.5,555.5,1278.5,569.5,0,0
1617,26.9756,1.0,0.0,-11.5,0.0,1.0,-0.5,0.0,0.0,1.0,1,1,template_ok,0,post_translation,0,0,0.989,42.5,969.5,1875.5,997.5,590.5,555.5,1278.5,569.5,0,0
1618,26.9923,1.0,0.0,-11.5,0.0,1.0,-0.5,0.0,0.0,1.0,1,1,template_ok,0,post_translation,0,0,0.9912,42.5,969.5,1875.5,997.5,590.5,555.5,1278.5,569.5,0,0
1619,27.009,1.0,0.0,-11.5,0.0,1.0,-0.5,0.0,0.0,1.0,1,1,template_ok,0,post_translation,0,0,0.9906,42.5,969.5,1875.5,997.5,590.5,555.5,1278.5,569.5,0,0
1620,27.0257,1.0,0.0,-11.5,0.0,1.0,-0.5,0.0,0.0,1.0,1,1,template_ok,0,post_translation,0,0,0.9853,42.5,969.5,1875.5,997.5,590.5,555.5,1278.5,569.5,0,0
1621,27.0424,1.0,0.0,-10.5,0.0,1.0,-0.5,0.0,0.0,1.0,1,1,template_ok,0,post_translation,0,0,0.9865,43.5,969.5,1876.5,997.5,591.5,555.5,1279.5,569.5,0,0
1622,27.059,1.0,0.0,-10.5,0.0,1.0,-0.5,0.0,0.0,1.0,1,1,template_ok,0,post_translation,0,0,0.9911,43.5,969.5,1876.5,997.5,591.5,555.5,1279.5,569.5,0,0
1623,27.0757,1.0,0.0,-10.5,0.0,1.0,-0.5,0.0,0.0,1.0,1,1,template_ok,0,post_translation,0,0,0.9916,43.5,969.5,1876.5,997.5,591.5,555.5,1279.5,569.5,0,0
1624,27.0924,1.0,0.0,-10.5,0.0,1.0,-0.5,0.0,0.0,1.0,1,1,template_ok,0,post_translation,0,0,0.9896,43.5,969.5,1876.5,997.5,591.5,555.5,1279.5,569.5,0,0
1625,27.1091,1.0,0.0,-10.5,0.0,1.0,-0.5,0.0,0.0,1.0,1,1,template_ok,0,post_translation,0,0,0.9894,43.5,969.5,1876.5,997.5,591.5,555.5,1279.5,569.5,0,0
1626,27.1258,1.0,0.0,-10.5,0.0,1.0,-0.5,0.0,0.0,1.0,1,1,template_ok,0,post_translation,0,0,0.9886,43.5,969.5,1876.5,997.5,591.5,555.5,1279.5,569.5,0,0
1627,27.1425,1.0,0.0,-10.5,0.0,1.0,-0.5,0.0,0.0,1.0,1,1,template_ok,0,post_translation,0,0,0.9866,43.5,969.5,1876.5,997.5,591.5,555.5,1279.5,569.5,0,0
1628,27.1591,1.0,0.0,-10.5,0.0,1.0,-0.5,0.0,0.0,1.0,1,1,template_ok,0,post_translation,0,0,0.9876,43.5,969.5,1876.5,997.5,591.5,555.5,1279.5,569.5,0,0
1629,27.1758,1.0,0.0,-10.5,0.0,1.0,-0.5,0.0,0.0,1.0,1,1,template_ok,0,post_translation,0,0,0.9876,43.5,969.5,1876.5,997.5,591.5,555.5,1279.5,569.5,0,0
1630,27.1925,1.0,0.0,-10.5,0.0,1.0,-0.5,0.0,0.0,1.0,1,1,template_ok,0,post_translation,0,0,0.9875,43.5,969.5,1876.5,997.5,591.5,555.5,1279.5,569.5,0,0
1631,27.2092,1.0,0.0,-10.5,0.0,1.0,-0.5,0.0,0.0,1.0,1,1,template_ok,0,post_translation,0,0,0.9875,43.5,969.5,1876.5,997.5,591.5,555.5,1279.5,569.5,0,0
1632,27.2259,1.0,0.0,-10.5,0.0,1.0,-0.5,0.0,0.0,1.0,1,1,template_ok,0,post_translation,0,0,0.9847,43.5,969.5,1876.5,997.5,591.5,555.5,1279.5,569.5,0,0
1633,27.2425,1.0,0.0,-9.5,0.0,1.0,-0.5,0.0,0.0,1.0,1,1,template_ok,0,post_translation,0,0,0.9835,44.5,969.5,1877.5,997.5,592.5,555.5,1280.5,569.5,0,0
1634,27.2592,1.0,0.0,-9.5,0.0,1.0,-0.5,0.0,0.0,1.0,1,1,template_ok,0,post_translation,0,0,0.9855,44.5,969.5,1877.5,997.5,592.5,555.5,1280.5,569.5,0,0
1635,27.2759,1.0,0.0,-9.5,0.0,1.0,-0.5,0.0,0.0,1.0,1,1,template_ok,0,post_translation,0,0,0.9884,44.5,969.5,1877.5,997.5,592.5,555.5,1280.5,569.5,0,0
1636,27.2926,1.0,0.0,-9.5,0.0,1.0,-0.5,0.0,0.0,1.0,1,1,template_ok,0,post_translation,0,0,0.9892,44.5,969.5,1877.5,997.5,592.5,555.5,1280.5,569.5,0,0
1637,27.3093,1.0,0.0,-9.5,0.0,1.0,-1.5,0.0,0.0,1.0,1,1,template_ok,0,post_translation,0,0,0.9911,44.5,968.5,1877.5,996.5,592.5,554.5,1280.5,568.5,0,0
1638,27.326,1.0,0.0,-9.5,0.0,1.0,-1.5,0.0,0.0,1.0,1,1,template_ok,0,post_translation,0,0,0.9912,44.5,968.5,1877.5,996.5,592.5,554.5,1280.5,568.5,0,0
1639,27.3426,1.0,0.0,-9.5,0.0,1.0,-1.5,0.0,0.0,1.0,1,1,template_ok,0,post_translation,0,0,0.9913,44.5,968.5,1877.5,996.5,592.5,554.5,1280.5,568.5,0,0
1640,27.3593,1.0,0.0,-9.5,0.0,1.0,-1.5,0.0,0.0,1.0,1,1,template_ok,0,post_translation,0,0,0.9903,44.5,968.5,1877.5,996.5,592.5,554.5,1280.5,568.5,0,0
1641,27.376,1.0,0.0,-9.5,0.0,1.0,-2.5,0.0,0.0,1.0,1,1,template_ok,0,post_translation,0,0,0.9883,44.5,967.5,1877.5,995.5,592.5,553.5,1280.5,567.5,0,0
1642,27.3927,1.0,0.0,-9.5,0.0,1.0,-2.5,0.0,0.0,1.0,1,1,template_ok,0,post_translation,0,0,0.9865,44.5,967.5,1877.5,995.5,592.5,553.5,1280.5,567.5,0,0
1643,27.4094,1.0,0.0,-9.5,0.0,1.0,-2.5,0.0,0.0,1.0,1,1,template_ok,0,post_translation,0,0,0.9853,44.5,967.5,1877.5,995.5,592.5,553.5,1280.5,567.5,0,0
1644,27.4261,1.0,0.0,-8.5,0.0,1.0,-2.5,0.0,0.0,1.0,1,1,template_ok,0,post_translation,0,0,0.9845,45.5,967.5,1878.5,995.5,593.5,553.5,1281.5,567.5,0,0
1645,27.4427,1.0,0.0,-8.5,0.0,1.0,-2.5,0.0,0.0,1.0,1,1,template_ok,0,post_translation,0,0,0.9853,45.5,967.5,1878.5,995.5,593.5,553.5,1281.5,567.5,0,0
1646,27.4594,1.0,0.0,-8.5,0.0,1.0,-2.5,0.0,0.0,1.0,1,1,template_ok,0,post_translation,0,0,0.9853,45.5,967.5,1878.5,995.5,593.5,553.5,1281.5,567.5,0,0
1647,27.4761,1.0,0.0,-8.5,0.0,1.0,-2.5,0.0,0.0,1.0,1,1,template_ok,0,post_translation,0,0,0.9855,45.5,967.5,1878.5,995.5,593.5,553.5,1281.5,567.5,0,0
1648,27.4928,1.0,0.0,-8.5,0.0,1.0,-3.5,0.0,0.0,1.0,1,1,template_ok,0,post_translation,0,0,0.9861,45.5,966.5,1878.5,994.5,593.5,552.5,1281.5,566.5,0,0
1649,27.5095,1.0,0.0,-8.5,0.0,1.0,-3.5,0.0,0.0,1.0,1,1,template_ok,0,post_translation,0,0,0.9854,45.5,966.5,1878.5,994.5,593.5,552.5,1281.5,566.5,0,0
1650,27.5261,1.0,0.0,-8.5,0.0,1.0,-3.5,0.0,0.0,1.0,1,1,template_ok,0,post_translation,0,0,0.9842,45.5,966.5,1878.5,994.5,593.5,552.5,1281.5,566.5,0,0
1651,27.5428,1.0,0.0,-8.5,0.0,1.0,-3.5,0.0,0.0,1.0,1,1,template_ok,0,post_translation,0,0,0.9843,45.5,966.5,1878.5,994.5,593.5,552.5,1281.5,566.5,0,0
1652,27.5595,1.0,0.0,-8.5,0.0,1.0,-3.5,0.0,0.0,1.0,1,1,template_ok,0,post_translation,0,0,0.984,45.5,966.5,1878.5,994.5,593.5,552.5,1281.5,566.5,0,0
1653,27.5762,1.0,0.0,-9.5,0.0,1.0,-3.5,0.0,0.0,1.0,1,1,template_ok,0,post_translation,0,0,0.9876,44.5,966.5,1877.5,994.5,592.5,552.5,1280.5,566.5,0,0
1654,27.5929,1.0,0.0,-9.5,0.0,1.0,-3.5,0.0,0.0,1.0,1,1,template_ok,0,post_translation,0,0,0.9894,44.5,966.5,1877.5,994.5,592.5,552.5,1280.5,566.5,0,0
1655,27.6096,1.0,0.0,-9.5,0.0,1.0,-3.5,0.0,0.0,1.0,1,1,template_ok,0,post_translation,0,0,0.9896,44.5,966.5,1877.5,994.5,592.5,552.5,1280.5,566.5,0,0
1656,27.6262,1.0,0.0,-9.5,0.0,1.0,-3.5,0.0,0.0,1.0,1,1,template_ok,0,post_translation,0,0,0.9882,44.5,966.5,1877.5,994.5,592.5,552.5,1280.5,566.5,0,0
1657,27.6429,1.0,0.0,-9.5,0.0,1.0,-4.5,0.0,0.0,1.0,1,1,template_ok,0,post_translation,0,0,0.9882,44.5,965.5,1877.5,993.5,592.5,551.5,1280.5,565.5,0,0
1658,27.6596,1.0,0.0,-9.5,0.0,1.0,-4.5,0.0,0.0,1.0,1,1,template_ok,0,post_translation,0,0,0.9884,44.5,965.5,1877.5,993.5,592.5,551.5,1280.5,565.5,0,0
1659,27.6763,1.0,0.0,-9.5,0.0,1.0,-4.5,0.0,0.0,1.0,1,1,template_ok,0,post_translation,0,0,0.9885,44.5,965.5,1877.5,993.5,592.5,551.5,1280.5,565.5,0,0
1660,27.693,1.0,0.0,-9.5,0.0,1.0,-4.5,0.0,0.0,1.0,1,1,template_ok,0,post_translation,0,0,0.9876,44.5,965.5,1877.5,993.5,592.5,551.5,1280.5,565.5,0,0
1661,27.7097,1.0,0.0,-9.5,0.0,1.0,-4.5,0.0,0.0,1.0,1,1,template_ok,0,post_translation,0,0,0.9855,44.5,965.5,1877.5,993.5,592.5,551.5,1280.5,565.5,0,0
1662,27.7263,1.0,0.0,-9.5,0.0,1.0,-4.5,0.0,0.0,1.0,1,1,template_ok,0,post_translation,0,0,0.9852,44.5,965.5,1877.5,993.5,592.5,551.5,1280.5,565.5,0,0
1663,27.743,1.0,0.0,-9.5,0.0,1.0,-4.5,0.0,0.0,1.0,1,1,template_ok,0,post_translation,0,0,0.984,44.5,965.5,1877.5,993.5,592.5,551.5,1280.5,565.5,0,0
1664,27.7597,1.0,0.0,-10.5,0.0,1.0,-5.5,0.0,0.0,1.0,1,1,template_ok,0,post_translation,0,0,0.9863,43.5,964.5,1876.5,992.5,591.5,550.5,1279.5,564.5,0,0
1665,27.7764,1.0,0.0,-10.5,0.0,1.0,-5.5,0.0,0.0,1.0,1,1,template_ok,0,post_translation,0,0,0.9889,43.5,964.5,1876.5,992.5,591.5,550.5,1279.5,564.5,0,0
1666,27.7931,1.0,0.0,-10.5,0.0,1.0,-5.5,0.0,0.0,1.0,1,1,template_ok,0,post_translation,0,0,0.9878,43.5,964.5,1876.5,992.5,591.5,550.5,1279.5,564.5,0,0
1667,27.8098,1.0,0.0,-10.5,0.0,1.0,-6.5,0.0,0.0,1.0,1,1,template_ok,0,post_translation,0,0,0.9874,43.5,963.5,1876.5,991.5,591.5,549.5,1279.5,563.5,0,0
1668,27.8264,1.0,0.0,-10.5,0.0,1.0,-6.5,0.0,0.0,1.0,1,1,template_ok,0,post_translation,0,0,0.9874,43.5,963.5,1876.5,991.5,591.5,549.5,1279.5,563.5,0,0
1669,27.8431,1.0,0.0,-10.5,0.0,1.0,-6.5,0.0,0.0,1.0,1,1,template_ok,0,post_translation,0,0,0.9896,43.5,963.5,1876.5,991.5,591.5,549.5,1279.5,563.5,0,0
1670,27.8598,1.0,0.0,-10.5,0.0,1.0,-6.5,0.0,0.0,1.0,1,1,template_ok,0,post_translation,0,0,0.9891,43.5,963.5,1876.5,991.5,591.5,549.5,1279.5,563.5,0,0
1671,27.8765,1.0,0.0,-10.5,0.0,1.0,-6.5,0.0,0.0,1.0,1,1,template_ok,0,post_translation,0,0,0.9885,43.5,963.5,1876.5,991.5,591.5,549.5,1279.5,563.5,0,0
1672,27.8932,1.0,0.0,-10.5,0.0,1.0,-7.5,0.0,0.0,1.0,1,1,template_ok,0,post_translation,0,0,0.9883,43.5,962.5,1876.5,990.5,591.5,548.5,1279.5,562.5,0,0
1673,27.9098,1.0,0.0,-10.5,0.0,1.0,-7.5,0.0,0.0,1.0,1,1,template_ok,0,post_translation,0,0,0.9889,43.5,962.5,1876.5,990.5,591.5,548.5,1279.5,562.5,0,0
1674,27.9265,1.0,0.0,-10.5,0.0,1.0,-7.5,0.0,0.0,1.0,1,1,template_ok,0,post_translation,0,0,0.9887,43.5,962.5,1876.5,990.5,591.5,548.5,1279.5,562.5,0,0
1675,27.9432,1.0,0.0,-10.5,0.0,1.0,-7.5,0.0,0.0,1.0,1,1,template_ok,0,post_translation,0,0,0.9885,43.5,962.5,1876.5,990.5,591.5,548.5,1279.5,562.5,0,0
1676,27.9599,1.0,0.0,-10.5,0.0,1.0,-7.5,0.0,0.0,1.0,1,1,template_ok,0,post_translation,0,0,0.9878,43.5,962.5,1876.5,990.5,591.5,548.5,1279.5,562.5,0,0
1677,27.9766,1.0,0.0,-10.5,0.0,1.0,-8.5,0.0,0.0,1.0,1,1,template_ok,0,post_translation,0,0,0.9889,43.5,961.5,1876.5,989.5,591.5,547.5,1279.5,561.5,0,0
1678,27.9933,1.0,0.0,-10.5,0.0,1.0,-8.5,0.0,0.0,1.0,1,1,template_ok,0,post_translation,0,0,0.9899,43.5,961.5,1876.5,989.5,591.5,547.5,1279.5,561.5,0,0
1679,28.0099,1.0,0.0,-10.5,0.0,1.0,-8.5,0.0,0.0,1.0,1,1,template_ok,0,post_translation,0,0,0.9896,43.5,961.5,1876.5,989.5,591.5,547.5,1279.5,561.5,0,0
1680,28.0266,1.0,0.0,-10.5,0.0,1.0,-8.5,0.0,0.0,1.0,1,1,template_ok,0,post_translation,0,0,0.9893,43.5,961.5,1876.5,989.5,591.5,547.5,1279.5,561.5,0,0
1681,28.0433,1.0,0.0,-10.5,0.0,1.0,-9.5,0.0,0.0,1.0,1,1,template_ok,0,post_translation,0,0,0.9895,43.5,960.5,1876.5,988.5,591.5,546.5,1279.5,560.5,0,0
1682,28.06,1.0,0.0,-10.5,0.0,1.0,-9.5,0.0,0.0,1.0,1,1,template_ok,0,post_translation,0,0,0.9906,43.5,960.5,1876.5,988.5,591.5,546.5,1279.5,560.5,0,0
1683,28.0767,1.0,0.0,-10.5,0.0,1.0,-9.5,0.0,0.0,1.0,1,1,template_ok,0,post_translation,0,0,0.9909,43.5,960.5,1876.5,988.5,591.5,546.5,1279.5,560.5,0,0
1684,28.0934,1.0,0.0,-10.5,0.0,1.0,-9.5,0.0,0.0,1.0,1,1,template_ok,0,post_translation,0,0,0.9897,43.5,960.5,1876.5,988.5,591.5,546.5,1279.5,560.5,0,0
1685,28.11,1.0,0.0,-10.5,0.0,1.0,-9.5,0.0,0.0,1.0,1,1,template_ok,0,post_translation,0,0,0.9881,43.5,960.5,1876.5,988.5,591.5,546.5,1279.5,560.5,0,0
1686,28.1267,1.0,0.0,-10.5,0.0,1.0,-9.5,0.0,0.0,1.0,1,1,template_ok,0,post_translation,0,0,0.9881,43.5,960.5,1876.5,988.5,591.5,546.5,1279.5,560.5,0,0
1687,28.1434,1.0,0.0,-10.5,0.0,1.0,-10.5,0.0,0.0,1.0,1,1,template_ok,0,post_translation,0,0,0.9873,43.5,959.5,1876.5,987.5,591.5,545.5,1279.5,559.5,0,0
1688,28.1601,1.0,0.0,-10.5,0.0,1.0,-10.5,0.0,0.0,1.0,1,1,template_ok,0,post_translation,0,0,0.9862,43.5,959.5,1876.5,987.5,591.5,545.5,1279.5,559.5,0,0
1689,28.1768,1.0,0.0,-10.5,0.0,1.0,-10.5,0.0,0.0,1.0,1,1,template_ok,0,post_translation,0,0,0.9843,43.5,959.5,1876.5,987.5,591.5,545.5,1279.5,559.5,0,0
1690,28.1935,1.0,0.0,-11.5,0.0,1.0,-10.5,0.0,0.0,1.0,1,1,template_ok,0,post_translation,0,0,0.9867,42.5,959.5,1875.5,987.5,590.5,545.5,1278.5,559.5,0,0
1691,28.2101,1.0,0.0,-11.5,0.0,1.0,-10.5,0.0,0.0,1.0,1,1,template_ok,0,post_translation,0,0,0.9884,42.5,959.5,1875.5,987.5,590.5,545.5,1278.5,559.5,0,0
1692,28.2268,1.0,0.0,-11.5,0.0,1.0,-10.5,0.0,0.0,1.0,1,1,template_ok,0,post_translation,0,0,0.9892,42.5,959.5,1875.5,987.5,590.5,545.5,1278.5,559.5,0,0
1693,28.2435,1.0,0.0,-11.5,0.0,1.0,-10.5,0.0,0.0,1.0,1,1,template_ok,0,post_translation,0,0,0.989,42.5,959.5,1875.5,987.5,590.5,545.5,1278.5,559.5,0,0
1694,28.2602,1.0,0.0,-11.5,0.0,1.0,-11.5,0.0,0.0,1.0,1,1,template_ok,0,post_translation,0,0,0.9902,42.5,958.5,1875.5,986.5,590.5,544.5,1278.5,558.5,0,0
1695,28.2769,1.0,0.0,-11.5,0.0,1.0,-11.5,0.0,0.0,1.0,1,1,template_ok,0,post_translation,0,0,0.9904,42.5,958.5,1875.5,986.5,590.5,544.5,1278.5,558.5,0,0
1696,28.2935,1.0,0.0,-11.5,0.0,1.0,-11.5,0.0,0.0,1.0,1,1,template_ok,0,post_translation,0,0,0.9884,42.5,958.5,1875.5,986.5,590.5,544.5,1278.5,558.5,0,0
1697,28.3102,1.0,0.0,-11.5,0.0,1.0,-11.5,0.0,0.0,1.0,1,1,template_ok,0,post_translation,0,0,0.9873,42.5,958.5,1875.5,986.5,590.5,544.5,1278.5,558.5,0,0
1698,28.3269,1.0,0.0,-11.5,0.0,1.0,-12.5,0.0,0.0,1.0,1,1,template_ok,0,post_translation,0,0,0.9866,42.5,957.5,1875.5,985.5,590.5,543.5,1278.5,557.5,0,0
1699,28.3436,1.0,0.0,-11.5,0.0,1.0,-12.5,0.0,0.0,1.0,1,1,template_ok,0,post_translation,0,0,0.9909,42.5,957.5,1875.5,985.5,590.5,543.5,1278.5,557.5,0,0
1700,28.3603,1.0,0.0,-11.5,0.0,1.0,-13.5,0.0,0.0,1.0,1,1,template_ok,0,post_translation,0,0,0.9892,42.5,956.5,1875.5,984.5,590.5,542.5,1278.5,556.5,0,0
1701,28.377,1.0,0.0,-10.5,0.0,1.0,-13.5,0.0,0.0,1.0,1,1,template_ok,0,post_translation,0,0,0.9901,43.5,956.5,1876.5,984.5,591.5,542.5,1279.5,556.5,0,0
1702,28.3936,1.0,0.0,-9.5,0.0,1.0,-14.5,0.0,0.0,1.0,1,1,template_ok,0,post_translation,0,0,0.9881,44.5,955.5,1877.5,983.5,592.5,541.5,1280.5,555.5,0,0
1703,28.4103,1.0,0.0,-9.5,0.0,1.0,-15.5,0.0,0.0,1.0,1,1,template_ok,0,post_translation,0,0,0.987,44.5,954.5,1877.5,982.5,592.5,540.5,1280.5,554.5,0,0
1704,28.427,1.0,0.0,-8.5,0.0,1.0,-15.5,0.0,0.0,1.0,1,1,template_ok,0,post_translation,0,0,0.9877,45.5,954.5,1878.5,982.5,593.5,540.5,1281.5,554.5,0,0
1705,28.4437,1.0,0.0,-7.5,0.0,1.0,-16.5,0.0,0.0,1.0,1,1,template_ok,0,post_translation,0,0,0.9891,46.5,953.5,1879.5,981.5,594.5,539.5,1282.5,553.5,0,0
1706,28.4604,1.0,0.0,-6.5,0.0,1.0,-16.5,0.0,0.0,1.0,1,1,template_ok,0,post_translation,0,0,0.9902,47.5,953.5,1880.5,981.5,595.5,539.5,1283.5,553.5,0,0
1707,28.4771,1.0,0.0,-6.5,0.0,1.0,-17.5,0.0,0.0,1.0,1,1,template_ok,0,post_translation,0,0,0.9892,47.5,952.5,1880.5,980.5,595.5,538.5,1283.5,552.5,0,0
1708,28.4937,1.0,0.0,-5.5,0.0,1.0,-17.5,0.0,0.0,1.0,1,1,template_ok,0,post_translation,0,0,0.9902,48.5,952.5,1881.5,980.5,596.5,538.5,1284.5,552.5,0,0
1709,28.5104,1.0,0.0,-5.5,0.0,1.0,-17.5,0.0,0.0,1.0,1,1,template_ok,0,post_translation,0,0,0.9905,48.5,952.5,1881.5,980.5,596.5,538.5,1284.5,552.5,0,0
1710,28.5271,1.0,0.0,-5.5,0.0,1.0,-18.5,0.0,0.0,1.0,1,1,template_ok,0,post_translation,0,0,0.9907,48.5,951.5,1881.5,979.5,596.5,537.5,1284.5,551.5,0,0
1711,28.5438,1.0,0.0,-5.5,0.0,1.0,-18.5,0.0,0.0,1.0,1,1,template_ok,0,post_translation,0,0,0.9912,48.5,951.5,1881.5,979.5,596.5,537.5,1284.5,551.5,0,0
1712,28.5605,1.0,0.0,-5.5,0.0,1.0,-18.5,0.0,0.0,1.0,1,1,template_ok,0,post_translation,0,0,0.9913,48.5,951.5,1881.5,979.5,596.5,537.5,1284.5,551.5,0,0
1713,28.5771,1.0,0.0,-5.5,0.0,1.0,-18.5,0.0,0.0,1.0,1,1,template_ok,0,post_translation,0,0,0.9907,48.5,951.5,1881.5,979.5,596.5,537.5,1284.5,551.5,0,0
1714,28.5938,1.0,0.0,-5.5,0.0,1.0,-18.5,0.0,0.0,1.0,1,1,template_ok,0,post_translation,0,0,0.9888,48.5,951.5,1881.5,979.5,596.5,537.5,1284.5,551.5,0,0
1715,28.6105,1.0,0.0,-5.5,0.0,1.0,-18.5,0.0,0.0,1.0,1,1,template_ok,0,post_translation,0,0,0.9855,48.5,951.5,1881.5,979.5,596.5,537.5,1284.5,551.5,0,0
1716,28.6272,1.0,0.0,-6.5,0.0,1.0,-19.5,0.0,0.0,1.0,1,1,template_ok,0,post_translation,0,0,0.9876,47.5,950.5,1880.5,978.5,595.5,536.5,1283.5,550.5,0,0
1717,28.6439,1.0,0.0,-6.5,0.0,1.0,-19.5,0.0,0.0,1.0,1,1,template_ok,0,post_translation,0,0,0.9895,47.5,950.5,1880.5,978.5,595.5,536.5,1283.5,550.5,0,0
1718,28.6606,1.0,0.0,-6.5,0.0,1.0,-19.5,0.0,0.0,1.0,1,1,template_ok,0,post_translation,0,0,0.9894,47.5,950.5,1880.5,978.5,595.5,536.5,1283.5,550.5,0,0
1719,28.6772,1.0,0.0,-6.5,0.0,1.0,-20.5,0.0,0.0,1.0,1,1,template_ok,0,post_translation,0,0,0.9875,47.5,949.5,1880.5,977.5,595.5,535.5,1283.5,549.5,0,0
1720,28.6939,1.0,0.0,-6.5,0.0,1.0,-20.5,0.0,0.0,1.0,1,1,template_ok,0,post_translation,0,0,0.9844,47.5,949.5,1880.5,977.5,595.5,535.5,1283.5,549.5,0,0
1721,28.7106,1.0,0.0,-7.5,0.0,1.0,-20.5,0.0,0.0,1.0,1,1,template_ok,0,post_translation,0,0,0.9895,46.5,949.5,1879.5,977.5,594.5,535.5,1282.5,549.5,0,0
1722,28.7273,1.0,0.0,-7.5,0.0,1.0,-21.5,0.0,0.0,1.0,1,1,template_ok,0,post_translation,0,0,0.9893,46.5,948.5,1879.5,976.5,594.5,534.5,1282.5,548.5,0,0
1723,28.744,1.0,0.0,-7.5,0.0,1.0,-21.5,0.0,0.0,1.0,1,1,template_ok,0,post_translation,0,0,0.9886,46.5,948.5,1879.5,976.5,594.5,534.5,1282.5,548.5,0,0
1724,28.7607,1.0,0.0,-8.5,0.0,1.0,-21.5,0.0,0.0,1.0,1,1,template_ok,0,post_translation,0,0,0.9869,45.5,948.5,1878.5,976.5,593.5,534.5,1281.5,548.5,0,0
1725,28.7773,1.0,0.0,-8.5,0.0,1.0,-22.5,0.0,0.0,1.0,1,1,template_ok,0,post_translation,0,0,0.9891,45.5,947.5,1878.5,975.5,593.5,533.5,1281.5,547.5,0,0
1726,28.794,1.0,0.0,-8.5,0.0,1.0,-22.5,0.0,0.0,1.0,1,1,template_ok,0,post_translation,0,0,0.9902,45.5,947.5,1878.5,975.5,593.5,533.5,1281.5,547.5,0,0
1727,28.8107,1.0,0.0,-8.5,0.0,1.0,-22.5,0.0,0.0,1.0,1,1,template_ok,0,post_translation,0,0,0.9859,45.5,947.5,1878.5,975.5,593.5,533.5,1281.5,547.5,0,0
1728,28.8274,1.0,0.0,-9.5,0.0,1.0,-22.5,0.0,0.0,1.0,1,1,template_ok,0,post_translation,0,0,0.9841,44.5,947.5,1877.5,975.5,592.5,533.5,1280.5,547.5,0,0
1729,28.8441,1.0,0.0,-9.5,0.0,1.0,-22.5,0.0,0.0,1.0,1,1,template_ok,0,post_translation,0,0,0.9828,44.5,947.5,1877.5,975.5,592.5,533.5,1280.5,547.5,0,0
1730,28.8608,1.0,0.0,-8.5,0.0,1.0,-22.5,0.0,0.0,1.0,1,1,template_ok,0,post_translation,0,0,0.9837,45.5,947.5,1878.5,975.5,593.5,533.5,1281.5,547.5,0,0
1731,28.8774,1.0,0.0,-8.5,0.0,1.0,-23.5,0.0,0.0,1.0,1,1,template_ok,0,post_translation,0,0,0.9863,45.5,946.5,1878.5,974.5,593.5,532.5,1281.5,546.5,0,0
1732,28.8941,1.0,0.0,-8.5,0.0,1.0,-23.5,0.0,0.0,1.0,1,1,template_ok,0,post_translation,0,0,0.9884,45.5,946.5,1878.5,974.5,593.5,532.5,1281.5,546.5,0,0
1733,28.9108,1.0,0.0,-8.5,0.0,1.0,-23.5,0.0,0.0,1.0,1,1,template_ok,0,post_translation,0,0,0.9881,45.5,946.5,1878.5,974.5,593.5,532.5,1281.5,546.5,0,0
1734,28.9275,1.0,0.0,-8.5,0.0,1.0,-23.5,0.0,0.0,1.0,1,1,template_ok,0,post_translation,0,0,0.9888,45.5,946.5,1878.5,974.5,593.5,532.5,1281.5,546.5,0,0
1735,28.9442,1.0,0.0,-8.5,0.0,1.0,-23.5,0.0,0.0,1.0,1,1,template_ok,0,post_translation,0,0,0.9892,45.5,946.5,1878.5,974.5,593.5,532.5,1281.5,546.5,0,0
1736,28.9608,1.0,0.0,-8.5,0.0,1.0,-23.5,0.0,0.0,1.0,1,1,template_ok,0,post_translation,0,0,0.99,45.5,946.5,1878.5,974.5,593.5,532.5,1281.5,546.5,0,0
1737,28.9775,1.0,0.0,-8.5,0.0,1.0,-23.5,0.0,0.0,1.0,1,1,template_ok,0,post_translation,0,0,0.9894,45.5,946.5,1878.5,974.5,593.5,532.5,1281.5,546.5,0,0
1738,28.9942,1.0,0.0,-8.5,0.0,1.0,-23.5,0.0,0.0,1.0,1,1,template_ok,0,post_translation,0,0,0.9899,45.5,946.5,1878.5,974.5,593.5,532.5,1281.5,546.5,0,0
1739,29.0109,1.0,0.0,-8.5,0.0,1.0,-22.5,0.0,0.0,1.0,1,1,template_ok,0,post_translation,0,0,0.9856,45.5,947.5,1878.5,975.5,593.5,533.5,1281.5,547.5,0,0
1740,29.0276,1.0,0.0,-8.5,0.0,1.0,-23.5,0.0,0.0,1.0,1,1,template_ok,0,post_translation,0,0,0.984,45.5,946.5,1878.5,974.5,593.5,532.5,1281.5,546.5,0,0
1741,29.0443,1.0,0.0,-7.5,0.0,1.0,-22.5,0.0,0.0,1.0,1,1,template_ok,0,post_translation,0,0,0.9873,46.5,947.5,1879.5,975.5,594.5,533.5,1282.5,547.5,0,0
1742,29.0609,1.0,0.0,-7.5,0.0,1.0,-22.5,0.0,0.0,1.0,1,1,template_ok,0,post_translation,0,0,0.9901,46.5,947.5,1879.5,975.5,594.5,533.5,1282.5,547.5,0,0
1743,29.0776,1.0,0.0,-7.5,0.0,1.0,-22.5,0.0,0.0,1.0,1,1,template_ok,0,post_translation,0,0,0.9887,46.5,947.5,1879.5,975.5,594.5,533.5,1282.5,547.5,0,0
1744,29.0943,1.0,0.0,-6.5,0.0,1.0,-22.5,0.0,0.0,1.0,1,1,template_ok,0,post_translation,0,0,0.9856,47.5,947.5,1880.5,975.5,595.5,533.5,1283.5,547.5,0,0
1745,29.111,1.0,0.0,-6.5,0.0,1.0,-22.5,0.0,0.0,1.0,1,1,template_ok,0,post_translation,0,0,0.99,47.5,947.5,1880.5,975.5,595.5,533.5,1283.5,547.5,0,0
1746,29.1277,1.0,0.0,-6.5,0.0,1.0,-22.5,0.0,0.0,1.0,1,1,template_ok,0,post_translation,0,0,0.9909,47.5,947.5,1880.5,975.5,595.5,533.5,1283.5,547.5,0,0
1747,29.1444,1.0,0.0,-6.5,0.0,1.0,-21.5,0.0,0.0,1.0,1,1,template_ok,0,post_translation,0,0,0.991,47.5,948.5,1880.5,976.5,595.5,534.5,1283.5,548.5,0,0
1748,29.161,1.0,0.0,-6.5,0.0,1.0,-21.5,0.0,0.0,1.0,1,1,template_ok,0,post_translation,0,0,0.9878,47.5,948.5,1880.5,976.5,595.5,534.5,1283.5,548.5,0,0
1749,29.1777,1.0,0.0,-5.5,0.0,1.0,-21.5,0.0,0.0,1.0,1,1,template_ok,0,post_translation,0,0,0.9861,48.5,948.5,1881.5,976.5,596.5,534.5,1284.5,548.5,0,0
1750,29.1944,1.0,0.0,-5.5,0.0,1.0,-20.5,0.0,0.0,1.0,1,1,template_ok,0,post_translation,0,0,0.9897,48.5,949.5,1881.5,977.5,596.5,535.5,1284.5,549.5,0,0
1751,29.2111,1.0,0.0,-5.5,0.0,1.0,-20.5,0.0,0.0,1.0,1,1,template_ok,0,post_translation,0,0,0.9917,48.5,949.5,1881.5,977.5,596.5,535.5,1284.5,549.5,0,0
1752,29.2278,1.0,0.0,-5.5,0.0,1.0,-20.5,0.0,0.0,1.0,1,1,template_ok,0,post_translation,0,0,0.9907,48.5,949.5,1881.5,977.5,596.5,535.5,1284.5,549.5,0,0
1753,29.2444,1.0,0.0,-5.5,0.0,1.0,-20.5,0.0,0.0,1.0,1,1,template_ok,0,post_translation,0,0,0.9903,48.5,949.5,1881.5,977.5,596.5,535.5,1284.5,549.5,0,0
1754,29.2611,1.0,0.0,-5.5,0.0,1.0,-20.5,0.0,0.0,1.0,1,1,template_ok,0,post_translation,0,0,0.9908,48.5,949.5,1881.5,977.5,596.5,535.5,1284.5,549.5,0,0
1755,29.2778,1.0,0.0,-5.5,0.0,1.0,-20.5,0.0,0.0,1.0,1,1,template_ok,0,post_translation,0,0,0.9899,48.5,949.5,1881.5,977.5,596.5,535.5,1284.5,549.5,0,0
1756,29.2945,1.0,0.0,-5.5,0.0,1.0,-20.5,0.0,0.0,1.0,1,1,template_ok,0,post_translation,0,0,0.9892,48.5,949.5,1881.5,977.5,596.5,535.5,1284.5,549.5,0,0
1757,29.3112,1.0,0.0,-5.5,0.0,1.0,-20.5,0.0,0.0,1.0,1,1,template_ok,0,post_translation,0,0,0.989,48.5,949.5,1881.5,977.5,596.5,535.5,1284.5,549.5,0,0
1758,29.3279,1.0,0.0,-5.5,0.0,1.0,-21.5,0.0,0.0,1.0,1,1,template_ok,0,post_translation,0,0,0.9891,48.5,948.5,1881.5,976.5,596.5,534.5,1284.5,548.5,0,0
1759,29.3445,1.0,0.0,-5.5,0.0,1.0,-21.5,0.0,0.0,1.0,1,1,template_ok,0,post_translation,0,0,0.9872,48.5,948.5,1881.5,976.5,596.5,534.5,1284.5,548.5,0,0
1760,29.3612,1.0,0.0,-4.5,0.0,1.0,-21.5,0.0,0.0,1.0,1,1,template_ok,0,post_translation,0,0,0.984,49.5,948.5,1882.5,976.5,597.5,534.5,1285.5,548.5,0,0
1761,29.3779,1.0,0.0,-5.5,0.0,1.0,-21.5,0.0,0.0,1.0,1,1,template_ok,0,post_translation,0,0,0.9852,48.5,948.5,1881.5,976.5,596.5,534.5,1284.5,548.5,0,0
1762,29.3946,1.0,0.0,-5.5,0.0,1.0,-21.5,0.0,0.0,1.0,1,1,template_ok,0,post_translation,0,0,0.9876,48.5,948.5,1881.5,976.5,596.5,534.5,1284.5,548.5,0,0
1763,29.4113,1.0,0.0,-5.5,0.0,1.0,-21.5,0.0,0.0,1.0,1,1,template_ok,0,post_translation,0,0,0.9894,48.5,948.5,1881.5,976.5,596.5,534.5,1284.5,548.5,0,0
1764,29.428,1.0,0.0,-5.5,0.0,1.0,-21.5,0.0,0.0,1.0,1,1,template_ok,0,post_translation,0,0,0.9907,48.5,948.5,1881.5,976.5,596.5,534.5,1284.5,548.5,0,0
1765,29.4446,1.0,0.0,-5.5,0.0,1.0,-21.5,0.0,0.0,1.0,1,1,template_ok,0,post_translation,0,0,0.9899,48.5,948.5,1881.5,976.5,596.5,534.5,1284.5,548.5,0,0
1766,29.4613,1.0,0.0,-6.5,0.0,1.0,-21.5,0.0,0.0,1.0,1,1,template_ok,0,post_translation,0,0,0.9875,47.5,948.5,1880.5,976.5,595.5,534.5,1283.5,548.5,0,0
1767,29.478,1.0,0.0,-6.5,0.0,1.0,-21.5,0.0,0.0,1.0,1,1,template_ok,0,post_translation,0,0,0.9913,47.5,948.5,1880.5,976.5,595.5,534.5,1283.5,548.5,0,0
1768,29.4947,1.0,0.0,-6.5,0.0,1.0,-21.5,0.0,0.0,1.0,1,1,template_ok,0,post_translation,0,0,0.9911,47.5,948.5,1880.5,976.5,595.5,534.5,1283.5,548.5,0,0
1769,29.5114,1.0,0.0,-6.5,0.0,1.0,-21.5,0.0,0.0,1.0,1,1,template_ok,0,post_translation,0,0,0.9905,47.5,948.5,1880.5,976.5,595.5,534.5,1283.5,548.5,0,0
1770,29.5281,1.0,0.0,-6.5,0.0,1.0,-21.5,0.0,0.0,1.0,1,1,template_ok,0,post_translation,0,0,0.9889,47.5,948.5,1880.5,976.5,595.5,534.5,1283.5,548.5,0,0
1771,29.5447,1.0,0.0,-6.5,0.0,1.0,-21.5,0.0,0.0,1.0,1,1,template_ok,0,post_translation,0,0,0.9869,47.5,948.5,1880.5,976.5,595.5,534.5,1283.5,548.5,0,0
1772,29.5614,1.0,0.0,-7.5,0.0,1.0,-21.5,0.0,0.0,1.0,1,1,template_ok,0,post_translation,0,0,0.9857,46.5,948.5,1879.5,976.5,594.5,534.5,1282.5,548.5,0,0
1773,29.5781,1.0,0.0,-7.5,0.0,1.0,-21.5,0.0,0.0,1.0,1,1,template_ok,0,post_translation,0,0,0.9867,46.5,948.5,1879.5,976.5,594.5,534.5,1282.5,548.5,0,0
1774,29.5948,1.0,0.0,-7.5,0.0,1.0,-21.5,0.0,0.0,1.0,1,1,template_ok,0,post_translation,0,0,0.9874,46.5,948.5,1879.5,976.5,594.5,534.5,1282.5,548.5,0,0
1775,29.6115,1.0,0.0,-7.5,0.0,1.0,-21.5,0.0,0.0,1.0,1,1,template_ok,0,post_translation,0,0,0.9891,46.5,948.5,1879.5,976.5,594.5,534.5,1282.5,548.5,0,0
1776,29.6281,1.0,0.0,-7.5,0.0,1.0,-22.5,0.0,0.0,1.0,1,1,template_ok,0,post_translation,0,0,0.9891,46.5,947.5,1879.5,975.5,594.5,533.5,1282.5,547.5,0,0
1777,29.6448,1.0,0.0,-7.5,0.0,1.0,-22.5,0.0,0.0,1.0,1,1,template_ok,0,post_translation,0,0,0.9907,46.5,947.5,1879.5,975.5,594.5,533.5,1282.5,547.5,0,0
1778,29.6615,1.0,0.0,-7.5,0.0,1.0,-22.5,0.0,0.0,1.0,1,1,template_ok,0,post_translation,0,0,0.99,46.5,947.5,1879.5,975.5,594.5,533.5,1282.5,547.5,0,0
1779,29.6782,1.0,0.0,-7.5,0.0,1.0,-22.5,0.0,0.0,1.0,1,1,template_ok,0,post_translation,0,0,0.9901,46.5,947.5,1879.5,975.5,594.5,533.5,1282.5,547.5,0,0
1780,29.6949,1.0,0.0,-7.5,0.0,1.0,-22.5,0.0,0.0,1.0,1,1,template_ok,0,post_translation,0,0,0.987,46.5,947.5,1879.5,975.5,594.5,533.5,1282.5,547.5,0,0
1781,29.7116,1.0,0.0,-7.5,0.0,1.0,-22.5,0.0,0.0,1.0,1,1,template_ok,0,post_translation,0,0,0.9886,46.5,947.5,1879.5,975.5,594.5,533.5,1282.5,547.5,0,0
1782,29.7282,1.0,0.0,-7.5,0.0,1.0,-22.5,0.0,0.0,1.0,1,1,template_ok,0,post_translation,0,0,0.9888,46.5,947.5,1879.5,975.5,594.5,533.5,1282.5,547.5,0,0
1783,29.7449,1.0,0.0,-7.5,0.0,1.0,-22.5,0.0,0.0,1.0,1,1,template_ok,0,post_translation,0,0,0.9894,46.5,947.5,1879.5,975.5,594.5,533.5,1282.5,547.5,0,0
1784,29.7616,1.0,0.0,-7.5,0.0,1.0,-22.5,0.0,0.0,1.0,1,1,template_ok,0,post_translation,0,0,0.9907,46.5,947.5,1879.5,975.5,594.5,533.5,1282.5,547.5,0,0
1785,29.7783,1.0,0.0,-7.5,0.0,1.0,-22.5,0.0,0.0,1.0,1,1,template_ok,0,post_translation,0,0,0.9911,46.5,947.5,1879.5,975.5,594.5,533.5,1282.5,547.5,0,0
1786,29.795,1.0,0.0,-7.5,0.0,1.0,-22.5,0.0,0.0,1.0,1,1,template_ok,0,post_translation,0,0,0.9915,46.5,947.5,1879.5,975.5,594.5,533.5,1282.5,547.5,0,0
1787,29.8117,1.0,0.0,-7.5,0.0,1.0,-23.5,0.0,0.0,1.0,1,1,template_ok,0,post_translation,0,0,0.9912,46.5,946.5,1879.5,974.5,594.5,532.5,1282.5,546.5,0,0
1788,29.8283,1.0,0.0,-7.5,0.0,1.0,-23.5,0.0,0.0,1.0,1,1,template_ok,0,post_translation,0,0,0.9882,46.5,946.5,1879.5,974.5,594.5,532.5,1282.5,546.5,0,0
1789,29.845,1.0,0.0,-7.5,0.0,1.0,-23.5,0.0,0.0,1.0,1,1,template_ok,0,post_translation,0,0,0.9888,46.5,946.5,1879.5,974.5,594.5,532.5,1282.5,546.5,0,0
1790,29.8617,1.0,0.0,-7.5,0.0,1.0,-23.5,0.0,0.0,1.0,1,1,template_ok,0,post_translation,0,0,0.9898,46.5,946.5,1879.5,974.5,594.5,532.5,1282.5,546.5,0,0
1791,29.8784,1.0,0.0,-7.5,0.0,1.0,-23.5,0.0,0.0,1.0,1,1,template_ok,0,post_translation,0,0,0.9896,46.5,946.5,1879.5,974.5,594.5,532.5,1282.5,546.5,0,0
1792,29.8951,1.0,0.0,-7.5,0.0,1.0,-23.5,0.0,0.0,1.0,1,1,template_ok,0,post_translation,0,0,0.9898,46.5,946.5,1879.5,974.5,594.5,532.5,1282.5,546.5,0,0
1793,29.9117,1.0,0.0,-7.5,0.0,1.0,-22.5,0.0,0.0,1.0,1,1,template_ok,0,post_translation,0,0,0.9892,46.5,947.5,1879.5,975.5,594.5,533.5,1282.5,547.5,0,0
1794,29.9284,1.0,0.0,-7.5,0.0,1.0,-22.5,0.0,0.0,1.0,1,1,template_ok,0,post_translation,0,0,0.9871,46.5,947.5,1879.5,975.5,594.5,533.5,1282.5,547.5,0,0
1795,29.9451,1.0,0.0,-8.5,0.0,1.0,-23.5,0.0,0.0,1.0,1,1,template_ok,0,post_translation,0,0,0.9905,45.5,946.5,1878.5,974.5,593.5,532.5,1281.5,546.5,0,0
1796,29.9618,1.0,0.0,-8.5,0.0,1.0,-22.5,0.0,0.0,1.0,1,1,template_ok,0,post_translation,0,0,0.9933,45.5,947.5,1878.5,975.5,593.5,533.5,1281.5,547.5,0,0
1797,29.9785,1.0,0.0,-8.5,0.0,1.0,-22.5,0.0,0.0,1.0,1,1,template_ok,0,post_translation,0,0,0.9932,45.5,947.5,1878.5,975.5,593.5,533.5,1281.5,547.5,0,0
1798,29.9952,1.0,0.0,-8.5,0.0,1.0,-22.5,0.0,0.0,1.0,1,1,template_ok,0,post_translation,0,0,0.9918,45.5,947.5,1878.5,975.5,593.5,533.5,1281.5,547.5,0,0
1799,30.0118,1.0,0.0,-8.5,0.0,1.0,-22.5,0.0,0.0,1.0,1,1,template_ok,0,post_translation,0,0,0.9918,45.5,947.5,1878.5,975.5,593.5,533.5,1281.5,547.5,0,0
1800,30.0285,1.0,0.0,-8.5,0.0,1.0,-22.5,0.0,0.0,1.0,1,1,template_ok,0,post_translation,0,0,0.9908,45.5,947.5,1878.5,975.5,593.5,533.5,1281.5,547.5,0,0
1801,30.0452,1.0,0.0,-8.5,0.0,1.0,-22.5,0.0,0.0,1.0,1,1,template_ok,0,post_translation,0,0,0.9884,45.5,947.5,1878.5,975.5,593.5,533.5,1281.5,547.5,0,0
1802,30.0619,1.0,0.0,-9.5,0.0,1.0,-22.5,0.0,0.0,1.0,1,1,template_ok,0,post_translation,0,0,0.9894,44.5,947.5,1877.5,975.5,592.5,533.5,1280.5,547.5,0,0
1803,30.0786,1.0,0.0,-9.5,0.0,1.0,-22.5,0.0,0.0,1.0,1,1,template_ok,0,post_translation,0,0,0.9897,44.5,947.5,1877.5,975.5,592.5,533.5,1280.5,547.5,0,0
1804,30.0953,1.0,0.0,-9.5,0.0,1.0,-22.5,0.0,0.0,1.0,1,1,template_ok,0,post_translation,0,0,0.9901,44.5,947.5,1877.5,975.5,592.5,533.5,1280.5,547.5,0,0
1805,30.1119,1.0,0.0,-9.5,0.0,1.0,-22.5,0.0,0.0,1.0,1,1,template_ok,0,post_translation,0,0,0.9913,44.5,947.5,1877.5,975.5,592.5,533.5,1280.5,547.5,0,0
1806,30.1286,1.0,0.0,-9.5,0.0,1.0,-21.5,0.0,0.0,1.0,1,1,template_ok,0,post_translation,0,0,0.9922,44.5,948.5,1877.5,976.5,592.5,534.5,1280.5,548.5,0,0
1807,30.1453,1.0,0.0,-9.5,0.0,1.0,-21.5,0.0,0.0,1.0,1,1,template_ok,0,post_translation,0,0,0.993,44.5,948.5,1877.5,976.5,592.5,534.5,1280.5,548.5,0,0
1808,30.162,1.0,0.0,-9.5,0.0,1.0,-21.5,0.0,0.0,1.0,1,1,template_ok,0,post_translation,0,0,0.9899,44.5,948.5,1877.5,976.5,592.5,534.5,1280.5,548.5,0,0
1809,30.1787,1.0,0.0,-9.5,0.0,1.0,-21.5,0.0,0.0,1.0,1,1,template_ok,0,post_translation,0,0,0.9889,44.5,948.5,1877.5,976.5,592.5,534.5,1280.5,548.5,0,0
1810,30.1954,1.0,0.0,-10.5,0.0,1.0,-20.5,0.0,0.0,1.0,1,1,template_ok,0,post_translation,0,0,0.9861,43.5,949.5,1876.5,977.5,591.5,535.5,1279.5,549.5,0,0
1811,30.212,1.0,0.0,-10.5,0.0,1.0,-20.5,0.0,0.0,1.0,1,1,template_ok,0,post_translation,0,0,0.9915,43.5,949.5,1876.5,977.5,591.5,535.5,1279.5,549.5,0,0
1812,30.2287,1.0,0.0,-10.5,0.0,1.0,-20.5,0.0,0.0,1.0,1,1,template_ok,0,post_translation,0,0,0.9927,43.5,949.5,1876.5,977.5,591.5,535.5,1279.5,549.5,0,0
1813,30.2454,1.0,0.0,-10.5,0.0,1.0,-20.5,0.0,0.0,1.0,1,1,template_ok,0,post_translation,0,0,0.9924,43.5,949.5,1876.5,977.5,591.5,535.5,1279.5,549.5,0,0
1814,30.2621,1.0,0.0,-10.5,0.0,1.0,-19.5,0.0,0.0,1.0,1,1,template_ok,0,post_translation,0,0,0.9879,43.5,950.5,1876.5,978.5,591.5,536.5,1279.5,550.5,0,0
1815,30.2788,1.0,0.0,-11.5,0.0,1.0,-19.5,0.0,0.0,1.0,1,1,template_ok,0,post_translation,0,0,0.9893,42.5,950.5,1875.5,978.5,590.5,536.5,1278.5,550.5,0,0
1816,30.2954,1.0,0.0,-11.5,0.0,1.0,-19.5,0.0,0.0,1.0,1,1,template_ok,0,post_translation,0,0,0.9901,42.5,950.5,1875.5,978.5,590.5,536.5,1278.5,550.5,0,0
1817,30.3121,1.0,0.0,-11.5,0.0,1.0,-19.5,0.0,0.0,1.0,1,1,template_ok,0,post_translation,0,0,0.9917,42.5,950.5,1875.5,978.5,590.5,536.5,1278.5,550.5,0,0
1818,30.3288,1.0,0.0,-11.5,0.0,1.0,-19.5,0.0,0.0,1.0,1,1,template_ok,0,post_translation,0,0,0.9921,42.5,950.5,1875.5,978.5,590.5,536.5,1278.5,550.5,0,0
1819,30.3455,1.0,0.0,-11.5,0.0,1.0,-19.5,0.0,0.0,1.0,1,1,template_ok,0,post_translation,0,0,0.992,42.5,950.5,1875.5,978.5,590.5,536.5,1278.5,550.5,0,0
1820,30.3622,1.0,0.0,-11.5,0.0,1.0,-19.5,0.0,0.0,1.0,1,1,template_ok,0,post_translation,0,0,0.9905,42.5,950.5,1875.5,978.5,590.5,536.5,1278.5,550.5,0,0
1821,30.3789,1.0,0.0,-11.5,0.0,1.0,-19.5,0.0,0.0,1.0,1,1,template_ok,0,post_translation,0,0,0.9905,42.5,950.5,1875.5,978.5,590.5,536.5,1278.5,550.5,0,0
1822,30.3955,1.0,0.0,-11.5,0.0,1.0,-19.5,0.0,0.0,1.0,1,1,template_ok,0,post_translation,0,0,0.9921,42.5,950.5,1875.5,978.5,590.5,536.5,1278.5,550.5,0,0
1823,30.4122,1.0,0.0,-11.5,0.0,1.0,-19.5,0.0,0.0,1.0,1,1,template_ok,0,post_translation,0,0,0.9923,42.5,950.5,1875.5,978.5,590.5,536.5,1278.5,550.5,0,0
1824,30.4289,1.0,0.0,-11.5,0.0,1.0,-20.5,0.0,0.0,1.0,1,1,template_ok,0,post_translation,0,0,0.9923,42.5,949.5,1875.5,977.5,590.5,535.5,1278.5,549.5,0,0
1825,30.4456,1.0,0.0,-11.5,0.0,1.0,-20.5,0.0,0.0,1.0,1,1,template_ok,0,post_translation,0,0,0.9921,42.5,949.5,1875.5,977.5,590.5,535.5,1278.5,549.5,0,0
1826,30.4623,1.0,0.0,-11.5,0.0,1.0,-20.5,0.0,0.0,1.0,1,1,template_ok,0,post_translation,0,0,0.9892,42.5,949.5,1875.5,977.5,590.5,535.5,1278.5,549.5,0,0
1827,30.479,1.0,0.0,-11.5,0.0,1.0,-20.5,0.0,0.0,1.0,1,1,template_ok,0,post_translation,0,0,0.9881,42.5,949.5,1875.5,977.5,590.5,535.5,1278.5,549.5,0,0
1828,30.4956,1.0,0.0,-11.5,0.0,1.0,-20.5,0.0,0.0,1.0,1,1,template_ok,0,post_translation,0,0,0.9878,42.5,949.5,1875.5,977.5,590.5,535.5,1278.5,549.5,0,0
1829,30.5123,1.0,0.0,-11.5,0.0,1.0,-21.5,0.0,0.0,1.0,1,1,template_ok,0,post_translation,0,0,0.9879,42.5,948.5,1875.5,976.5,590.5,534.5,1278.5,548.5,0,0
1830,30.529,1.0,0.0,-11.5,0.0,1.0,-21.5,0.0,0.0,1.0,1,1,template_ok,0,post_translation,0,0,0.9926,42.5,948.5,1875.5,976.5,590.5,534.5,1278.5,548.5,0,0
1831,30.5457,1.0,0.0,-11.5,0.0,1.0,-22.5,0.0,0.0,1.0,1,1,template_ok,0,post_translation,0,0,0.993,42.5,947.5,1875.5,975.5,590.5,533.5,1278.5,547.5,0,0
1832,30.5624,1.0,0.0,-11.5,0.0,1.0,-22.5,0.0,0.0,1.0,1,1,template_ok,0,post_translation,0,0,0.9915,42.5,947.5,1875.5,975.5,590.5,533.5,1278.5,547.5,0,0
1833,30.5791,1.0,0.0,-11.5,0.0,1.0,-22.5,0.0,0.0,1.0,1,1,template_ok,0,post_translation,0,0,0.9887,42.5,947.5,1875.5,975.5,590.5,533.5,1278.5,547.5,0,0
1834,30.5957,1.0,0.0,-10.5,0.0,1.0,-23.5,0.0,0.0,1.0,1,1,template_ok,0,post_translation,0,0,0.9902,43.5,946.5,1876.5,974.5,591.5,532.5,1279.5,546.5,0,0
1835,30.6124,1.0,0.0,-10.5,0.0,1.0,-23.5,0.0,0.0,1.0,1,1,template_ok,0,post_translation,0,0,0.9907,43.5,946.5,1876.5,974.5,591.5,532.5,1279.5,546.5,0,0
1836,30.6291,1.0,0.0,-10.5,0.0,1.0,-24.5,0.0,0.0,1.0,1,1,template_ok,0,post_translation,0,0,0.9905,43.5,945.5,1876.5,973.5,591.5,531.5,1279.5,545.5,0,0
1837,30.6458,1.0,0.0,-10.5,0.0,1.0,-24.5,0.0,0.0,1.0,1,1,template_ok,0,post_translation,0,0,0.9919,43.5,945.5,1876.5,973.5,591.5,531.5,1279.5,545.5,0,0
1838,30.6625,1.0,0.0,-10.5,0.0,1.0,-24.5,0.0,0.0,1.0,1,1,template_ok,0,post_translation,0,0,0.9916,43.5,945.5,1876.5,973.5,591.5,531.5,1279.5,545.5,0,0
1839,30.6791,1.0,0.0,-10.5,0.0,1.0,-24.5,0.0,0.0,1.0,1,1,template_ok,0,post_translation,0,0,0.9906,43.5,945.5,1876.5,973.5,591.5,531.5,1279.5,545.5,0,0
1840,30.6958,1.0,0.0,-10.5,0.0,1.0,-25.5,0.0,0.0,1.0,1,1,template_ok,0,post_translation,0,0,0.9891,43.5,944.5,1876.5,972.5,591.5,530.5,1279.5,544.5,0,0
1841,30.7125,1.0,0.0,-10.5,0.0,1.0,-25.5,0.0,0.0,1.0,1,1,template_ok,0,post_translation,0,0,0.9922,43.5,944.5,1876.5,972.5,591.5,530.5,1279.5,544.5,0,0
1842,30.7292,1.0,0.0,-10.5,0.0,1.0,-25.5,0.0,0.0,1.0,1,1,template_ok,0,post_translation,0,0,0.9932,43.5,944.5,1876.5,972.5,591.5,530.5,1279.5,544.5,0,0
1843,30.7459,1.0,0.0,-10.5,0.0,1.0,-25.5,0.0,0.0,1.0,1,1,template_ok,0,post_translation,0,0,0.9931,43.5,944.5,1876.5,972.5,591.5,530.5,1279.5,544.5,0,0
1844,30.7626,1.0,0.0,-10.5,0.0,1.0,-25.5,0.0,0.0,1.0,1,1,template_ok,0,post_translation,0,0,0.9925,43.5,944.5,1876.5,972.5,591.5,530.5,1279.5,544.5,0,0
1845,30.7792,1.0,0.0,-10.5,0.0,1.0,-25.5,0.0,0.0,1.0,1,1,template_ok,0,post_translation,0,0,0.9918,43.5,944.5,1876.5,972.5,591.5,530.5,1279.5,544.5,0,0
1846,30.7959,1.0,0.0,-10.5,0.0,1.0,-25.5,0.0,0.0,1.0,1,1,template_ok,0,post_translation,0,0,0.9917,43.5,944.5,1876.5,972.5,591.5,530.5,1279.5,544.5,0,0
1847,30.8126,1.0,0.0,-10.5,0.0,1.0,-25.5,0.0,0.0,1.0,1,1,template_ok,0,post_translation,0,0,0.9927,43.5,944.5,1876.5,972.5,591.5,530.5,1279.5,544.5,0,0
1848,30.8293,1.0,0.0,-10.5,0.0,1.0,-25.5,0.0,0.0,1.0,1,1,template_ok,0,post_translation,0,0,0.9919,43.5,944.5,1876.5,972.5,591.5,530.5,1279.5,544.5,0,0
1849,30.846,1.0,0.0,-10.5,0.0,1.0,-25.5,0.0,0.0,1.0,1,1,template_ok,0,post_translation,0,0,0.9883,43.5,944.5,1876.5,972.5,591.5,530.5,1279.5,544.5,0,0
1850,30.8627,1.0,0.0,-9.5,0.0,1.0,-26.5,0.0,0.0,1.0,1,1,template_ok,0,post_translation,0,0,0.9891,44.5,943.5,1877.5,971.5,592.5,529.5,1280.5,543.5,0,0
1851,30.8793,1.0,0.0,-9.5,0.0,1.0,-26.5,0.0,0.0,1.0,1,1,template_ok,0,post_translation,0,0,0.992,44.5,943.5,1877.5,971.5,592.5,529.5,1280.5,543.5,0,0
1852,30.896,1.0,0.0,-9.5,0.0,1.0,-26.5,0.0,0.0,1.0,1,1,template_ok,0,post_translation,0,0,0.993,44.5,943.5,1877.5,971.5,592.5,529.5,1280.5,543.5,0,0
1853,30.9127,1.0,0.0,-9.5,0.0,1.0,-26.5,0.0,0.0,1.0,1,1,template_ok,0,post_translation,0,0,0.9908,44.5,943.5,1877.5,971.5,592.5,529.5,1280.5,543.5,0,0
1854,30.9294,1.0,0.0,-9.5,0.0,1.0,-26.5,0.0,0.0,1.0,1,1,template_ok,0,post_translation,0,0,0.9861,44.5,943.5,1877.5,971.5,592.5,529.5,1280.5,543.5,0,0
1855,30.9461,1.0,0.0,-8.5,0.0,1.0,-27.5,0.0,0.0,1.0,1,1,template_ok,0,post_translation,0,0,0.9922,45.5,942.5,1878.5,970.5,593.5,528.5,1281.5,542.5,0,0
1856,30.9627,1.0,0.0,-8.5,0.0,1.0,-27.5,0.0,0.0,1.0,1,1,template_ok,0,post_translation,0,0,0.9935,45.5,942.5,1878.5,970.5,593.5,528.5,1281.5,542.5,0,0
1857,30.9794,1.0,0.0,-8.5,0.0,1.0,-27.5,0.0,0.0,1.0,1,1,template_ok,0,post_translation,0,0,0.9911,45.5,942.5,1878.5,970.5,593.5,528.5,1281.5,542.5,0,0
1858,30.9961,1.0,0.0,-8.5,0.0,1.0,-27.5,0.0,0.0,1.0,1,1,template_ok,0,post_translation,0,0,0.9858,45.5,942.5,1878.5,970.5,593.5,528.5,1281.5,542.5,0,0
1859,31.0128,1.0,0.0,-7.5,0.0,1.0,-27.5,0.0,0.0,1.0,1,1,template_ok,0,post_translation,0,0,0.9911,46.5,942.5,1879.5,970.5,594.5,528.5,1282.5,542.5,0,0
1860,31.0295,1.0,0.0,-7.5,0.0,1.0,-28.5,0.0,0.0,1.0,1,1,template_ok,0,post_translation,0,0,0.9915,46.5,941.5,1879.5,969.5,594.5,527.5,1282.5,541.5,0,0
1861,31.0462,1.0,0.0,-7.5,0.0,1.0,-28.5,0.0,0.0,1.0,1,1,template_ok,0,post_translation,0,0,0.9897,46.5,941.5,1879.5,969.5,594.5,527.5,1282.5,541.5,0,0
1862,31.0628,1.0,0.0,-6.5,0.0,1.0,-28.5,0.0,0.0,1.0,1,1,template_ok,0,post_translation,0,0,0.9883,47.5,941.5,1880.5,969.5,595.5,527.5,1283.5,541.5,0,0
1863,31.0795,1.0,0.0,-6.5,0.0,1.0,-28.5,0.0,0.0,1.0,1,1,template_ok,0,post_translation,0,0,0.9909,47.5,941.5,1880.5,969.5,595.5,527.5,1283.5,541.5,0,0
1864,31.0962,1.0,0.0,-6.5,0.0,1.0,-28.5,0.0,0.0,1.0,1,1,template_ok,0,post_translation,0,0,0.9926,47.5,941.5,1880.5,969.5,595.5,527.5,1283.5,541.5,0,0
1865,31.1129,1.0,0.0,-6.5,0.0,1.0,-28.5,0.0,0.0,1.0,1,1,template_ok,0,post_translation,0,0,0.992,47.5,941.5,1880.5,969.5,595.5,527.5,1283.5,541.5,0,0
1866,31.1296,1.0,0.0,-6.5,0.0,1.0,-28.5,0.0,0.0,1.0,1,1,template_ok,0,post_translation,0,0,0.9906,47.5,941.5,1880.5,969.5,595.5,527.5,1283.5,541.5,0,0
1867,31.1463,1.0,0.0,-6.5,0.0,1.0,-29.5,0.0,0.0,1.0,1,1,template_ok,0,post_translation,0,0,0.9859,47.5,940.5,1880.5,968.5,595.5,526.5,1283.5,540.5,0,0
1868,31.1629,1.0,0.0,-5.5,0.0,1.0,-29.5,0.0,0.0,1.0,1,1,template_ok,0,post_translation,0,0,0.99,48.5,940.5,1881.5,968.5,596.5,526.5,1284.5,540.5,0,0
1869,31.1796,1.0,0.0,-5.5,0.0,1.0,-29.5,0.0,0.0,1.0,1,1,template_ok,0,post_translation,0,0,0.993,48.5,940.5,1881.5,968.5,596.5,526.5,1284.5,540.5,0,0
1870,31.1963,1.0,0.0,-5.5,0.0,1.0,-29.5,0.0,0.0,1.0,1,1,template_ok,0,post_translation,0,0,0.9921,48.5,940.5,1881.5,968.5,596.5,526.5,1284.5,540.5,0,0
1871,31.213,1.0,0.0,-5.5,0.0,1.0,-29.5,0.0,0.0,1.0,1,1,template_ok,0,post_translation,0,0,0.9892,48.5,940.5,1881.5,968.5,596.5,526.5,1284.5,540.5,0,0
1872,31.2297,1.0,0.0,-4.5,0.0,1.0,-29.5,0.0,0.0,1.0,1,1,template_ok,0,post_translation,0,0,0.9857,49.5,940.5,1882.5,968.5,597.5,526.5,1285.5,540.5,0,0
1873,31.2464,1.0,0.0,-4.5,0.0,1.0,-29.5,0.0,0.0,1.0,1,1,template_ok,0,post_translation,0,0,0.9905,49.5,940.5,1882.5,968.5,597.5,526.5,1285.5,540.5,0,0
1874,31.263,1.0,0.0,-4.5,0.0,1.0,-29.5,0.0,0.0,1.0,1,1,template_ok,0,post_translation,0,0,0.9907,49.5,940.5,1882.5,968.5,597.5,526.5,1285.5,540.5,0,0
1875,31.2797,1.0,0.0,-4.5,0.0,1.0,-29.5,0.0,0.0,1.0,1,1,template_ok,0,post_translation,0,0,0.9916,49.5,940.5,1882.5,968.5,597.5,526.5,1285.5,540.5,0,0
1876,31.2964,1.0,0.0,-4.5,0.0,1.0,-29.5,0.0,0.0,1.0,1,1,template_ok,0,post_translation,0,0,0.9922,49.5,940.5,1882.5,968.5,597.5,526.5,1285.5,540.5,0,0
1877,31.3131,1.0,0.0,-4.5,0.0,1.0,-30.5,0.0,0.0,1.0,1,1,template_ok,0,post_translation,0,0,0.9924,49.5,939.5,1882.5,967.5,597.5,525.5,1285.5,539.5,0,0
1878,31.3298,1.0,0.0,-4.5,0.0,1.0,-30.5,0.0,0.0,1.0,1,1,template_ok,0,post_translation,0,0,0.9911,49.5,939.5,1882.5,967.5,597.5,525.5,1285.5,539.5,0,0
1879,31.3464,1.0,0.0,-3.5,0.0,1.0,-30.5,0.0,0.0,1.0,1,1,template_ok,0,post_translation,0,0,0.9897,50.5,939.5,1883.5,967.5,598.5,525.5,1286.5,539.5,0,0
1880,31.3631,1.0,0.0,-3.5,0.0,1.0,-30.5,0.0,0.0,1.0,1,1,template_ok,0,post_translation,0,0,0.9894,50.5,939.5,1883.5,967.5,598.5,525.5,1286.5,539.5,0,0
1881,31.3798,1.0,0.0,-3.5,0.0,1.0,-30.5,0.0,0.0,1.0,1,1,template_ok,0,post_translation,0,0,0.9915,50.5,939.5,1883.5,967.5,598.5,525.5,1286.5,539.5,0,0
1882,31.3965,1.0,0.0,-3.5,0.0,1.0,-30.5,0.0,0.0,1.0,1,1,template_ok,0,post_translation,0,0,0.9927,50.5,939.5,1883.5,967.5,598.5,525.5,1286.5,539.5,0,0
1883,31.4132,1.0,0.0,-3.5,0.0,1.0,-30.5,0.0,0.0,1.0,1,1,template_ok,0,post_translation,0,0,0.9928,50.5,939.5,1883.5,967.5,598.5,525.5,1286.5,539.5,0,0
1884,31.4299,1.0,0.0,-3.5,0.0,1.0,-30.5,0.0,0.0,1.0,1,1,template_ok,0,post_translation,0,0,0.9921,50.5,939.5,1883.5,967.5,598.5,525.5,1286.5,539.5,0,0
1885,31.4465,1.0,0.0,-3.5,0.0,1.0,-30.5,0.0,0.0,1.0,1,1,template_ok,0,post_translation,0,0,0.9912,50.5,939.5,1883.5,967.5,598.5,525.5,1286.5,539.5,0,0
1886,31.4632,1.0,0.0,-3.5,0.0,1.0,-30.5,0.0,0.0,1.0,1,1,template_ok,0,post_translation,0,0,0.9911,50.5,939.5,1883.5,967.5,598.5,525.5,1286.5,539.5,0,0
1887,31.4799,1.0,0.0,-3.5,0.0,1.0,-30.5,0.0,0.0,1.0,1,1,template_ok,0,post_translation,0,0,0.9895,50.5,939.5,1883.5,967.5,598.5,525.5,1286.5,539.5,0,0
1888,31.4966,1.0,0.0,-3.5,0.0,1.0,-30.5,0.0,0.0,1.0,1,1,template_ok,0,post_translation,0,0,0.987,50.5,939.5,1883.5,967.5,598.5,525.5,1286.5,539.5,0,0
1889,31.5133,1.0,0.0,-2.5,0.0,1.0,-30.5,0.0,0.0,1.0,1,1,template_ok,0,post_translation,0,0,0.9923,51.5,939.5,1884.5,967.5,599.5,525.5,1287.5,539.5,0,0
1890,31.53,1.0,0.0,-2.5,0.0,1.0,-30.5,0.0,0.0,1.0,1,1,template_ok,0,post_translation,0,0,0.9894,51.5,939.5,1884.5,967.5,599.5,525.5,1287.5,539.5,0,0
1891,31.5466,1.0,0.0,-1.5,0.0,1.0,-30.5,0.0,0.0,1.0,1,1,template_ok,0,post_translation,0,0,0.9932,52.5,939.5,1885.5,967.5,600.5,525.5,1288.5,539.5,0,0
1892,31.5633,1.0,0.0,-0.5,0.0,1.0,-30.5,0.0,0.0,1.0,1,1,template_ok,0,post_translation,0,0,0.9921,53.5,939.5,1886.5,967.5,601.5,525.5,1289.5,539.5,0,0
1893,31.58,1.0,0.0,0.5,0.0,1.0,-30.5,0.0,0.0,1.0,1,1,template_ok,0,post_translation,0,0,0.9921,54.5,939.5,1887.5,967.5,602.5,525.5,1290.5,539.5,0,0
1894,31.5967,1.0,0.0,0.5,0.0,1.0,-30.5,0.0,0.0,1.0,1,1,template_ok,0,post_translation,0,0,0.9868,54.5,939.5,1887.5,967.5,602.5,525.5,1290.5,539.5,0,0
1895,31.6134,1.0,0.0,1.5,0.0,1.0,-30.5,0.0,0.0,1.0,1,1,template_ok,0,post_translation,0,0,0.9911,55.5,939.5,1888.5,967.5,603.5,525.5,1291.5,539.5,0,0
1896,31.63,1.0,0.0,2.5,0.0,1.0,-31.5,0.0,0.0,1.0,1,1,template_ok,0,post_translation,0,0,0.9919,56.5,938.5,1889.5,966.5,604.5,524.5,1292.5,538.5,0,0
1897,31.6467,1.0,0.0,2.5,0.0,1.0,-31.5,0.0,0.0,1.0,1,1,template_ok,0,post_translation,0,0,0.9884,56.5,938.5,1889.5,966.5,604.5,524.5,1292.5,538.5,0,0
1898,31.6634,1.0,0.0,3.5,0.0,1.0,-31.5,0.0,0.0,1.0,1,1,template_ok,0,post_translation,0,0,0.9923,57.5,938.5,1890.5,966.5,605.5,524.5,1293.5,538.5,0,0
1899,31.6801,1.0,0.0,3.5,0.0,1.0,-31.5,0.0,0.0,1.0,1,1,template_ok,0,post_translation,0,0,0.992,57.5,938.5,1890.5,966.5,605.5,524.5,1293.5,538.5,0,0
1900,31.6968,1.0,0.0,3.5,0.0,1.0,-31.5,0.0,0.0,1.0,1,1,template_ok,0,post_translation,0,0,0.9873,57.5,938.5,1890.5,966.5,605.5,524.5,1293.5,538.5,0,0
1901,31.7135,1.0,0.0,4.5,0.0,1.0,-31.5,0.0,0.0,1.0,1,1,template_ok,0,post_translation,0,0,0.9867,58.5,938.5,1891.5,966.5,606.5,524.5,1294.5,538.5,0,0
1902,31.7301,1.0,0.0,4.5,0.0,1.0,-31.5,0.0,0.0,1.0,1,1,template_ok,0,post_translation,0,0,0.9888,58.5,938.5,1891.5,966.5,606.5,524.5,1294.5,538.5,0,0
1903,31.7468,1.0,0.0,4.5,0.0,1.0,-31.5,0.0,0.0,1.0,1,1,template_ok,0,post_translation,0,0,0.9895,58.5,938.5,1891.5,966.5,606.5,524.5,1294.5,538.5,0,0
1904,31.7635,1.0,0.0,4.5,0.0,1.0,-31.5,0.0,0.0,1.0,1,1,template_ok,0,post_translation,0,0,0.9901,58.5,938.5,1891.5,966.5,606.5,524.5,1294.5,538.5,0,0
1905,31.7802,1.0,0.0,4.5,0.0,1.0,-31.5,0.0,0.0,1.0,1,1,template_ok,0,post_translation,0,0,0.9916,58.5,938.5,1891.5,966.5,606.5,524.5,1294.5,538.5,0,0
1906,31.7969,1.0,0.0,4.5,0.0,1.0,-31.5,0.0,0.0,1.0,1,1,template_ok,0,post_translation,0,0,0.9919,58.5,938.5,1891.5,966.5,606.5,524.5,1294.5,538.5,0,0
1907,31.8136,1.0,0.0,4.5,0.0,1.0,-31.5,0.0,0.0,1.0,1,1,template_ok,0,post_translation,0,0,0.9926,58.5,938.5,1891.5,966.5,606.5,524.5,1294.5,538.5,0,0
1908,31.8302,1.0,0.0,4.5,0.0,1.0,-31.5,0.0,0.0,1.0,1,1,template_ok,0,post_translation,0,0,0.991,58.5,938.5,1891.5,966.5,606.5,524.5,1294.5,538.5,0,0
1909,31.8469,1.0,0.0,4.5,0.0,1.0,-31.5,0.0,0.0,1.0,1,1,template_ok,0,post_translation,0,0,0.99,58.5,938.5,1891.5,966.5,606.5,524.5,1294.5,538.5,0,0
1910,31.8636,1.0,0.0,4.5,0.0,1.0,-31.5,0.0,0.0,1.0,1,1,template_ok,0,post_translation,0,0,0.9867,58.5,938.5,1891.5,966.5,606.5,524.5,1294.5,538.5,0,0
1911,31.8803,1.0,0.0,5.5,0.0,1.0,-31.5,0.0,0.0,1.0,1,1,template_ok,0,post_translation,0,0,0.9886,59.5,938.5,1892.5,966.5,607.5,524.5,1295.5,538.5,0,0
1912,31.897,1.0,0.0,5.5,0.0,1.0,-31.5,0.0,0.0,1.0,1,1,template_ok,0,post_translation,0,0,0.9919,59.5,938.5,1892.5,966.5,607.5,524.5,1295.5,538.5,0,0
1913,31.9137,1.0,0.0,5.5,0.0,1.0,-31.5,0.0,0.0,1.0,1,1,template_ok,0,post_translation,0,0,0.9922,59.5,938.5,1892.5,966.5,607.5,524.5,1295.5,538.5,0,0
1914,31.9303,1.0,0.0,5.5,0.0,1.0,-31.5,0.0,0.0,1.0,1,1,template_ok,0,post_translation,0,0,0.9917,59.5,938.5,1892.5,966.5,607.5,524.5,1295.5,538.5,0,0
1915,31.947,1.0,0.0,5.5,0.0,1.0,-31.5,0.0,0.0,1.0,1,1,template_ok,0,post_translation,0,0,0.9902,59.5,938.5,1892.5,966.5,607.5,524.5,1295.5,538.5,0,0
1916,31.9637,1.0,0.0,5.5,0.0,1.0,-31.5,0.0,0.0,1.0,1,1,template_ok,0,post_translation,0,0,0.9871,59.5,938.5,1892.5,966.5,607.5,524.5,1295.5,538.5,0,0
1917,31.9804,1.0,0.0,6.5,0.0,1.0,-31.5,0.0,0.0,1.0,1,1,template_ok,0,post_translation,0,0,0.9877,60.5,938.5,1893.5,966.5,608.5,524.5,1296.5,538.5,0,0
1918,31.9971,1.0,0.0,6.5,0.0,1.0,-31.5,0.0,0.0,1.0,1,1,template_ok,0,post_translation,0,0,0.9892,60.5,938.5,1893.5,966.5,608.5,524.5,1296.5,538.5,0,0
1919,32.0137,1.0,0.0,6.5,0.0,1.0,-31.5,0.0,0.0,1.0,1,1,template_ok,0,post_translation,0,0,0.9898,60.5,938.5,1893.5,966.5,608.5,524.5,1296.5,538.5,0,0
1920,32.0304,1.0,0.0,6.5,0.0,1.0,-30.5,0.0,0.0,1.0,1,1,template_ok,0,post_translation,0,0,0.9899,60.5,939.5,1893.5,967.5,608.5,525.5,1296.5,539.5,0,0
1921,32.0471,1.0,0.0,6.5,0.0,1.0,-30.5,0.0,0.0,1.0,1,1,template_ok,0,post_translation,0,0,0.9913,60.5,939.5,1893.5,967.5,608.5,525.5,1296.5,539.5,0,0
1922,32.0638,1.0,0.0,6.5,0.0,1.0,-30.5,0.0,0.0,1.0,1,1,template_ok,0,post_translation,0,0,0.9904,60.5,939.5,1893.5,967.5,608.5,525.5,1296.5,539.5,0,0
1923,32.0805,1.0,0.0,6.5,0.0,1.0,-30.5,0.0,0.0,1.0,1,1,template_ok,0,post_translation,0,0,0.9901,60.5,939.5,1893.5,967.5,608.5,525.5,1296.5,539.5,0,0
1924,32.0972,1.0,0.0,6.5,0.0,1.0,-30.5,0.0,0.0,1.0,1,1,template_ok,0,post_translation,0,0,0.9909,60.5,939.5,1893.5,967.5,608.5,525.5,1296.5,539.5,0,0
1925,32.1138,1.0,0.0,6.5,0.0,1.0,-30.5,0.0,0.0,1.0,1,1,template_ok,0,post_translation,0,0,0.991,60.5,939.5,1893.5,967.5,608.5,525.5,1296.5,539.5,0,0
1926,32.1305,1.0,0.0,6.5,0.0,1.0,-30.5,0.0,0.0,1.0,1,1,template_ok,0,post_translation,0,0,0.9908,60.5,939.5,1893.5,967.5,608.5,525.5,1296.5,539.5,0,0
1927,32.1472,1.0,0.0,6.5,0.0,1.0,-29.5,0.0,0.0,1.0,1,1,template_ok,0,post_translation,0,0,0.9908,60.5,940.5,1893.5,968.5,608.5,526.5,1296.5,540.5,0,0
1928,32.1639,1.0,0.0,6.5,0.0,1.0,-29.5,0.0,0.0,1.0,1,1,template_ok,0,post_translation,0,0,0.993,60.5,940.5,1893.5,968.5,608.5,526.5,1296.5,540.5,0,0
1929,32.1806,1.0,0.0,6.5,0.0,1.0,-29.5,0.0,0.0,1.0,1,1,template_ok,0,post_translation,0,0,0.9934,60.5,940.5,1893.5,968.5,608.5,526.5,1296.5,540.5,0,0
1930,32.1973,1.0,0.0,6.5,0.0,1.0,-29.5,0.0,0.0,1.0,1,1,template_ok,0,post_translation,0,0,0.9911,60.5,940.5,1893.5,968.5,608.5,526.5,1296.5,540.5,0,0
1931,32.2139,1.0,0.0,6.5,0.0,1.0,-29.5,0.0,0.0,1.0,1,1,template_ok,0,post_translation,0,0,0.9919,60.5,940.5,1893.5,968.5,608.5,526.5,1296.5,540.5,0,0
1932,32.2306,1.0,0.0,6.5,0.0,1.0,-29.5,0.0,0.0,1.0,1,1,template_ok,0,post_translation,0,0,0.989,60.5,940.5,1893.5,968.5,608.5,526.5,1296.5,540.5,0,0
1933,32.2473,1.0,0.0,6.5,0.0,1.0,-29.5,0.0,0.0,1.0,1,1,template_ok,0,post_translation,0,0,0.9889,60.5,940.5,1893.5,968.5,608.5,526.5,1296.5,540.5,0,0
1934,32.264,1.0,0.0,7.5,0.0,1.0,-28.5,0.0,0.0,1.0,1,1,template_ok,0,post_translation,0,0,0.9879,61.5,941.5,1894.5,969.5,609.5,527.5,1297.5,541.5,0,0
1935,32.2807,1.0,0.0,7.5,0.0,1.0,-28.5,0.0,0.0,1.0,1,1,template_ok,0,post_translation,0,0,0.9898,61.5,941.5,1894.5,969.5,609.5,527.5,1297.5,541.5,0,0
1936,32.2973,1.0,0.0,7.5,0.0,1.0,-28.5,0.0,0.0,1.0,1,1,template_ok,0,post_translation,0,0,0.9919,61.5,941.5,1894.5,969.5,609.5,527.5,1297.5,541.5,0,0
1937,32.314,1.0,0.0,7.5,0.0,1.0,-28.5,0.0,0.0,1.0,1,1,template_ok,0,post_translation,0,0,0.9929,61.5,941.5,1894.5,969.5,609.5,527.5,1297.5,541.5,0,0
1938,32.3307,1.0,0.0,7.5,0.0,1.0,-27.5,0.0,0.0,1.0,1,1,template_ok,0,post_translation,0,0,0.9923,61.5,942.5,1894.5,970.5,609.5,528.5,1297.5,542.5,0,0
1939,32.3474,1.0,0.0,7.5,0.0,1.0,-27.5,0.0,0.0,1.0,1,1,template_ok,0,post_translation,0,0,0.9897,61.5,942.5,1894.5,970.5,609.5,528.5,1297.5,542.5,0,0
1940,32.3641,1.0,0.0,8.5,0.0,1.0,-27.5,0.0,0.0,1.0,1,1,template_ok,0,post_translation,0,0,0.9894,62.5,942.5,1895.5,970.5,610.5,528.5,1298.5,542.5,0,0
1941,32.3808,1.0,0.0,8.5,0.0,1.0,-27.5,0.0,0.0,1.0,1,1,template_ok,0,post_translation,0,0,0.9911,62.5,942.5,1895.5,970.5,610.5,528.5,1298.5,542.5,0,0
1942,32.3974,1.0,0.0,8.5,0.0,1.0,-27.5,0.0,0.0,1.0,1,1,template_ok,0,post_translation,0,0,0.9926,62.5,942.5,1895.5,970.5,610.5,528.5,1298.5,542.5,0,0
1943,32.4141,1.0,0.0,8.5,0.0,1.0,-26.5,0.0,0.0,1.0,1,1,template_ok,0,post_translation,0,0,0.9912,62.5,943.5,1895.5,971.5,610.5,529.5,1298.5,543.5,0,0
1944,32.4308,1.0,0.0,8.5,0.0,1.0,-26.5,0.0,0.0,1.0,1,1,template_ok,0,post_translation,0,0,0.9884,62.5,943.5,1895.5,971.5,610.5,529.5,1298.5,543.5,0,0
1945,32.4475,1.0,0.0,9.5,0.0,1.0,-26.5,0.0,0.0,1.0,1,1,template_ok,0,post_translation,0,0,0.9898,63.5,943.5,1896.5,971.5,611.5,529.5,1299.5,543.5,0,0
1946,32.4642,1.0,0.0,9.5,0.0,1.0,-26.5,0.0,0.0,1.0,1,1,template_ok,0,post_translation,0,0,0.9932,63.5,943.5,1896.5,971.5,611.5,529.5,1299.5,543.5,0,0
1947,32.4809,1.0,0.0,9.5,0.0,1.0,-26.5,0.0,0.0,1.0,1,1,template_ok,0,post_translation,0,0,0.9934,63.5,943.5,1896.5,971.5,611.5,529.5,1299.5,543.5,0,0
1948,32.4975,1.0,0.0,9.5,0.0,1.0,-26.5,0.0,0.0,1.0,1,1,template_ok,0,post_translation,0,0,0.9938,63.5,943.5,1896.5,971.5,611.5,529.5,1299.5,543.5,0,0
1949,32.5142,1.0,0.0,9.5,0.0,1.0,-25.5,0.0,0.0,1.0,1,1,template_ok,0,post_translation,0,0,0.993,63.5,944.5,1896.5,972.5,611.5,530.5,1299.5,544.5,0,0
1950,32.5309,1.0,0.0,9.5,0.0,1.0,-25.5,0.0,0.0,1.0,1,1,template_ok,0,post_translation,0,0,0.9923,63.5,944.5,1896.5,972.5,611.5,530.5,1299.5,544.5,0,0
1951,32.5476,1.0,0.0,9.5,0.0,1.0,-25.5,0.0,0.0,1.0,1,1,template_ok,0,post_translation,0,0,0.9905,63.5,944.5,1896.5,972.5,611.5,530.5,1299.5,544.5,0,0
1952,32.5643,1.0,0.0,9.5,0.0,1.0,-25.5,0.0,0.0,1.0,1,1,template_ok,0,post_translation,0,0,0.9892,63.5,944.5,1896.5,972.5,611.5,530.5,1299.5,544.5,0,0
1953,32.581,1.0,0.0,9.5,0.0,1.0,-25.5,0.0,0.0,1.0,1,1,template_ok,0,post_translation,0,0,0.9893,63.5,944.5,1896.5,972.5,611.5,530.5,1299.5,544.5,0,0
1954,32.5976,1.0,0.0,10.5,0.0,1.0,-25.5,0.0,0.0,1.0,1,1,template_ok,0,post_translation,0,0,0.9894,64.5,944.5,1897.5,972.5,612.5,530.5,1300.5,544.5,0,0
1955,32.6143,1.0,0.0,10.5,0.0,1.0,-25.5,0.0,0.0,1.0,1,1,template_ok,0,post_translation,0,0,0.9906,64.5,944.5,1897.5,972.5,612.5,530.5,1300.5,544.5,0,0
1956,32.631,1.0,0.0,10.5,0.0,1.0,-25.5,0.0,0.0,1.0,1,1,template_ok,0,post_translation,0,0,0.9924,64.5,944.5,1897.5,972.5,612.5,530.5,1300.5,544.5,0,0
1957,32.6477,1.0,0.0,10.5,0.0,1.0,-25.5,0.0,0.0,1.0,1,1,template_ok,0,post_translation,0,0,0.9932,64.5,944.5,1897.5,972.5,612.5,530.5,1300.5,544.5,0,0
1958,32.6644,1.0,0.0,10.5,0.0,1.0,-25.5,0.0,0.0,1.0,1,1,template_ok,0,post_translation,0,0,0.9924,64.5,944.5,1897.5,972.5,612.5,530.5,1300.5,544.5,0,0
1959,32.681,1.0,0.0,10.5,0.0,1.0,-25.5,0.0,0.0,1.0,1,1,template_ok,0,post_translation,0,0,0.993,64.5,944.5,1897.5,972.5,612.5,530.5,1300.5,544.5,0,0
1960,32.6977,1.0,0.0,10.5,0.0,1.0,-25.5,0.0,0.0,1.0,1,1,template_ok,0,post_translation,0,0,0.9898,64.5,944.5,1897.5,972.5,612.5,530.5,1300.5,544.5,0,0
1961,32.7144,1.0,0.0,10.5,0.0,1.0,-25.5,0.0,0.0,1.0,1,1,template_ok,0,post_translation,0,0,0.9875,64.5,944.5,1897.5,972.5,612.5,530.5,1300.5,544.5,0,0
1962,32.7311,1.0,0.0,11.5,0.0,1.0,-26.5,0.0,0.0,1.0,1,1,template_ok,0,post_translation,0,0,0.9881,65.5,943.5,1898.5,971.5,613.5,529.5,1301.5,543.5,0,0
1963,32.7478,1.0,0.0,11.5,0.0,1.0,-26.5,0.0,0.0,1.0,1,1,template_ok,0,post_translation,0,0,0.994,65.5,943.5,1898.5,971.5,613.5,529.5,1301.5,543.5,0,0
1964,32.7645,1.0,0.0,11.5,0.0,1.0,-26.5,0.0,0.0,1.0,1,1,template_ok,0,post_translation,0,0,0.9927,65.5,943.5,1898.5,971.5,613.5,529.5,1301.5,543.5,0,0
1965,32.7811,1.0,0.0,11.5,0.0,1.0,-26.5,0.0,0.0,1.0,1,1,template_ok,0,post_translation,0,0,0.9878,65.5,943.5,1898.5,971.5,613.5,529.5,1301.5,543.5,0,0
1966,32.7978,1.0,0.0,12.5,0.0,1.0,-27.5,0.0,0.0,1.0,1,1,template_ok,0,post_translation,0,0,0.991,66.5,942.5,1899.5,970.5,614.5,528.5,1302.5,542.5,0,0
1967,32.8145,1.0,0.0,12.5,0.0,1.0,-27.5,0.0,0.0,1.0,1,1,template_ok,0,post_translation,0,0,0.9937,66.5,942.5,1899.5,970.5,614.5,528.5,1302.5,542.5,0,0
1968,32.8312,1.0,0.0,12.5,0.0,1.0,-27.5,0.0,0.0,1.0,1,1,template_ok,0,post_translation,0,0,0.9904,66.5,942.5,1899.5,970.5,614.5,528.5,1302.5,542.5,0,0
1969,32.8479,1.0,0.0,13.5,0.0,1.0,-27.5,0.0,0.0,1.0,1,1,template_ok,0,post_translation,0,0,0.9873,67.5,942.5,1900.5,970.5,615.5,528.5,1303.5,542.5,0,0
1970,32.8646,1.0,0.0,13.5,0.0,1.0,-28.5,0.0,0.0,1.0,1,1,template_ok,0,post_translation,0,0,0.9919,67.5,941.5,1900.5,969.5,615.5,527.5,1303.5,541.5,0,0
1971,32.8812,1.0,0.0,13.5,0.0,1.0,-28.5,0.0,0.0,1.0,1,1,template_ok,0,post_translation,0,0,0.9923,67.5,941.5,1900.5,969.5,615.5,527.5,1303.5,541.5,0,0
1972,32.8979,1.0,0.0,13.5,0.0,1.0,-28.5,0.0,0.0,1.0,1,1,template_ok,0,post_translation,0,0,0.9925,67.5,941.5,1900.5,969.5,615.5,527.5,1303.5,541.5,0,0
1973,32.9146,1.0,0.0,13.5,0.0,1.0,-28.5,0.0,0.0,1.0,1,1,template_ok,0,post_translation,0,0,0.991,67.5,941.5,1900.5,969.5,615.5,527.5,1303.5,541.5,0,0
1974,32.9313,1.0,0.0,13.5,0.0,1.0,-29.5,0.0,0.0,1.0,1,1,template_ok,0,post_translation,0,0,0.9881,67.5,940.5,1900.5,968.5,615.5,526.5,1303.5,540.5,0,0
1975,32.948,1.0,0.0,14.5,0.0,1.0,-29.5,0.0,0.0,1.0,1,1,template_ok,0,post_translation,0,0,0.9888,68.5,940.5,1901.5,968.5,616.5,526.5,1304.5,540.5,0,0
1976,32.9646,1.0,0.0,14.5,0.0,1.0,-29.5,0.0,0.0,1.0,1,1,template_ok,0,post_translation,0,0,0.9923,68.5,940.5,1901.5,968.5,616.5,526.5,1304.5,540.5,0,0
1977,32.9813,1.0,0.0,14.5,0.0,1.0,-29.5,0.0,0.0,1.0,1,1,template_ok,0,post_translation,0,0,0.993,68.5,940.5,1901.5,968.5,616.5,526.5,1304.5,540.5,0,0
1978,32.998,1.0,0.0,14.5,0.0,1.0,-30.5,0.0,0.0,1.0,1,1,template_ok,0,post_translation,0,0,0.9921,68.5,939.5,1901.5,967.5,616.5,525.5,1304.5,539.5,0,0
1979,33.0147,1.0,0.0,14.5,0.0,1.0,-30.5,0.0,0.0,1.0,1,1,template_ok,0,post_translation,0,0,0.9905,68.5,939.5,1901.5,967.5,616.5,525.5,1304.5,539.5,0,0
1980,33.0314,1.0,0.0,15.5,0.0,1.0,-30.5,0.0,0.0,1.0,1,1,template_ok,0,post_translation,0,0,0.9898,69.5,939.5,1902.5,967.5,617.5,525.5,1305.5,539.5,0,0
1981,33.0481,1.0,0.0,15.5,0.0,1.0,-31.5,0.0,0.0,1.0,1,1,template_ok,0,post_translation,0,0,0.9937,69.5,938.5,1902.5,966.5,617.5,524.5,1305.5,538.5,0,0
1982,33.0647,1.0,0.0,15.5,0.0,1.0,-31.5,0.0,0.0,1.0,1,1,template_ok,0,post_translation,0,0,0.9908,69.5,938.5,1902.5,966.5,617.5,524.5,1305.5,538.5,0,0
1983,33.0814,1.0,0.0,16.5,0.0,1.0,-32.5,0.0,0.0,1.0,1,1,template_ok,0,post_translation,0,0,0.9891,70.5,937.5,1903.5,965.5,618.5,523.5,1306.5,537.5,0,0
1984,33.0981,1.0,0.0,16.5,0.0,1.0,-32.5,0.0,0.0,1.0,1,1,template_ok,0,post_translation,0,0,0.9915,70.5,937.5,1903.5,965.5,618.5,523.5,1306.5,537.5,0,0
1985,33.1148,1.0,0.0,16.5,0.0,1.0,-33.5,0.0,0.0,1.0,1,1,template_ok,0,post_translation,0,0,0.9926,70.5,936.5,1903.5,964.5,618.5,522.5,1306.5,536.5,0,0
1986,33.1315,1.0,0.0,16.5,0.0,1.0,-33.5,0.0,0.0,1.0,1,1,template_ok,0,post_translation,0,0,0.9904,70.5,936.5,1903.5,964.5,618.5,522.5,1306.5,536.5,0,0
1987,33.1482,1.0,0.0,17.5,0.0,1.0,-34.5,0.0,0.0,1.0,1,1,template_ok,0,post_translation,0,0,0.9892,71.5,935.5,1904.5,963.5,619.5,521.5,1307.5,535.5,0,0
1988,33.1648,1.0,0.0,17.5,0.0,1.0,-34.5,0.0,0.0,1.0,1,1,template_ok,0,post_translation,0,0,0.9919,71.5,935.5,1904.5,963.5,619.5,521.5,1307.5,535.5,0,0
1989,33.1815,1.0,0.0,17.5,0.0,1.0,-35.5,0.0,0.0,1.0,1,1,template_ok,0,post_translation,0,0,0.9931,71.5,934.5,1904.5,962.5,619.5,520.5,1307.5,534.5,0,0
1990,33.1982,1.0,0.0,17.5,0.0,1.0,-35.5,0.0,0.0,1.0,1,1,template_ok,0,post_translation,0,0,0.9899,71.5,934.5,1904.5,962.5,619.5,520.5,1307.5,534.5,0,0
1991,33.2149,1.0,0.0,18.5,0.0,1.0,-36.5,0.0,0.0,1.0,1,1,template_ok,0,post_translation,0,0,0.9863,72.5,933.5,1905.5,961.5,620.5,519.5,1308.5,533.5,0,0
1992,33.2316,1.0,0.0,18.5,0.0,1.0,-36.5,0.0,0.0,1.0,1,1,template_ok,0,post_translation,0,0,0.9898,72.5,933.5,1905.5,961.5,620.5,519.5,1308.5,533.5,0,0
1993,33.2483,1.0,0.0,18.5,0.0,1.0,-37.5,0.0,0.0,1.0,1,1,template_ok,0,post_translation,0,0,0.9921,72.5,932.5,1905.5,960.5,620.5,518.5,1308.5,532.5,0,0
1994,33.2649,1.0,0.0,18.5,0.0,1.0,-37.5,0.0,0.0,1.0,1,1,template_ok,0,post_translation,0,0,0.9926,72.5,932.5,1905.5,960.5,620.5,518.5,1308.5,532.5,0,0
1995,33.2816,1.0,0.0,18.5,0.0,1.0,-38.5,0.0,0.0,1.0,1,1,template_ok,0,post_translation,0,0,0.9895,72.5,931.5,1905.5,959.5,620.5,517.5,1308.5,531.5,0,0
1996,33.2983,1.0,0.0,19.5,0.0,1.0,-38.5,0.0,0.0,1.0,1,1,template_ok,0,post_translation,0,0,0.9859,73.5,931.5,1906.5,959.5,621.5,517.5,1309.5,531.5,0,0
1997,33.315,1.0,0.0,19.5,0.0,1.0,-39.5,0.0,0.0,1.0,1,1,template_ok,0,post_translation,0,0,0.9904,73.5,930.5,1906.5,958.5,621.5,516.5,1309.5,530.5,0,0
1998,33.3317,1.0,0.0,19.5,0.0,1.0,-39.5,0.0,0.0,1.0,1,1,template_ok,0,post_translation,0,0,0.9913,73.5,930.5,1906.5,958.5,621.5,516.5,1309.5,530.5,0,0
1999,33.3483,1.0,0.0,20.5,0.0,1.0,-40.5,0.0,0.0,1.0,1,1,template_ok,0,post_translation,0,0,0.9868,74.5,929.5,1907.5,957.5,622.5,515.5,1310.5,529.5,0,0
2000,33.365,1.0,0.0,20.5,0.0,1.0,-40.5,0.0,0.0,1.0,1,1,template_ok,0,post_translation,0,0,0.9901,74.5,929.5,1907.5,957.5,622.5,515.5,1310.5,529.5,0,0
2001,33.3817,1.0,0.0,20.5,0.0,1.0,-41.5,0.0,0.0,1.0,1,1,template_ok,0,post_translation,0,0,0.9897,74.5,928.5,1907.5,956.5,622.5,514.5,1310.5,528.5,0,0
2002,33.3984,1.0,0.0,21.5,0.0,1.0,-42.5,0.0,0.0,1.0,1,1,template_ok,0,post_translation,0,0,0.988,75.5,927.5,1908.5,955.5,623.5,513.5,1311.5,527.5,0,0
2003,33.4151,1.0,0.0,21.5,0.0,1.0,-42.5,0.0,0.0,1.0,1,1,template_ok,0,post_translation,0,0,0.9905,75.5,927.5,1908.5,955.5,623.5,513.5,1311.5,527.5,0,0
2004,33.4318,1.0,0.0,22.5,0.0,1.0,-43.5,0.0,0.0,1.0,1,1,template_ok,0,post_translation,0,0,0.9839,76.5,926.5,1909.5,954.5,624.5,512.5,1312.5,526.5,0,0
2005,33.4484,1.0,0.0,22.5,0.0,1.0,-44.5,0.0,0.0,1.0,1,1,template_ok,0,post_translation,0,0,0.9898,76.5,925.5,1909.5,953.5,624.5,511.5,1312.5,525.5,0,0
2006,33.4651,1.0,0.0,22.5,0.0,1.0,-45.5,0.0,0.0,1.0,1,1,template_ok,0,post_translation,0,0,0.986,76.5,924.5,1909.5,952.5,624.5,510.5,1312.5,524.5,0,0
2007,33.4818,1.0,0.0,23.5,0.0,1.0,-45.5,0.0,0.0,1.0,1,1,template_ok,0,post_translation,0,0,0.9863,77.5,924.5,1910.5,952.5,625.5,510.5,1313.5,524.5,0,0
2008,33.4985,1.0,0.0,23.5,0.0,1.0,-46.5,0.0,0.0,1.0,1,1,template_ok,0,post_translation,0,0,0.9888,77.5,923.5,1910.5,951.5,625.5,509.5,1313.5,523.5,0,0
2009,33.5152,1.0,0.0,23.5,0.0,1.0,-47.5,0.0,0.0,1.0,1,1,template_ok,0,post_translation,0,0,0.9887,77.5,922.5,1910.5,950.5,625.5,508.5,1313.5,522.5,0,0
2010,33.5319,1.0,0.0,24.5,0.0,1.0,-47.5,0.0,0.0,1.0,1,1,template_ok,0,post_translation,0,0,0.985,78.5,922.5,1911.5,950.5,626.5,508.5,1314.5,522.5,0,0
2011,33.5485,1.0,0.0,24.5,0.0,1.0,-48.5,0.0,0.0,1.0,1,1,template_ok,0,post_translation,0,0,0.9899,78.5,921.5,1911.5,949.5,626.5,507.5,1314.5,521.5,0,0
2012,33.5652,1.0,0.0,24.5,0.0,1.0,-49.5,0.0,0.0,1.0,1,1,template_ok,0,post_translation,0,0,0.9872,78.5,920.5,1911.5,948.5,626.5,506.5,1314.5,520.5,0,0
2013,33.5819,1.0,0.0,25.5,0.0,1.0,-50.5,0.0,0.0,1.0,1,1,template_ok,0,post_translation,0,0,0.9872,79.5,919.5,1912.5,947.5,627.5,505.5,1315.5,519.5,0,0
2014,33.5986,1.0,0.0,25.5,0.0,1.0,-51.5,0.0,0.0,1.0,1,1,template_ok,0,post_translation,0,0,0.9889,79.5,918.5,1912.5,946.5,627.5,504.5,1315.5,518.5,0,0
2015,33.6153,1.0,0.0,25.5,0.0,1.0,-52.5,0.0,0.0,1.0,1,1,template_ok,0,post_translation,0,0,0.985,79.5,917.5,1912.5,945.5,627.5,503.5,1315.5,517.5,0,0
2016,33.632,1.0,0.0,26.5,0.0,1.0,-52.5,0.0,0.0,1.0,1,1,template_ok,0,post_translation,0,0,0.9833,80.5,917.5,1913.5,945.5,628.5,503.5,1316.5,517.5,0,0
2017,33.6486,1.0,0.0,26.5,0.0,1.0,-53.5,0.0,0.0,1.0,1,1,template_ok,0,post_translation,0,0,0.9858,80.5,916.5,1913.5,944.5,628.5,502.5,1316.5,516.5,0,0
2018,33.6653,1.0,0.0,26.5,0.0,1.0,-54.5,0.0,0.0,1.0,1,1,template_ok,0,post_translation,0,0,0.9846,80.5,915.5,1913.5,943.5,628.5,501.5,1316.5,515.5,0,0
2019,33.682,1.0,0.0,27.5,0.0,1.0,-55.5,0.0,0.0,1.0,1,1,template_ok,0,post_translation,0,0,0.9823,81.5,914.5,1914.5,942.5,629.5,500.5,1317.5,514.5,0,0
2020,33.6987,1.0,0.0,27.5,0.0,1.0,-56.5,0.0,0.0,1.0,1,1,template_ok,0,post_translation,0,0,0.9849,81.5,913.5,1914.5,941.5,629.5,499.5,1317.5,513.5,0,0
2021,33.7154,1.0,0.0,27.5,0.0,1.0,-56.5,0.0,0.0,1.0,1,1,template_ok,0,post_translation,0,0,0.9868,81.5,913.5,1914.5,941.5,629.5,499.5,1317.5,513.5,0,0
2022,33.732,1.0,0.0,27.5,0.0,1.0,-57.5,0.0,0.0,1.0,1,1,template_ok,0,post_translation,0,0,0.9855,81.5,912.5,1914.5,940.5,629.5,498.5,1317.5,512.5,0,0
2023,33.7487,1.0,0.0,27.5,0.0,1.0,-58.5,0.0,0.0,1.0,1,1,template_ok,0,post_translation,0,0,0.9859,81.5,911.5,1914.5,939.5,629.5,497.5,1317.5,511.5,0,0
2024,33.7654,1.0,0.0,27.5,0.0,1.0,-59.5,0.0,0.0,1.0,1,1,template_ok,0,post_translation,0,0,0.9855,81.5,910.5,1914.5,938.5,629.5,496.5,1317.5,510.5,0,0
2025,33.7821,1.0,0.0,27.5,0.0,1.0,-60.5,0.0,0.0,1.0,1,1,template_ok,0,post_translation,0,0,0.9857,81.5,909.5,1914.5,937.5,629.5,495.5,1317.5,509.5,0,0
2026,33.7988,1.0,0.0,27.5,0.0,1.0,-62.5,0.0,0.0,1.0,1,1,template_ok,0,post_translation,0,0,0.9857,81.5,907.5,1914.5,935.5,629.5,493.5,1317.5,507.5,0,0
2027,33.8155,1.0,0.0,27.5,0.0,1.0,-63.5,0.0,0.0,1.0,1,1,template_ok,0,post_translation,0,0,0.9848,81.5,906.5,1914.5,934.5,629.5,492.5,1317.5,506.5,0,0
2028,33.8321,1.0,0.0,27.5,0.0,1.0,-65.5,0.0,0.0,1.0,1,1,template_ok,0,post_translation,0,0,0.9814,81.5,904.5,1914.5,932.5,629.5,490.5,1317.5,504.5,0,0
2029,33.8488,1.0,0.0,28.5,0.0,1.0,-67.5,0.0,0.0,1.0,1,1,template_ok,0,post_translation,0,0,0.9826,82.5,902.5,1915.5,930.5,630.5,488.5,1318.5,502.5,0,0
2030,33.8655,1.0,0.0,29.5,0.0,1.0,-69.5,0.0,0.0,1.0,1,1,template_ok,0,post_translation,0,0,0.9808,83.5,900.5,1916.5,928.5,631.5,486.5,1319.5,500.5,0,0
2031,33.8822,1.0,0.0,31.5,0.0,1.0,-71.5,0.0,0.0,1.0,1,1,template_ok,0,post_translation,0,0,0.9635,85.5,898.5,1918.5,926.5,633.5,484.5,1321.5,498.5,0,0
2032,33.8989,1.0,0.0,33.5,0.0,1.0,-74.5,0.0,0.0,1.0,1,1,template_ok,0,post_translation,0,0,0.9722,87.5,895.5,1920.5,923.5,635.5,481.5,1323.5,495.5,0,0
2033,33.9156,1.0,0.0,34.5,0.0,1.0,-76.5,0.0,0.0,1.0,1,1,template_ok,0,post_translation,0,0,0.9828,88.5,893.5,1921.5,921.5,636.5,479.5,1324.5,493.5,0,0
2034,33.9322,1.0,0.0,37.5,0.0,1.0,-79.5,0.0,0.0,1.0,1,1,template_ok,0,post_translation,0,0,0.9718,91.5,890.5,1924.5,918.5,639.5,476.5,1327.5,490.5,0,0
2035,33.9489,1.0,0.0,38.5,0.0,1.0,-82.5,0.0,0.0,1.0,1,1,template_ok,0,post_translation,0,0,0.9794,92.5,887.5,1925.5,915.5,640.5,473.5,1328.5,487.5,0,0
2036,33.9656,1.0,0.0,39.5,0.0,1.0,-85.5,0.0,0.0,1.0,1,1,template_ok,0,post_translation,0,0,0.976,93.5,884.5,1926.5,912.5,641.5,470.5,1329.5,484.5,0,0
2037,33.9823,1.0,0.0,39.5,0.0,1.0,-88.5,0.0,0.0,1.0,1,1,template_ok,0,post_translation,0,0,0.98,93.5,881.5,1926.5,909.5,641.5,467.5,1329.5,481.5,0,0
2038,33.999,1.0,0.0,39.5,0.0,1.0,-91.5,0.0,0.0,1.0,1,1,template_ok,0,post_translation,0,0,0.9738,93.5,878.5,1926.5,906.5,641.5,464.5,1329.5,478.5,0,0
2039,34.0156,1.0,0.0,39.5,0.0,1.0,-95.5,0.0,0.0,1.0,1,1,template_ok,0,post_translation,0,0,0.9733,93.5,874.5,1926.5,902.5,641.5,460.5,1329.5,474.5,0,0
2040,34.0323,1.0,0.0,39.5,0.0,1.0,-99.5,0.0,0.0,1.0,1,1,template_ok,0,post_translation,0,0,0.9747,93.5,870.5,1926.5,898.5,641.5,456.5,1329.5,470.5,0,0
2041,34.049,1.0,0.0,38.5,0.0,1.0,-103.5,0.0,0.0,1.0,1,1,template_ok,0,post_translation,0,0,0.9749,92.5,866.5,1925.5,894.5,640.5,452.5,1328.5,466.5,0,0
2042,34.0657,1.0,0.0,36.5,0.0,1.0,-108.5,0.0,0.0,1.0,1,1,template_ok,0,post_translation,0,0,0.9599,90.5,861.5,1923.5,889.5,638.5,447.5,1326.5,461.5,0,0
2043,34.0824,1.0,0.0,34.5,0.0,1.0,-111.5,0.0,0.0,1.0,1,1,template_ok,0,post_translation,0,0,0.9373,88.5,858.5,1921.5,886.5,636.5,444.5,1324.5,458.5,0,0
2044,34.0991,1.0,0.0,31.5,0.0,1.0,-118.5,0.0,0.0,1.0,1,1,template_ok,0,post_translation,0,0,0.9312,85.5,851.5,1918.5,879.5,633.5,437.5,1321.5,451.5,0,0
2045,34.1157,1.0,0.0,28.5,0.0,1.0,-126.5,0.0,0.0,1.0,1,1,template_ok,0,post_translation,0,0,0.9395,82.5,843.5,1915.5,871.5,630.5,429.5,1318.5,443.5,0,0
2046,34.1324,1.0,0.0,26.5,0.0,1.0,-134.5,0.0,0.0,1.0,1,1,template_ok,0,post_translation,0,0,0.937,80.5,835.5,1913.5,863.5,628.5,421.5,1316.5,435.5,0,0
2047,34.1491,1.0,0.0,24.5,0.0,1.0,-143.5,0.0,0.0,1.0,1,1,template_ok,0,post_translation,0,0,0.9263,78.5,826.5,1911.5,854.5,626.5,412.5,1314.5,426.5,0,0
2048,34.1658,1.0,0.0,21.5,0.0,1.0,-153.5,0.0,0.0,1.0,1,1,template_ok,0,post_translation,0,0,0.9263,75.5,816.5,1908.5,844.5,623.5,402.5,1311.5,416.5,0,0
2049,34.1825,1.0,0.0,20.5,0.0,1.0,-162.5,0.0,0.0,1.0,1,1,template_ok,0,post_translation,0,0,0.9279,74.5,807.5,1907.5,835.5,622.5,393.5,1310.5,407.5,0,0
2050,34.1992,1.0,0.0,19.5,0.0,1.0,-172.5,0.0,0.0,1.0,1,1,template_ok,0,post_translation,0,0,0.9252,73.5,797.5,1906.5,825.5,621.5,383.5,1309.5,397.5,0,0
2051,34.2158,1.0,0.0,19.5,0.0,1.0,-183.5,0.0,0.0,1.0,1,1,template_ok,0,post_translation,0,0,0.9275,73.5,786.5,1906.5,814.5,621.5,372.5,1309.5,386.5,0,0
2052,34.2325,1.0,0.0,18.5,0.0,1.0,-191.5,0.0,0.0,1.0,1,1,template_ok,0,post_translation,0,0,0.9235,72.5,778.5,1905.5,806.5,620.5,364.5,1308.5,378.5,0,0
2053,34.2492,1.0,0.0,19.5,0.0,1.0,-196.5,0.0,0.0,1.0,1,1,template_ok,0,post_translation,0,0,0.92,73.5,773.5,1906.5,801.5,621.5,359.5,1309.5,373.5,0,0
2054,34.2659,1.0,0.0,19.5,0.0,1.0,-201.5,0.0,0.0,1.0,1,1,template_ok,0,post_translation,0,0,0.9159,73.5,768.5,1906.5,796.5,621.5,354.5,1309.5,368.5,0,0
