frame_index,timestamp_s,ball_x,ball_y,raw_ball_x,raw_ball_y,radius_px,circularity,v_at_center,raw_confidence,bbox_x0,bbox_y0,bbox_x1,bbox_y1,tracking_backend,confidence,n_candidates
0,0.0,955.8,501.44,1359.05,720.48,12.81,,,0.865,1346.24,707.67,1371.86,733.29,ultralytics,0.865,1
1,0.0167,1292.55,669.83,1367.12,709.43,12.85,,,0.813,1353.98,696.58,1380.27,722.29,ultralytics,0.813,1
2,0.0334,1372.87,698.84,1372.07,699.49,13.38,,,0.787,1358.69,685.83,1385.45,713.14,ultralytics,0.787,1
3,0.05,1379.63,685.77,1379.69,687.2,13.65,,,0.753,1366.03,673.38,1393.34,701.03,ultralytics,0.753,1
4,0.0667,1384.53,665.51,1387.76,677.15,14.0,,,0.513,1373.76,662.89,1401.76,691.41,ultralytics,0.513,1
5,0.0834,,,,,,,,0.0,,,,,ultralytics,0.0,0
6,0.1001,,,,,,,,0.0,,,,,ultralytics,0.0,0
7,0.1168,,,,,,,,0.0,,,,,ultralytics,0.0,0
8,0.1335,1380.61,635.27,1389.2,628.72,13.32,,,0.067,1375.88,614.46,1402.52,642.98,ultralytics,0.067,1
9,0.1501,1359.51,597.93,1373.85,613.12,11.63,,,0.175,1362.22,597.08,1385.47,629.17,ultralytics,0.175,1
10,0.1668,,,,,,,,0.0,,,,,ultralytics,0.0,0
11,0.1835,,,,,,,,0.0,,,,,ultralytics,0.0,0
12,0.2002,,,,,,,,0.0,,,,,ultralytics,0.0,0
13,0.2169,1315.78,550.42,1316.3,543.38,11.36,,,0.591,1300.49,532.02,1332.12,554.74,ultralytics,0.591,1
14,0.2336,,,,,,,,0.0,,,,,ultralytics,0.0,0
15,0.2502,1244.49,495.04,1285.94,513.03,13.13,,,0.611,1271.69,499.89,1300.19,526.16,ultralytics,0.611,1
16,0.2669,,,,,,,,0.0,,,,,ultralytics,0.0,0
17,0.2836,,,,,,,,0.0,,,,,ultralytics,0.0,0
18,0.3003,,,,,,,,0.0,,,,,ultralytics,0.0,0
19,0.317,,,,,,,,0.0,,,,,ultralytics,0.0,0
20,0.3337,,,,,,,,0.0,,,,,ultralytics,0.0,0
21,0.3503,,,,,,,,0.0,,,,,ultralytics,0.0,0
22,0.367,,,,,,,,0.0,,,,,ultralytics,0.0,0
23,0.3837,,,,,,,,0.0,,,,,ultralytics,0.0,0
24,0.4004,,,,,,,,0.0,,,,,ultralytics,0.0,0
25,0.4171,,,,,,,,0.0,,,,,ultralytics,0.0,0
26,0.4337,,,,,,,,0.0,,,,,ultralytics,0.0,0
27,0.4504,1142.13,446.66,1111.93,410.73,11.47,,,0.222,1097.25,399.27,1126.61,422.2,ultralytics,0.222,1
28,0.4671,,,,,,,,0.0,,,,,ultralytics,0.0,0
29,0.4838,1021.06,442.67,1081.06,405.19,10.54,,,0.052,1067.49,394.65,1094.63,415.73,ultralytics,0.052,1
30,0.5005,,,,,,,,0.0,,,,,ultralytics,0.0,0
31,0.5172,,,,,,,,0.0,,,,,ultralytics,0.0,0
32,0.5338,,,,,,,,0.0,,,,,ultralytics,0.0,0
33,0.5505,,,,,,,,0.0,,,,,ultralytics,0.0,0
34,0.5672,,,,,,,,0.0,,,,,ultralytics,0.0,0
35,0.5839,,,,,,,,0.0,,,,,ultralytics,0.0,0
36,0.6006,,,,,,,,0.0,,,,,ultralytics,0.0,0
37,0.6173,,,,,,,,0.0,,,,,ultralytics,0.0,0
38,0.6339,,,,,,,,0.0,,,,,ultralytics,0.0,0
39,0.6506,,,,,,,,0.0,,,,,ultralytics,0.0,0
40,0.6673,,,,,,,,0.0,,,,,ultralytics,0.0,0
41,0.684,,,,,,,,0.0,,,,,ultralytics,0.0,0
42,0.7007,,,,,,,,0.0,,,,,ultralytics,0.0,0
43,0.7173,,,,,,,,0.0,,,,,ultralytics,0.0,0
44,0.734,,,,,,,,0.0,,,,,ultralytics,0.0,0
45,0.7507,,,,,,,,0.0,,,,,ultralytics,0.0,0
46,0.7674,,,,,,,,0.0,,,,,ultralytics,0.0,0
47,0.7841,893.94,480.62,820.28,503.78,12.91,,,0.378,805.55,490.87,835.01,516.68,ultralytics,0.378,1
48,0.8008,813.67,519.91,805.5,518.55,12.88,,,0.274,792.63,504.45,818.38,532.66,ultralytics,0.274,1
49,0.8174,,,,,,,,0.0,,,,,ultralytics,0.0,0
50,0.8341,813.71,528.42,777.89,547.46,12.3,,,0.718,762.98,535.16,792.81,559.76,ultralytics,0.718,1
51,0.8508,,,,,,,,0.0,,,,,ultralytics,0.0,0
52,0.8675,,,,,,,,0.0,,,,,ultralytics,0.0,0
53,0.8842,963.95,450.13,737.47,593.55,13.74,,,0.325,723.22,579.81,751.71,607.3,ultralytics,0.325,2
54,0.9009,,,,,,,,0.0,,,,,ultralytics,0.0,1
55,0.9175,1239.52,290.33,1450.26,164.77,9.79,,,0.082,1436.84,154.97,1463.68,174.56,ultralytics,0.082,1
56,0.9342,1411.32,188.16,1450.16,164.7,10.1,,,0.091,1436.99,154.6,1463.33,174.8,ultralytics,0.091,1
57,0.9509,1450.09,164.81,1450.04,165.02,9.86,,,0.096,1437.06,155.15,1463.01,174.88,ultralytics,0.096,1
58,0.9676,1450.08,164.72,1450.05,164.65,10.09,,,0.121,1437.08,154.57,1463.02,174.74,ultralytics,0.121,1
59,0.9843,1450.11,164.67,1450.14,164.5,10.06,,,0.123,1436.97,154.44,1463.31,174.56,ultralytics,0.123,1
60,1.001,1450.14,164.77,1450.09,164.87,9.98,,,0.113,1437.01,154.9,1463.18,174.85,ultralytics,0.113,1
61,1.0176,1450.09,164.88,1450.33,164.85,10.06,,,0.1,1437.23,154.79,1463.43,174.92,ultralytics,0.1,1
62,1.0343,1449.98,164.88,1449.73,165.08,10.13,,,0.077,1435.89,154.95,1463.56,175.21,ultralytics,0.077,1
63,1.051,1450.1,164.71,1449.92,164.68,9.93,,,0.091,1436.21,154.75,1463.62,174.61,ultralytics,0.091,1
64,1.0677,1450.53,164.56,1450.46,164.37,10.18,,,0.093,1436.71,154.19,1464.2,174.55,ultralytics,0.093,1
65,1.0844,1451.0,164.53,1451.28,164.67,9.63,,,0.111,1437.35,155.04,1465.22,174.3,ultralytics,0.111,1
66,1.101,1451.34,164.54,1451.22,164.37,9.91,,,0.09,1437.15,154.46,1465.29,174.27,ultralytics,0.09,1
67,1.1177,1451.75,164.45,1451.5,164.87,9.53,,,0.063,1438.24,155.34,1464.76,174.4,ultralytics,0.063,1
68,1.1344,,,,,,,,0.0,,,,,ultralytics,0.0,0
69,1.1511,,,,,,,,0.0,,,,,ultralytics,0.0,0
70,1.1678,1452.24,164.11,1452.62,163.94,10.45,,,0.088,1438.92,153.49,1466.31,174.39,ultralytics,0.088,1
71,1.1845,1452.49,163.74,1452.53,163.7,10.42,,,0.087,1438.45,153.28,1466.61,174.12,ultralytics,0.087,1
72,1.2011,1452.51,163.45,1452.5,163.47,10.74,,,0.136,1438.0,152.73,1467.0,174.22,ultralytics,0.136,1
73,1.2178,1452.44,163.26,1452.54,163.14,11.23,,,0.143,1437.6,151.91,1467.48,174.37,ultralytics,0.143,1
74,1.2345,1452.32,163.23,1452.27,163.12,11.04,,,0.142,1437.28,152.08,1467.26,174.17,ultralytics,0.142,1
75,1.2512,1452.27,163.33,1452.14,163.37,11.05,,,0.142,1437.3,152.32,1466.98,174.42,ultralytics,0.142,1
76,1.2679,1452.3,163.38,1452.38,163.52,11.01,,,0.107,1437.66,152.51,1467.09,174.54,ultralytics,0.107,1
77,1.2846,1452.29,163.28,1452.41,163.27,10.77,,,0.062,1437.89,152.5,1466.93,174.05,ultralytics,0.062,2
78,1.3012,1452.23,163.1,1452.05,163.12,10.84,,,0.067,1437.14,152.28,1466.95,173.96,ultralytics,0.067,2
79,1.3179,1399.88,188.23,1452.3,162.92,10.79,,,0.065,1437.84,152.13,1466.77,173.71,ultralytics,0.065,2
80,1.3346,1146.63,287.03,1452.29,162.66,10.9,,,0.067,1437.93,151.75,1466.66,173.56,ultralytics,0.067,2
81,1.3513,,,,,,,,0.0,,,,,ultralytics,0.0,0
82,1.368,747.23,397.75,491.32,627.27,12.83,,,0.067,475.96,614.44,506.67,640.1,ultralytics,0.067,2
83,1.3846,,,,,,,,0.0,,,,,ultralytics,0.0,0
84,1.4013,,,,,,,,0.0,,,,,ultralytics,0.0,0
85,1.418,,,,,,,,0.0,,,,,ultralytics,0.0,0
86,1.4347,,,,,,,,0.0,,,,,ultralytics,0.0,0
87,1.4514,,,,,,,,0.0,,,,,ultralytics,0.0,0
88,1.4681,,,,,,,,0.0,,,,,ultralytics,0.0,0
89,1.4847,,,,,,,,0.0,,,,,ultralytics,0.0,0
90,1.5014,,,,,,,,0.0,,,,,ultralytics,0.0,0
91,1.5181,,,,,,,,0.0,,,,,ultralytics,0.0,0
92,1.5348,,,,,,,,0.0,,,,,ultralytics,0.0,0
93,1.5515,692.95,353.33,149.57,361.38,10.61,,,0.101,136.27,350.77,162.87,371.99,ultralytics,0.101,1
94,1.5682,,,,,,,,0.0,,,,,ultralytics,0.0,0
95,1.5848,,,,,,,,0.0,,,,,ultralytics,0.0,0
96,1.6015,,,,,,,,0.0,,,,,ultralytics,0.0,0
97,1.6182,,,,,,,,0.0,,,,,ultralytics,0.0,0
98,1.6349,,,,,,,,0.0,,,,,ultralytics,0.0,0
99,1.6516,,,,,,,,0.0,,,,,ultralytics,0.0,0
100,1.6683,,,,,,,,0.0,,,,,ultralytics,0.0,0
101,1.6849,,,,,,,,0.0,,,,,ultralytics,0.0,0
102,1.7016,,,,,,,,0.0,,,,,ultralytics,0.0,0
103,1.7183,,,,,,,,0.0,,,,,ultralytics,0.0,0
104,1.735,,,,,,,,0.0,,,,,ultralytics,0.0,0
105,1.7517,,,,,,,,0.0,,,,,ultralytics,0.0,0
106,1.7683,,,,,,,,0.0,,,,,ultralytics,0.0,0
107,1.785,,,,,,,,0.0,,,,,ultralytics,0.0,0
108,1.8017,,,,,,,,0.0,,,,,ultralytics,0.0,0
109,1.8184,,,,,,,,0.0,,,,,ultralytics,0.0,0
110,1.8351,,,,,,,,0.0,,,,,ultralytics,0.0,0
111,1.8518,,,,,,,,0.0,,,,,ultralytics,0.0,0
112,1.8684,,,,,,,,0.0,,,,,ultralytics,0.0,0
113,1.8851,,,,,,,,0.0,,,,,ultralytics,0.0,0
114,1.9018,,,,,,,,0.0,,,,,ultralytics,0.0,0
115,1.9185,,,,,,,,0.0,,,,,ultralytics,0.0,0
116,1.9352,,,,,,,,0.0,,,,,ultralytics,0.0,0
117,1.9519,,,,,,,,0.0,,,,,ultralytics,0.0,0
118,1.9685,,,,,,,,0.0,,,,,ultralytics,0.0,0
119,1.9852,,,,,,,,0.0,,,,,ultralytics,0.0,0
120,2.0019,,,,,,,,0.0,,,,,ultralytics,0.0,0
121,2.0186,,,,,,,,0.0,,,,,ultralytics,0.0,0
122,2.0353,,,,,,,,0.0,,,,,ultralytics,0.0,0
123,2.0519,,,,,,,,0.0,,,,,ultralytics,0.0,0
124,2.0686,,,,,,,,0.0,,,,,ultralytics,0.0,0
125,2.0853,,,,,,,,0.0,,,,,ultralytics,0.0,0
126,2.102,,,,,,,,0.0,,,,,ultralytics,0.0,0
127,2.1187,,,,,,,,0.0,,,,,ultralytics,0.0,0
128,2.1354,,,,,,,,0.0,,,,,ultralytics,0.0,0
129,2.152,,,,,,,,0.0,,,,,ultralytics,0.0,0
130,2.1687,,,,,,,,0.0,,,,,ultralytics,0.0,0
131,2.1854,,,,,,,,0.0,,,,,ultralytics,0.0,0
132,2.2021,,,,,,,,0.0,,,,,ultralytics,0.0,0
133,2.2188,,,,,,,,0.0,,,,,ultralytics,0.0,0
134,2.2355,1081.42,229.93,1451.72,153.3,11.98,,,0.05,1437.92,141.32,1465.52,165.28,ultralytics,0.05,1
135,2.2521,1380.81,164.61,1451.79,153.29,12.14,,,0.061,1438.27,141.15,1465.3,165.43,ultralytics,0.061,1
136,2.2688,1451.82,153.23,1451.73,153.24,11.9,,,0.065,1438.27,141.34,1465.2,165.14,ultralytics,0.065,1
137,2.2855,,,,,,,,0.0,,,,,ultralytics,0.0,0
138,2.3022,,,,,,,,0.0,,,,,ultralytics,0.0,0
139,2.3189,1451.93,153.23,1451.94,153.12,11.8,,,0.06,1438.55,141.32,1465.33,164.93,ultralytics,0.06,1
140,2.3356,1452.01,153.29,1452.1,153.33,12.04,,,0.059,1438.71,141.29,1465.5,165.37,ultralytics,0.059,1
141,2.3522,1451.97,153.36,1452.08,153.41,12.27,,,0.076,1438.28,141.14,1465.88,165.68,ultralytics,0.076,1
142,2.3689,1451.91,153.38,1451.64,153.35,12.21,,,0.106,1438.29,141.15,1464.99,165.56,ultralytics,0.106,1
143,2.3856,1451.99,153.33,1452.11,153.49,12.2,,,0.09,1439.3,141.29,1464.93,165.69,ultralytics,0.09,1
144,2.4023,1452.09,153.18,1452.07,153.1,11.87,,,0.064,1439.37,141.24,1464.78,164.97,ultralytics,0.064,1
145,2.419,1452.03,153.06,1452.27,153.01,11.72,,,0.05,1439.87,141.3,1464.67,164.73,ultralytics,0.05,1
146,2.4356,1451.78,153.01,1451.76,153.03,11.87,,,0.075,1439.19,141.16,1464.32,164.9,ultralytics,0.075,1
147,2.4523,1451.57,152.97,1451.28,152.96,11.76,,,0.09,1438.63,141.2,1463.92,164.72,ultralytics,0.09,1
148,2.469,1451.59,152.94,1451.71,152.92,11.65,,,0.114,1439.35,141.26,1464.07,164.57,ultralytics,0.114,1
149,2.4857,1451.65,152.91,1451.62,152.93,11.59,,,0.091,1439.15,141.33,1464.09,164.52,ultralytics,0.091,1
150,2.5024,1451.66,152.85,1451.73,152.92,11.73,,,0.075,1439.18,141.19,1464.28,164.66,ultralytics,0.075,1
151,2.5191,1451.55,152.75,1451.65,152.7,11.75,,,0.063,1438.8,140.95,1464.49,164.45,ultralytics,0.063,1
152,2.5357,1451.34,152.64,1451.26,152.66,11.68,,,0.062,1438.59,140.98,1463.92,164.33,ultralytics,0.062,1
153,2.5524,,,,,,,,0.0,,,,,ultralytics,0.0,0
154,2.5691,1451.12,152.54,1451.23,152.54,11.57,,,0.071,1438.71,140.97,1463.76,164.11,ultralytics,0.071,1
155,2.5858,1450.95,152.48,1450.67,152.44,11.56,,,0.067,1437.9,140.88,1463.43,164.0,ultralytics,0.067,1
156,2.6025,1450.9,152.59,1451.12,152.32,11.14,,,0.067,1438.29,141.18,1463.94,163.47,ultralytics,0.067,1
157,2.6192,,,,,,,,0.0,,,,,ultralytics,0.0,0
158,2.6358,,,,,,,,0.0,,,,,ultralytics,0.0,0
159,2.6525,,,,,,,,0.0,,,,,ultralytics,0.0,0
160,2.6692,,,,,,,,0.0,,,,,ultralytics,0.0,0
161,2.6859,,,,,,,,0.0,,,,,ultralytics,0.0,0
162,2.7026,,,,,,,,0.0,,,,,ultralytics,0.0,0
163,2.7192,,,,,,,,0.0,,,,,ultralytics,0.0,0
164,2.7359,,,,,,,,0.0,,,,,ultralytics,0.0,0
165,2.7526,,,,,,,,0.0,,,,,ultralytics,0.0,0
166,2.7693,,,,,,,,0.0,,,,,ultralytics,0.0,0
167,2.786,,,,,,,,0.0,,,,,ultralytics,0.0,0
168,2.8027,,,,,,,,0.0,,,,,ultralytics,0.0,0
169,2.8193,,,,,,,,0.0,,,,,ultralytics,0.0,0
170,2.836,,,,,,,,0.0,,,,,ultralytics,0.0,0
171,2.8527,,,,,,,,0.0,,,,,ultralytics,0.0,0
172,2.8694,,,,,,,,0.0,,,,,ultralytics,0.0,0
173,2.8861,1450.85,152.91,1450.69,153.02,11.51,,,0.05,1436.92,141.51,1464.47,164.52,ultralytics,0.05,1
174,2.9028,1450.93,153.18,1450.83,153.33,11.76,,,0.06,1437.25,141.57,1464.41,165.09,ultralytics,0.06,1
175,2.9194,1451.14,153.26,1451.18,153.3,11.75,,,0.069,1437.72,141.55,1464.64,165.05,ultralytics,0.069,1
176,2.9361,1451.28,153.19,1451.43,153.2,11.61,,,0.059,1438.0,141.59,1464.85,164.81,ultralytics,0.059,1
177,2.9528,,,,,,,,0.0,,,,,ultralytics,0.0,0
178,2.9695,1451.17,153.65,1451.35,153.14,11.78,,,0.065,1437.42,141.36,1465.29,164.92,ultralytics,0.065,1
179,2.9862,,,,,,,,0.0,,,,,ultralytics,0.0,0
180,3.0029,1450.81,156.16,1450.82,152.75,11.28,,,0.055,1436.63,141.47,1465.0,164.04,ultralytics,0.055,1
181,3.0195,,,,,,,,0.0,,,,,ultralytics,0.0,0
182,3.0362,,,,,,,,0.0,,,,,ultralytics,0.0,0
183,3.0529,,,,,,,,0.0,,,,,ultralytics,0.0,0
184,3.0696,,,,,,,,0.0,,,,,ultralytics,0.0,0
185,3.0863,,,,,,,,0.0,,,,,ultralytics,0.0,0
186,3.1029,,,,,,,,0.0,,,,,ultralytics,0.0,0
187,3.1196,,,,,,,,0.0,,,,,ultralytics,0.0,0
188,3.1363,,,,,,,,0.0,,,,,ultralytics,0.0,0
189,3.153,,,,,,,,0.0,,,,,ultralytics,0.0,0
190,3.1697,,,,,,,,0.0,,,,,ultralytics,0.0,0
191,3.1864,,,,,,,,0.0,,,,,ultralytics,0.0,0
192,3.203,,,,,,,,0.0,,,,,ultralytics,0.0,0
193,3.2197,,,,,,,,0.0,,,,,ultralytics,0.0,0
194,3.2364,,,,,,,,0.0,,,,,ultralytics,0.0,0
195,3.2531,,,,,,,,0.0,,,,,ultralytics,0.0,0
196,3.2698,,,,,,,,0.0,,,,,ultralytics,0.0,0
197,3.2865,,,,,,,,0.0,,,,,ultralytics,0.0,0
198,3.3031,,,,,,,,0.0,,,,,ultralytics,0.0,0
199,3.3198,,,,,,,,0.0,,,,,ultralytics,0.0,0
200,3.3365,,,,,,,,0.0,,,,,ultralytics,0.0,0
201,3.3532,,,,,,,,0.0,,,,,ultralytics,0.0,0
202,3.3699,,,,,,,,0.0,,,,,ultralytics,0.0,0
203,3.3866,,,,,,,,0.0,,,,,ultralytics,0.0,0
204,3.4032,,,,,,,,0.0,,,,,ultralytics,0.0,0
205,3.4199,,,,,,,,0.0,,,,,ultralytics,0.0,0
206,3.4366,,,,,,,,0.0,,,,,ultralytics,0.0,0
207,3.4533,,,,,,,,0.0,,,,,ultralytics,0.0,0
208,3.47,,,,,,,,0.0,,,,,ultralytics,0.0,0
209,3.4866,,,,,,,,0.0,,,,,ultralytics,0.0,0
210,3.5033,,,,,,,,0.0,,,,,ultralytics,0.0,0
211,3.52,,,,,,,,0.0,,,,,ultralytics,0.0,0
212,3.5367,,,,,,,,0.0,,,,,ultralytics,0.0,0
213,3.5534,,,,,,,,0.0,,,,,ultralytics,0.0,0
214,3.5701,,,,,,,,0.0,,,,,ultralytics,0.0,0
215,3.5867,,,,,,,,0.0,,,,,ultralytics,0.0,0
216,3.6034,,,,,,,,0.0,,,,,ultralytics,0.0,0
217,3.6201,,,,,,,,0.0,,,,,ultralytics,0.0,0
218,3.6368,,,,,,,,0.0,,,,,ultralytics,0.0,0
219,3.6535,1450.56,160.54,1450.15,163.76,9.74,,,0.083,1437.57,154.02,1462.74,173.5,ultralytics,0.083,1
220,3.6702,1450.63,163.32,1450.71,163.86,9.83,,,0.104,1437.71,154.04,1463.71,173.69,ultralytics,0.104,1
221,3.6868,1450.78,164.13,1450.92,164.14,9.65,,,0.126,1438.18,154.49,1463.67,173.79,ultralytics,0.126,1
222,3.7035,1450.69,164.42,1450.74,164.29,9.73,,,0.154,1437.91,154.56,1463.57,174.02,ultralytics,0.154,1
223,3.7202,1450.15,164.74,1450.8,164.93,9.16,,,0.117,1438.59,155.76,1463.01,174.09,ultralytics,0.117,1
224,3.7369,1449.1,165.0,1448.76,164.89,9.51,,,0.15,1435.84,155.39,1461.67,174.4,ultralytics,0.15,1
225,3.7536,1448.06,165.3,1448.15,165.24,9.44,,,0.22,1435.04,155.8,1461.26,174.68,ultralytics,0.22,1
226,3.7702,1447.57,165.65,1446.62,165.72,9.94,,,0.245,1432.75,155.78,1460.49,175.66,ultralytics,0.245,1
227,3.7869,1448.13,165.9,1447.88,166.05,10.21,,,0.292,1434.34,155.84,1461.43,176.25,ultralytics,0.292,1
228,3.8036,1449.33,166.02,1449.41,165.96,10.52,,,0.147,1436.68,155.44,1462.13,176.48,ultralytics,0.147,1
229,3.8203,1450.33,166.16,1450.9,166.08,10.86,,,0.11,1438.61,155.22,1463.19,176.94,ultralytics,0.11,1
230,3.837,1450.6,166.42,1450.83,166.4,10.7,,,0.136,1438.2,155.69,1463.45,177.1,ultralytics,0.136,1
231,3.8537,1450.19,166.84,1450.49,166.7,10.66,,,0.12,1437.53,156.04,1463.45,177.36,ultralytics,0.12,1
232,3.8703,1449.49,167.42,1449.19,167.36,11.5,,,0.149,1436.52,155.86,1461.85,178.85,ultralytics,0.149,1
233,3.887,1449.02,168.02,1448.85,168.22,11.95,,,0.185,1436.15,156.27,1461.55,180.17,ultralytics,0.185,1
234,3.9037,1448.93,168.46,1448.75,168.5,12.42,,,0.203,1435.04,156.08,1462.46,180.92,ultralytics,0.203,1
235,3.9204,1449.05,168.75,1449.17,168.76,12.53,,,0.178,1435.82,156.23,1462.51,181.29,ultralytics,0.178,1
236,3.9371,1448.96,169.1,1449.29,168.92,12.5,,,0.188,1436.78,156.43,1461.8,181.42,ultralytics,0.188,1
237,3.9538,1448.39,169.65,1448.57,169.57,11.72,,,0.161,1435.87,157.86,1461.27,181.29,ultralytics,0.161,1
238,3.9704,1447.45,170.23,1447.55,170.48,11.59,,,0.144,1434.84,158.89,1460.25,182.07,ultralytics,0.144,1
239,3.9871,1446.6,170.6,1446.05,170.66,11.71,,,0.147,1432.59,158.95,1459.51,182.37,ultralytics,0.147,1
240,4.0038,1446.36,170.85,1446.12,170.72,12.22,,,0.203,1432.75,158.5,1459.5,182.94,ultralytics,0.203,1
241,4.0205,1446.74,171.11,1446.53,171.26,12.41,,,0.183,1433.43,158.85,1459.63,183.67,ultralytics,0.183,1
242,4.0372,1447.38,171.35,1447.56,171.23,12.29,,,0.126,1434.95,158.95,1460.18,183.52,ultralytics,0.126,1
243,4.0539,1447.87,171.65,1448.07,171.66,11.61,,,0.098,1435.63,160.05,1460.5,183.27,ultralytics,0.098,1
244,4.0705,1448.03,171.96,1448.11,171.96,11.32,,,0.098,1435.89,160.64,1460.33,183.28,ultralytics,0.098,1
245,4.0872,1447.94,172.17,1448.02,172.39,11.46,,,0.139,1435.37,160.93,1460.66,183.84,ultralytics,0.139,1
246,4.1039,1447.65,172.31,1447.71,172.04,11.61,,,0.089,1434.88,160.43,1460.55,183.66,ultralytics,0.089,1
247,4.1206,1447.04,172.65,1447.56,172.55,11.26,,,0.075,1434.62,161.29,1460.51,183.81,ultralytics,0.075,1
248,4.1373,1446.19,173.14,1445.55,173.27,11.08,,,0.118,1431.45,162.18,1459.65,184.35,ultralytics,0.118,1
249,4.1539,1445.56,173.61,1445.93,173.57,11.39,,,0.136,1432.02,162.17,1459.83,184.96,ultralytics,0.136,1
250,4.1706,1445.59,174.85,1444.41,174.02,11.92,,,0.065,1429.29,162.1,1459.53,185.93,ultralytics,0.065,1
251,4.1873,,,,,,,,0.0,,,,,ultralytics,0.0,0
252,4.204,,,,,,,,0.0,,,,,ultralytics,0.0,0
253,4.2207,,,,,,,,0.0,,,,,ultralytics,0.0,0
254,4.2374,1447.09,178.77,1446.01,174.71,11.34,,,0.07,1433.01,163.36,1459.02,186.05,ultralytics,0.07,1
255,4.254,,,,,,,,0.0,,,,,ultralytics,0.0,0
256,4.2707,,,,,,,,0.0,,,,,ultralytics,0.0,0
257,4.2874,,,,,,,,0.0,,,,,ultralytics,0.0,0
258,4.3041,,,,,,,,0.0,,,,,ultralytics,0.0,0
259,4.3208,,,,,,,,0.0,,,,,ultralytics,0.0,0
260,4.3375,,,,,,,,0.0,,,,,ultralytics,0.0,0
261,4.3541,,,,,,,,0.0,,,,,ultralytics,0.0,0
262,4.3708,,,,,,,,0.0,,,,,ultralytics,0.0,0
263,4.3875,,,,,,,,0.0,,,,,ultralytics,0.0,0
264,4.4042,,,,,,,,0.0,,,,,ultralytics,0.0,0
265,4.4209,,,,,,,,0.0,,,,,ultralytics,0.0,0
266,4.4375,,,,,,,,0.0,,,,,ultralytics,0.0,0
267,4.4542,,,,,,,,0.0,,,,,ultralytics,0.0,0
268,4.4709,,,,,,,,0.0,,,,,ultralytics,0.0,0
269,4.4876,,,,,,,,0.0,,,,,ultralytics,0.0,0
270,4.5043,,,,,,,,0.0,,,,,ultralytics,0.0,0
271,4.521,,,,,,,,0.0,,,,,ultralytics,0.0,0
272,4.5376,,,,,,,,0.0,,,,,ultralytics,0.0,0
273,4.5543,,,,,,,,0.0,,,,,ultralytics,0.0,0
274,4.571,,,,,,,,0.0,,,,,ultralytics,0.0,0
275,4.5877,,,,,,,,0.0,,,,,ultralytics,0.0,0
276,4.6044,,,,,,,,0.0,,,,,ultralytics,0.0,0
277,4.6211,,,,,,,,0.0,,,,,ultralytics,0.0,0
278,4.6377,,,,,,,,0.0,,,,,ultralytics,0.0,0
279,4.6544,,,,,,,,0.0,,,,,ultralytics,0.0,0
280,4.6711,,,,,,,,0.0,,,,,ultralytics,0.0,0
281,4.6878,,,,,,,,0.0,,,,,ultralytics,0.0,0
282,4.7045,,,,,,,,0.0,,,,,ultralytics,0.0,0
283,4.7212,,,,,,,,0.0,,,,,ultralytics,0.0,0
284,4.7378,,,,,,,,0.0,,,,,ultralytics,0.0,0
285,4.7545,,,,,,,,0.0,,,,,ultralytics,0.0,0
286,4.7712,,,,,,,,0.0,,,,,ultralytics,0.0,0
287,4.7879,,,,,,,,0.0,,,,,ultralytics,0.0,0
288,4.8046,,,,,,,,0.0,,,,,ultralytics,0.0,0
289,4.8212,,,,,,,,0.0,,,,,ultralytics,0.0,0
290,4.8379,,,,,,,,0.0,,,,,ultralytics,0.0,0
291,4.8546,,,,,,,,0.0,,,,,ultralytics,0.0,0
292,4.8713,,,,,,,,0.0,,,,,ultralytics,0.0,0
293,4.888,,,,,,,,0.0,,,,,ultralytics,0.0,0
294,4.9047,,,,,,,,0.0,,,,,ultralytics,0.0,0
295,4.9213,,,,,,,,0.0,,,,,ultralytics,0.0,0
296,4.938,,,,,,,,0.0,,,,,ultralytics,0.0,0
297,4.9547,,,,,,,,0.0,,,,,ultralytics,0.0,0
298,4.9714,,,,,,,,0.0,,,,,ultralytics,0.0,0
299,4.9881,,,,,,,,0.0,,,,,ultralytics,0.0,0
300,5.0048,,,,,,,,0.0,,,,,ultralytics,0.0,0
301,5.0214,,,,,,,,0.0,,,,,ultralytics,0.0,0
302,5.0381,,,,,,,,0.0,,,,,ultralytics,0.0,0
303,5.0548,,,,,,,,0.0,,,,,ultralytics,0.0,0
304,5.0715,,,,,,,,0.0,,,,,ultralytics,0.0,0
305,5.0882,,,,,,,,0.0,,,,,ultralytics,0.0,0
306,5.1048,,,,,,,,0.0,,,,,ultralytics,0.0,0
307,5.1215,,,,,,,,0.0,,,,,ultralytics,0.0,0
308,5.1382,,,,,,,,0.0,,,,,ultralytics,0.0,0
309,5.1549,1449.47,184.78,1450.86,189.01,10.74,,,0.067,1438.15,178.27,1463.57,199.75,ultralytics,0.067,1
310,5.1716,1450.93,188.43,1451.33,189.28,10.74,,,0.053,1439.13,178.53,1463.54,200.02,ultralytics,0.053,1
311,5.1883,1451.17,189.3,1451.46,189.25,10.87,,,0.072,1438.8,178.38,1464.13,200.12,ultralytics,0.072,1
312,5.2049,1450.89,189.28,1450.76,189.51,10.76,,,0.075,1437.63,178.75,1463.9,200.26,ultralytics,0.075,1
313,5.2216,1450.7,189.11,1450.43,189.02,10.9,,,0.052,1436.65,178.12,1464.2,199.92,ultralytics,0.052,1
314,5.2383,1450.82,188.93,1450.85,188.9,11.15,,,0.092,1436.7,177.74,1465.0,200.05,ultralytics,0.092,1
315,5.255,1451.0,188.83,1451.07,188.79,11.14,,,0.108,1436.77,177.64,1465.36,199.93,ultralytics,0.108,1
316,5.2717,1450.99,188.83,1451.26,188.77,11.36,,,0.115,1437.06,177.41,1465.47,200.12,ultralytics,0.115,1
317,5.2884,1450.72,188.85,1450.61,188.93,11.33,,,0.136,1436.42,177.6,1464.8,200.25,ultralytics,0.136,1
318,5.305,1450.46,188.79,1450.39,188.89,11.35,,,0.136,1436.18,177.54,1464.6,200.24,ultralytics,0.136,1
319,5.3217,1450.32,188.7,1450.28,188.51,11.48,,,0.097,1435.97,177.03,1464.58,199.99,ultralytics,0.097,1
320,5.3384,1450.24,188.73,1450.27,188.7,11.42,,,0.077,1435.97,177.28,1464.57,200.12,ultralytics,0.077,1
321,5.3551,1450.13,188.77,1450.17,189.03,11.0,,,0.068,1436.35,178.02,1463.99,200.03,ultralytics,0.068,1
322,5.3718,1450.02,188.67,1449.99,188.43,11.09,,,0.052,1436.06,177.33,1463.92,199.52,ultralytics,0.052,1
323,5.3885,,,,,,,,0.0,,,,,ultralytics,0.0,0
324,5.4051,,,,,,,,0.0,,,,,ultralytics,0.0,0
325,5.4218,1450.18,188.38,1449.76,188.9,11.42,,,0.065,1435.27,177.48,1464.26,200.31,ultralytics,0.065,1
326,5.4385,,,,,,,,0.0,,,,,ultralytics,0.0,0
327,5.4552,,,,,,,,0.0,,,,,ultralytics,0.0,0
328,5.4719,,,,,,,,0.0,,,,,ultralytics,0.0,0
329,5.4885,,,,,,,,0.0,,,,,ultralytics,0.0,0
330,5.5052,,,,,,,,0.0,,,,,ultralytics,0.0,0
331,5.5219,,,,,,,,0.0,,,,,ultralytics,0.0,0
332,5.5386,,,,,,,,0.0,,,,,ultralytics,0.0,0
333,5.5553,1450.94,187.77,1450.52,187.69,10.19,,,0.058,1436.34,177.51,1464.7,197.88,ultralytics,0.058,1
334,5.572,,,,,,,,0.0,,,,,ultralytics,0.0,0
335,5.5886,,,,,,,,0.0,,,,,ultralytics,0.0,0
336,5.6053,1451.95,187.19,1452.69,186.83,10.82,,,0.08,1438.87,176.02,1466.5,197.65,ultralytics,0.08,1
337,5.622,1452.48,187.0,1452.5,186.9,10.92,,,0.071,1438.85,175.98,1466.15,197.82,ultralytics,0.071,1
338,5.6387,1452.54,187.1,1452.7,187.12,10.62,,,0.08,1439.31,176.51,1466.1,197.74,ultralytics,0.08,1
339,5.6554,1452.37,187.19,1452.42,187.29,10.73,,,0.098,1438.73,176.57,1466.1,198.02,ultralytics,0.098,1
340,5.6721,1452.13,187.14,1452.01,187.22,10.8,,,0.105,1437.49,176.42,1466.53,198.02,ultralytics,0.105,1
341,5.6887,1452.01,186.95,1451.94,186.94,11.22,,,0.087,1437.54,175.72,1466.35,198.15,ultralytics,0.087,1
342,5.7054,1451.96,186.69,1452.04,186.75,11.31,,,0.089,1437.71,175.44,1466.36,198.06,ultralytics,0.089,1
343,5.7221,1451.85,186.4,1451.91,186.33,11.47,,,0.056,1437.73,174.86,1466.09,197.8,ultralytics,0.056,1
344,5.7388,1451.61,186.21,1451.68,186.12,11.94,,,0.093,1437.32,174.19,1466.03,198.06,ultralytics,0.093,1
345,5.7555,1451.41,186.13,1451.14,186.07,11.86,,,0.083,1436.59,174.21,1465.69,197.93,ultralytics,0.083,1
346,5.7722,1451.44,185.59,1451.42,186.35,11.4,,,0.097,1437.41,174.95,1465.44,197.75,ultralytics,0.097,1
347,5.7888,1451.6,183.35,1451.61,185.51,11.6,,,0.064,1437.68,173.91,1465.54,197.1,ultralytics,0.064,1
348,5.8055,,,,,,,,0.0,,,,,ultralytics,0.0,0
349,5.8222,,,,,,,,0.0,,,,,ultralytics,0.0,0
350,5.8389,,,,,,,,0.0,,,,,ultralytics,0.0,0
351,5.8556,,,,,,,,0.0,,,,,ultralytics,0.0,0
352,5.8722,,,,,,,,0.0,,,,,ultralytics,0.0,0
353,5.8889,,,,,,,,0.0,,,,,ultralytics,0.0,0
354,5.9056,,,,,,,,0.0,,,,,ultralytics,0.0,0
355,5.9223,,,,,,,,0.0,,,,,ultralytics,0.0,0
356,5.939,,,,,,,,0.0,,,,,ultralytics,0.0,0
357,5.9557,,,,,,,,0.0,,,,,ultralytics,0.0,0
358,5.9723,,,,,,,,0.0,,,,,ultralytics,0.0,0
359,5.989,,,,,,,,0.0,,,,,ultralytics,0.0,0
360,6.0057,,,,,,,,0.0,,,,,ultralytics,0.0,0
361,6.0224,,,,,,,,0.0,,,,,ultralytics,0.0,0
362,6.0391,1451.56,179.72,1451.94,177.7,11.88,,,0.051,1438.74,165.81,1465.13,189.58,ultralytics,0.051,1
363,6.0558,1451.1,177.25,1451.24,176.58,11.13,,,0.116,1437.57,165.45,1464.91,187.72,ultralytics,0.116,1
364,6.0724,1450.54,176.45,1450.12,176.23,11.36,,,0.167,1436.07,164.87,1464.16,187.59,ultralytics,0.167,1
365,6.0891,1450.38,176.31,1450.18,176.44,11.57,,,0.193,1436.33,164.87,1464.04,188.01,ultralytics,0.193,1
366,6.1058,1450.57,176.06,1450.68,176.27,11.37,,,0.198,1437.27,164.9,1464.09,187.64,ultralytics,0.198,1
367,6.1225,1450.71,175.58,1450.88,175.55,10.98,,,0.182,1437.5,164.57,1464.25,186.54,ultralytics,0.182,1
368,6.1392,1450.7,175.07,1450.58,174.98,11.01,,,0.226,1436.94,163.97,1464.22,186.0,ultralytics,0.226,1
369,6.1558,1450.75,174.7,1450.63,174.6,11.19,,,0.31,1436.9,163.41,1464.37,185.79,ultralytics,0.31,1
370,6.1725,1450.86,174.54,1451.1,174.44,10.87,,,0.226,1437.65,163.57,1464.56,185.31,ultralytics,0.226,1
371,6.1892,1450.85,174.53,1450.76,174.55,10.97,,,0.34,1437.2,163.59,1464.32,185.52,ultralytics,0.34,1
372,6.2059,1450.73,174.49,1450.86,174.58,10.63,,,0.381,1438.27,163.96,1463.44,185.21,ultralytics,0.381,1
373,6.2226,1450.5,174.2,1450.58,174.5,10.82,,,0.36,1437.9,163.68,1463.25,185.33,ultralytics,0.36,1
374,6.2393,1450.34,173.6,1449.93,173.59,10.43,,,0.463,1436.75,163.16,1463.1,184.02,ultralytics,0.463,1
375,6.2559,1450.44,172.97,1450.63,172.71,10.64,,,0.558,1437.18,162.07,1464.09,183.34,ultralytics,0.558,1
376,6.2726,1450.56,172.53,1450.55,172.63,10.54,,,0.582,1437.52,162.09,1463.58,183.17,ultralytics,0.582,1
377,6.2893,1450.6,172.16,1450.64,172.16,10.72,,,0.599,1437.82,161.44,1463.45,182.87,ultralytics,0.599,1
378,6.306,1450.55,171.88,1450.6,171.66,10.79,,,0.581,1438.09,160.87,1463.11,182.45,ultralytics,0.581,1
379,6.3227,1450.42,171.81,1450.48,171.8,10.63,,,0.601,1438.03,161.16,1462.94,182.43,ultralytics,0.601,1
380,6.3394,1450.24,171.79,1450.16,171.93,11.02,,,0.586,1437.25,160.91,1463.08,182.95,ultralytics,0.586,1
381,6.356,1450.13,171.55,1450.15,171.72,11.27,,,0.516,1437.05,160.46,1463.25,182.99,ultralytics,0.516,1
382,6.3727,1450.22,170.98,1449.89,171.13,11.1,,,0.426,1436.41,160.03,1463.37,182.23,ultralytics,0.426,1
383,6.3894,1450.7,170.24,1450.55,170.14,11.37,,,0.356,1436.84,158.77,1464.26,181.52,ultralytics,0.356,1
384,6.4061,1451.29,169.6,1451.63,169.43,11.93,,,0.249,1437.44,157.5,1465.82,181.36,ultralytics,0.249,1
385,6.4228,1451.49,169.22,1451.8,169.13,12.32,,,0.28,1437.67,156.81,1465.92,181.45,ultralytics,0.28,1
386,6.4395,1451.22,169.07,1451.23,168.94,12.54,,,0.203,1437.04,156.4,1465.42,181.48,ultralytics,0.203,1
387,6.4561,1450.77,168.87,1450.72,169.25,12.76,,,0.151,1437.78,156.49,1463.66,182.0,ultralytics,0.151,1
388,6.4728,1391.33,194.85,1450.37,168.57,11.77,,,0.159,1437.6,156.79,1463.13,180.34,ultralytics,0.159,1
389,6.4895,1129.41,316.67,1449.76,166.87,10.74,,,0.095,1437.16,156.13,1462.35,177.61,ultralytics,0.095,1
390,6.5062,,,,,,,,0.0,,,,,ultralytics,0.0,0
391,6.5229,,,,,,,,0.0,,,,,ultralytics,0.0,0
392,6.5395,,,,,,,,0.0,,,,,ultralytics,0.0,0
393,6.5562,,,,,,,,0.0,,,,,ultralytics,0.0,0
394,6.5729,,,,,,,,0.0,,,,,ultralytics,0.0,0
395,6.5896,,,,,,,,0.0,,,,,ultralytics,0.0,0
396,6.6063,,,,,,,,0.0,,,,,ultralytics,0.0,0
397,6.623,,,,,,,,0.0,,,,,ultralytics,0.0,0
398,6.6396,,,,,,,,0.0,,,,,ultralytics,0.0,0
399,6.6563,,,,,,,,0.0,,,,,ultralytics,0.0,0
400,6.673,,,,,,,,0.0,,,,,ultralytics,0.0,0
401,6.6897,,,,,,,,0.0,,,,,ultralytics,0.0,0
402,6.7064,,,,,,,,0.0,,,,,ultralytics,0.0,0
403,6.7231,,,,,,,,0.0,,,,,ultralytics,0.0,0
404,6.7397,,,,,,,,0.0,,,,,ultralytics,0.0,0
405,6.7564,,,,,,,,0.0,,,,,ultralytics,0.0,0
406,6.7731,,,,,,,,0.0,,,,,ultralytics,0.0,0
407,6.7898,,,,,,,,0.0,,,,,ultralytics,0.0,0
408,6.8065,,,,,,,,0.0,,,,,ultralytics,0.0,0
409,6.8231,,,,,,,,0.0,,,,,ultralytics,0.0,0
410,6.8398,,,,,,,,0.0,,,,,ultralytics,0.0,0
411,6.8565,,,,,,,,0.0,,,,,ultralytics,0.0,0
412,6.8732,,,,,,,,0.0,,,,,ultralytics,0.0,0
413,6.8899,,,,,,,,0.0,,,,,ultralytics,0.0,0
414,6.9066,,,,,,,,0.0,,,,,ultralytics,0.0,0
415,6.9232,,,,,,,,0.0,,,,,ultralytics,0.0,0
416,6.9399,,,,,,,,0.0,,,,,ultralytics,0.0,0
417,6.9566,705.58,527.34,367.11,655.06,12.46,,,0.194,352.8,642.61,381.42,667.52,ultralytics,0.194,1
418,6.9733,,,,,,,,0.0,,,,,ultralytics,0.0,0
419,6.99,,,,,,,,0.0,,,,,ultralytics,0.0,0
420,7.0067,,,,,,,,0.0,,,,,ultralytics,0.0,0
421,7.0233,,,,,,,,0.0,,,,,ultralytics,0.0,0
422,7.04,,,,,,,,0.0,,,,,ultralytics,0.0,0
423,7.0567,,,,,,,,0.0,,,,,ultralytics,0.0,0
424,7.0734,,,,,,,,0.0,,,,,ultralytics,0.0,0
425,7.0901,,,,,,,,0.0,,,,,ultralytics,0.0,0
426,7.1068,,,,,,,,0.0,,,,,ultralytics,0.0,0
427,7.1234,,,,,,,,0.0,,,,,ultralytics,0.0,0
428,7.1401,,,,,,,,0.0,,,,,ultralytics,0.0,0
429,7.1568,,,,,,,,0.0,,,,,ultralytics,0.0,0
430,7.1735,,,,,,,,0.0,,,,,ultralytics,0.0,0
431,7.1902,,,,,,,,0.0,,,,,ultralytics,0.0,0
432,7.2068,,,,,,,,0.0,,,,,ultralytics,0.0,0
433,7.2235,,,,,,,,0.0,,,,,ultralytics,0.0,0
434,7.2402,,,,,,,,0.0,,,,,ultralytics,0.0,0
435,7.2569,,,,,,,,0.0,,,,,ultralytics,0.0,0
436,7.2736,,,,,,,,0.0,,,,,ultralytics,0.0,0
437,7.2903,,,,,,,,0.0,,,,,ultralytics,0.0,0
438,7.3069,,,,,,,,0.0,,,,,ultralytics,0.0,0
439,7.3236,,,,,,,,0.0,,,,,ultralytics,0.0,0
440,7.3403,,,,,,,,0.0,,,,,ultralytics,0.0,0
441,7.357,,,,,,,,0.0,,,,,ultralytics,0.0,0
442,7.3737,,,,,,,,0.0,,,,,ultralytics,0.0,0
443,7.3904,,,,,,,,0.0,,,,,ultralytics,0.0,0
444,7.407,,,,,,,,0.0,,,,,ultralytics,0.0,0
445,7.4237,,,,,,,,0.0,,,,,ultralytics,0.0,0
446,7.4404,,,,,,,,0.0,,,,,ultralytics,0.0,0
447,7.4571,,,,,,,,0.0,,,,,ultralytics,0.0,0
448,7.4738,,,,,,,,0.0,,,,,ultralytics,0.0,0
449,7.4904,,,,,,,,0.0,,,,,ultralytics,0.0,0
450,7.5071,,,,,,,,0.0,,,,,ultralytics,0.0,0
451,7.5238,,,,,,,,0.0,,,,,ultralytics,0.0,0
452,7.5405,,,,,,,,0.0,,,,,ultralytics,0.0,0
453,7.5572,,,,,,,,0.0,,,,,ultralytics,0.0,0
454,7.5739,,,,,,,,0.0,,,,,ultralytics,0.0,0
455,7.5905,,,,,,,,0.0,,,,,ultralytics,0.0,0
456,7.6072,,,,,,,,0.0,,,,,ultralytics,0.0,0
457,7.6239,,,,,,,,0.0,,,,,ultralytics,0.0,0
458,7.6406,,,,,,,,0.0,,,,,ultralytics,0.0,0
459,7.6573,,,,,,,,0.0,,,,,ultralytics,0.0,0
460,7.674,,,,,,,,0.0,,,,,ultralytics,0.0,0
461,7.6906,,,,,,,,0.0,,,,,ultralytics,0.0,0
462,7.7073,,,,,,,,0.0,,,,,ultralytics,0.0,0
463,7.724,,,,,,,,0.0,,,,,ultralytics,0.0,0
464,7.7407,,,,,,,,0.0,,,,,ultralytics,0.0,0
465,7.7574,,,,,,,,0.0,,,,,ultralytics,0.0,0
466,7.7741,,,,,,,,0.0,,,,,ultralytics,0.0,0
467,7.7907,,,,,,,,0.0,,,,,ultralytics,0.0,0
468,7.8074,,,,,,,,0.0,,,,,ultralytics,0.0,0
469,7.8241,,,,,,,,0.0,,,,,ultralytics,0.0,0
470,7.8408,,,,,,,,0.0,,,,,ultralytics,0.0,0
471,7.8575,,,,,,,,0.0,,,,,ultralytics,0.0,0
472,7.8741,,,,,,,,0.0,,,,,ultralytics,0.0,0
473,7.8908,,,,,,,,0.0,,,,,ultralytics,0.0,0
474,7.9075,,,,,,,,0.0,,,,,ultralytics,0.0,0
475,7.9242,,,,,,,,0.0,,,,,ultralytics,0.0,0
476,7.9409,,,,,,,,0.0,,,,,ultralytics,0.0,0
477,7.9576,,,,,,,,0.0,,,,,ultralytics,0.0,0
478,7.9742,,,,,,,,0.0,,,,,ultralytics,0.0,0
479,7.9909,,,,,,,,0.0,,,,,ultralytics,0.0,0
480,8.0076,,,,,,,,0.0,,,,,ultralytics,0.0,0
481,8.0243,,,,,,,,0.0,,,,,ultralytics,0.0,0
482,8.041,,,,,,,,0.0,,,,,ultralytics,0.0,0
483,8.0577,,,,,,,,0.0,,,,,ultralytics,0.0,0
484,8.0743,,,,,,,,0.0,,,,,ultralytics,0.0,0
485,8.091,,,,,,,,0.0,,,,,ultralytics,0.0,0
486,8.1077,,,,,,,,0.0,,,,,ultralytics,0.0,0
487,8.1244,,,,,,,,0.0,,,,,ultralytics,0.0,0
488,8.1411,,,,,,,,0.0,,,,,ultralytics,0.0,0
489,8.1577,,,,,,,,0.0,,,,,ultralytics,0.0,0
490,8.1744,,,,,,,,0.0,,,,,ultralytics,0.0,0
491,8.1911,,,,,,,,0.0,,,,,ultralytics,0.0,0
492,8.2078,,,,,,,,0.0,,,,,ultralytics,0.0,0
493,8.2245,,,,,,,,0.0,,,,,ultralytics,0.0,0
494,8.2412,,,,,,,,0.0,,,,,ultralytics,0.0,0
495,8.2578,,,,,,,,0.0,,,,,ultralytics,0.0,0
496,8.2745,,,,,,,,0.0,,,,,ultralytics,0.0,0
497,8.2912,,,,,,,,0.0,,,,,ultralytics,0.0,0
498,8.3079,,,,,,,,0.0,,,,,ultralytics,0.0,0
499,8.3246,,,,,,,,0.0,,,,,ultralytics,0.0,0
500,8.3413,,,,,,,,0.0,,,,,ultralytics,0.0,0
501,8.3579,,,,,,,,0.0,,,,,ultralytics,0.0,0
502,8.3746,,,,,,,,0.0,,,,,ultralytics,0.0,0
503,8.3913,,,,,,,,0.0,,,,,ultralytics,0.0,0
504,8.408,,,,,,,,0.0,,,,,ultralytics,0.0,0
505,8.4247,,,,,,,,0.0,,,,,ultralytics,0.0,0
506,8.4414,,,,,,,,0.0,,,,,ultralytics,0.0,0
507,8.458,,,,,,,,0.0,,,,,ultralytics,0.0,0
508,8.4747,,,,,,,,0.0,,,,,ultralytics,0.0,0
509,8.4914,,,,,,,,0.0,,,,,ultralytics,0.0,0
510,8.5081,,,,,,,,0.0,,,,,ultralytics,0.0,0
511,8.5248,,,,,,,,0.0,,,,,ultralytics,0.0,0
512,8.5414,,,,,,,,0.0,,,,,ultralytics,0.0,0
513,8.5581,,,,,,,,0.0,,,,,ultralytics,0.0,0
514,8.5748,,,,,,,,0.0,,,,,ultralytics,0.0,0
515,8.5915,,,,,,,,0.0,,,,,ultralytics,0.0,0
516,8.6082,,,,,,,,0.0,,,,,ultralytics,0.0,0
517,8.6249,,,,,,,,0.0,,,,,ultralytics,0.0,0
518,8.6415,,,,,,,,0.0,,,,,ultralytics,0.0,0
519,8.6582,,,,,,,,0.0,,,,,ultralytics,0.0,0
520,8.6749,,,,,,,,0.0,,,,,ultralytics,0.0,0
521,8.6916,,,,,,,,0.0,,,,,ultralytics,0.0,0
522,8.7083,,,,,,,,0.0,,,,,ultralytics,0.0,0
523,8.725,,,,,,,,0.0,,,,,ultralytics,0.0,0
524,8.7416,458.19,664.87,418.95,718.06,12.29,,,0.944,406.66,702.8,431.24,733.32,ultralytics,0.944,1
525,8.7583,399.87,685.5,411.1,703.13,12.78,,,0.672,398.32,687.73,423.89,718.53,ultralytics,0.672,1
526,8.775,,,,,,,,0.0,,,,,ultralytics,0.0,0
527,8.7917,,,,,,,,0.0,,,,,ultralytics,0.0,0
528,8.8084,,,,,,,,0.0,,,,,ultralytics,0.0,0
529,8.8251,,,,,,,,0.0,,,,,ultralytics,0.0,0
530,8.8417,385.4,658.15,375.71,642.31,11.8,,,0.059,363.91,628.55,387.51,656.08,ultralytics,0.059,1
531,8.8584,373.22,636.34,372.44,633.37,11.6,,,0.498,360.85,620.56,384.04,646.17,ultralytics,0.498,1
532,8.8751,366.27,624.99,366.28,624.79,11.95,,,0.749,353.5,612.84,379.06,636.74,ultralytics,0.749,1
533,8.8918,359.8,616.82,361.05,616.44,13.41,,,0.615,347.64,603.0,374.46,629.89,ultralytics,0.615,1
534,8.9085,351.68,608.66,352.59,609.84,13.09,,,0.689,338.61,596.74,366.57,622.93,ultralytics,0.689,1
535,8.9251,,,,,,,,0.0,,,,,ultralytics,0.0,0
536,8.9418,342.95,600.73,341.21,598.65,11.44,,,0.9,326.74,587.21,355.67,610.09,ultralytics,0.9,1
537,8.9585,335.37,594.7,335.36,593.83,12.28,,,0.66,321.11,581.55,349.62,606.11,ultralytics,0.66,1
538,8.9752,328.76,590.64,328.56,590.49,12.24,,,0.678,314.22,578.25,342.91,602.73,ultralytics,0.678,1
539,8.9919,322.38,587.57,322.64,587.09,13.46,,,0.45,308.08,573.63,337.19,600.55,ultralytics,0.45,1
540,9.0086,316.01,585.06,315.67,585.28,13.37,,,0.421,301.16,571.9,330.19,598.65,ultralytics,0.421,1
541,9.0252,372.61,560.33,309.84,582.12,13.35,,,0.166,294.94,568.77,324.74,595.48,ultralytics,0.166,1
542,9.0419,648.18,457.23,303.89,582.04,12.97,,,0.163,289.6,569.07,318.17,595.01,ultralytics,0.163,1
543,9.0586,,,,,,,,0.0,,,,,ultralytics,0.0,0
544,9.0753,,,,,,,,0.0,,,,,ultralytics,0.0,0
545,9.092,,,,,,,,0.0,,,,,ultralytics,0.0,0
546,9.1087,,,,,,,,0.0,,,,,ultralytics,0.0,0
547,9.1253,,,,,,,,0.0,,,,,ultralytics,0.0,0
548,9.142,,,,,,,,0.0,,,,,ultralytics,0.0,0
549,9.1587,,,,,,,,0.0,,,,,ultralytics,0.0,0
550,9.1754,,,,,,,,0.0,,,,,ultralytics,0.0,0
551,9.1921,,,,,,,,0.0,,,,,ultralytics,0.0,0
552,9.2087,,,,,,,,0.0,,,,,ultralytics,0.0,0
553,9.2254,,,,,,,,0.0,,,,,ultralytics,0.0,0
554,9.2421,,,,,,,,0.0,,,,,ultralytics,0.0,0
555,9.2588,,,,,,,,0.0,,,,,ultralytics,0.0,0
556,9.2755,,,,,,,,0.0,,,,,ultralytics,0.0,0
557,9.2922,,,,,,,,0.0,,,,,ultralytics,0.0,0
558,9.3088,,,,,,,,0.0,,,,,ultralytics,0.0,0
559,9.3255,,,,,,,,0.0,,,,,ultralytics,0.0,0
560,9.3422,,,,,,,,0.0,,,,,ultralytics,0.0,0
561,9.3589,,,,,,,,0.0,,,,,ultralytics,0.0,0
562,9.3756,,,,,,,,0.0,,,,,ultralytics,0.0,0
563,9.3923,,,,,,,,0.0,,,,,ultralytics,0.0,0
564,9.4089,,,,,,,,0.0,,,,,ultralytics,0.0,0
565,9.4256,,,,,,,,0.0,,,,,ultralytics,0.0,0
566,9.4423,,,,,,,,0.0,,,,,ultralytics,0.0,0
567,9.459,,,,,,,,0.0,,,,,ultralytics,0.0,0
568,9.4757,,,,,,,,0.0,,,,,ultralytics,0.0,0
569,9.4924,,,,,,,,0.0,,,,,ultralytics,0.0,0
570,9.509,,,,,,,,0.0,,,,,ultralytics,0.0,0
571,9.5257,,,,,,,,0.0,,,,,ultralytics,0.0,0
572,9.5424,,,,,,,,0.0,,,,,ultralytics,0.0,0
573,9.5591,,,,,,,,0.0,,,,,ultralytics,0.0,0
574,9.5758,,,,,,,,0.0,,,,,ultralytics,0.0,0
575,9.5924,,,,,,,,0.0,,,,,ultralytics,0.0,0
576,9.6091,,,,,,,,0.0,,,,,ultralytics,0.0,0
577,9.6258,,,,,,,,0.0,,,,,ultralytics,0.0,0
578,9.6425,,,,,,,,0.0,,,,,ultralytics,0.0,0
579,9.6592,,,,,,,,0.0,,,,,ultralytics,0.0,0
580,9.6759,,,,,,,,0.0,,,,,ultralytics,0.0,0
581,9.6925,,,,,,,,0.0,,,,,ultralytics,0.0,0
582,9.7092,,,,,,,,0.0,,,,,ultralytics,0.0,0
583,9.7259,,,,,,,,0.0,,,,,ultralytics,0.0,0
584,9.7426,,,,,,,,0.0,,,,,ultralytics,0.0,0
585,9.7593,,,,,,,,0.0,,,,,ultralytics,0.0,0
586,9.776,,,,,,,,0.0,,,,,ultralytics,0.0,0
587,9.7926,,,,,,,,0.0,,,,,ultralytics,0.0,0
588,9.8093,,,,,,,,0.0,,,,,ultralytics,0.0,0
589,9.826,,,,,,,,0.0,,,,,ultralytics,0.0,0
590,9.8427,,,,,,,,0.0,,,,,ultralytics,0.0,0
591,9.8594,,,,,,,,0.0,,,,,ultralytics,0.0,0
592,9.876,,,,,,,,0.0,,,,,ultralytics,0.0,0
593,9.8927,,,,,,,,0.0,,,,,ultralytics,0.0,0
594,9.9094,,,,,,,,0.0,,,,,ultralytics,0.0,0
595,9.9261,,,,,,,,0.0,,,,,ultralytics,0.0,0
596,9.9428,,,,,,,,0.0,,,,,ultralytics,0.0,0
597,9.9595,,,,,,,,0.0,,,,,ultralytics,0.0,0
598,9.9761,,,,,,,,0.0,,,,,ultralytics,0.0,0
599,9.9928,,,,,,,,0.0,,,,,ultralytics,0.0,0
600,10.0095,,,,,,,,0.0,,,,,ultralytics,0.0,0
601,10.0262,,,,,,,,0.0,,,,,ultralytics,0.0,0
602,10.0429,,,,,,,,0.0,,,,,ultralytics,0.0,0
603,10.0596,,,,,,,,0.0,,,,,ultralytics,0.0,0
604,10.0762,,,,,,,,0.0,,,,,ultralytics,0.0,0
605,10.0929,,,,,,,,0.0,,,,,ultralytics,0.0,0
606,10.1096,,,,,,,,0.0,,,,,ultralytics,0.0,0
607,10.1263,,,,,,,,0.0,,,,,ultralytics,0.0,0
608,10.143,,,,,,,,0.0,,,,,ultralytics,0.0,0
609,10.1597,,,,,,,,0.0,,,,,ultralytics,0.0,0
610,10.1763,,,,,,,,0.0,,,,,ultralytics,0.0,0
611,10.193,,,,,,,,0.0,,,,,ultralytics,0.0,0
612,10.2097,,,,,,,,0.0,,,,,ultralytics,0.0,0
613,10.2264,,,,,,,,0.0,,,,,ultralytics,0.0,0
614,10.2431,,,,,,,,0.0,,,,,ultralytics,0.0,0
615,10.2597,,,,,,,,0.0,,,,,ultralytics,0.0,0
616,10.2764,,,,,,,,0.0,,,,,ultralytics,0.0,0
617,10.2931,,,,,,,,0.0,,,,,ultralytics,0.0,0
618,10.3098,,,,,,,,0.0,,,,,ultralytics,0.0,0
619,10.3265,,,,,,,,0.0,,,,,ultralytics,0.0,0
620,10.3432,,,,,,,,0.0,,,,,ultralytics,0.0,0
621,10.3598,,,,,,,,0.0,,,,,ultralytics,0.0,0
622,10.3765,,,,,,,,0.0,,,,,ultralytics,0.0,0
623,10.3932,,,,,,,,0.0,,,,,ultralytics,0.0,0
624,10.4099,,,,,,,,0.0,,,,,ultralytics,0.0,0
625,10.4266,,,,,,,,0.0,,,,,ultralytics,0.0,0
626,10.4433,,,,,,,,0.0,,,,,ultralytics,0.0,0
627,10.4599,,,,,,,,0.0,,,,,ultralytics,0.0,0
628,10.4766,,,,,,,,0.0,,,,,ultralytics,0.0,0
629,10.4933,,,,,,,,0.0,,,,,ultralytics,0.0,0
630,10.51,,,,,,,,0.0,,,,,ultralytics,0.0,0
631,10.5267,,,,,,,,0.0,,,,,ultralytics,0.0,0
632,10.5433,,,,,,,,0.0,,,,,ultralytics,0.0,0
633,10.56,,,,,,,,0.0,,,,,ultralytics,0.0,0
634,10.5767,,,,,,,,0.0,,,,,ultralytics,0.0,0
635,10.5934,,,,,,,,0.0,,,,,ultralytics,0.0,0
636,10.6101,,,,,,,,0.0,,,,,ultralytics,0.0,0
637,10.6268,,,,,,,,0.0,,,,,ultralytics,0.0,0
638,10.6434,,,,,,,,0.0,,,,,ultralytics,0.0,0
639,10.6601,,,,,,,,0.0,,,,,ultralytics,0.0,0
640,10.6768,,,,,,,,0.0,,,,,ultralytics,0.0,0
641,10.6935,,,,,,,,0.0,,,,,ultralytics,0.0,0
642,10.7102,,,,,,,,0.0,,,,,ultralytics,0.0,0
643,10.7269,,,,,,,,0.0,,,,,ultralytics,0.0,0
644,10.7435,,,,,,,,0.0,,,,,ultralytics,0.0,0
645,10.7602,,,,,,,,0.0,,,,,ultralytics,0.0,0
646,10.7769,,,,,,,,0.0,,,,,ultralytics,0.0,0
647,10.7936,,,,,,,,0.0,,,,,ultralytics,0.0,0
648,10.8103,,,,,,,,0.0,,,,,ultralytics,0.0,0
649,10.827,,,,,,,,0.0,,,,,ultralytics,0.0,0
650,10.8436,,,,,,,,0.0,,,,,ultralytics,0.0,0
651,10.8603,,,,,,,,0.0,,,,,ultralytics,0.0,0
652,10.877,,,,,,,,0.0,,,,,ultralytics,0.0,0
653,10.8937,,,,,,,,0.0,,,,,ultralytics,0.0,0
654,10.9104,1107.67,288.55,1449.52,163.5,9.74,,,0.054,1436.69,153.76,1462.35,173.24,ultralytics,0.054,1
655,10.927,1387.22,186.47,1449.57,163.59,9.85,,,0.072,1436.94,153.74,1462.2,173.44,ultralytics,0.072,1
656,10.9437,1450.04,164.0,1449.58,163.73,9.77,,,0.06,1436.52,153.96,1462.65,173.49,ultralytics,0.06,1
657,10.9604,,,,,,,,0.0,,,,,ultralytics,0.0,0
658,10.9771,,,,,,,,0.0,,,,,ultralytics,0.0,0
659,10.9938,,,,,,,,0.0,,,,,ultralytics,0.0,0
660,11.0105,1450.68,164.42,1451.08,164.82,10.0,,,0.09,1437.59,154.82,1464.58,174.83,ultralytics,0.09,1
661,11.0271,1451.04,164.63,1451.36,164.6,9.98,,,0.094,1437.85,154.62,1464.86,174.58,ultralytics,0.094,1
662,11.0438,1451.06,164.71,1450.8,164.65,10.08,,,0.079,1437.01,154.58,1464.59,174.73,ultralytics,0.079,1
663,11.0605,1451.16,164.84,1451.02,164.83,9.94,,,0.143,1437.55,154.89,1464.49,174.78,ultralytics,0.143,1
664,11.0772,1451.3,164.98,1451.73,165.07,9.41,,,0.089,1437.94,155.66,1465.51,174.48,ultralytics,0.089,1
665,11.0939,1451.29,164.98,1450.99,165.06,9.28,,,0.072,1437.08,155.78,1464.89,174.34,ultralytics,0.072,1
666,11.1106,1451.37,164.81,1451.29,164.91,9.32,,,0.079,1437.55,155.59,1465.04,174.23,ultralytics,0.079,1
667,11.1272,1451.53,164.57,1451.81,164.39,9.57,,,0.081,1437.94,154.82,1465.68,173.95,ultralytics,0.081,1
668,11.1439,,,,,,,,0.0,,,,,ultralytics,0.0,0
669,11.1606,,,,,,,,0.0,,,,,ultralytics,0.0,0
670,11.1773,,,,,,,,0.0,,,,,ultralytics,0.0,0
671,11.194,1451.64,164.4,1451.35,164.54,10.13,,,0.103,1437.85,154.41,1464.85,174.68,ultralytics,0.103,1
672,11.2107,1451.87,164.32,1451.91,164.05,10.7,,,0.164,1438.13,153.35,1465.69,174.76,ultralytics,0.164,1
673,11.2273,1452.16,164.47,1452.23,164.44,10.75,,,0.227,1438.76,153.7,1465.7,175.19,ultralytics,0.227,1
674,11.244,1452.42,164.74,1452.32,164.81,10.88,,,0.256,1438.94,153.94,1465.71,175.69,ultralytics,0.256,1
675,11.2607,1452.69,164.96,1452.78,165.01,11.14,,,0.191,1438.81,153.87,1466.75,176.14,ultralytics,0.191,1
676,11.2774,1453.03,165.08,1452.83,165.09,10.34,,,0.131,1438.82,154.74,1466.84,175.43,ultralytics,0.131,1
677,11.2941,1453.43,165.13,1453.6,165.2,10.27,,,0.12,1440.18,154.94,1467.02,175.47,ultralytics,0.12,1
678,11.3107,1453.76,165.06,1453.76,165.12,10.23,,,0.103,1440.08,154.89,1467.44,175.35,ultralytics,0.103,1
679,11.3274,1453.98,164.88,1454.03,164.95,9.85,,,0.086,1440.89,155.1,1467.16,174.81,ultralytics,0.086,1
680,11.3441,1454.18,164.7,1454.11,164.48,10.43,,,0.144,1441.19,154.05,1467.03,174.91,ultralytics,0.144,1
681,11.3608,1454.4,164.57,1454.47,164.82,9.87,,,0.081,1441.71,154.95,1467.23,174.7,ultralytics,0.081,1
682,11.3775,1454.66,164.36,1454.56,164.25,10.69,,,0.068,1440.96,153.57,1468.17,174.94,ultralytics,0.068,1
683,11.3942,1459.89,192.1,1454.91,164.12,10.36,,,0.053,1441.35,153.76,1468.48,174.48,ultralytics,0.053,2
684,11.4108,,,,,,,,0.0,,,,,ultralytics,0.0,0
685,11.4275,,,,,,,,0.0,,,,,ultralytics,0.0,0
686,11.4442,,,,,,,,0.0,,,,,ultralytics,0.0,0
687,11.4609,,,,,,,,0.0,,,,,ultralytics,0.0,0
688,11.4776,,,,,,,,0.0,,,,,ultralytics,0.0,0
689,11.4943,1477.04,288.63,1455.66,164.0,10.09,,,0.098,1442.29,153.91,1469.02,174.08,ultralytics,0.098,1
690,11.5109,,,,,,,,0.0,,,,,ultralytics,0.0,0
691,11.5276,,,,,,,,0.0,,,,,ultralytics,0.0,0
692,11.5443,,,,,,,,0.0,,,,,ultralytics,0.0,0
693,11.561,,,,,,,,0.0,,,,,ultralytics,0.0,0
694,11.5777,,,,,,,,0.0,,,,,ultralytics,0.0,0
695,11.5943,,,,,,,,0.0,,,,,ultralytics,0.0,0
696,11.611,,,,,,,,0.0,,,,,ultralytics,0.0,0
697,11.6277,,,,,,,,0.0,,,,,ultralytics,0.0,0
698,11.6444,,,,,,,,0.0,,,,,ultralytics,0.0,0
699,11.6611,,,,,,,,0.0,,,,,ultralytics,0.0,0
700,11.6778,,,,,,,,0.0,,,,,ultralytics,0.0,0
701,11.6944,,,,,,,,0.0,,,,,ultralytics,0.0,0
702,11.7111,,,,,,,,0.0,,,,,ultralytics,0.0,0
703,11.7278,,,,,,,,0.0,,,,,ultralytics,0.0,0
704,11.7445,,,,,,,,0.0,,,,,ultralytics,0.0,0
705,11.7612,,,,,,,,0.0,,,,,ultralytics,0.0,0
706,11.7779,,,,,,,,0.0,,,,,ultralytics,0.0,0
707,11.7945,,,,,,,,0.0,,,,,ultralytics,0.0,0
708,11.8112,,,,,,,,0.0,,,,,ultralytics,0.0,0
709,11.8279,,,,,,,,0.0,,,,,ultralytics,0.0,0
710,11.8446,,,,,,,,0.0,,,,,ultralytics,0.0,0
711,11.8613,,,,,,,,0.0,,,,,ultralytics,0.0,0
712,11.878,,,,,,,,0.0,,,,,ultralytics,0.0,0
713,11.8946,1490.57,366.86,1544.93,676.9,13.65,,,0.269,1530.89,663.26,1558.96,690.55,ultralytics,0.269,1
714,11.9113,,,,,,,,0.0,,,,,ultralytics,0.0,0
715,11.928,,,,,,,,0.0,,,,,ultralytics,0.0,0
716,11.9447,,,,,,,,0.0,,,,,ultralytics,0.0,0
717,11.9614,,,,,,,,0.0,,,,,ultralytics,0.0,0
718,11.978,,,,,,,,0.0,,,,,ultralytics,0.0,0
719,11.9947,,,,,,,,0.0,,,,,ultralytics,0.0,0
720,12.0114,,,,,,,,0.0,,,,,ultralytics,0.0,0
721,12.0281,,,,,,,,0.0,,,,,ultralytics,0.0,0
722,12.0448,,,,,,,,0.0,,,,,ultralytics,0.0,0
723,12.0615,,,,,,,,0.0,,,,,ultralytics,0.0,0
724,12.0781,,,,,,,,0.0,,,,,ultralytics,0.0,0
725,12.0948,,,,,,,,0.0,,,,,ultralytics,0.0,0
726,12.1115,,,,,,,,0.0,,,,,ultralytics,0.0,0
727,12.1282,,,,,,,,0.0,,,,,ultralytics,0.0,0
728,12.1449,,,,,,,,0.0,,,,,ultralytics,0.0,0
729,12.1616,,,,,,,,0.0,,,,,ultralytics,0.0,0
730,12.1782,,,,,,,,0.0,,,,,ultralytics,0.0,0
731,12.1949,,,,,,,,0.0,,,,,ultralytics,0.0,0
732,12.2116,,,,,,,,0.0,,,,,ultralytics,0.0,0
733,12.2283,,,,,,,,0.0,,,,,ultralytics,0.0,0
734,12.245,,,,,,,,0.0,,,,,ultralytics,0.0,0
735,12.2616,,,,,,,,0.0,,,,,ultralytics,0.0,0
736,12.2783,,,,,,,,0.0,,,,,ultralytics,0.0,0
737,12.295,,,,,,,,0.0,,,,,ultralytics,0.0,0
738,12.3117,,,,,,,,0.0,,,,,ultralytics,0.0,0
739,12.3284,,,,,,,,0.0,,,,,ultralytics,0.0,0
740,12.3451,,,,,,,,0.0,,,,,ultralytics,0.0,0
741,12.3617,,,,,,,,0.0,,,,,ultralytics,0.0,0
742,12.3784,,,,,,,,0.0,,,,,ultralytics,0.0,0
743,12.3951,,,,,,,,0.0,,,,,ultralytics,0.0,0
744,12.4118,,,,,,,,0.0,,,,,ultralytics,0.0,0
745,12.4285,,,,,,,,0.0,,,,,ultralytics,0.0,0
746,12.4452,,,,,,,,0.0,,,,,ultralytics,0.0,0
747,12.4618,,,,,,,,0.0,,,,,ultralytics,0.0,0
748,12.4785,,,,,,,,0.0,,,,,ultralytics,0.0,0
749,12.4952,,,,,,,,0.0,,,,,ultralytics,0.0,0
750,12.5119,,,,,,,,0.0,,,,,ultralytics,0.0,0
751,12.5286,,,,,,,,0.0,,,,,ultralytics,0.0,0
752,12.5453,,,,,,,,0.0,,,,,ultralytics,0.0,0
753,12.5619,,,,,,,,0.0,,,,,ultralytics,0.0,0
754,12.5786,,,,,,,,0.0,,,,,ultralytics,0.0,0
755,12.5953,,,,,,,,0.0,,,,,ultralytics,0.0,0
756,12.612,,,,,,,,0.0,,,,,ultralytics,0.0,0
757,12.6287,,,,,,,,0.0,,,,,ultralytics,0.0,0
758,12.6453,,,,,,,,0.0,,,,,ultralytics,0.0,0
759,12.662,,,,,,,,0.0,,,,,ultralytics,0.0,0
760,12.6787,,,,,,,,0.0,,,,,ultralytics,0.0,0
761,12.6954,,,,,,,,0.0,,,,,ultralytics,0.0,0
762,12.7121,,,,,,,,0.0,,,,,ultralytics,0.0,0
763,12.7288,,,,,,,,0.0,,,,,ultralytics,0.0,0
764,12.7454,,,,,,,,0.0,,,,,ultralytics,0.0,0
765,12.7621,,,,,,,,0.0,,,,,ultralytics,0.0,0
766,12.7788,,,,,,,,0.0,,,,,ultralytics,0.0,0
767,12.7955,,,,,,,,0.0,,,,,ultralytics,0.0,0
768,12.8122,,,,,,,,0.0,,,,,ultralytics,0.0,0
769,12.8289,,,,,,,,0.0,,,,,ultralytics,0.0,0
770,12.8455,,,,,,,,0.0,,,,,ultralytics,0.0,0
771,12.8622,,,,,,,,0.0,,,,,ultralytics,0.0,0
772,12.8789,,,,,,,,0.0,,,,,ultralytics,0.0,0
773,12.8956,,,,,,,,0.0,,,,,ultralytics,0.0,0
774,12.9123,,,,,,,,0.0,,,,,ultralytics,0.0,0
775,12.9289,,,,,,,,0.0,,,,,ultralytics,0.0,0
776,12.9456,,,,,,,,0.0,,,,,ultralytics,0.0,0
777,12.9623,,,,,,,,0.0,,,,,ultralytics,0.0,0
778,12.979,,,,,,,,0.0,,,,,ultralytics,0.0,0
779,12.9957,,,,,,,,0.0,,,,,ultralytics,0.0,0
780,13.0124,,,,,,,,0.0,,,,,ultralytics,0.0,0
781,13.029,,,,,,,,0.0,,,,,ultralytics,0.0,0
782,13.0457,,,,,,,,0.0,,,,,ultralytics,0.0,0
783,13.0624,,,,,,,,0.0,,,,,ultralytics,0.0,0
784,13.0791,,,,,,,,0.0,,,,,ultralytics,0.0,0
785,13.0958,,,,,,,,0.0,,,,,ultralytics,0.0,0
786,13.1125,,,,,,,,0.0,,,,,ultralytics,0.0,0
787,13.1291,,,,,,,,0.0,,,,,ultralytics,0.0,0
788,13.1458,,,,,,,,0.0,,,,,ultralytics,0.0,0
789,13.1625,,,,,,,,0.0,,,,,ultralytics,0.0,0
790,13.1792,,,,,,,,0.0,,,,,ultralytics,0.0,0
791,13.1959,,,,,,,,0.0,,,,,ultralytics,0.0,0
792,13.2126,,,,,,,,0.0,,,,,ultralytics,0.0,0
793,13.2292,,,,,,,,0.0,,,,,ultralytics,0.0,0
794,13.2459,,,,,,,,0.0,,,,,ultralytics,0.0,0
795,13.2626,,,,,,,,0.0,,,,,ultralytics,0.0,0
796,13.2793,,,,,,,,0.0,,,,,ultralytics,0.0,0
797,13.296,,,,,,,,0.0,,,,,ultralytics,0.0,0
798,13.3126,,,,,,,,0.0,,,,,ultralytics,0.0,0
799,13.3293,,,,,,,,0.0,,,,,ultralytics,0.0,0
800,13.346,,,,,,,,0.0,,,,,ultralytics,0.0,0
801,13.3627,,,,,,,,0.0,,,,,ultralytics,0.0,0
802,13.3794,,,,,,,,0.0,,,,,ultralytics,0.0,0
803,13.3961,,,,,,,,0.0,,,,,ultralytics,0.0,0
804,13.4127,,,,,,,,0.0,,,,,ultralytics,0.0,0
805,13.4294,,,,,,,,0.0,,,,,ultralytics,0.0,0
806,13.4461,1475.01,280.67,1452.44,151.78,11.87,,,0.062,1439.7,139.92,1465.19,163.65,ultralytics,0.062,1
807,13.4628,1457.01,180.34,1451.82,151.76,11.77,,,0.07,1438.97,139.98,1464.67,163.53,ultralytics,0.07,1
808,13.4795,1451.68,151.58,1451.78,151.71,11.7,,,0.109,1439.55,140.02,1464.0,163.41,ultralytics,0.109,1
809,13.4962,1451.27,151.32,1451.45,151.22,11.02,,,0.097,1438.37,140.2,1464.53,162.25,ultralytics,0.097,1
810,13.5128,1450.73,151.04,1450.59,151.16,11.36,,,0.094,1436.19,139.8,1465.0,162.52,ultralytics,0.094,1
811,13.5295,1450.2,150.72,1450.15,150.66,11.36,,,0.071,1435.74,139.29,1464.56,162.02,ultralytics,0.071,1
812,13.5462,1448.38,150.37,1450.07,150.31,11.08,,,0.052,1435.36,139.23,1464.79,161.38,ultralytics,0.052,1
813,13.5629,1442.4,149.69,1448.11,150.57,11.39,,,0.073,1432.54,139.19,1463.69,161.96,ultralytics,0.073,1
814,13.5796,,,,,,,,0.0,,,,,ultralytics,0.0,0
815,13.5962,,,,,,,,0.0,,,,,ultralytics,0.0,0
816,13.6129,,,,,,,,0.0,,,,,ultralytics,0.0,0
817,13.6296,,,,,,,,0.0,,,,,ultralytics,0.0,0
818,13.6463,,,,,,,,0.0,,,,,ultralytics,0.0,0
819,13.663,,,,,,,,0.0,,,,,ultralytics,0.0,0
820,13.6797,,,,,,,,0.0,,,,,ultralytics,0.0,0
821,13.6963,,,,,,,,0.0,,,,,ultralytics,0.0,0
822,13.713,,,,,,,,0.0,,,,,ultralytics,0.0,0
823,13.7297,,,,,,,,0.0,,,,,ultralytics,0.0,0
824,13.7464,,,,,,,,0.0,,,,,ultralytics,0.0,0
825,13.7631,,,,,,,,0.0,,,,,ultralytics,0.0,0
826,13.7798,,,,,,,,0.0,,,,,ultralytics,0.0,0
827,13.7964,,,,,,,,0.0,,,,,ultralytics,0.0,0
828,13.8131,,,,,,,,0.0,,,,,ultralytics,0.0,0
829,13.8298,,,,,,,,0.0,,,,,ultralytics,0.0,0
830,13.8465,,,,,,,,0.0,,,,,ultralytics,0.0,0
831,13.8632,,,,,,,,0.0,,,,,ultralytics,0.0,0
832,13.8799,,,,,,,,0.0,,,,,ultralytics,0.0,0
833,13.8965,,,,,,,,0.0,,,,,ultralytics,0.0,0
834,13.9132,,,,,,,,0.0,,,,,ultralytics,0.0,0
835,13.9299,,,,,,,,0.0,,,,,ultralytics,0.0,0
836,13.9466,,,,,,,,0.0,,,,,ultralytics,0.0,0
837,13.9633,,,,,,,,0.0,,,,,ultralytics,0.0,0
838,13.9799,,,,,,,,0.0,,,,,ultralytics,0.0,0
839,13.9966,,,,,,,,0.0,,,,,ultralytics,0.0,0
840,14.0133,,,,,,,,0.0,,,,,ultralytics,0.0,0
841,14.03,,,,,,,,0.0,,,,,ultralytics,0.0,0
842,14.0467,,,,,,,,0.0,,,,,ultralytics,0.0,0
843,14.0634,,,,,,,,0.0,,,,,ultralytics,0.0,0
844,14.08,,,,,,,,0.0,,,,,ultralytics,0.0,0
845,14.0967,,,,,,,,0.0,,,,,ultralytics,0.0,0
846,14.1134,,,,,,,,0.0,,,,,ultralytics,0.0,0
847,14.1301,,,,,,,,0.0,,,,,ultralytics,0.0,0
848,14.1468,,,,,,,,0.0,,,,,ultralytics,0.0,0
849,14.1635,,,,,,,,0.0,,,,,ultralytics,0.0,0
850,14.1801,,,,,,,,0.0,,,,,ultralytics,0.0,0
851,14.1968,,,,,,,,0.0,,,,,ultralytics,0.0,0
852,14.2135,,,,,,,,0.0,,,,,ultralytics,0.0,0
853,14.2302,,,,,,,,0.0,,,,,ultralytics,0.0,0
854,14.2469,,,,,,,,0.0,,,,,ultralytics,0.0,0
855,14.2636,,,,,,,,0.0,,,,,ultralytics,0.0,0
856,14.2802,,,,,,,,0.0,,,,,ultralytics,0.0,0
857,14.2969,,,,,,,,0.0,,,,,ultralytics,0.0,0
858,14.3136,,,,,,,,0.0,,,,,ultralytics,0.0,0
859,14.3303,,,,,,,,0.0,,,,,ultralytics,0.0,0
860,14.347,,,,,,,,0.0,,,,,ultralytics,0.0,0
861,14.3636,,,,,,,,0.0,,,,,ultralytics,0.0,0
862,14.3803,,,,,,,,0.0,,,,,ultralytics,0.0,0
863,14.397,,,,,,,,0.0,,,,,ultralytics,0.0,0
864,14.4137,,,,,,,,0.0,,,,,ultralytics,0.0,0
865,14.4304,,,,,,,,0.0,,,,,ultralytics,0.0,0
866,14.4471,,,,,,,,0.0,,,,,ultralytics,0.0,0
867,14.4637,,,,,,,,0.0,,,,,ultralytics,0.0,0
868,14.4804,,,,,,,,0.0,,,,,ultralytics,0.0,0
869,14.4971,,,,,,,,0.0,,,,,ultralytics,0.0,0
870,14.5138,,,,,,,,0.0,,,,,ultralytics,0.0,0
871,14.5305,,,,,,,,0.0,,,,,ultralytics,0.0,0
872,14.5472,,,,,,,,0.0,,,,,ultralytics,0.0,0
873,14.5638,,,,,,,,0.0,,,,,ultralytics,0.0,0
874,14.5805,,,,,,,,0.0,,,,,ultralytics,0.0,0
875,14.5972,,,,,,,,0.0,,,,,ultralytics,0.0,0
876,14.6139,,,,,,,,0.0,,,,,ultralytics,0.0,0
877,14.6306,,,,,,,,0.0,,,,,ultralytics,0.0,0
878,14.6472,,,,,,,,0.0,,,,,ultralytics,0.0,0
879,14.6639,,,,,,,,0.0,,,,,ultralytics,0.0,0
880,14.6806,,,,,,,,0.0,,,,,ultralytics,0.0,0
881,14.6973,,,,,,,,0.0,,,,,ultralytics,0.0,0
882,14.714,,,,,,,,0.0,,,,,ultralytics,0.0,0
883,14.7307,,,,,,,,0.0,,,,,ultralytics,0.0,0
884,14.7473,,,,,,,,0.0,,,,,ultralytics,0.0,0
885,14.764,,,,,,,,0.0,,,,,ultralytics,0.0,0
886,14.7807,,,,,,,,0.0,,,,,ultralytics,0.0,0
887,14.7974,,,,,,,,0.0,,,,,ultralytics,0.0,0
888,14.8141,,,,,,,,0.0,,,,,ultralytics,0.0,0
889,14.8308,,,,,,,,0.0,,,,,ultralytics,0.0,0
890,14.8474,,,,,,,,0.0,,,,,ultralytics,0.0,0
891,14.8641,,,,,,,,0.0,,,,,ultralytics,0.0,0
892,14.8808,,,,,,,,0.0,,,,,ultralytics,0.0,0
893,14.8975,,,,,,,,0.0,,,,,ultralytics,0.0,0
894,14.9142,,,,,,,,0.0,,,,,ultralytics,0.0,0
895,14.9309,,,,,,,,0.0,,,,,ultralytics,0.0,0
896,14.9475,,,,,,,,0.0,,,,,ultralytics,0.0,0
897,14.9642,,,,,,,,0.0,,,,,ultralytics,0.0,0
898,14.9809,,,,,,,,0.0,,,,,ultralytics,0.0,0
899,14.9976,,,,,,,,0.0,,,,,ultralytics,0.0,0
900,15.0143,,,,,,,,0.0,,,,,ultralytics,0.0,0
901,15.0309,,,,,,,,0.0,,,,,ultralytics,0.0,0
902,15.0476,,,,,,,,0.0,,,,,ultralytics,0.0,0
903,15.0643,,,,,,,,0.0,,,,,ultralytics,0.0,0
904,15.081,,,,,,,,0.0,,,,,ultralytics,0.0,0
905,15.0977,,,,,,,,0.0,,,,,ultralytics,0.0,0
906,15.1144,,,,,,,,0.0,,,,,ultralytics,0.0,0
907,15.131,,,,,,,,0.0,,,,,ultralytics,0.0,0
908,15.1477,,,,,,,,0.0,,,,,ultralytics,0.0,0
909,15.1644,,,,,,,,0.0,,,,,ultralytics,0.0,0
910,15.1811,,,,,,,,0.0,,,,,ultralytics,0.0,0
911,15.1978,,,,,,,,0.0,,,,,ultralytics,0.0,0
912,15.2145,,,,,,,,0.0,,,,,ultralytics,0.0,0
913,15.2311,,,,,,,,0.0,,,,,ultralytics,0.0,0
914,15.2478,,,,,,,,0.0,,,,,ultralytics,0.0,0
915,15.2645,,,,,,,,0.0,,,,,ultralytics,0.0,0
916,15.2812,,,,,,,,0.0,,,,,ultralytics,0.0,0
917,15.2979,,,,,,,,0.0,,,,,ultralytics,0.0,0
918,15.3145,,,,,,,,0.0,,,,,ultralytics,0.0,0
919,15.3312,,,,,,,,0.0,,,,,ultralytics,0.0,0
920,15.3479,,,,,,,,0.0,,,,,ultralytics,0.0,0
921,15.3646,,,,,,,,0.0,,,,,ultralytics,0.0,0
922,15.3813,,,,,,,,0.0,,,,,ultralytics,0.0,0
923,15.398,,,,,,,,0.0,,,,,ultralytics,0.0,0
924,15.4146,,,,,,,,0.0,,,,,ultralytics,0.0,0
925,15.4313,,,,,,,,0.0,,,,,ultralytics,0.0,0
926,15.448,,,,,,,,0.0,,,,,ultralytics,0.0,0
927,15.4647,,,,,,,,0.0,,,,,ultralytics,0.0,0
928,15.4814,,,,,,,,0.0,,,,,ultralytics,0.0,0
929,15.4981,,,,,,,,0.0,,,,,ultralytics,0.0,0
930,15.5147,,,,,,,,0.0,,,,,ultralytics,0.0,0
931,15.5314,,,,,,,,0.0,,,,,ultralytics,0.0,0
932,15.5481,,,,,,,,0.0,,,,,ultralytics,0.0,0
933,15.5648,,,,,,,,0.0,,,,,ultralytics,0.0,0
934,15.5815,,,,,,,,0.0,,,,,ultralytics,0.0,0
935,15.5982,,,,,,,,0.0,,,,,ultralytics,0.0,0
936,15.6148,,,,,,,,0.0,,,,,ultralytics,0.0,0
937,15.6315,,,,,,,,0.0,,,,,ultralytics,0.0,0
938,15.6482,,,,,,,,0.0,,,,,ultralytics,0.0,0
939,15.6649,,,,,,,,0.0,,,,,ultralytics,0.0,0
940,15.6816,,,,,,,,0.0,,,,,ultralytics,0.0,0
941,15.6982,,,,,,,,0.0,,,,,ultralytics,0.0,0
942,15.7149,,,,,,,,0.0,,,,,ultralytics,0.0,0
943,15.7316,,,,,,,,0.0,,,,,ultralytics,0.0,0
944,15.7483,,,,,,,,0.0,,,,,ultralytics,0.0,0
945,15.765,,,,,,,,0.0,,,,,ultralytics,0.0,0
946,15.7817,,,,,,,,0.0,,,,,ultralytics,0.0,0
947,15.7983,,,,,,,,0.0,,,,,ultralytics,0.0,0
948,15.815,,,,,,,,0.0,,,,,ultralytics,0.0,0
949,15.8317,,,,,,,,0.0,,,,,ultralytics,0.0,0
950,15.8484,,,,,,,,0.0,,,,,ultralytics,0.0,0
951,15.8651,,,,,,,,0.0,,,,,ultralytics,0.0,0
952,15.8818,,,,,,,,0.0,,,,,ultralytics,0.0,0
953,15.8984,,,,,,,,0.0,,,,,ultralytics,0.0,0
954,15.9151,,,,,,,,0.0,,,,,ultralytics,0.0,0
955,15.9318,,,,,,,,0.0,,,,,ultralytics,0.0,0
956,15.9485,,,,,,,,0.0,,,,,ultralytics,0.0,0
957,15.9652,,,,,,,,0.0,,,,,ultralytics,0.0,0
958,15.9818,,,,,,,,0.0,,,,,ultralytics,0.0,0
959,15.9985,,,,,,,,0.0,,,,,ultralytics,0.0,0
960,16.0152,,,,,,,,0.0,,,,,ultralytics,0.0,0
961,16.0319,,,,,,,,0.0,,,,,ultralytics,0.0,0
962,16.0486,,,,,,,,0.0,,,,,ultralytics,0.0,0
963,16.0653,,,,,,,,0.0,,,,,ultralytics,0.0,0
964,16.0819,,,,,,,,0.0,,,,,ultralytics,0.0,0
965,16.0986,,,,,,,,0.0,,,,,ultralytics,0.0,0
966,16.1153,,,,,,,,0.0,,,,,ultralytics,0.0,0
967,16.132,,,,,,,,0.0,,,,,ultralytics,0.0,0
968,16.1487,,,,,,,,0.0,,,,,ultralytics,0.0,0
969,16.1654,,,,,,,,0.0,,,,,ultralytics,0.0,0
970,16.182,,,,,,,,0.0,,,,,ultralytics,0.0,0
971,16.1987,,,,,,,,0.0,,,,,ultralytics,0.0,0
972,16.2154,,,,,,,,0.0,,,,,ultralytics,0.0,0
973,16.2321,,,,,,,,0.0,,,,,ultralytics,0.0,0
974,16.2488,,,,,,,,0.0,,,,,ultralytics,0.0,0
975,16.2655,,,,,,,,0.0,,,,,ultralytics,0.0,0
976,16.2821,,,,,,,,0.0,,,,,ultralytics,0.0,0
977,16.2988,,,,,,,,0.0,,,,,ultralytics,0.0,0
978,16.3155,,,,,,,,0.0,,,,,ultralytics,0.0,0
979,16.3322,,,,,,,,0.0,,,,,ultralytics,0.0,0
980,16.3489,,,,,,,,0.0,,,,,ultralytics,0.0,0
981,16.3655,,,,,,,,0.0,,,,,ultralytics,0.0,0
982,16.3822,,,,,,,,0.0,,,,,ultralytics,0.0,0
983,16.3989,,,,,,,,0.0,,,,,ultralytics,0.0,0
984,16.4156,,,,,,,,0.0,,,,,ultralytics,0.0,0
985,16.4323,,,,,,,,0.0,,,,,ultralytics,0.0,0
986,16.449,,,,,,,,0.0,,,,,ultralytics,0.0,0
987,16.4656,,,,,,,,0.0,,,,,ultralytics,0.0,0
988,16.4823,,,,,,,,0.0,,,,,ultralytics,0.0,0
989,16.499,,,,,,,,0.0,,,,,ultralytics,0.0,0
990,16.5157,,,,,,,,0.0,,,,,ultralytics,0.0,0
991,16.5324,,,,,,,,0.0,,,,,ultralytics,0.0,0
992,16.5491,,,,,,,,0.0,,,,,ultralytics,0.0,0
993,16.5657,,,,,,,,0.0,,,,,ultralytics,0.0,0
994,16.5824,,,,,,,,0.0,,,,,ultralytics,0.0,0
995,16.5991,,,,,,,,0.0,,,,,ultralytics,0.0,0
996,16.6158,,,,,,,,0.0,,,,,ultralytics,0.0,0
997,16.6325,,,,,,,,0.0,,,,,ultralytics,0.0,0
998,16.6492,,,,,,,,0.0,,,,,ultralytics,0.0,0
999,16.6658,,,,,,,,0.0,,,,,ultralytics,0.0,0
1000,16.6825,,,,,,,,0.0,,,,,ultralytics,0.0,0
1001,16.6992,,,,,,,,0.0,,,,,ultralytics,0.0,0
1002,16.7159,,,,,,,,0.0,,,,,ultralytics,0.0,0
1003,16.7326,,,,,,,,0.0,,,,,ultralytics,0.0,0
1004,16.7492,,,,,,,,0.0,,,,,ultralytics,0.0,0
1005,16.7659,,,,,,,,0.0,,,,,ultralytics,0.0,0
1006,16.7826,,,,,,,,0.0,,,,,ultralytics,0.0,0
1007,16.7993,,,,,,,,0.0,,,,,ultralytics,0.0,0
1008,16.816,,,,,,,,0.0,,,,,ultralytics,0.0,0
1009,16.8327,,,,,,,,0.0,,,,,ultralytics,0.0,0
1010,16.8493,,,,,,,,0.0,,,,,ultralytics,0.0,0
1011,16.866,,,,,,,,0.0,,,,,ultralytics,0.0,0
1012,16.8827,,,,,,,,0.0,,,,,ultralytics,0.0,0
1013,16.8994,,,,,,,,0.0,,,,,ultralytics,0.0,0
1014,16.9161,,,,,,,,0.0,,,,,ultralytics,0.0,0
1015,16.9328,,,,,,,,0.0,,,,,ultralytics,0.0,0
1016,16.9494,,,,,,,,0.0,,,,,ultralytics,0.0,0
1017,16.9661,,,,,,,,0.0,,,,,ultralytics,0.0,0
1018,16.9828,,,,,,,,0.0,,,,,ultralytics,0.0,0
1019,16.9995,,,,,,,,0.0,,,,,ultralytics,0.0,0
1020,17.0162,,,,,,,,0.0,,,,,ultralytics,0.0,0
1021,17.0328,,,,,,,,0.0,,,,,ultralytics,0.0,0
1022,17.0495,,,,,,,,0.0,,,,,ultralytics,0.0,0
1023,17.0662,,,,,,,,0.0,,,,,ultralytics,0.0,0
1024,17.0829,,,,,,,,0.0,,,,,ultralytics,0.0,0
1025,17.0996,,,,,,,,0.0,,,,,ultralytics,0.0,0
1026,17.1163,,,,,,,,0.0,,,,,ultralytics,0.0,0
1027,17.1329,,,,,,,,0.0,,,,,ultralytics,0.0,0
1028,17.1496,,,,,,,,0.0,,,,,ultralytics,0.0,0
1029,17.1663,,,,,,,,0.0,,,,,ultralytics,0.0,0
1030,17.183,,,,,,,,0.0,,,,,ultralytics,0.0,0
1031,17.1997,,,,,,,,0.0,,,,,ultralytics,0.0,0
1032,17.2164,,,,,,,,0.0,,,,,ultralytics,0.0,0
1033,17.233,,,,,,,,0.0,,,,,ultralytics,0.0,0
1034,17.2497,,,,,,,,0.0,,,,,ultralytics,0.0,0
1035,17.2664,,,,,,,,0.0,,,,,ultralytics,0.0,0
1036,17.2831,,,,,,,,0.0,,,,,ultralytics,0.0,0
1037,17.2998,,,,,,,,0.0,,,,,ultralytics,0.0,0
1038,17.3165,,,,,,,,0.0,,,,,ultralytics,0.0,0
1039,17.3331,,,,,,,,0.0,,,,,ultralytics,0.0,0
1040,17.3498,,,,,,,,0.0,,,,,ultralytics,0.0,0
1041,17.3665,,,,,,,,0.0,,,,,ultralytics,0.0,0
1042,17.3832,,,,,,,,0.0,,,,,ultralytics,0.0,0
1043,17.3999,,,,,,,,0.0,,,,,ultralytics,0.0,0
1044,17.4165,,,,,,,,0.0,,,,,ultralytics,0.0,0
1045,17.4332,,,,,,,,0.0,,,,,ultralytics,0.0,0
1046,17.4499,,,,,,,,0.0,,,,,ultralytics,0.0,0
1047,17.4666,,,,,,,,0.0,,,,,ultralytics,0.0,0
1048,17.4833,,,,,,,,0.0,,,,,ultralytics,0.0,0
1049,17.5,,,,,,,,0.0,,,,,ultralytics,0.0,0
1050,17.5166,,,,,,,,0.0,,,,,ultralytics,0.0,0
1051,17.5333,,,,,,,,0.0,,,,,ultralytics,0.0,0
1052,17.55,,,,,,,,0.0,,,,,ultralytics,0.0,0
1053,17.5667,1433.46,148.62,1426.96,147.83,11.81,,,0.056,1412.5,136.02,1441.42,159.63,ultralytics,0.056,1
1054,17.5834,1428.24,147.91,1427.21,147.81,11.96,,,0.053,1412.96,135.85,1441.45,159.77,ultralytics,0.053,2
1055,17.6001,1426.94,147.65,1427.16,147.61,12.03,,,0.058,1412.75,135.58,1441.56,159.64,ultralytics,0.058,1
1056,17.6167,1426.61,147.54,1426.47,147.62,10.91,,,0.116,1412.34,136.71,1440.6,158.53,ultralytics,0.116,1
1057,17.6334,1426.37,147.42,1426.19,147.26,11.27,,,0.106,1411.75,135.98,1440.63,158.53,ultralytics,0.106,1
1058,17.6501,1426.33,147.31,1426.4,147.56,10.84,,,0.085,1412.03,136.72,1440.77,158.41,ultralytics,0.085,1
1059,17.6668,1426.33,147.1,1426.34,146.94,10.95,,,0.09,1411.81,135.99,1440.88,157.88,ultralytics,0.09,1
1060,17.6835,1426.41,146.88,1426.23,146.99,10.8,,,0.061,1411.52,136.19,1440.93,157.78,ultralytics,0.061,1
1061,17.7001,,,,,,,,0.0,,,,,ultralytics,0.0,0
1062,17.7168,1426.64,146.72,1426.62,146.53,10.68,,,0.056,1411.83,135.85,1441.41,157.2,ultralytics,0.056,1
1063,17.7335,,,,,,,,0.0,,,,,ultralytics,0.0,0
1064,17.7502,1426.95,146.58,1427.05,146.77,10.24,,,0.058,1412.99,136.53,1441.11,157.0,ultralytics,0.058,1
1065,17.7669,1427.23,146.27,1427.16,146.42,10.48,,,0.053,1412.43,135.95,1441.89,156.9,ultralytics,0.053,1
1066,17.7836,1427.51,145.84,1427.52,145.65,11.26,,,0.056,1413.09,134.4,1441.95,156.91,ultralytics,0.056,1
1067,17.8002,1427.78,145.52,1427.84,145.5,11.62,,,0.071,1413.33,133.89,1442.36,157.12,ultralytics,0.071,1
1068,17.8169,1428.01,145.24,1427.97,145.22,11.38,,,0.068,1413.48,133.85,1442.46,156.6,ultralytics,0.068,1
1069,17.8336,1428.21,144.5,1428.27,145.55,11.77,,,0.081,1413.84,133.78,1442.69,157.31,ultralytics,0.081,1
1070,17.8503,,,,,,,,0.0,,,,,ultralytics,0.0,0
1071,17.867,,,,,,,,0.0,,,,,ultralytics,0.0,0
1072,17.8837,,,,,,,,0.0,,,,,ultralytics,0.0,0
1073,17.9003,,,,,,,,0.0,,,,,ultralytics,0.0,0
1074,17.917,,,,,,,,0.0,,,,,ultralytics,0.0,0
1075,17.9337,,,,,,,,0.0,,,,,ultralytics,0.0,0
1076,17.9504,,,,,,,,0.0,,,,,ultralytics,0.0,0
1077,17.9671,,,,,,,,0.0,,,,,ultralytics,0.0,0
1078,17.9838,,,,,,,,0.0,,,,,ultralytics,0.0,0
1079,18.0004,,,,,,,,0.0,,,,,ultralytics,0.0,0
1080,18.0171,,,,,,,,0.0,,,,,ultralytics,0.0,0
1081,18.0338,1428.38,143.21,1428.36,142.35,11.08,,,0.076,1413.78,131.27,1442.94,153.43,ultralytics,0.076,1
1082,18.0505,1428.46,142.28,1428.6,142.15,11.8,,,0.095,1414.3,130.35,1442.91,153.95,ultralytics,0.095,1
1083,18.0672,1428.42,141.91,1428.44,141.83,12.02,,,0.093,1414.43,129.8,1442.44,153.85,ultralytics,0.093,1
1084,18.0838,1428.28,141.77,1428.23,141.74,12.01,,,0.085,1414.0,129.74,1442.45,153.75,ultralytics,0.085,1
1085,18.1005,1428.02,141.66,1428.31,141.74,12.47,,,0.129,1414.1,129.27,1442.51,154.2,ultralytics,0.129,1
1086,18.1172,1427.63,141.54,1427.43,141.46,12.24,,,0.124,1413.36,129.22,1441.5,153.7,ultralytics,0.124,1
1087,18.1339,1436.75,159.81,1427.23,141.52,12.37,,,0.076,1413.34,129.15,1441.11,153.89,ultralytics,0.076,1
1088,18.1506,1448.0,253.64,1427.25,141.12,12.61,,,0.063,1413.46,128.51,1441.03,153.73,ultralytics,0.063,1
1089,18.1673,,,,,,,,0.0,,,,,ultralytics,0.0,0
1090,18.1839,,,,,,,,0.0,,,,,ultralytics,0.0,0
1091,18.2006,,,,,,,,0.0,,,,,ultralytics,0.0,0
1092,18.2173,,,,,,,,0.0,,,,,ultralytics,0.0,0
1093,18.234,,,,,,,,0.0,,,,,ultralytics,0.0,0
1094,18.2507,,,,,,,,0.0,,,,,ultralytics,0.0,0
1095,18.2674,,,,,,,,0.0,,,,,ultralytics,0.0,0
1096,18.284,,,,,,,,0.0,,,,,ultralytics,0.0,0
1097,18.3007,,,,,,,,0.0,,,,,ultralytics,0.0,0
1098,18.3174,,,,,,,,0.0,,,,,ultralytics,0.0,0
1099,18.3341,,,,,,,,0.0,,,,,ultralytics,0.0,0
1100,18.3508,,,,,,,,0.0,,,,,ultralytics,0.0,0
1101,18.3674,,,,,,,,0.0,,,,,ultralytics,0.0,0
1102,18.3841,,,,,,,,0.0,,,,,ultralytics,0.0,0
1103,18.4008,,,,,,,,0.0,,,,,ultralytics,0.0,0
1104,18.4175,,,,,,,,0.0,,,,,ultralytics,0.0,0
1105,18.4342,,,,,,,,0.0,,,,,ultralytics,0.0,0
1106,18.4509,,,,,,,,0.0,,,,,ultralytics,0.0,0
1107,18.4675,,,,,,,,0.0,,,,,ultralytics,0.0,0
1108,18.4842,,,,,,,,0.0,,,,,ultralytics,0.0,0
1109,18.5009,,,,,,,,0.0,,,,,ultralytics,0.0,0
1110,18.5176,,,,,,,,0.0,,,,,ultralytics,0.0,0
1111,18.5343,,,,,,,,0.0,,,,,ultralytics,0.0,0
1112,18.551,,,,,,,,0.0,,,,,ultralytics,0.0,0
1113,18.5676,,,,,,,,0.0,,,,,ultralytics,0.0,0
1114,18.5843,,,,,,,,0.0,,,,,ultralytics,0.0,0
1115,18.601,,,,,,,,0.0,,,,,ultralytics,0.0,0
1116,18.6177,,,,,,,,0.0,,,,,ultralytics,0.0,0
1117,18.6344,,,,,,,,0.0,,,,,ultralytics,0.0,0
1118,18.6511,,,,,,,,0.0,,,,,ultralytics,0.0,0
1119,18.6677,,,,,,,,0.0,,,,,ultralytics,0.0,0
1120,18.6844,,,,,,,,0.0,,,,,ultralytics,0.0,0
1121,18.7011,,,,,,,,0.0,,,,,ultralytics,0.0,0
1122,18.7178,,,,,,,,0.0,,,,,ultralytics,0.0,0
1123,18.7345,,,,,,,,0.0,,,,,ultralytics,0.0,0
1124,18.7511,,,,,,,,0.0,,,,,ultralytics,0.0,0
1125,18.7678,,,,,,,,0.0,,,,,ultralytics,0.0,0
1126,18.7845,,,,,,,,0.0,,,,,ultralytics,0.0,0
1127,18.8012,,,,,,,,0.0,,,,,ultralytics,0.0,0
1128,18.8179,,,,,,,,0.0,,,,,ultralytics,0.0,0
1129,18.8346,,,,,,,,0.0,,,,,ultralytics,0.0,0
1130,18.8512,,,,,,,,0.0,,,,,ultralytics,0.0,0
1131,18.8679,,,,,,,,0.0,,,,,ultralytics,0.0,0
1132,18.8846,,,,,,,,0.0,,,,,ultralytics,0.0,0
1133,18.9013,,,,,,,,0.0,,,,,ultralytics,0.0,0
1134,18.918,,,,,,,,0.0,,,,,ultralytics,0.0,0
1135,18.9347,,,,,,,,0.0,,,,,ultralytics,0.0,0
1136,18.9513,,,,,,,,0.0,,,,,ultralytics,0.0,0
1137,18.968,,,,,,,,0.0,,,,,ultralytics,0.0,0
1138,18.9847,,,,,,,,0.0,,,,,ultralytics,0.0,0
1139,19.0014,,,,,,,,0.0,,,,,ultralytics,0.0,0
1140,19.0181,,,,,,,,0.0,,,,,ultralytics,0.0,0
1141,19.0347,,,,,,,,0.0,,,,,ultralytics,0.0,0
1142,19.0514,,,,,,,,0.0,,,,,ultralytics,0.0,0
1143,19.0681,,,,,,,,0.0,,,,,ultralytics,0.0,0
1144,19.0848,,,,,,,,0.0,,,,,ultralytics,0.0,0
1145,19.1015,,,,,,,,0.0,,,,,ultralytics,0.0,0
1146,19.1182,,,,,,,,0.0,,,,,ultralytics,0.0,0
1147,19.1348,,,,,,,,0.0,,,,,ultralytics,0.0,0
1148,19.1515,,,,,,,,0.0,,,,,ultralytics,0.0,0
1149,19.1682,,,,,,,,0.0,,,,,ultralytics,0.0,0
1150,19.1849,,,,,,,,0.0,,,,,ultralytics,0.0,0
1151,19.2016,,,,,,,,0.0,,,,,ultralytics,0.0,0
1152,19.2183,,,,,,,,0.0,,,,,ultralytics,0.0,0
1153,19.2349,,,,,,,,0.0,,,,,ultralytics,0.0,0
1154,19.2516,,,,,,,,0.0,,,,,ultralytics,0.0,0
1155,19.2683,,,,,,,,0.0,,,,,ultralytics,0.0,0
1156,19.285,,,,,,,,0.0,,,,,ultralytics,0.0,0
1157,19.3017,,,,,,,,0.0,,,,,ultralytics,0.0,0
1158,19.3184,,,,,,,,0.0,,,,,ultralytics,0.0,0
1159,19.335,,,,,,,,0.0,,,,,ultralytics,0.0,0
1160,19.3517,,,,,,,,0.0,,,,,ultralytics,0.0,0
1161,19.3684,1379.74,445.7,1599.87,479.11,10.68,,,0.085,1589.19,462.58,1610.55,495.64,ultralytics,0.085,1
1162,19.3851,,,,,,,,0.0,,,,,ultralytics,0.0,0
1163,19.4018,,,,,,,,0.0,,,,,ultralytics,0.0,0
1164,19.4184,,,,,,,,0.0,,,,,ultralytics,0.0,0
1165,19.4351,,,,,,,,0.0,,,,,ultralytics,0.0,0
1166,19.4518,,,,,,,,0.0,,,,,ultralytics,0.0,0
1167,19.4685,,,,,,,,0.0,,,,,ultralytics,0.0,0
1168,19.4852,,,,,,,,0.0,,,,,ultralytics,0.0,0
1169,19.5019,1196.04,632.37,1034.29,689.31,11.71,,,0.11,1022.59,673.8,1046.0,704.82,ultralytics,0.11,1
1170,19.5185,,,,,,,,0.0,,,,,ultralytics,0.0,0
1171,19.5352,,,,,,,,0.0,,,,,ultralytics,0.0,0
1172,19.5519,,,,,,,,0.0,,,,,ultralytics,0.0,0
1173,19.5686,,,,,,,,0.0,,,,,ultralytics,0.0,0
1174,19.5853,,,,,,,,0.0,,,,,ultralytics,0.0,0
1175,19.602,,,,,,,,0.0,,,,,ultralytics,0.0,0
1176,19.6186,,,,,,,,0.0,,,,,ultralytics,0.0,0
1177,19.6353,1071.1,729.13,1040.92,776.3,13.53,,,0.24,1026.77,762.77,1055.08,789.84,ultralytics,0.24,1
1178,19.652,,,,,,,,0.0,,,,,ultralytics,0.0,0
1179,19.6687,,,,,,,,0.0,,,,,ultralytics,0.0,0
1180,19.6854,,,,,,,,0.0,,,,,ultralytics,0.0,0
1181,19.7021,1044.01,747.18,1045.28,744.71,11.08,,,0.075,1034.2,728.73,1056.36,760.68,ultralytics,0.075,1
1182,19.7187,1046.58,739.2,1046.07,739.21,12.72,,,0.084,1033.35,724.07,1058.8,754.34,ultralytics,0.084,1
1183,19.7354,,,,,,,,0.0,,,,,ultralytics,0.0,0
1184,19.7521,,,,,,,,0.0,,,,,ultralytics,0.0,0
1185,19.7688,1048.94,730.77,1048.89,728.55,12.96,,,0.13,1035.93,714.8,1061.84,742.3,ultralytics,0.13,1
1186,19.7855,1051.41,725.47,1051.53,724.99,12.92,,,0.262,1038.61,710.39,1064.45,739.6,ultralytics,0.262,1
1187,19.8021,,,,,,,,0.0,,,,,ultralytics,0.0,0
1188,19.8188,1053.52,722.32,1054.16,721.35,12.56,,,0.342,1041.59,706.3,1066.72,736.41,ultralytics,0.342,1
1189,19.8355,1055.04,721.33,1054.8,719.88,12.82,,,0.352,1041.98,704.98,1067.62,734.79,ultralytics,0.352,1
1190,19.8522,1056.27,722.29,1056.61,722.21,13.13,,,0.567,1043.48,708.28,1069.74,736.14,ultralytics,0.567,1
1191,19.8689,1057.23,724.15,1057.28,724.29,12.49,,,0.622,1044.79,710.23,1069.77,738.35,ultralytics,0.622,1
1192,19.8856,1057.93,726.39,1058.0,725.69,12.07,,,0.68,1045.94,711.33,1070.07,740.04,ultralytics,0.68,1
1193,19.9022,1058.51,729.33,1058.6,729.18,11.95,,,0.638,1046.66,714.61,1070.55,743.76,ultralytics,0.638,1
1194,19.9189,1059.28,732.91,1058.68,732.67,12.1,,,0.685,1046.58,718.36,1070.79,746.98,ultralytics,0.685,1
1195,19.9356,1060.84,738.03,1060.67,736.75,11.59,,,0.876,1049.08,722.86,1072.26,750.63,ultralytics,0.876,1
1196,19.9523,1063.83,746.63,1061.74,741.44,12.34,,,0.887,1049.4,725.96,1074.08,756.91,ultralytics,0.887,1
1197,19.969,,,,,,,,0.0,,,,,ultralytics,0.0,0
1198,19.9857,,,,,,,,0.0,,,,,ultralytics,0.0,0
1199,20.0023,,,,,,,,0.0,,,,,ultralytics,0.0,0
1200,20.019,,,,,,,,0.0,,,,,ultralytics,0.0,0
1201,20.0357,,,,,,,,0.0,,,,,ultralytics,0.0,0
1202,20.0524,,,,,,,,0.0,,,,,ultralytics,0.0,0
1203,20.0691,,,,,,,,0.0,,,,,ultralytics,0.0,0
1204,20.0857,,,,,,,,0.0,,,,,ultralytics,0.0,0
1205,20.1024,,,,,,,,0.0,,,,,ultralytics,0.0,0
1206,20.1191,1067.62,756.5,1070.04,764.99,13.24,,,0.707,1056.8,751.46,1083.27,778.52,ultralytics,0.707,1
1207,20.1358,1086.11,745.35,1070.77,760.92,12.63,,,0.412,1057.77,748.29,1083.78,773.54,ultralytics,0.412,1
1208,20.1525,1160.87,676.13,1068.84,761.27,12.84,,,0.111,1054.66,748.43,1083.03,774.11,ultralytics,0.111,1
1209,20.1692,,,,,,,,0.0,,,,,ultralytics,0.0,0
1210,20.1858,,,,,,,,0.0,,,,,ultralytics,0.0,0
1211,20.2025,,,,,,,,0.0,,,,,ultralytics,0.0,0
1212,20.2192,,,,,,,,0.0,,,,,ultralytics,0.0,0
1213,20.2359,,,,,,,,0.0,,,,,ultralytics,0.0,0
1214,20.2526,,,,,,,,0.0,,,,,ultralytics,0.0,0
1215,20.2693,,,,,,,,0.0,,,,,ultralytics,0.0,0
1216,20.2859,,,,,,,,0.0,,,,,ultralytics,0.0,0
1217,20.3026,,,,,,,,0.0,,,,,ultralytics,0.0,0
1218,20.3193,,,,,,,,0.0,,,,,ultralytics,0.0,0
1219,20.336,,,,,,,,0.0,,,,,ultralytics,0.0,0
1220,20.3527,,,,,,,,0.0,,,,,ultralytics,0.0,0
1221,20.3694,,,,,,,,0.0,,,,,ultralytics,0.0,0
1222,20.386,,,,,,,,0.0,,,,,ultralytics,0.0,0
1223,20.4027,,,,,,,,0.0,,,,,ultralytics,0.0,0
1224,20.4194,,,,,,,,0.0,,,,,ultralytics,0.0,0
1225,20.4361,,,,,,,,0.0,,,,,ultralytics,0.0,0
1226,20.4528,,,,,,,,0.0,,,,,ultralytics,0.0,0
1227,20.4694,,,,,,,,0.0,,,,,ultralytics,0.0,0
1228,20.4861,,,,,,,,0.0,,,,,ultralytics,0.0,0
1229,20.5028,,,,,,,,0.0,,,,,ultralytics,0.0,0
1230,20.5195,,,,,,,,0.0,,,,,ultralytics,0.0,0
1231,20.5362,,,,,,,,0.0,,,,,ultralytics,0.0,0
1232,20.5529,,,,,,,,0.0,,,,,ultralytics,0.0,0
1233,20.5695,,,,,,,,0.0,,,,,ultralytics,0.0,0
1234,20.5862,,,,,,,,0.0,,,,,ultralytics,0.0,0
1235,20.6029,,,,,,,,0.0,,,,,ultralytics,0.0,0
1236,20.6196,,,,,,,,0.0,,,,,ultralytics,0.0,0
1237,20.6363,,,,,,,,0.0,,,,,ultralytics,0.0,0
1238,20.653,,,,,,,,0.0,,,,,ultralytics,0.0,0
1239,20.6696,,,,,,,,0.0,,,,,ultralytics,0.0,0
1240,20.6863,,,,,,,,0.0,,,,,ultralytics,0.0,0
1241,20.703,,,,,,,,0.0,,,,,ultralytics,0.0,0
1242,20.7197,,,,,,,,0.0,,,,,ultralytics,0.0,0
1243,20.7364,,,,,,,,0.0,,,,,ultralytics,0.0,0
1244,20.753,,,,,,,,0.0,,,,,ultralytics,0.0,0
1245,20.7697,,,,,,,,0.0,,,,,ultralytics,0.0,0
1246,20.7864,,,,,,,,0.0,,,,,ultralytics,0.0,0
1247,20.8031,1286.78,545.2,1373.29,474.79,12.21,,,0.068,1357.74,462.58,1388.84,487.0,ultralytics,0.068,1
1248,20.8198,1370.89,402.04,1383.43,480.49,12.42,,,0.147,1369.01,468.08,1397.85,492.91,ultralytics,0.147,1
1249,20.8365,,,,,,,,0.0,,,,,ultralytics,0.0,0
1250,20.8531,,,,,,,,0.0,,,,,ultralytics,0.0,0
1251,20.8698,,,,,,,,0.0,,,,,ultralytics,0.0,0
1252,20.8865,,,,,,,,0.0,,,,,ultralytics,0.0,0
1253,20.9032,,,,,,,,0.0,,,,,ultralytics,0.0,0
1254,20.9199,,,,,,,,0.0,,,,,ultralytics,0.0,0
1255,20.9366,,,,,,,,0.0,,,,,ultralytics,0.0,0
1256,20.9532,,,,,,,,0.0,,,,,ultralytics,0.0,0
1257,20.9699,,,,,,,,0.0,,,,,ultralytics,0.0,0
1258,20.9866,,,,,,,,0.0,,,,,ultralytics,0.0,0
1259,21.0033,,,,,,,,0.0,,,,,ultralytics,0.0,0
1260,21.02,,,,,,,,0.0,,,,,ultralytics,0.0,0
1261,21.0367,,,,,,,,0.0,,,,,ultralytics,0.0,0
1262,21.0533,,,,,,,,0.0,,,,,ultralytics,0.0,0
1263,21.07,,,,,,,,0.0,,,,,ultralytics,0.0,0
1264,21.0867,,,,,,,,0.0,,,,,ultralytics,0.0,0
1265,21.1034,,,,,,,,0.0,,,,,ultralytics,0.0,0
1266,21.1201,,,,,,,,0.0,,,,,ultralytics,0.0,0
1267,21.1367,,,,,,,,0.0,,,,,ultralytics,0.0,0
1268,21.1534,,,,,,,,0.0,,,,,ultralytics,0.0,0
1269,21.1701,,,,,,,,0.0,,,,,ultralytics,0.0,0
1270,21.1868,,,,,,,,0.0,,,,,ultralytics,0.0,0
1271,21.2035,,,,,,,,0.0,,,,,ultralytics,0.0,0
1272,21.2202,,,,,,,,0.0,,,,,ultralytics,0.0,0
1273,21.2368,,,,,,,,0.0,,,,,ultralytics,0.0,0
1274,21.2535,,,,,,,,0.0,,,,,ultralytics,0.0,0
1275,21.2702,,,,,,,,0.0,,,,,ultralytics,0.0,0
1276,21.2869,,,,,,,,0.0,,,,,ultralytics,0.0,0
1277,21.3036,,,,,,,,0.0,,,,,ultralytics,0.0,0
1278,21.3203,,,,,,,,0.0,,,,,ultralytics,0.0,0
1279,21.3369,,,,,,,,0.0,,,,,ultralytics,0.0,0
1280,21.3536,,,,,,,,0.0,,,,,ultralytics,0.0,0
1281,21.3703,,,,,,,,0.0,,,,,ultralytics,0.0,0
1282,21.387,,,,,,,,0.0,,,,,ultralytics,0.0,0
1283,21.4037,,,,,,,,0.0,,,,,ultralytics,0.0,0
1284,21.4203,,,,,,,,0.0,,,,,ultralytics,0.0,0
1285,21.437,,,,,,,,0.0,,,,,ultralytics,0.0,0
1286,21.4537,,,,,,,,0.0,,,,,ultralytics,0.0,0
1287,21.4704,,,,,,,,0.0,,,,,ultralytics,0.0,0
1288,21.4871,,,,,,,,0.0,,,,,ultralytics,0.0,0
1289,21.5038,,,,,,,,0.0,,,,,ultralytics,0.0,0
1290,21.5204,,,,,,,,0.0,,,,,ultralytics,0.0,0
1291,21.5371,,,,,,,,0.0,,,,,ultralytics,0.0,0
1292,21.5538,,,,,,,,0.0,,,,,ultralytics,0.0,0
1293,21.5705,,,,,,,,0.0,,,,,ultralytics,0.0,0
1294,21.5872,,,,,,,,0.0,,,,,ultralytics,0.0,0
1295,21.6039,,,,,,,,0.0,,,,,ultralytics,0.0,0
1296,21.6205,,,,,,,,0.0,,,,,ultralytics,0.0,0
1297,21.6372,,,,,,,,0.0,,,,,ultralytics,0.0,0
1298,21.6539,,,,,,,,0.0,,,,,ultralytics,0.0,0
1299,21.6706,,,,,,,,0.0,,,,,ultralytics,0.0,0
1300,21.6873,,,,,,,,0.0,,,,,ultralytics,0.0,0
1301,21.704,,,,,,,,0.0,,,,,ultralytics,0.0,0
1302,21.7206,,,,,,,,0.0,,,,,ultralytics,0.0,0
1303,21.7373,,,,,,,,0.0,,,,,ultralytics,0.0,0
1304,21.754,,,,,,,,0.0,,,,,ultralytics,0.0,0
1305,21.7707,,,,,,,,0.0,,,,,ultralytics,0.0,0
1306,21.7874,,,,,,,,0.0,,,,,ultralytics,0.0,0
1307,21.804,,,,,,,,0.0,,,,,ultralytics,0.0,0
1308,21.8207,,,,,,,,0.0,,,,,ultralytics,0.0,0
1309,21.8374,,,,,,,,0.0,,,,,ultralytics,0.0,0
1310,21.8541,,,,,,,,0.0,,,,,ultralytics,0.0,0
1311,21.8708,,,,,,,,0.0,,,,,ultralytics,0.0,0
1312,21.8875,,,,,,,,0.0,,,,,ultralytics,0.0,0
1313,21.9041,,,,,,,,0.0,,,,,ultralytics,0.0,0
1314,21.9208,,,,,,,,0.0,,,,,ultralytics,0.0,0
1315,21.9375,,,,,,,,0.0,,,,,ultralytics,0.0,0
1316,21.9542,,,,,,,,0.0,,,,,ultralytics,0.0,0
1317,21.9709,,,,,,,,0.0,,,,,ultralytics,0.0,0
1318,21.9876,,,,,,,,0.0,,,,,ultralytics,0.0,0
1319,22.0042,,,,,,,,0.0,,,,,ultralytics,0.0,0
1320,22.0209,,,,,,,,0.0,,,,,ultralytics,0.0,0
1321,22.0376,,,,,,,,0.0,,,,,ultralytics,0.0,0
1322,22.0543,,,,,,,,0.0,,,,,ultralytics,0.0,0
1323,22.071,,,,,,,,0.0,,,,,ultralytics,0.0,0
1324,22.0876,,,,,,,,0.0,,,,,ultralytics,0.0,0
1325,22.1043,,,,,,,,0.0,,,,,ultralytics,0.0,0
1326,22.121,,,,,,,,0.0,,,,,ultralytics,0.0,0
1327,22.1377,,,,,,,,0.0,,,,,ultralytics,0.0,0
1328,22.1544,,,,,,,,0.0,,,,,ultralytics,0.0,0
1329,22.1711,,,,,,,,0.0,,,,,ultralytics,0.0,0
1330,22.1877,,,,,,,,0.0,,,,,ultralytics,0.0,0
1331,22.2044,,,,,,,,0.0,,,,,ultralytics,0.0,0
1332,22.2211,,,,,,,,0.0,,,,,ultralytics,0.0,0
1333,22.2378,,,,,,,,0.0,,,,,ultralytics,0.0,0
1334,22.2545,,,,,,,,0.0,,,,,ultralytics,0.0,0
1335,22.2712,,,,,,,,0.0,,,,,ultralytics,0.0,0
1336,22.2878,,,,,,,,0.0,,,,,ultralytics,0.0,0
1337,22.3045,,,,,,,,0.0,,,,,ultralytics,0.0,0
1338,22.3212,,,,,,,,0.0,,,,,ultralytics,0.0,0
1339,22.3379,,,,,,,,0.0,,,,,ultralytics,0.0,0
1340,22.3546,,,,,,,,0.0,,,,,ultralytics,0.0,0
1341,22.3713,,,,,,,,0.0,,,,,ultralytics,0.0,0
1342,22.3879,,,,,,,,0.0,,,,,ultralytics,0.0,0
1343,22.4046,,,,,,,,0.0,,,,,ultralytics,0.0,0
1344,22.4213,,,,,,,,0.0,,,,,ultralytics,0.0,0
1345,22.438,,,,,,,,0.0,,,,,ultralytics,0.0,0
1346,22.4547,,,,,,,,0.0,,,,,ultralytics,0.0,0
1347,22.4713,1399.53,263.23,1407.13,171.41,12.59,,,0.066,1394.12,158.82,1420.14,184.0,ultralytics,0.066,1
1348,22.488,1405.98,187.84,1407.2,170.78,12.65,,,0.077,1394.55,157.54,1419.85,184.01,ultralytics,0.077,1
1349,22.5047,1407.5,170.89,1407.41,170.86,12.42,,,0.06,1395.0,158.41,1419.83,183.32,ultralytics,0.06,1
1350,22.5214,1407.78,170.89,1407.92,170.96,11.87,,,0.057,1395.93,159.09,1419.9,182.84,ultralytics,0.057,1
1351,22.5381,1408.01,170.97,1407.95,170.74,11.84,,,0.078,1395.87,158.89,1420.04,182.58,ultralytics,0.078,1
1352,22.5548,1418.23,200.69,1408.31,171.35,10.97,,,0.053,1396.4,160.38,1420.22,182.32,ultralytics,0.053,1
1353,22.5714,1464.77,331.46,1408.18,171.04,10.45,,,0.052,1396.23,160.6,1420.12,181.49,ultralytics,0.052,1
1354,22.5881,,,,,,,,0.0,,,,,ultralytics,0.0,0
1355,22.6048,,,,,,,,0.0,,,,,ultralytics,0.0,0
1356,22.6215,,,,,,,,0.0,,,,,ultralytics,0.0,0
1357,22.6382,,,,,,,,0.0,,,,,ultralytics,0.0,0
1358,22.6549,,,,,,,,0.0,,,,,ultralytics,0.0,0
1359,22.6715,,,,,,,,0.0,,,,,ultralytics,0.0,0
1360,22.6882,,,,,,,,0.0,,,,,ultralytics,0.0,0
1361,22.7049,,,,,,,,0.0,,,,,ultralytics,0.0,0
1362,22.7216,,,,,,,,0.0,,,,,ultralytics,0.0,0
1363,22.7383,,,,,,,,0.0,,,,,ultralytics,0.0,0
1364,22.755,,,,,,,,0.0,,,,,ultralytics,0.0,0
1365,22.7716,,,,,,,,0.0,,,,,ultralytics,0.0,0
1366,22.7883,,,,,,,,0.0,,,,,ultralytics,0.0,0
1367,22.805,,,,,,,,0.0,,,,,ultralytics,0.0,0
1368,22.8217,,,,,,,,0.0,,,,,ultralytics,0.0,0
1369,22.8384,,,,,,,,0.0,,,,,ultralytics,0.0,0
1370,22.855,,,,,,,,0.0,,,,,ultralytics,0.0,0
1371,22.8717,,,,,,,,0.0,,,,,ultralytics,0.0,0
1372,22.8884,,,,,,,,0.0,,,,,ultralytics,0.0,0
1373,22.9051,,,,,,,,0.0,,,,,ultralytics,0.0,0
1374,22.9218,,,,,,,,0.0,,,,,ultralytics,0.0,0
1375,22.9385,1534.77,513.94,1592.91,714.34,12.29,,,0.511,1580.6,702.05,1605.22,726.63,ultralytics,0.511,1
1376,22.9551,,,,,,,,0.0,,,,,ultralytics,0.0,0
1377,22.9718,,,,,,,,0.0,,,,,ultralytics,0.0,0
1378,22.9885,1542.73,508.51,1618.48,679.14,11.7,,,0.714,1606.79,664.06,1630.18,694.21,ultralytics,0.714,1
1379,23.0052,,,,,,,,0.0,,,,,ultralytics,0.0,0
1380,23.0219,,,,,,,,0.0,,,,,ultralytics,0.0,0
1381,23.0386,,,,,,,,0.0,,,,,ultralytics,0.0,0
1382,23.0552,,,,,,,,0.0,,,,,ultralytics,0.0,0
1383,23.0719,,,,,,,,0.0,,,,,ultralytics,0.0,0
1384,23.0886,,,,,,,,0.0,,,,,ultralytics,0.0,0
1385,23.1053,,,,,,,,0.0,,,,,ultralytics,0.0,0
1386,23.122,,,,,,,,0.0,,,,,ultralytics,0.0,0
1387,23.1386,,,,,,,,0.0,,,,,ultralytics,0.0,0
1388,23.1553,,,,,,,,0.0,,,,,ultralytics,0.0,0
1389,23.172,,,,,,,,0.0,,,,,ultralytics,0.0,0
1390,23.1887,1481.21,324.88,1423.85,172.11,11.26,,,0.112,1411.16,160.85,1436.54,183.37,ultralytics,0.112,1
1391,23.2054,1436.41,197.98,1425.52,170.41,11.79,,,0.254,1411.47,158.62,1439.57,182.2,ultralytics,0.254,1
1392,23.2221,1392.24,199.1,1427.81,168.82,12.15,,,0.275,1413.17,156.68,1442.45,180.97,ultralytics,0.275,1
1393,23.2387,1234.48,333.37,1429.69,167.2,12.63,,,0.088,1415.26,154.57,1444.12,179.83,ultralytics,0.088,2
1394,23.2554,,,,,,,,0.0,,,,,ultralytics,0.0,0
1395,23.2721,,,,,,,,0.0,,,,,ultralytics,0.0,0
1396,23.2888,,,,,,,,0.0,,,,,ultralytics,0.0,0
1397,23.3055,,,,,,,,0.0,,,,,ultralytics,0.0,0
1398,23.3222,,,,,,,,0.0,,,,,ultralytics,0.0,0
1399,23.3388,,,,,,,,0.0,,,,,ultralytics,0.0,0
1400,23.3555,,,,,,,,0.0,,,,,ultralytics,0.0,0
1401,23.3722,,,,,,,,0.0,,,,,ultralytics,0.0,0
1402,23.3889,,,,,,,,0.0,,,,,ultralytics,0.0,0
1403,23.4056,,,,,,,,0.0,,,,,ultralytics,0.0,0
1404,23.4223,,,,,,,,0.0,,,,,ultralytics,0.0,0
1405,23.4389,,,,,,,,0.0,,,,,ultralytics,0.0,0
1406,23.4556,,,,,,,,0.0,,,,,ultralytics,0.0,0
1407,23.4723,,,,,,,,0.0,,,,,ultralytics,0.0,0
1408,23.489,,,,,,,,0.0,,,,,ultralytics,0.0,0
1409,23.5057,,,,,,,,0.0,,,,,ultralytics,0.0,0
1410,23.5223,,,,,,,,0.0,,,,,ultralytics,0.0,0
1411,23.539,,,,,,,,0.0,,,,,ultralytics,0.0,0
1412,23.5557,,,,,,,,0.0,,,,,ultralytics,0.0,0
1413,23.5724,,,,,,,,0.0,,,,,ultralytics,0.0,0
1414,23.5891,,,,,,,,0.0,,,,,ultralytics,0.0,0
1415,23.6058,,,,,,,,0.0,,,,,ultralytics,0.0,0
1416,23.6224,,,,,,,,0.0,,,,,ultralytics,0.0,0
1417,23.6391,,,,,,,,0.0,,,,,ultralytics,0.0,0
1418,23.6558,,,,,,,,0.0,,,,,ultralytics,0.0,0
1419,23.6725,,,,,,,,0.0,,,,,ultralytics,0.0,0
1420,23.6892,,,,,,,,0.0,,,,,ultralytics,0.0,0
1421,23.7059,,,,,,,,0.0,,,,,ultralytics,0.0,0
1422,23.7225,,,,,,,,0.0,,,,,ultralytics,0.0,0
1423,23.7392,,,,,,,,0.0,,,,,ultralytics,0.0,0
1424,23.7559,,,,,,,,0.0,,,,,ultralytics,0.0,0
1425,23.7726,,,,,,,,0.0,,,,,ultralytics,0.0,0
1426,23.7893,,,,,,,,0.0,,,,,ultralytics,0.0,0
1427,23.8059,,,,,,,,0.0,,,,,ultralytics,0.0,0
1428,23.8226,,,,,,,,0.0,,,,,ultralytics,0.0,0
1429,23.8393,,,,,,,,0.0,,,,,ultralytics,0.0,0
1430,23.856,,,,,,,,0.0,,,,,ultralytics,0.0,0
1431,23.8727,,,,,,,,0.0,,,,,ultralytics,0.0,0
1432,23.8894,,,,,,,,0.0,,,,,ultralytics,0.0,0
1433,23.906,,,,,,,,0.0,,,,,ultralytics,0.0,0
1434,23.9227,,,,,,,,0.0,,,,,ultralytics,0.0,0
1435,23.9394,,,,,,,,0.0,,,,,ultralytics,0.0,0
1436,23.9561,,,,,,,,0.0,,,,,ultralytics,0.0,0
1437,23.9728,,,,,,,,0.0,,,,,ultralytics,0.0,0
1438,23.9895,,,,,,,,0.0,,,,,ultralytics,0.0,0
1439,24.0061,,,,,,,,0.0,,,,,ultralytics,0.0,0
1440,24.0228,,,,,,,,0.0,,,,,ultralytics,0.0,0
1441,24.0395,,,,,,,,0.0,,,,,ultralytics,0.0,0
1442,24.0562,,,,,,,,0.0,,,,,ultralytics,0.0,0
1443,24.0729,,,,,,,,0.0,,,,,ultralytics,0.0,0
1444,24.0896,,,,,,,,0.0,,,,,ultralytics,0.0,0
1445,24.1062,,,,,,,,0.0,,,,,ultralytics,0.0,0
1446,24.1229,,,,,,,,0.0,,,,,ultralytics,0.0,0
1447,24.1396,,,,,,,,0.0,,,,,ultralytics,0.0,0
1448,24.1563,,,,,,,,0.0,,,,,ultralytics,0.0,0
1449,24.173,,,,,,,,0.0,,,,,ultralytics,0.0,0
1450,24.1896,,,,,,,,0.0,,,,,ultralytics,0.0,0
1451,24.2063,,,,,,,,0.0,,,,,ultralytics,0.0,0
1452,24.223,,,,,,,,0.0,,,,,ultralytics,0.0,0
1453,24.2397,,,,,,,,0.0,,,,,ultralytics,0.0,0
1454,24.2564,,,,,,,,0.0,,,,,ultralytics,0.0,0
1455,24.2731,,,,,,,,0.0,,,,,ultralytics,0.0,0
1456,24.2897,,,,,,,,0.0,,,,,ultralytics,0.0,0
1457,24.3064,,,,,,,,0.0,,,,,ultralytics,0.0,0
1458,24.3231,,,,,,,,0.0,,,,,ultralytics,0.0,0
1459,24.3398,,,,,,,,0.0,,,,,ultralytics,0.0,0
1460,24.3565,,,,,,,,0.0,,,,,ultralytics,0.0,0
1461,24.3732,,,,,,,,0.0,,,,,ultralytics,0.0,0
1462,24.3898,,,,,,,,0.0,,,,,ultralytics,0.0,0
1463,24.4065,,,,,,,,0.0,,,,,ultralytics,0.0,0
1464,24.4232,,,,,,,,0.0,,,,,ultralytics,0.0,0
1465,24.4399,,,,,,,,0.0,,,,,ultralytics,0.0,0
1466,24.4566,,,,,,,,0.0,,,,,ultralytics,0.0,0
1467,24.4732,,,,,,,,0.0,,,,,ultralytics,0.0,0
1468,24.4899,,,,,,,,0.0,,,,,ultralytics,0.0,0
1469,24.5066,,,,,,,,0.0,,,,,ultralytics,0.0,0
1470,24.5233,,,,,,,,0.0,,,,,ultralytics,0.0,0
1471,24.54,,,,,,,,0.0,,,,,ultralytics,0.0,0
1472,24.5567,,,,,,,,0.0,,,,,ultralytics,0.0,0
1473,24.5733,,,,,,,,0.0,,,,,ultralytics,0.0,0
1474,24.59,,,,,,,,0.0,,,,,ultralytics,0.0,0
1475,24.6067,,,,,,,,0.0,,,,,ultralytics,0.0,0
1476,24.6234,,,,,,,,0.0,,,,,ultralytics,0.0,0
1477,24.6401,,,,,,,,0.0,,,,,ultralytics,0.0,0
1478,24.6568,,,,,,,,0.0,,,,,ultralytics,0.0,0
1479,24.6734,,,,,,,,0.0,,,,,ultralytics,0.0,0
1480,24.6901,,,,,,,,0.0,,,,,ultralytics,0.0,0
1481,24.7068,,,,,,,,0.0,,,,,ultralytics,0.0,0
1482,24.7235,,,,,,,,0.0,,,,,ultralytics,0.0,0
1483,24.7402,,,,,,,,0.0,,,,,ultralytics,0.0,0
1484,24.7569,,,,,,,,0.0,,,,,ultralytics,0.0,0
1485,24.7735,,,,,,,,0.0,,,,,ultralytics,0.0,0
1486,24.7902,,,,,,,,0.0,,,,,ultralytics,0.0,0
1487,24.8069,,,,,,,,0.0,,,,,ultralytics,0.0,0
1488,24.8236,,,,,,,,0.0,,,,,ultralytics,0.0,0
1489,24.8403,,,,,,,,0.0,,,,,ultralytics,0.0,0
1490,24.8569,,,,,,,,0.0,,,,,ultralytics,0.0,0
1491,24.8736,,,,,,,,0.0,,,,,ultralytics,0.0,0
1492,24.8903,,,,,,,,0.0,,,,,ultralytics,0.0,0
1493,24.907,,,,,,,,0.0,,,,,ultralytics,0.0,0
1494,24.9237,,,,,,,,0.0,,,,,ultralytics,0.0,0
1495,24.9404,,,,,,,,0.0,,,,,ultralytics,0.0,0
1496,24.957,,,,,,,,0.0,,,,,ultralytics,0.0,0
1497,24.9737,,,,,,,,0.0,,,,,ultralytics,0.0,0
1498,24.9904,,,,,,,,0.0,,,,,ultralytics,0.0,0
1499,25.0071,,,,,,,,0.0,,,,,ultralytics,0.0,0
1500,25.0238,,,,,,,,0.0,,,,,ultralytics,0.0,0
1501,25.0405,,,,,,,,0.0,,,,,ultralytics,0.0,0
1502,25.0571,,,,,,,,0.0,,,,,ultralytics,0.0,0
1503,25.0738,,,,,,,,0.0,,,,,ultralytics,0.0,0
1504,25.0905,,,,,,,,0.0,,,,,ultralytics,0.0,0
1505,25.1072,,,,,,,,0.0,,,,,ultralytics,0.0,0
1506,25.1239,,,,,,,,0.0,,,,,ultralytics,0.0,0
1507,25.1406,,,,,,,,0.0,,,,,ultralytics,0.0,0
1508,25.1572,,,,,,,,0.0,,,,,ultralytics,0.0,0
1509,25.1739,,,,,,,,0.0,,,,,ultralytics,0.0,0
1510,25.1906,,,,,,,,0.0,,,,,ultralytics,0.0,0
1511,25.2073,,,,,,,,0.0,,,,,ultralytics,0.0,0
1512,25.224,,,,,,,,0.0,,,,,ultralytics,0.0,0
1513,25.2406,,,,,,,,0.0,,,,,ultralytics,0.0,0
1514,25.2573,,,,,,,,0.0,,,,,ultralytics,0.0,0
1515,25.274,,,,,,,,0.0,,,,,ultralytics,0.0,0
1516,25.2907,,,,,,,,0.0,,,,,ultralytics,0.0,0
1517,25.3074,,,,,,,,0.0,,,,,ultralytics,0.0,0
1518,25.3241,,,,,,,,0.0,,,,,ultralytics,0.0,0
1519,25.3407,,,,,,,,0.0,,,,,ultralytics,0.0,0
1520,25.3574,,,,,,,,0.0,,,,,ultralytics,0.0,0
1521,25.3741,,,,,,,,0.0,,,,,ultralytics,0.0,0
1522,25.3908,,,,,,,,0.0,,,,,ultralytics,0.0,0
1523,25.4075,,,,,,,,0.0,,,,,ultralytics,0.0,0
1524,25.4242,,,,,,,,0.0,,,,,ultralytics,0.0,0
1525,25.4408,,,,,,,,0.0,,,,,ultralytics,0.0,0
1526,25.4575,,,,,,,,0.0,,,,,ultralytics,0.0,0
1527,25.4742,,,,,,,,0.0,,,,,ultralytics,0.0,0
1528,25.4909,,,,,,,,0.0,,,,,ultralytics,0.0,0
1529,25.5076,,,,,,,,0.0,,,,,ultralytics,0.0,0
1530,25.5242,,,,,,,,0.0,,,,,ultralytics,0.0,0
1531,25.5409,,,,,,,,0.0,,,,,ultralytics,0.0,0
1532,25.5576,,,,,,,,0.0,,,,,ultralytics,0.0,0
1533,25.5743,,,,,,,,0.0,,,,,ultralytics,0.0,0
1534,25.591,,,,,,,,0.0,,,,,ultralytics,0.0,0
1535,25.6077,,,,,,,,0.0,,,,,ultralytics,0.0,0
1536,25.6243,,,,,,,,0.0,,,,,ultralytics,0.0,0
1537,25.641,,,,,,,,0.0,,,,,ultralytics,0.0,0
1538,25.6577,,,,,,,,0.0,,,,,ultralytics,0.0,0
1539,25.6744,,,,,,,,0.0,,,,,ultralytics,0.0,0
1540,25.6911,,,,,,,,0.0,,,,,ultralytics,0.0,0
1541,25.7078,,,,,,,,0.0,,,,,ultralytics,0.0,0
1542,25.7244,,,,,,,,0.0,,,,,ultralytics,0.0,0
1543,25.7411,,,,,,,,0.0,,,,,ultralytics,0.0,0
1544,25.7578,,,,,,,,0.0,,,,,ultralytics,0.0,0
1545,25.7745,,,,,,,,0.0,,,,,ultralytics,0.0,0
1546,25.7912,,,,,,,,0.0,,,,,ultralytics,0.0,0
1547,25.8079,,,,,,,,0.0,,,,,ultralytics,0.0,0
1548,25.8245,,,,,,,,0.0,,,,,ultralytics,0.0,0
1549,25.8412,,,,,,,,0.0,,,,,ultralytics,0.0,0
1550,25.8579,,,,,,,,0.0,,,,,ultralytics,0.0,0
1551,25.8746,,,,,,,,0.0,,,,,ultralytics,0.0,0
1552,25.8913,,,,,,,,0.0,,,,,ultralytics,0.0,0
1553,25.9079,,,,,,,,0.0,,,,,ultralytics,0.0,0
1554,25.9246,,,,,,,,0.0,,,,,ultralytics,0.0,0
1555,25.9413,,,,,,,,0.0,,,,,ultralytics,0.0,0
1556,25.958,,,,,,,,0.0,,,,,ultralytics,0.0,0
1557,25.9747,,,,,,,,0.0,,,,,ultralytics,0.0,0
1558,25.9914,,,,,,,,0.0,,,,,ultralytics,0.0,0
1559,26.008,,,,,,,,0.0,,,,,ultralytics,0.0,0
1560,26.0247,,,,,,,,0.0,,,,,ultralytics,0.0,0
1561,26.0414,,,,,,,,0.0,,,,,ultralytics,0.0,0
1562,26.0581,,,,,,,,0.0,,,,,ultralytics,0.0,0
1563,26.0748,,,,,,,,0.0,,,,,ultralytics,0.0,0
1564,26.0915,,,,,,,,0.0,,,,,ultralytics,0.0,0
1565,26.1081,,,,,,,,0.0,,,,,ultralytics,0.0,0
1566,26.1248,,,,,,,,0.0,,,,,ultralytics,0.0,0
1567,26.1415,,,,,,,,0.0,,,,,ultralytics,0.0,0
1568,26.1582,,,,,,,,0.0,,,,,ultralytics,0.0,0
1569,26.1749,,,,,,,,0.0,,,,,ultralytics,0.0,0
1570,26.1915,,,,,,,,0.0,,,,,ultralytics,0.0,0
1571,26.2082,,,,,,,,0.0,,,,,ultralytics,0.0,0
1572,26.2249,,,,,,,,0.0,,,,,ultralytics,0.0,0
1573,26.2416,,,,,,,,0.0,,,,,ultralytics,0.0,0
1574,26.2583,,,,,,,,0.0,,,,,ultralytics,0.0,0
1575,26.275,,,,,,,,0.0,,,,,ultralytics,0.0,0
1576,26.2916,,,,,,,,0.0,,,,,ultralytics,0.0,0
1577,26.3083,,,,,,,,0.0,,,,,ultralytics,0.0,0
1578,26.325,,,,,,,,0.0,,,,,ultralytics,0.0,0
1579,26.3417,,,,,,,,0.0,,,,,ultralytics,0.0,0
1580,26.3584,,,,,,,,0.0,,,,,ultralytics,0.0,0
1581,26.3751,,,,,,,,0.0,,,,,ultralytics,0.0,0
1582,26.3917,,,,,,,,0.0,,,,,ultralytics,0.0,0
1583,26.4084,,,,,,,,0.0,,,,,ultralytics,0.0,0
1584,26.4251,,,,,,,,0.0,,,,,ultralytics,0.0,0
1585,26.4418,,,,,,,,0.0,,,,,ultralytics,0.0,0
1586,26.4585,,,,,,,,0.0,,,,,ultralytics,0.0,0
1587,26.4752,,,,,,,,0.0,,,,,ultralytics,0.0,0
1588,26.4918,,,,,,,,0.0,,,,,ultralytics,0.0,0
1589,26.5085,,,,,,,,0.0,,,,,ultralytics,0.0,0
1590,26.5252,,,,,,,,0.0,,,,,ultralytics,0.0,0
1591,26.5419,,,,,,,,0.0,,,,,ultralytics,0.0,0
1592,26.5586,,,,,,,,0.0,,,,,ultralytics,0.0,0
1593,26.5752,,,,,,,,0.0,,,,,ultralytics,0.0,0
1594,26.5919,,,,,,,,0.0,,,,,ultralytics,0.0,0
1595,26.6086,,,,,,,,0.0,,,,,ultralytics,0.0,0
1596,26.6253,,,,,,,,0.0,,,,,ultralytics,0.0,0
1597,26.642,,,,,,,,0.0,,,,,ultralytics,0.0,0
1598,26.6587,,,,,,,,0.0,,,,,ultralytics,0.0,0
1599,26.6753,,,,,,,,0.0,,,,,ultralytics,0.0,0
1600,26.692,,,,,,,,0.0,,,,,ultralytics,0.0,0
1601,26.7087,,,,,,,,0.0,,,,,ultralytics,0.0,0
1602,26.7254,,,,,,,,0.0,,,,,ultralytics,0.0,0
1603,26.7421,,,,,,,,0.0,,,,,ultralytics,0.0,0
1604,26.7588,,,,,,,,0.0,,,,,ultralytics,0.0,0
1605,26.7754,,,,,,,,0.0,,,,,ultralytics,0.0,0
1606,26.7921,,,,,,,,0.0,,,,,ultralytics,0.0,0
1607,26.8088,,,,,,,,0.0,,,,,ultralytics,0.0,0
1608,26.8255,,,,,,,,0.0,,,,,ultralytics,0.0,0
1609,26.8422,,,,,,,,0.0,,,,,ultralytics,0.0,0
1610,26.8588,,,,,,,,0.0,,,,,ultralytics,0.0,0
1611,26.8755,,,,,,,,0.0,,,,,ultralytics,0.0,0
1612,26.8922,,,,,,,,0.0,,,,,ultralytics,0.0,0
1613,26.9089,,,,,,,,0.0,,,,,ultralytics,0.0,0
1614,26.9256,,,,,,,,0.0,,,,,ultralytics,0.0,0
1615,26.9423,,,,,,,,0.0,,,,,ultralytics,0.0,0
1616,26.9589,,,,,,,,0.0,,,,,ultralytics,0.0,0
1617,26.9756,,,,,,,,0.0,,,,,ultralytics,0.0,0
1618,26.9923,,,,,,,,0.0,,,,,ultralytics,0.0,0
1619,27.009,,,,,,,,0.0,,,,,ultralytics,0.0,0
1620,27.0257,,,,,,,,0.0,,,,,ultralytics,0.0,0
1621,27.0424,,,,,,,,0.0,,,,,ultralytics,0.0,0
1622,27.059,,,,,,,,0.0,,,,,ultralytics,0.0,0
1623,27.0757,,,,,,,,0.0,,,,,ultralytics,0.0,0
1624,27.0924,,,,,,,,0.0,,,,,ultralytics,0.0,0
1625,27.1091,,,,,,,,0.0,,,,,ultralytics,0.0,0
1626,27.1258,,,,,,,,0.0,,,,,ultralytics,0.0,0
1627,27.1425,,,,,,,,0.0,,,,,ultralytics,0.0,0
1628,27.1591,,,,,,,,0.0,,,,,ultralytics,0.0,0
1629,27.1758,,,,,,,,0.0,,,,,ultralytics,0.0,0
1630,27.1925,,,,,,,,0.0,,,,,ultralytics,0.0,0
1631,27.2092,,,,,,,,0.0,,,,,ultralytics,0.0,0
1632,27.2259,,,,,,,,0.0,,,,,ultralytics,0.0,0
1633,27.2425,,,,,,,,0.0,,,,,ultralytics,0.0,0
1634,27.2592,,,,,,,,0.0,,,,,ultralytics,0.0,0
1635,27.2759,,,,,,,,0.0,,,,,ultralytics,0.0,0
1636,27.2926,,,,,,,,0.0,,,,,ultralytics,0.0,0
1637,27.3093,,,,,,,,0.0,,,,,ultralytics,0.0,0
1638,27.326,,,,,,,,0.0,,,,,ultralytics,0.0,0
1639,27.3426,,,,,,,,0.0,,,,,ultralytics,0.0,0
1640,27.3593,,,,,,,,0.0,,,,,ultralytics,0.0,0
1641,27.376,,,,,,,,0.0,,,,,ultralytics,0.0,0
1642,27.3927,,,,,,,,0.0,,,,,ultralytics,0.0,0
1643,27.4094,,,,,,,,0.0,,,,,ultralytics,0.0,0
1644,27.4261,,,,,,,,0.0,,,,,ultralytics,0.0,0
1645,27.4427,,,,,,,,0.0,,,,,ultralytics,0.0,0
1646,27.4594,,,,,,,,0.0,,,,,ultralytics,0.0,0
1647,27.4761,,,,,,,,0.0,,,,,ultralytics,0.0,0
1648,27.4928,,,,,,,,0.0,,,,,ultralytics,0.0,0
1649,27.5095,,,,,,,,0.0,,,,,ultralytics,0.0,0
1650,27.5261,,,,,,,,0.0,,,,,ultralytics,0.0,0
1651,27.5428,,,,,,,,0.0,,,,,ultralytics,0.0,0
1652,27.5595,,,,,,,,0.0,,,,,ultralytics,0.0,0
1653,27.5762,,,,,,,,0.0,,,,,ultralytics,0.0,0
1654,27.5929,,,,,,,,0.0,,,,,ultralytics,0.0,0
1655,27.6096,,,,,,,,0.0,,,,,ultralytics,0.0,0
1656,27.6262,,,,,,,,0.0,,,,,ultralytics,0.0,0
1657,27.6429,,,,,,,,0.0,,,,,ultralytics,0.0,0
1658,27.6596,,,,,,,,0.0,,,,,ultralytics,0.0,0
1659,27.6763,,,,,,,,0.0,,,,,ultralytics,0.0,0
1660,27.693,,,,,,,,0.0,,,,,ultralytics,0.0,0
1661,27.7097,,,,,,,,0.0,,,,,ultralytics,0.0,0
1662,27.7263,,,,,,,,0.0,,,,,ultralytics,0.0,0
1663,27.743,,,,,,,,0.0,,,,,ultralytics,0.0,0
1664,27.7597,,,,,,,,0.0,,,,,ultralytics,0.0,0
1665,27.7764,,,,,,,,0.0,,,,,ultralytics,0.0,0
1666,27.7931,,,,,,,,0.0,,,,,ultralytics,0.0,0
1667,27.8098,,,,,,,,0.0,,,,,ultralytics,0.0,0
1668,27.8264,,,,,,,,0.0,,,,,ultralytics,0.0,0
1669,27.8431,,,,,,,,0.0,,,,,ultralytics,0.0,0
1670,27.8598,,,,,,,,0.0,,,,,ultralytics,0.0,0
1671,27.8765,,,,,,,,0.0,,,,,ultralytics,0.0,0
1672,27.8932,,,,,,,,0.0,,,,,ultralytics,0.0,0
1673,27.9098,,,,,,,,0.0,,,,,ultralytics,0.0,0
1674,27.9265,,,,,,,,0.0,,,,,ultralytics,0.0,0
1675,27.9432,,,,,,,,0.0,,,,,ultralytics,0.0,0
1676,27.9599,,,,,,,,0.0,,,,,ultralytics,0.0,0
1677,27.9766,,,,,,,,0.0,,,,,ultralytics,0.0,0
1678,27.9933,,,,,,,,0.0,,,,,ultralytics,0.0,0
1679,28.0099,,,,,,,,0.0,,,,,ultralytics,0.0,0
1680,28.0266,970.08,556.35,780.72,721.36,11.25,,,0.325,765.03,710.11,796.42,732.61,ultralytics,0.325,1
1681,28.0433,803.29,692.43,768.1,722.72,12.22,,,0.149,751.78,710.49,784.42,734.94,ultralytics,0.149,1
1682,28.06,749.76,724.81,756.95,723.09,11.92,,,0.313,740.91,711.17,772.99,735.01,ultralytics,0.313,1
1683,28.0767,705.25,729.77,745.79,726.75,11.96,,,0.173,730.1,714.8,761.48,738.71,ultralytics,0.173,1
1684,28.0934,,,,,,,,0.0,,,,,ultralytics,0.0,0
1685,28.11,,,,,,,,0.0,,,,,ultralytics,0.0,0
1686,28.1267,,,,,,,,0.0,,,,,ultralytics,0.0,0
1687,28.1434,,,,,,,,0.0,,,,,ultralytics,0.0,0
1688,28.1601,,,,,,,,0.0,,,,,ultralytics,0.0,0
1689,28.1768,,,,,,,,0.0,,,,,ultralytics,0.0,0
1690,28.1935,,,,,,,,0.0,,,,,ultralytics,0.0,0
1691,28.2101,,,,,,,,0.0,,,,,ultralytics,0.0,0
1692,28.2268,,,,,,,,0.0,,,,,ultralytics,0.0,0
1693,28.2435,,,,,,,,0.0,,,,,ultralytics,0.0,0
1694,28.2602,,,,,,,,0.0,,,,,ultralytics,0.0,0
1695,28.2769,637.27,735.29,601.26,741.61,12.58,,,0.436,585.6,729.04,616.92,754.19,ultralytics,0.436,1
1696,28.2935,,,,,,,,0.0,,,,,ultralytics,0.0,0
1697,28.3102,588.42,736.77,577.21,736.1,12.06,,,0.789,562.73,724.05,591.69,748.16,ultralytics,0.789,1
1698,28.3269,566.83,736.03,566.52,735.52,12.2,,,0.749,550.52,723.33,582.52,747.72,ultralytics,0.749,1
1699,28.3436,554.74,735.63,554.52,735.67,13.43,,,0.696,540.29,722.25,568.75,749.1,ultralytics,0.696,1
1700,28.3603,536.74,728.68,543.29,735.45,11.82,,,0.827,527.86,723.62,558.71,747.27,ultralytics,0.827,1
1701,28.377,496.24,696.95,532.46,736.19,12.73,,,0.736,517.46,723.46,547.47,748.93,ultralytics,0.736,1
1702,28.3936,,,,,,,,0.0,,,,,ultralytics,0.0,0
1703,28.4103,,,,,,,,0.0,,,,,ultralytics,0.0,0
1704,28.427,,,,,,,,0.0,,,,,ultralytics,0.0,0
1705,28.4437,,,,,,,,0.0,,,,,ultralytics,0.0,0
1706,28.4604,,,,,,,,0.0,,,,,ultralytics,0.0,0
1707,28.4771,,,,,,,,0.0,,,,,ultralytics,0.0,0
1708,28.4937,,,,,,,,0.0,,,,,ultralytics,0.0,0
1709,28.5104,,,,,,,,0.0,,,,,ultralytics,0.0,0
1710,28.5271,,,,,,,,0.0,,,,,ultralytics,0.0,0
1711,28.5438,,,,,,,,0.0,,,,,ultralytics,0.0,0
1712,28.5605,,,,,,,,0.0,,,,,ultralytics,0.0,0
1713,28.5771,,,,,,,,0.0,,,,,ultralytics,0.0,0
1714,28.5938,,,,,,,,0.0,,,,,ultralytics,0.0,0
1715,28.6105,,,,,,,,0.0,,,,,ultralytics,0.0,0
1716,28.6272,,,,,,,,0.0,,,,,ultralytics,0.0,0
1717,28.6439,,,,,,,,0.0,,,,,ultralytics,0.0,0
1718,28.6606,,,,,,,,0.0,,,,,ultralytics,0.0,0
1719,28.6772,,,,,,,,0.0,,,,,ultralytics,0.0,0
1720,28.6939,,,,,,,,0.0,,,,,ultralytics,0.0,0
1721,28.7106,,,,,,,,0.0,,,,,ultralytics,0.0,0
1722,28.7273,,,,,,,,0.0,,,,,ultralytics,0.0,0
1723,28.744,,,,,,,,0.0,,,,,ultralytics,0.0,0
1724,28.7607,,,,,,,,0.0,,,,,ultralytics,0.0,0
1725,28.7773,439.77,642.11,397.98,606.74,11.91,,,0.069,384.99,594.83,410.97,618.66,ultralytics,0.069,1
1726,28.794,409.3,601.85,399.85,600.09,12.07,,,0.424,387.11,588.02,412.59,612.17,ultralytics,0.424,1
1727,28.8107,,,,,,,,0.0,,,,,ultralytics,0.0,0
1728,28.8274,,,,,,,,0.0,,,,,ultralytics,0.0,0
1729,28.8441,406.37,582.15,408.6,576.83,13.95,,,0.173,394.65,562.5,422.54,591.15,ultralytics,0.173,1
1730,28.8608,409.72,572.53,409.92,570.8,12.87,,,0.356,397.05,557.76,422.79,583.83,ultralytics,0.356,1
1731,28.8774,411.99,567.06,411.66,567.26,11.94,,,0.134,399.71,553.77,423.6,580.76,ultralytics,0.134,1
1732,28.8941,414.18,563.48,414.52,562.14,11.52,,,0.077,403.0,549.95,426.04,574.33,ultralytics,0.077,1
1733,28.9108,416.62,561.19,415.84,561.15,11.55,,,0.341,404.3,548.85,427.39,573.45,ultralytics,0.341,1
1734,28.9275,419.67,559.6,419.75,559.64,10.98,,,0.395,408.78,547.87,430.73,571.41,ultralytics,0.395,1
1735,28.9442,423.21,558.09,422.75,558.19,11.39,,,0.4,411.36,545.87,434.14,570.51,ultralytics,0.4,1
1736,28.9608,426.91,556.87,427.52,556.16,12.15,,,0.288,415.37,542.85,439.67,569.48,ultralytics,0.288,1
1737,28.9775,430.18,556.73,430.21,555.96,13.03,,,0.24,417.18,542.18,443.24,569.74,ultralytics,0.24,1
1738,28.9942,433.0,557.85,433.33,557.57,12.54,,,0.111,420.16,545.03,446.5,570.11,ultralytics,0.111,1
1739,29.0109,435.68,559.57,435.23,559.76,12.09,,,0.146,423.14,547.13,447.31,572.4,ultralytics,0.146,1
1740,29.0276,438.63,561.43,438.63,561.45,10.76,,,0.253,427.88,548.88,449.39,574.01,ultralytics,0.253,1
1741,29.0443,441.8,564.14,441.77,562.29,10.54,,,0.142,431.23,550.03,452.31,574.54,ultralytics,0.142,1
1742,29.0609,494.87,561.7,445.05,568.7,12.81,,,0.085,430.93,555.89,459.17,581.51,ultralytics,0.085,1
1743,29.0776,750.89,549.5,448.16,573.83,13.6,,,0.152,433.6,560.23,462.73,587.43,ultralytics,0.152,1
1744,29.0943,,,,,,,,0.0,,,,,ultralytics,0.0,0
1745,29.111,,,,,,,,0.0,,,,,ultralytics,0.0,0
1746,29.1277,,,,,,,,0.0,,,,,ultralytics,0.0,0
1747,29.1444,,,,,,,,0.0,,,,,ultralytics,0.0,0
1748,29.161,,,,,,,,0.0,,,,,ultralytics,0.0,0
1749,29.1777,,,,,,,,0.0,,,,,ultralytics,0.0,0
1750,29.1944,,,,,,,,0.0,,,,,ultralytics,0.0,0
1751,29.2111,,,,,,,,0.0,,,,,ultralytics,0.0,0
1752,29.2278,,,,,,,,0.0,,,,,ultralytics,0.0,0
1753,29.2444,,,,,,,,0.0,,,,,ultralytics,0.0,0
1754,29.2611,,,,,,,,0.0,,,,,ultralytics,0.0,0
1755,29.2778,,,,,,,,0.0,,,,,ultralytics,0.0,0
1756,29.2945,,,,,,,,0.0,,,,,ultralytics,0.0,0
1757,29.3112,,,,,,,,0.0,,,,,ultralytics,0.0,0
1758,29.3279,,,,,,,,0.0,,,,,ultralytics,0.0,0
1759,29.3445,,,,,,,,0.0,,,,,ultralytics,0.0,0
1760,29.3612,,,,,,,,0.0,,,,,ultralytics,0.0,0
1761,29.3779,,,,,,,,0.0,,,,,ultralytics,0.0,0
1762,29.3946,,,,,,,,0.0,,,,,ultralytics,0.0,0
1763,29.4113,,,,,,,,0.0,,,,,ultralytics,0.0,0
1764,29.428,,,,,,,,0.0,,,,,ultralytics,0.0,0
1765,29.4446,,,,,,,,0.0,,,,,ultralytics,0.0,0
1766,29.4613,,,,,,,,0.0,,,,,ultralytics,0.0,0
1767,29.478,,,,,,,,0.0,,,,,ultralytics,0.0,0
1768,29.4947,,,,,,,,0.0,,,,,ultralytics,0.0,0
1769,29.5114,,,,,,,,0.0,,,,,ultralytics,0.0,0
1770,29.5281,,,,,,,,0.0,,,,,ultralytics,0.0,0
1771,29.5447,,,,,,,,0.0,,,,,ultralytics,0.0,0
1772,29.5614,,,,,,,,0.0,,,,,ultralytics,0.0,0
1773,29.5781,,,,,,,,0.0,,,,,ultralytics,0.0,0
1774,29.5948,,,,,,,,0.0,,,,,ultralytics,0.0,0
1775,29.6115,,,,,,,,0.0,,,,,ultralytics,0.0,0
1776,29.6281,,,,,,,,0.0,,,,,ultralytics,0.0,0
1777,29.6448,,,,,,,,0.0,,,,,ultralytics,0.0,0
1778,29.6615,,,,,,,,0.0,,,,,ultralytics,0.0,0
1779,29.6782,,,,,,,,0.0,,,,,ultralytics,0.0,0
1780,29.6949,,,,,,,,0.0,,,,,ultralytics,0.0,0
1781,29.7116,,,,,,,,0.0,,,,,ultralytics,0.0,0
1782,29.7282,,,,,,,,0.0,,,,,ultralytics,0.0,0
1783,29.7449,,,,,,,,0.0,,,,,ultralytics,0.0,0
1784,29.7616,,,,,,,,0.0,,,,,ultralytics,0.0,0
1785,29.7783,,,,,,,,0.0,,,,,ultralytics,0.0,0
1786,29.795,,,,,,,,0.0,,,,,ultralytics,0.0,0
1787,29.8117,,,,,,,,0.0,,,,,ultralytics,0.0,0
1788,29.8283,,,,,,,,0.0,,,,,ultralytics,0.0,0
1789,29.845,,,,,,,,0.0,,,,,ultralytics,0.0,0
1790,29.8617,1149.96,525.1,1366.5,453.26,11.04,,,0.055,1349.24,442.22,1383.75,464.3,ultralytics,0.055,1
1791,29.8784,,,,,,,,0.0,,,,,ultralytics,0.0,0
1792,29.8951,,,,,,,,0.0,,,,,ultralytics,0.0,0
1793,29.9117,,,,,,,,0.0,,,,,ultralytics,0.0,0
1794,29.9284,,,,,,,,0.0,,,,,ultralytics,0.0,0
1795,29.9451,,,,,,,,0.0,,,,,ultralytics,0.0,0
1796,29.9618,,,,,,,,0.0,,,,,ultralytics,0.0,0
1797,29.9785,,,,,,,,0.0,,,,,ultralytics,0.0,0
1798,29.9952,,,,,,,,0.0,,,,,ultralytics,0.0,0
1799,30.0118,,,,,,,,0.0,,,,,ultralytics,0.0,0
1800,30.0285,,,,,,,,0.0,,,,,ultralytics,0.0,0
1801,30.0452,,,,,,,,0.0,,,,,ultralytics,0.0,0
1802,30.0619,,,,,,,,0.0,,,,,ultralytics,0.0,0
1803,30.0786,,,,,,,,0.0,,,,,ultralytics,0.0,0
1804,30.0953,,,,,,,,0.0,,,,,ultralytics,0.0,0
1805,30.1119,,,,,,,,0.0,,,,,ultralytics,0.0,0
1806,30.1286,,,,,,,,0.0,,,,,ultralytics,0.0,0
1807,30.1453,,,,,,,,0.0,,,,,ultralytics,0.0,0
1808,30.162,,,,,,,,0.0,,,,,ultralytics,0.0,0
1809,30.1787,,,,,,,,0.0,,,,,ultralytics,0.0,0
1810,30.1954,,,,,,,,0.0,,,,,ultralytics,0.0,0
1811,30.212,,,,,,,,0.0,,,,,ultralytics,0.0,0
1812,30.2287,,,,,,,,0.0,,,,,ultralytics,0.0,0
1813,30.2454,,,,,,,,0.0,,,,,ultralytics,0.0,0
1814,30.2621,,,,,,,,0.0,,,,,ultralytics,0.0,0
1815,30.2788,,,,,,,,0.0,,,,,ultralytics,0.0,0
1816,30.2954,,,,,,,,0.0,,,,,ultralytics,0.0,0
1817,30.3121,,,,,,,,0.0,,,,,ultralytics,0.0,0
1818,30.3288,,,,,,,,0.0,,,,,ultralytics,0.0,0
1819,30.3455,,,,,,,,0.0,,,,,ultralytics,0.0,0
1820,30.3622,,,,,,,,0.0,,,,,ultralytics,0.0,0
1821,30.3789,,,,,,,,0.0,,,,,ultralytics,0.0,0
1822,30.3955,,,,,,,,0.0,,,,,ultralytics,0.0,0
1823,30.4122,,,,,,,,0.0,,,,,ultralytics,0.0,0
1824,30.4289,,,,,,,,0.0,,,,,ultralytics,0.0,0
1825,30.4456,,,,,,,,0.0,,,,,ultralytics,0.0,0
1826,30.4623,,,,,,,,0.0,,,,,ultralytics,0.0,0
1827,30.479,,,,,,,,0.0,,,,,ultralytics,0.0,0
1828,30.4956,,,,,,,,0.0,,,,,ultralytics,0.0,0
1829,30.5123,,,,,,,,0.0,,,,,ultralytics,0.0,0
1830,30.529,,,,,,,,0.0,,,,,ultralytics,0.0,0
1831,30.5457,,,,,,,,0.0,,,,,ultralytics,0.0,0
1832,30.5624,,,,,,,,0.0,,,,,ultralytics,0.0,0
1833,30.5791,,,,,,,,0.0,,,,,ultralytics,0.0,0
1834,30.5957,,,,,,,,0.0,,,,,ultralytics,0.0,0
1835,30.6124,,,,,,,,0.0,,,,,ultralytics,0.0,0
1836,30.6291,,,,,,,,0.0,,,,,ultralytics,0.0,0
1837,30.6458,,,,,,,,0.0,,,,,ultralytics,0.0,0
1838,30.6625,,,,,,,,0.0,,,,,ultralytics,0.0,0
1839,30.6791,,,,,,,,0.0,,,,,ultralytics,0.0,0
1840,30.6958,,,,,,,,0.0,,,,,ultralytics,0.0,0
1841,30.7125,,,,,,,,0.0,,,,,ultralytics,0.0,0
1842,30.7292,,,,,,,,0.0,,,,,ultralytics,0.0,0
1843,30.7459,,,,,,,,0.0,,,,,ultralytics,0.0,0
1844,30.7626,,,,,,,,0.0,,,,,ultralytics,0.0,0
1845,30.7792,,,,,,,,0.0,,,,,ultralytics,0.0,0
1846,30.7959,,,,,,,,0.0,,,,,ultralytics,0.0,0
1847,30.8126,,,,,,,,0.0,,,,,ultralytics,0.0,0
1848,30.8293,,,,,,,,0.0,,,,,ultralytics,0.0,0
1849,30.846,,,,,,,,0.0,,,,,ultralytics,0.0,0
1850,30.8627,,,,,,,,0.0,,,,,ultralytics,0.0,0
1851,30.8793,,,,,,,,0.0,,,,,ultralytics,0.0,0
1852,30.896,,,,,,,,0.0,,,,,ultralytics,0.0,0
1853,30.9127,,,,,,,,0.0,,,,,ultralytics,0.0,0
1854,30.9294,,,,,,,,0.0,,,,,ultralytics,0.0,0
1855,30.9461,,,,,,,,0.0,,,,,ultralytics,0.0,0
1856,30.9627,,,,,,,,0.0,,,,,ultralytics,0.0,0
1857,30.9794,,,,,,,,0.0,,,,,ultralytics,0.0,0
1858,30.9961,,,,,,,,0.0,,,,,ultralytics,0.0,0
1859,31.0128,,,,,,,,0.0,,,,,ultralytics,0.0,0
1860,31.0295,,,,,,,,0.0,,,,,ultralytics,0.0,0
1861,31.0462,,,,,,,,0.0,,,,,ultralytics,0.0,0
1862,31.0628,,,,,,,,0.0,,,,,ultralytics,0.0,0
1863,31.0795,,,,,,,,0.0,,,,,ultralytics,0.0,0
1864,31.0962,,,,,,,,0.0,,,,,ultralytics,0.0,0
1865,31.1129,,,,,,,,0.0,,,,,ultralytics,0.0,0
1866,31.1296,,,,,,,,0.0,,,,,ultralytics,0.0,0
1867,31.1463,,,,,,,,0.0,,,,,ultralytics,0.0,0
1868,31.1629,,,,,,,,0.0,,,,,ultralytics,0.0,0
1869,31.1796,,,,,,,,0.0,,,,,ultralytics,0.0,0
1870,31.1963,,,,,,,,0.0,,,,,ultralytics,0.0,0
1871,31.213,,,,,,,,0.0,,,,,ultralytics,0.0,0
1872,31.2297,,,,,,,,0.0,,,,,ultralytics,0.0,0
1873,31.2464,,,,,,,,0.0,,,,,ultralytics,0.0,0
1874,31.263,,,,,,,,0.0,,,,,ultralytics,0.0,0
1875,31.2797,,,,,,,,0.0,,,,,ultralytics,0.0,0
1876,31.2964,,,,,,,,0.0,,,,,ultralytics,0.0,0
1877,31.3131,,,,,,,,0.0,,,,,ultralytics,0.0,0
1878,31.3298,,,,,,,,0.0,,,,,ultralytics,0.0,0
1879,31.3464,,,,,,,,0.0,,,,,ultralytics,0.0,0
1880,31.3631,,,,,,,,0.0,,,,,ultralytics,0.0,0
1881,31.3798,,,,,,,,0.0,,,,,ultralytics,0.0,0
1882,31.3965,,,,,,,,0.0,,,,,ultralytics,0.0,0
1883,31.4132,,,,,,,,0.0,,,,,ultralytics,0.0,0
1884,31.4299,,,,,,,,0.0,,,,,ultralytics,0.0,0
1885,31.4465,,,,,,,,0.0,,,,,ultralytics,0.0,0
1886,31.4632,,,,,,,,0.0,,,,,ultralytics,0.0,0
1887,31.4799,,,,,,,,0.0,,,,,ultralytics,0.0,0
1888,31.4966,,,,,,,,0.0,,,,,ultralytics,0.0,0
1889,31.5133,,,,,,,,0.0,,,,,ultralytics,0.0,0
1890,31.53,,,,,,,,0.0,,,,,ultralytics,0.0,0
1891,31.5466,,,,,,,,0.0,,,,,ultralytics,0.0,0
1892,31.5633,,,,,,,,0.0,,,,,ultralytics,0.0,0
1893,31.58,,,,,,,,0.0,,,,,ultralytics,0.0,0
1894,31.5967,,,,,,,,0.0,,,,,ultralytics,0.0,0
1895,31.6134,,,,,,,,0.0,,,,,ultralytics,0.0,0
1896,31.63,,,,,,,,0.0,,,,,ultralytics,0.0,0
1897,31.6467,,,,,,,,0.0,,,,,ultralytics,0.0,0
1898,31.6634,,,,,,,,0.0,,,,,ultralytics,0.0,0
1899,31.6801,,,,,,,,0.0,,,,,ultralytics,0.0,0
1900,31.6968,,,,,,,,0.0,,,,,ultralytics,0.0,0
1901,31.7135,,,,,,,,0.0,,,,,ultralytics,0.0,0
1902,31.7301,,,,,,,,0.0,,,,,ultralytics,0.0,0
1903,31.7468,,,,,,,,0.0,,,,,ultralytics,0.0,0
1904,31.7635,,,,,,,,0.0,,,,,ultralytics,0.0,0
1905,31.7802,,,,,,,,0.0,,,,,ultralytics,0.0,0
1906,31.7969,,,,,,,,0.0,,,,,ultralytics,0.0,0
1907,31.8136,,,,,,,,0.0,,,,,ultralytics,0.0,0
1908,31.8302,,,,,,,,0.0,,,,,ultralytics,0.0,0
1909,31.8469,,,,,,,,0.0,,,,,ultralytics,0.0,0
1910,31.8636,,,,,,,,0.0,,,,,ultralytics,0.0,0
1911,31.8803,,,,,,,,0.0,,,,,ultralytics,0.0,0
1912,31.897,,,,,,,,0.0,,,,,ultralytics,0.0,0
1913,31.9137,,,,,,,,0.0,,,,,ultralytics,0.0,0
1914,31.9303,,,,,,,,0.0,,,,,ultralytics,0.0,0
1915,31.947,,,,,,,,0.0,,,,,ultralytics,0.0,0
1916,31.9637,,,,,,,,0.0,,,,,ultralytics,0.0,0
1917,31.9804,,,,,,,,0.0,,,,,ultralytics,0.0,0
1918,31.9971,,,,,,,,0.0,,,,,ultralytics,0.0,0
1919,32.0137,,,,,,,,0.0,,,,,ultralytics,0.0,0
1920,32.0304,,,,,,,,0.0,,,,,ultralytics,0.0,0
1921,32.0471,,,,,,,,0.0,,,,,ultralytics,0.0,0
1922,32.0638,,,,,,,,0.0,,,,,ultralytics,0.0,0
1923,32.0805,,,,,,,,0.0,,,,,ultralytics,0.0,0
1924,32.0972,,,,,,,,0.0,,,,,ultralytics,0.0,0
1925,32.1138,,,,,,,,0.0,,,,,ultralytics,0.0,0
1926,32.1305,,,,,,,,0.0,,,,,ultralytics,0.0,0
1927,32.1472,,,,,,,,0.0,,,,,ultralytics,0.0,0
1928,32.1639,,,,,,,,0.0,,,,,ultralytics,0.0,0
1929,32.1806,,,,,,,,0.0,,,,,ultralytics,0.0,0
1930,32.1973,,,,,,,,0.0,,,,,ultralytics,0.0,0
1931,32.2139,,,,,,,,0.0,,,,,ultralytics,0.0,0
1932,32.2306,,,,,,,,0.0,,,,,ultralytics,0.0,0
1933,32.2473,,,,,,,,0.0,,,,,ultralytics,0.0,0
1934,32.264,,,,,,,,0.0,,,,,ultralytics,0.0,0
1935,32.2807,,,,,,,,0.0,,,,,ultralytics,0.0,0
1936,32.2973,,,,,,,,0.0,,,,,ultralytics,0.0,0
1937,32.314,,,,,,,,0.0,,,,,ultralytics,0.0,0
1938,32.3307,,,,,,,,0.0,,,,,ultralytics,0.0,0
1939,32.3474,,,,,,,,0.0,,,,,ultralytics,0.0,0
1940,32.3641,,,,,,,,0.0,,,,,ultralytics,0.0,0
1941,32.3808,,,,,,,,0.0,,,,,ultralytics,0.0,0
1942,32.3974,,,,,,,,0.0,,,,,ultralytics,0.0,0
1943,32.4141,,,,,,,,0.0,,,,,ultralytics,0.0,0
1944,32.4308,,,,,,,,0.0,,,,,ultralytics,0.0,0
1945,32.4475,,,,,,,,0.0,,,,,ultralytics,0.0,0
1946,32.4642,,,,,,,,0.0,,,,,ultralytics,0.0,0
1947,32.4809,,,,,,,,0.0,,,,,ultralytics,0.0,0
1948,32.4975,,,,,,,,0.0,,,,,ultralytics,0.0,0
1949,32.5142,,,,,,,,0.0,,,,,ultralytics,0.0,0
1950,32.5309,,,,,,,,0.0,,,,,ultralytics,0.0,0
1951,32.5476,,,,,,,,0.0,,,,,ultralytics,0.0,0
1952,32.5643,,,,,,,,0.0,,,,,ultralytics,0.0,0
1953,32.581,,,,,,,,0.0,,,,,ultralytics,0.0,0
1954,32.5976,,,,,,,,0.0,,,,,ultralytics,0.0,0
1955,32.6143,,,,,,,,0.0,,,,,ultralytics,0.0,0
1956,32.631,,,,,,,,0.0,,,,,ultralytics,0.0,0
1957,32.6477,,,,,,,,0.0,,,,,ultralytics,0.0,0
1958,32.6644,,,,,,,,0.0,,,,,ultralytics,0.0,0
1959,32.681,,,,,,,,0.0,,,,,ultralytics,0.0,0
1960,32.6977,,,,,,,,0.0,,,,,ultralytics,0.0,0
1961,32.7144,,,,,,,,0.0,,,,,ultralytics,0.0,0
1962,32.7311,,,,,,,,0.0,,,,,ultralytics,0.0,0
1963,32.7478,,,,,,,,0.0,,,,,ultralytics,0.0,0
1964,32.7645,,,,,,,,0.0,,,,,ultralytics,0.0,0
1965,32.7811,,,,,,,,0.0,,,,,ultralytics,0.0,0
1966,32.7978,,,,,,,,0.0,,,,,ultralytics,0.0,0
1967,32.8145,,,,,,,,0.0,,,,,ultralytics,0.0,0
1968,32.8312,,,,,,,,0.0,,,,,ultralytics,0.0,0
1969,32.8479,,,,,,,,0.0,,,,,ultralytics,0.0,0
1970,32.8646,,,,,,,,0.0,,,,,ultralytics,0.0,0
1971,32.8812,,,,,,,,0.0,,,,,ultralytics,0.0,0
1972,32.8979,,,,,,,,0.0,,,,,ultralytics,0.0,0
1973,32.9146,,,,,,,,0.0,,,,,ultralytics,0.0,0
1974,32.9313,1126.58,424.69,1908.64,702.24,10.41,,,0.375,1898.23,685.81,1919.05,718.66,ultralytics,0.375,1
1975,32.948,,,,,,,,0.0,,,,,ultralytics,0.0,0
1976,32.9646,,,,,,,,0.0,,,,,ultralytics,0.0,0
1977,32.9813,,,,,,,,0.0,,,,,ultralytics,0.0,0
1978,32.998,,,,,,,,0.0,,,,,ultralytics,0.0,0
1979,33.0147,,,,,,,,0.0,,,,,ultralytics,0.0,0
1980,33.0314,,,,,,,,0.0,,,,,ultralytics,0.0,0
1981,33.0481,,,,,,,,0.0,,,,,ultralytics,0.0,0
1982,33.0647,,,,,,,,0.0,,,,,ultralytics,0.0,0
1983,33.0814,,,,,,,,0.0,,,,,ultralytics,0.0,0
1984,33.0981,,,,,,,,0.0,,,,,ultralytics,0.0,0
1985,33.1148,,,,,,,,0.0,,,,,ultralytics,0.0,0
1986,33.1315,,,,,,,,0.0,,,,,ultralytics,0.0,0
1987,33.1482,,,,,,,,0.0,,,,,ultralytics,0.0,0
1988,33.1648,,,,,,,,0.0,,,,,ultralytics,0.0,0
1989,33.1815,,,,,,,,0.0,,,,,ultralytics,0.0,0
1990,33.1982,,,,,,,,0.0,,,,,ultralytics,0.0,0
1991,33.2149,,,,,,,,0.0,,,,,ultralytics,0.0,0
1992,33.2316,,,,,,,,0.0,,,,,ultralytics,0.0,0
1993,33.2483,,,,,,,,0.0,,,,,ultralytics,0.0,0
1994,33.2649,,,,,,,,0.0,,,,,ultralytics,0.0,0
1995,33.2816,,,,,,,,0.0,,,,,ultralytics,0.0,0
1996,33.2983,,,,,,,,0.0,,,,,ultralytics,0.0,0
1997,33.315,,,,,,,,0.0,,,,,ultralytics,0.0,0
1998,33.3317,,,,,,,,0.0,,,,,ultralytics,0.0,0
1999,33.3483,,,,,,,,0.0,,,,,ultralytics,0.0,0
2000,33.365,,,,,,,,0.0,,,,,ultralytics,0.0,0
2001,33.3817,,,,,,,,0.0,,,,,ultralytics,0.0,0
2002,33.3984,,,,,,,,0.0,,,,,ultralytics,0.0,0
2003,33.4151,,,,,,,,0.0,,,,,ultralytics,0.0,0
2004,33.4318,,,,,,,,0.0,,,,,ultralytics,0.0,0
2005,33.4484,,,,,,,,0.0,,,,,ultralytics,0.0,0
2006,33.4651,,,,,,,,0.0,,,,,ultralytics,0.0,0
2007,33.4818,,,,,,,,0.0,,,,,ultralytics,0.0,0
2008,33.4985,,,,,,,,0.0,,,,,ultralytics,0.0,0
2009,33.5152,,,,,,,,0.0,,,,,ultralytics,0.0,0
2010,33.5319,,,,,,,,0.0,,,,,ultralytics,0.0,0
2011,33.5485,,,,,,,,0.0,,,,,ultralytics,0.0,0
2012,33.5652,,,,,,,,0.0,,,,,ultralytics,0.0,0
2013,33.5819,,,,,,,,0.0,,,,,ultralytics,0.0,0
2014,33.5986,,,,,,,,0.0,,,,,ultralytics,0.0,0
2015,33.6153,,,,,,,,0.0,,,,,ultralytics,0.0,0
2016,33.632,,,,,,,,0.0,,,,,ultralytics,0.0,0
2017,33.6486,,,,,,,,0.0,,,,,ultralytics,0.0,0
2018,33.6653,,,,,,,,0.0,,,,,ultralytics,0.0,0
2019,33.682,,,,,,,,0.0,,,,,ultralytics,0.0,0
2020,33.6987,,,,,,,,0.0,,,,,ultralytics,0.0,0
2021,33.7154,,,,,,,,0.0,,,,,ultralytics,0.0,0
2022,33.732,,,,,,,,0.0,,,,,ultralytics,0.0,0
2023,33.7487,,,,,,,,0.0,,,,,ultralytics,0.0,0
2024,33.7654,,,,,,,,0.0,,,,,ultralytics,0.0,0
2025,33.7821,,,,,,,,0.0,,,,,ultralytics,0.0,0
2026,33.7988,,,,,,,,0.0,,,,,ultralytics,0.0,0
2027,33.8155,,,,,,,,0.0,,,,,ultralytics,0.0,0
2028,33.8321,,,,,,,,0.0,,,,,ultralytics,0.0,0
2029,33.8488,,,,,,,,0.0,,,,,ultralytics,0.0,0
2030,33.8655,,,,,,,,0.0,,,,,ultralytics,0.0,0
2031,33.8822,,,,,,,,0.0,,,,,ultralytics,0.0,0
2032,33.8989,,,,,,,,0.0,,,,,ultralytics,0.0,0
2033,33.9156,,,,,,,,0.0,,,,,ultralytics,0.0,0
2034,33.9322,,,,,,,,0.0,,,,,ultralytics,0.0,0
2035,33.9489,,,,,,,,0.0,,,,,ultralytics,0.0,0
2036,33.9656,,,,,,,,0.0,,,,,ultralytics,0.0,0
2037,33.9823,,,,,,,,0.0,,,,,ultralytics,0.0,0
2038,33.999,,,,,,,,0.0,,,,,ultralytics,0.0,0
2039,34.0156,,,,,,,,0.0,,,,,ultralytics,0.0,0
2040,34.0323,,,,,,,,0.0,,,,,ultralytics,0.0,0
2041,34.049,,,,,,,,0.0,,,,,ultralytics,0.0,0
2042,34.0657,,,,,,,,0.0,,,,,ultralytics,0.0,0
2043,34.0824,,,,,,,,0.0,,,,,ultralytics,0.0,0
2044,34.0991,,,,,,,,0.0,,,,,ultralytics,0.0,0
2045,34.1157,,,,,,,,0.0,,,,,ultralytics,0.0,0
2046,34.1324,,,,,,,,0.0,,,,,ultralytics,0.0,0
2047,34.1491,,,,,,,,0.0,,,,,ultralytics,0.0,0
2048,34.1658,,,,,,,,0.0,,,,,ultralytics,0.0,0
2049,34.1825,,,,,,,,0.0,,,,,ultralytics,0.0,0
2050,34.1992,,,,,,,,0.0,,,,,ultralytics,0.0,0
2051,34.2158,,,,,,,,0.0,,,,,ultralytics,0.0,0
2052,34.2325,,,,,,,,0.0,,,,,ultralytics,0.0,0
2053,34.2492,,,,,,,,0.0,,,,,ultralytics,0.0,0
2054,34.2659,,,,,,,,0.0,,,,,ultralytics,0.0,0
