frame_index,timestamp_s,ball_x,ball_y,raw_ball_x,raw_ball_y,radius_px,circularity,v_at_center,raw_confidence,bbox_x0,bbox_y0,bbox_x1,bbox_y1,tracking_backend,confidence,n_candidates
0,0.0,,,,,,,,0.0,,,,,blob,0.0,0
1,0.0167,959.94,494.31,1365.17,710.56,10.93,0.769,246,0.742,,,,,blob,0.742,1
2,0.0334,1298.3,660.04,1372.39,699.13,10.95,0.77,246,0.743,,,,,blob,0.743,1
3,0.05,1379.33,688.72,1379.29,688.22,11.04,0.842,247,0.816,,,,,blob,0.816,1
4,0.0667,1386.29,678.94,1386.4,678.51,10.75,0.902,246,0.87,,,,,blob,0.87,1
5,0.0834,1393.01,669.96,1393.13,669.72,10.63,0.882,247,0.854,,,,,blob,0.854,1
6,0.1001,1397.87,660.63,1400.14,661.69,10.57,0.844,245,0.811,,,,,blob,0.811,1
7,0.1168,1396.84,648.4,1403.51,652.14,11.56,0.727,243,0.693,,,,,blob,0.693,1
8,0.1335,1387.6,631.8,1388.53,632.15,10.61,0.765,244,0.732,,,,,blob,0.732,2
9,0.1501,1373.78,613.11,1373.69,612.62,10.92,0.754,245,0.724,,,,,blob,0.724,2
10,0.1668,1359.09,594.75,1359.15,594.19,10.63,0.757,246,0.73,,,,,blob,0.73,2
11,0.1835,1344.5,577.4,1344.23,577.09,10.81,0.844,244,0.807,,,,,blob,0.807,1
12,0.2002,1329.96,560.85,1330.36,560.59,10.94,0.746,244,0.714,,,,,blob,0.714,1
13,0.2169,1315.24,544.93,1315.1,544.65,10.92,0.811,245,0.779,,,,,blob,0.779,1
14,0.2336,1300.46,529.74,1300.5,529.26,11.24,0.821,249,0.802,,,,,blob,0.802,2
15,0.2502,1285.81,515.52,1285.53,514.92,10.7,0.82,247,0.794,,,,,blob,0.794,1
16,0.2669,1271.3,502.18,1271.51,502.04,10.73,0.703,247,0.681,,,,,blob,0.681,1
17,0.2836,1256.63,489.24,1256.82,489.74,10.9,0.64,246,0.617,,,,,blob,0.617,1
18,0.3003,1240.23,476.23,1241.61,474.77,13.52,0.522,245,0.502,,,,,blob,0.502,1
19,0.317,1218.41,461.99,1227.04,467.33,12.33,0.492,245,0.472,,,,,blob,0.472,1
20,0.3337,,,,,,,,0.0,,,,,blob,0.0,0
21,0.3503,,,,,,,,0.0,,,,,blob,0.0,0
22,0.367,1192.06,446.48,1183.48,440.6,11.79,0.78,245,0.75,,,,,blob,0.75,1
23,0.3837,1170.18,434.7,1168.74,433.44,11.78,0.769,245,0.739,,,,,blob,0.739,1
24,0.4004,1153.75,427.14,1153.56,426.63,11.97,0.845,245,0.812,,,,,blob,0.812,2
25,0.4171,1139.09,421.48,1138.9,421.08,11.6,0.704,245,0.676,,,,,blob,0.676,1
26,0.4337,1124.66,416.72,1124.75,416.37,11.69,0.732,246,0.707,,,,,blob,0.707,1
27,0.4504,1110.23,412.79,1110.26,412.37,11.64,0.814,245,0.782,,,,,blob,0.782,2
28,0.4671,1095.67,409.72,1095.79,409.34,11.66,0.79,246,0.762,,,,,blob,0.762,1
29,0.4838,1080.97,407.49,1081.03,407.07,11.73,0.721,246,0.696,,,,,blob,0.696,2
30,0.5005,1065.55,405.8,1065.92,405.82,11.49,0.746,246,0.72,,,,,blob,0.72,2
31,0.5172,1047.33,404.35,1052.35,404.97,11.01,0.849,247,0.822,,,,,blob,0.822,1
32,0.5338,,,,,,,,0.0,,,,,blob,0.0,0
33,0.5505,1026.21,404.59,1022.29,400.07,5.47,0.584,247,0.566,,,,,blob,0.566,1
34,0.5672,1007.17,407.97,1005.48,409.68,9.57,0.468,245,0.45,,,,,blob,0.45,1
35,0.5839,991.71,411.83,991.26,412.31,10.65,0.628,246,0.605,,,,,blob,0.605,1
36,0.6006,977.73,415.16,978.07,414.3,11.63,0.826,250,0.809,,,,,blob,0.809,1
37,0.6173,963.69,419.14,963.8,418.7,11.55,0.753,246,0.727,,,,,blob,0.727,2
38,0.6339,949.43,424.21,949.35,423.86,11.3,0.679,246,0.655,,,,,blob,0.655,1
39,0.6506,935.19,430.15,935.12,429.79,11.33,0.773,246,0.745,,,,,blob,0.745,1
40,0.6673,920.97,436.93,921.17,436.47,11.42,0.777,246,0.75,,,,,blob,0.75,2
41,0.684,906.64,444.63,906.54,444.13,11.81,0.82,246,0.791,,,,,blob,0.791,1
42,0.7007,892.32,453.08,892.28,453.16,12.12,0.719,247,0.696,,,,,blob,0.696,1
43,0.7173,878.05,461.96,878.11,461.56,12.55,0.636,246,0.614,,,,,blob,0.614,1
44,0.734,863.79,471.44,863.71,471.28,13.19,0.571,246,0.551,,,,,blob,0.551,1
45,0.7507,849.45,482.19,849.67,480.36,13.36,0.487,249,0.475,,,,,blob,0.475,1
46,0.7674,834.99,494.45,834.92,495.23,11.95,0.795,245,0.764,,,,,blob,0.764,1
47,0.7841,820.63,507.1,820.42,506.83,10.85,0.769,244,0.736,,,,,blob,0.736,1
48,0.8008,806.62,520.0,806.3,519.58,11.42,0.652,245,0.626,,,,,blob,0.626,1
49,0.8174,792.79,533.8,793.31,533.03,10.51,0.835,247,0.808,,,,,blob,0.808,1
50,0.8341,778.77,548.67,778.48,548.55,11.01,0.788,245,0.757,,,,,blob,0.757,1
51,0.8508,764.68,564.2,764.87,564.09,11.07,0.796,246,0.768,,,,,blob,0.768,1
52,0.8675,750.62,580.29,750.46,579.7,10.98,0.808,247,0.783,,,,,blob,0.783,1
53,0.8842,736.7,597.17,736.53,596.94,10.78,0.878,247,0.85,,,,,blob,0.85,1
54,0.9009,777.71,617.06,723.14,614.36,11.3,0.882,249,0.861,,,,,blob,0.861,2
55,0.9175,1012.77,641.79,708.93,633.25,11.27,0.801,249,0.782,,,,,blob,0.782,2
56,0.9342,,,,,,,,0.0,,,,,blob,0.0,0
57,0.9509,,,,,,,,0.0,,,,,blob,0.0,0
58,0.9676,,,,,,,,0.0,,,,,blob,0.0,0
59,0.9843,,,,,,,,0.0,,,,,blob,0.0,0
60,1.001,,,,,,,,0.0,,,,,blob,0.0,0
61,1.0176,,,,,,,,0.0,,,,,blob,0.0,0
62,1.0343,,,,,,,,0.0,,,,,blob,0.0,0
63,1.051,,,,,,,,0.0,,,,,blob,0.0,0
64,1.0677,,,,,,,,0.0,,,,,blob,0.0,0
65,1.0844,,,,,,,,0.0,,,,,blob,0.0,0
66,1.101,1418.55,663.25,1700.94,691.97,5.81,0.613,192,0.461,,,,,blob,0.461,1
67,1.1177,,,,,,,,0.0,,,,,blob,0.0,0
68,1.1344,,,,,,,,0.0,,,,,blob,0.0,0
69,1.1511,,,,,,,,0.0,,,,,blob,0.0,0
70,1.1678,,,,,,,,0.0,,,,,blob,0.0,0
71,1.1845,,,,,,,,0.0,,,,,blob,0.0,0
72,1.2011,,,,,,,,0.0,,,,,blob,0.0,0
73,1.2178,,,,,,,,0.0,,,,,blob,0.0,0
74,1.2345,,,,,,,,0.0,,,,,blob,0.0,0
75,1.2512,1596.58,657.42,1747.93,647.79,4.89,0.539,209,0.442,,,,,blob,0.442,1
76,1.2679,,,,,,,,0.0,,,,,blob,0.0,0
77,1.2846,,,,,,,,0.0,,,,,blob,0.0,0
78,1.3012,,,,,,,,0.0,,,,,blob,0.0,0
79,1.3179,,,,,,,,0.0,,,,,blob,0.0,0
80,1.3346,1304.3,595.77,1731.48,703.63,5.31,0.544,174,0.371,,,,,blob,0.371,1
81,1.3513,,,,,,,,0.0,,,,,blob,0.0,0
82,1.368,,,,,,,,0.0,,,,,blob,0.0,0
83,1.3846,,,,,,,,0.0,,,,,blob,0.0,0
84,1.4013,,,,,,,,0.0,,,,,blob,0.0,0
85,1.418,,,,,,,,0.0,,,,,blob,0.0,0
86,1.4347,723.55,480.13,293.64,390.74,5.71,0.507,182,0.362,,,,,blob,0.362,1
87,1.4514,392.1,409.19,292.51,388.42,5.38,0.501,180,0.353,,,,,blob,0.353,1
88,1.4681,,,,,,,,0.0,,,,,blob,0.0,0
89,1.4847,397.59,403.16,290.34,382.39,5.43,0.54,179,0.379,,,,,blob,0.379,1
90,1.5014,,,,,,,,0.0,,,,,blob,0.0,0
91,1.5181,,,,,,,,0.0,,,,,blob,0.0,0
92,1.5348,,,,,,,,0.0,,,,,blob,0.0,0
93,1.5515,,,,,,,,0.0,,,,,blob,0.0,0
94,1.5682,,,,,,,,0.0,,,,,blob,0.0,0
95,1.5848,503.71,402.5,686.01,471.1,5.64,0.475,239,0.445,,,,,blob,0.445,1
96,1.6015,,,,,,,,0.0,,,,,blob,0.0,0
97,1.6182,,,,,,,,0.0,,,,,blob,0.0,0
98,1.6349,,,,,,,,0.0,,,,,blob,0.0,0
99,1.6516,,,,,,,,0.0,,,,,blob,0.0,0
100,1.6683,,,,,,,,0.0,,,,,blob,0.0,0
101,1.6849,,,,,,,,0.0,,,,,blob,0.0,0
102,1.7016,,,,,,,,0.0,,,,,blob,0.0,0
103,1.7183,545.72,371.24,472.28,330.56,5.75,0.61,239,0.572,,,,,blob,0.572,1
104,1.735,691.69,365.17,464.99,322.24,5.29,0.618,244,0.592,,,,,blob,0.592,1
105,1.7517,,,,,,,,0.0,,,,,blob,0.0,0
106,1.7683,,,,,,,,0.0,,,,,blob,0.0,0
107,1.785,,,,,,,,0.0,,,,,blob,0.0,0
108,1.8017,,,,,,,,0.0,,,,,blob,0.0,0
109,1.8184,,,,,,,,0.0,,,,,blob,0.0,0
110,1.8351,,,,,,,,0.0,,,,,blob,0.0,0
111,1.8518,,,,,,,,0.0,,,,,blob,0.0,0
112,1.8684,,,,,,,,0.0,,,,,blob,0.0,0
113,1.8851,,,,,,,,0.0,,,,,blob,0.0,0
114,1.9018,1059.41,399.18,1076.88,432.81,5.79,0.555,236,0.514,,,,,blob,0.514,1
115,1.9185,,,,,,,,0.0,,,,,blob,0.0,1
116,1.9352,,,,,,,,0.0,,,,,blob,0.0,0
117,1.9519,,,,,,,,0.0,,,,,blob,0.0,0
118,1.9685,,,,,,,,0.0,,,,,blob,0.0,0
119,1.9852,,,,,,,,0.0,,,,,blob,0.0,0
120,2.0019,1430.18,425.38,1629.43,428.4,5.89,0.608,196,0.467,,,,,blob,0.467,2
121,2.0186,1596.86,433.69,1626.85,433.19,5.28,0.746,192,0.562,,,,,blob,0.562,1
122,2.0353,1605.89,443.96,1625.12,437.99,4.42,0.673,189,0.498,,,,,blob,0.498,1
123,2.0519,1530.08,479.02,1622.59,442.77,4.55,0.715,187,0.524,,,,,blob,0.524,1
124,2.0686,,,,,,,,0.0,,,,,blob,0.0,1
125,2.0853,,,,,,,,0.0,,,,,blob,0.0,0
126,2.102,1451.7,547.39,1271.55,557.24,4.95,0.558,242,0.529,,,,,blob,0.529,1
127,2.1187,,,,,,,,0.0,,,,,blob,0.0,0
128,2.1354,1422.75,602.06,1482.51,626.02,4.62,0.471,181,0.334,,,,,blob,0.334,1
129,2.152,1229.64,577.01,1705.4,700.47,5.11,0.679,179,0.476,,,,,blob,0.476,1
130,2.1687,,,,,,,,0.0,,,,,blob,0.0,0
131,2.1854,,,,,,,,0.0,,,,,blob,0.0,0
132,2.2021,,,,,,,,0.0,,,,,blob,0.0,0
133,2.2188,,,,,,,,0.0,,,,,blob,0.0,0
134,2.2355,928.61,494.85,192.16,344.09,4.42,0.611,174,0.417,,,,,blob,0.417,1
135,2.2521,,,,,,,,0.0,,,,,blob,0.0,1
136,2.2688,,,,,,,,0.0,,,,,blob,0.0,0
137,2.2855,,,,,,,,0.0,,,,,blob,0.0,0
138,2.3022,,,,,,,,0.0,,,,,blob,0.0,0
139,2.3189,,,,,,,,0.0,,,,,blob,0.0,0
140,2.3356,,,,,,,,0.0,,,,,blob,0.0,0
141,2.3522,,,,,,,,0.0,,,,,blob,0.0,0
142,2.3689,,,,,,,,0.0,,,,,blob,0.0,0
143,2.3856,991.95,467.5,1188.78,508.84,5.03,0.471,244,0.451,,,,,blob,0.451,1
144,2.4023,1253.76,450.84,1169.13,493.44,9.18,0.477,246,0.46,,,,,blob,0.46,2
145,2.419,,,,,,,,0.0,,,,,blob,0.0,1
146,2.4356,,,,,,,,0.0,,,,,blob,0.0,0
147,2.4523,,,,,,,,0.0,,,,,blob,0.0,0
148,2.469,,,,,,,,0.0,,,,,blob,0.0,0
149,2.4857,,,,,,,,0.0,,,,,blob,0.0,0
150,2.5024,,,,,,,,0.0,,,,,blob,0.0,0
151,2.5191,,,,,,,,0.0,,,,,blob,0.0,0
152,2.5357,,,,,,,,0.0,,,,,blob,0.0,0
153,2.5524,,,,,,,,0.0,,,,,blob,0.0,0
154,2.5691,,,,,,,,0.0,,,,,blob,0.0,0
155,2.5858,,,,,,,,0.0,,,,,blob,0.0,0
156,2.6025,1482.39,413.54,1614.44,365.95,5.05,0.553,204,0.443,,,,,blob,0.443,1
157,2.6192,1512.11,412.58,1615.38,363.38,5.53,0.639,205,0.514,,,,,blob,0.514,1
158,2.6358,,,,,,,,0.0,,,,,blob,0.0,0
159,2.6525,,,,,,,,0.0,,,,,blob,0.0,0
160,2.6692,,,,,,,,0.0,,,,,blob,0.0,0
161,2.6859,,,,,,,,0.0,,,,,blob,0.0,0
162,2.7026,,,,,,,,0.0,,,,,blob,0.0,0
163,2.7192,1190.58,428.78,1608.19,536.62,8.59,0.472,190,0.352,,,,,blob,0.352,1
164,2.7359,,,,,,,,0.0,,,,,blob,0.0,0
165,2.7526,,,,,,,,0.0,,,,,blob,0.0,0
166,2.7693,,,,,,,,0.0,,,,,blob,0.0,0
167,2.786,623.65,395.54,202.73,348.31,5.79,0.595,187,0.436,,,,,blob,0.436,1
168,2.8027,292.94,384.06,204.4,348.58,4.95,0.727,195,0.556,,,,,blob,0.556,1
169,2.8193,,,,,,,,0.0,,,,,blob,0.0,0
170,2.836,264.23,477.72,208.73,354.84,6.14,0.46,175,0.316,,,,,blob,0.316,1
171,2.8527,,,,,,,,0.0,,,,,blob,0.0,0
172,2.8694,,,,,,,,0.0,,,,,blob,0.0,0
173,2.8861,,,,,,,,0.0,,,,,blob,0.0,0
174,2.9028,,,,,,,,0.0,,,,,blob,0.0,0
175,2.9194,,,,,,,,0.0,,,,,blob,0.0,0
176,2.9361,,,,,,,,0.0,,,,,blob,0.0,0
177,2.9528,,,,,,,,0.0,,,,,blob,0.0,0
178,2.9695,,,,,,,,0.0,,,,,blob,0.0,0
179,2.9862,,,,,,,,0.0,,,,,blob,0.0,0
180,3.0029,,,,,,,,0.0,,,,,blob,0.0,0
181,3.0195,,,,,,,,0.0,,,,,blob,0.0,0
182,3.0362,,,,,,,,0.0,,,,,blob,0.0,0
183,3.0529,,,,,,,,0.0,,,,,blob,0.0,0
184,3.0696,,,,,,,,0.0,,,,,blob,0.0,0
185,3.0863,,,,,,,,0.0,,,,,blob,0.0,0
186,3.1029,327.83,635.29,413.65,784.87,14.33,0.603,244,0.577,,,,,blob,0.577,1
187,3.1196,,,,,,,,0.0,,,,,blob,0.0,0
188,3.1363,,,,,,,,0.0,,,,,blob,0.0,0
189,3.153,,,,,,,,0.0,,,,,blob,0.0,0
190,3.1697,,,,,,,,0.0,,,,,blob,0.0,0
191,3.1864,,,,,,,,0.0,,,,,blob,0.0,0
192,3.203,342.47,710.35,334.29,717.25,9.18,0.774,243,0.737,,,,,blob,0.737,2
193,3.2197,325.65,710.43,321.86,706.32,9.11,0.754,242,0.716,,,,,blob,0.716,2
194,3.2364,309.65,697.88,310.02,698.97,7.27,0.777,245,0.747,,,,,blob,0.747,1
195,3.2531,298.63,687.65,297.04,687.17,7.7,0.759,244,0.727,,,,,blob,0.727,1
196,3.2698,295.36,674.09,284.07,680.64,8.51,0.793,244,0.759,,,,,blob,0.759,1
197,3.2865,,,,,,,,0.0,,,,,blob,0.0,0
198,3.3031,308.57,654.34,301.31,653.3,10.54,0.728,245,0.7,,,,,blob,0.7,1
199,3.3198,327.43,617.64,329.95,635.43,7.63,0.739,242,0.701,,,,,blob,0.701,1
200,3.3365,,,,,,,,0.0,,,,,blob,0.0,0
201,3.3532,387.4,547.2,387.68,596.09,7.52,0.536,244,0.513,,,,,blob,0.513,1
202,3.3699,,,,,,,,0.0,,,,,blob,0.0,0
203,3.3866,,,,,,,,0.0,,,,,blob,0.0,0
204,3.4032,,,,,,,,0.0,,,,,blob,0.0,0
205,3.4199,,,,,,,,0.0,,,,,blob,0.0,0
206,3.4366,,,,,,,,0.0,,,,,blob,0.0,0
207,3.4533,,,,,,,,0.0,,,,,blob,0.0,0
208,3.47,,,,,,,,0.0,,,,,blob,0.0,0
209,3.4866,,,,,,,,0.0,,,,,blob,0.0,0
210,3.5033,,,,,,,,0.0,,,,,blob,0.0,0
211,3.52,,,,,,,,0.0,,,,,blob,0.0,0
212,3.5367,,,,,,,,0.0,,,,,blob,0.0,0
213,3.5534,,,,,,,,0.0,,,,,blob,0.0,0
214,3.5701,,,,,,,,0.0,,,,,blob,0.0,0
215,3.5867,,,,,,,,0.0,,,,,blob,0.0,0
216,3.6034,629.5,476.26,199.22,360.04,4.64,0.566,178,0.395,,,,,blob,0.395,1
217,3.6201,,,,,,,,0.0,,,,,blob,0.0,0
218,3.6368,,,,,,,,0.0,,,,,blob,0.0,0
219,3.6535,,,,,,,,0.0,,,,,blob,0.0,0
220,3.6702,995.42,460.09,1572.24,523.14,5.86,0.455,198,0.353,,,,,blob,0.353,1
221,3.6868,,,,,,,,0.0,,,,,blob,0.0,0
222,3.7035,,,,,,,,0.0,,,,,blob,0.0,0
223,3.7202,,,,,,,,0.0,,,,,blob,0.0,0
224,3.7369,,,,,,,,0.0,,,,,blob,0.0,0
225,3.7536,1095.53,454.19,967.12,428.67,6.72,0.696,242,0.661,,,,,blob,0.661,2
226,3.7702,,,,,,,,0.0,,,,,blob,0.0,0
227,3.7869,,,,,,,,0.0,,,,,blob,0.0,0
228,3.8036,1084.28,448.66,1036.12,447.44,8.42,0.477,246,0.461,,,,,blob,0.461,1
229,3.8203,1181.08,452.33,1070.48,458.2,5.43,0.487,244,0.466,,,,,blob,0.466,1
230,3.837,,,,,,,,0.0,,,,,blob,0.0,1
231,3.8537,,,,,,,,0.0,,,,,blob,0.0,0
232,3.8703,1308.65,472.78,1539.18,430.11,5.43,0.487,189,0.361,,,,,blob,0.361,1
233,3.887,,,,,,,,0.0,,,,,blob,0.0,0
234,3.9037,,,,,,,,0.0,,,,,blob,0.0,0
235,3.9204,,,,,,,,0.0,,,,,blob,0.0,0
236,3.9371,,,,,,,,0.0,,,,,blob,0.0,0
237,3.9538,,,,,,,,0.0,,,,,blob,0.0,0
238,3.9704,,,,,,,,0.0,,,,,blob,0.0,0
239,3.9871,1286.52,505.6,1257.01,554.08,5.32,0.553,240,0.52,,,,,blob,0.52,1
240,4.0038,,,,,,,,0.0,,,,,blob,0.0,0
241,4.0205,,,,,,,,0.0,,,,,blob,0.0,0
242,4.0372,,,,,,,,0.0,,,,,blob,0.0,0
243,4.0539,,,,,,,,0.0,,,,,blob,0.0,0
244,4.0705,,,,,,,,0.0,,,,,blob,0.0,0
245,4.0872,,,,,,,,0.0,,,,,blob,0.0,0
246,4.1039,,,,,,,,0.0,,,,,blob,0.0,0
247,4.1206,,,,,,,,0.0,,,,,blob,0.0,0
248,4.1373,,,,,,,,0.0,,,,,blob,0.0,0
249,4.1539,,,,,,,,0.0,,,,,blob,0.0,0
250,4.1706,,,,,,,,0.0,,,,,blob,0.0,0
251,4.1873,,,,,,,,0.0,,,,,blob,0.0,0
252,4.204,1185.4,513.21,1176.6,514.39,7.82,0.456,247,0.441,,,,,blob,0.441,1
253,4.2207,,,,,,,,0.0,,,,,blob,0.0,0
254,4.2374,,,,,,,,0.0,,,,,blob,0.0,0
255,4.254,,,,,,,,0.0,,,,,blob,0.0,0
256,4.2707,,,,,,,,0.0,,,,,blob,0.0,0
257,4.2874,,,,,,,,0.0,,,,,blob,0.0,0
258,4.3041,,,,,,,,0.0,,,,,blob,0.0,0
259,4.3208,1098.44,502.31,1080.84,493.75,6.83,0.454,240,0.427,,,,,blob,0.427,1
260,4.3375,994.08,490.67,1044.32,491.57,8.09,0.555,244,0.532,,,,,blob,0.532,1
261,4.3541,,,,,,,,0.0,,,,,blob,0.0,0
262,4.3708,,,,,,,,0.0,,,,,blob,0.0,0
263,4.3875,,,,,,,,0.0,,,,,blob,0.0,0
264,4.4042,,,,,,,,0.0,,,,,blob,0.0,0
265,4.4209,794.69,472.24,962.18,507.71,4.92,0.56,240,0.527,,,,,blob,0.527,1
266,4.4375,,,,,,,,0.0,,,,,blob,0.0,1
267,4.4542,,,,,,,,0.0,,,,,blob,0.0,0
268,4.4709,618.99,469.05,194.43,370.05,5.74,0.605,185,0.439,,,,,blob,0.439,1
269,4.4876,,,,,,,,0.0,,,,,blob,0.0,0
270,4.5043,,,,,,,,0.0,,,,,blob,0.0,0
271,4.521,,,,,,,,0.0,,,,,blob,0.0,0
272,4.5376,720.88,524.05,842.38,560.02,5.14,0.47,240,0.442,,,,,blob,0.442,1
273,4.5543,,,,,,,,0.0,,,,,blob,0.0,1
274,4.571,,,,,,,,0.0,,,,,blob,0.0,0
275,4.5877,958.7,594.19,791.56,597.17,5.89,0.534,240,0.503,,,,,blob,0.503,1
276,4.6044,,,,,,,,0.0,,,,,blob,0.0,0
277,4.6211,,,,,,,,0.0,,,,,blob,0.0,0
278,4.6377,,,,,,,,0.0,,,,,blob,0.0,0
279,4.6544,1028.12,639.19,1624.38,637.02,4.55,0.475,172,0.321,,,,,blob,0.321,1
280,4.6711,,,,,,,,0.0,,,,,blob,0.0,0
281,4.6878,,,,,,,,0.0,,,,,blob,0.0,0
282,4.7045,,,,,,,,0.0,,,,,blob,0.0,0
283,4.7212,,,,,,,,0.0,,,,,blob,0.0,0
284,4.7378,,,,,,,,0.0,,,,,blob,0.0,0
285,4.7545,,,,,,,,0.0,,,,,blob,0.0,0
286,4.7712,,,,,,,,0.0,,,,,blob,0.0,0
287,4.7879,,,,,,,,0.0,,,,,blob,0.0,0
288,4.8046,,,,,,,,0.0,,,,,blob,0.0,0
289,4.8212,,,,,,,,0.0,,,,,blob,0.0,0
290,4.8379,,,,,,,,0.0,,,,,blob,0.0,0
291,4.8546,,,,,,,,0.0,,,,,blob,0.0,0
292,4.8713,,,,,,,,0.0,,,,,blob,0.0,0
293,4.888,,,,,,,,0.0,,,,,blob,0.0,0
294,4.9047,,,,,,,,0.0,,,,,blob,0.0,0
295,4.9213,716.68,623.34,495.95,757.47,5.2,0.452,238,0.422,,,,,blob,0.422,2
296,4.938,,,,,,,,0.0,,,,,blob,0.0,0
297,4.9547,412.95,561.14,253.18,392.62,5.48,0.481,197,0.371,,,,,blob,0.371,1
298,4.9714,,,,,,,,0.0,,,,,blob,0.0,0
299,4.9881,,,,,,,,0.0,,,,,blob,0.0,0
300,5.0048,,,,,,,,0.0,,,,,blob,0.0,0
301,5.0214,436.64,563.65,282.06,631.1,6.38,0.684,193,0.518,,,,,blob,0.518,1
302,5.0381,,,,,,,,0.0,,,,,blob,0.0,0
303,5.0548,,,,,,,,0.0,,,,,blob,0.0,0
304,5.0715,,,,,,,,0.0,,,,,blob,0.0,0
305,5.0882,,,,,,,,0.0,,,,,blob,0.0,0
306,5.1048,,,,,,,,0.0,,,,,blob,0.0,0
307,5.1215,,,,,,,,0.0,,,,,blob,0.0,0
308,5.1382,,,,,,,,0.0,,,,,blob,0.0,0
309,5.1549,,,,,,,,0.0,,,,,blob,0.0,0
310,5.1716,,,,,,,,0.0,,,,,blob,0.0,0
311,5.1883,,,,,,,,0.0,,,,,blob,0.0,0
312,5.2049,,,,,,,,0.0,,,,,blob,0.0,0
313,5.2216,,,,,,,,0.0,,,,,blob,0.0,0
314,5.2383,808.83,616.28,596.62,537.12,5.79,0.49,244,0.468,,,,,blob,0.468,1
315,5.255,,,,,,,,0.0,,,,,blob,0.0,0
316,5.2717,,,,,,,,0.0,,,,,blob,0.0,0
317,5.2884,,,,,,,,0.0,,,,,blob,0.0,0
318,5.305,,,,,,,,0.0,,,,,blob,0.0,0
319,5.3217,,,,,,,,0.0,,,,,blob,0.0,0
320,5.3384,1302.37,668.76,1624.68,756.79,4.69,0.525,203,0.418,,,,,blob,0.418,2
321,5.3551,,,,,,,,0.0,,,,,blob,0.0,0
322,5.3718,,,,,,,,0.0,,,,,blob,0.0,0
323,5.3885,,,,,,,,0.0,,,,,blob,0.0,0
324,5.4051,1567.38,620.27,1636.91,728.68,6.17,0.558,182,0.398,,,,,blob,0.398,1
325,5.4218,,,,,,,,0.0,,,,,blob,0.0,0
326,5.4385,,,,,,,,0.0,,,,,blob,0.0,0
327,5.4552,1612.05,484.57,1604.75,377.35,5.12,0.61,189,0.452,,,,,blob,0.452,1
328,5.4719,1601.54,398.95,1600.14,379.3,4.98,0.619,183,0.444,,,,,blob,0.444,1
329,5.4885,1594.92,382.55,1595.26,382.41,5.29,0.516,186,0.377,,,,,blob,0.377,1
330,5.5052,1588.59,386.2,1590.34,385.28,5.16,0.471,190,0.351,,,,,blob,0.351,1
331,5.5219,,,,,,,,0.0,,,,,blob,0.0,0
332,5.5386,1550.94,393.64,1579.75,391.09,4.6,0.603,194,0.459,,,,,blob,0.459,1
333,5.5553,1369.42,414.97,1573.8,394.99,4.51,0.487,190,0.363,,,,,blob,0.363,1
334,5.572,,,,,,,,0.0,,,,,blob,0.0,0
335,5.5886,1017.19,461.16,1014.73,455.22,4.62,0.605,240,0.569,,,,,blob,0.569,2
336,5.6053,,,,,,,,0.0,,,,,blob,0.0,1
337,5.622,,,,,,,,0.0,,,,,blob,0.0,0
338,5.6387,,,,,,,,0.0,,,,,blob,0.0,0
339,5.6554,,,,,,,,0.0,,,,,blob,0.0,0
340,5.6721,,,,,,,,0.0,,,,,blob,0.0,0
341,5.6887,,,,,,,,0.0,,,,,blob,0.0,0
342,5.7054,,,,,,,,0.0,,,,,blob,0.0,0
343,5.7221,,,,,,,,0.0,,,,,blob,0.0,0
344,5.7388,,,,,,,,0.0,,,,,blob,0.0,0
345,5.7555,,,,,,,,0.0,,,,,blob,0.0,0
346,5.7722,,,,,,,,0.0,,,,,blob,0.0,0
347,5.7888,848.57,530.94,285.28,518.85,4.9,0.497,182,0.355,,,,,blob,0.355,1
348,5.8055,,,,,,,,0.0,,,,,blob,0.0,1
349,5.8222,,,,,,,,0.0,,,,,blob,0.0,0
350,5.8389,1132.21,597.71,1258.36,613.12,5.2,0.528,242,0.501,,,,,blob,0.501,1
351,5.8556,,,,,,,,0.0,,,,,blob,0.0,1
352,5.8722,,,,,,,,0.0,,,,,blob,0.0,0
353,5.8889,,,,,,,,0.0,,,,,blob,0.0,0
354,5.9056,,,,,,,,0.0,,,,,blob,0.0,0
355,5.9223,,,,,,,,0.0,,,,,blob,0.0,0
356,5.939,,,,,,,,0.0,,,,,blob,0.0,0
357,5.9557,,,,,,,,0.0,,,,,blob,0.0,0
358,5.9723,,,,,,,,0.0,,,,,blob,0.0,0
359,5.989,,,,,,,,0.0,,,,,blob,0.0,0
360,6.0057,,,,,,,,0.0,,,,,blob,0.0,0
361,6.0224,,,,,,,,0.0,,,,,blob,0.0,0
362,6.0391,,,,,,,,0.0,,,,,blob,0.0,0
363,6.0558,,,,,,,,0.0,,,,,blob,0.0,0
364,6.0724,,,,,,,,0.0,,,,,blob,0.0,0
365,6.0891,1472.34,589.78,1704.31,727.3,4.37,0.509,188,0.375,,,,,blob,0.375,2
366,6.1058,,,,,,,,0.0,,,,,blob,0.0,0
367,6.1225,1574.62,489.55,1549.31,398.97,5.4,0.562,209,0.461,,,,,blob,0.461,1
368,6.1392,,,,,,,,0.0,,,,,blob,0.0,0
369,6.1558,1566.79,413.56,1559.39,395.03,5.73,0.604,205,0.486,,,,,blob,0.486,1
370,6.1725,1564.66,393.79,1564.98,393.37,5.63,0.561,210,0.462,,,,,blob,0.462,1
371,6.1892,1570.2,392.54,1570.39,392.61,6.22,0.59,204,0.472,,,,,blob,0.472,1
372,6.2059,1575.03,391.58,1575.65,391.48,5.84,0.669,209,0.548,,,,,blob,0.548,1
373,6.2226,1579.91,390.91,1578.5,390.55,6.45,0.468,189,0.347,,,,,blob,0.347,1
374,6.2393,1585.9,390.65,1585.8,390.58,6.33,0.66,197,0.51,,,,,blob,0.51,1
375,6.2559,1593.34,390.37,1592.62,390.73,6.81,0.549,200,0.431,,,,,blob,0.431,1
376,6.2726,1606.66,404.21,1599.94,390.4,6.82,0.65,198,0.505,,,,,blob,0.505,1
377,6.2893,,,,,,,,0.0,,,,,blob,0.0,0
378,6.306,,,,,,,,0.0,,,,,blob,0.0,0
379,6.3227,1634.2,469.23,1617.69,386.49,5.94,0.51,200,0.4,,,,,blob,0.4,1
380,6.3394,,,,,,,,0.0,,,,,blob,0.0,0
381,6.356,,,,,,,,0.0,,,,,blob,0.0,0
382,6.3727,,,,,,,,0.0,,,,,blob,0.0,0
383,6.3894,,,,,,,,0.0,,,,,blob,0.0,0
384,6.4061,,,,,,,,0.0,,,,,blob,0.0,0
385,6.4228,,,,,,,,0.0,,,,,blob,0.0,0
386,6.4395,1616.49,570.12,1690.6,659.78,7.97,0.539,172,0.364,,,,,blob,0.364,1
387,6.4561,1394.44,604.04,1698.49,658.4,6.02,0.48,180,0.339,,,,,blob,0.339,1
388,6.4728,,,,,,,,0.0,,,,,blob,0.0,0
389,6.4895,987.82,575.41,712.61,514.62,5.38,0.537,242,0.51,,,,,blob,0.51,1
390,6.5062,,,,,,,,0.0,,,,,blob,0.0,0
391,6.5229,,,,,,,,0.0,,,,,blob,0.0,0
392,6.5395,,,,,,,,0.0,,,,,blob,0.0,0
393,6.5562,778.93,573.99,652.96,570.91,5.79,0.505,242,0.48,,,,,blob,0.48,1
394,6.5729,897.6,614.81,634.41,588.4,4.57,0.599,240,0.564,,,,,blob,0.564,1
395,6.5896,,,,,,,,0.0,,,,,blob,0.0,0
396,6.6063,,,,,,,,0.0,,,,,blob,0.0,0
397,6.623,,,,,,,,0.0,,,,,blob,0.0,0
398,6.6396,,,,,,,,0.0,,,,,blob,0.0,0
399,6.6563,,,,,,,,0.0,,,,,blob,0.0,0
400,6.673,1075.76,658.54,1735.05,713.75,5.05,0.635,195,0.485,,,,,blob,0.485,1
401,6.6897,,,,,,,,0.0,,,,,blob,0.0,0
402,6.7064,,,,,,,,0.0,,,,,blob,0.0,0
403,6.7231,,,,,,,,0.0,,,,,blob,0.0,0
404,6.7397,,,,,,,,0.0,,,,,blob,0.0,0
405,6.7564,,,,,,,,0.0,,,,,blob,0.0,0
406,6.7731,,,,,,,,0.0,,,,,blob,0.0,0
407,6.7898,,,,,,,,0.0,,,,,blob,0.0,0
408,6.8065,,,,,,,,0.0,,,,,blob,0.0,0
409,6.8231,,,,,,,,0.0,,,,,blob,0.0,0
410,6.8398,,,,,,,,0.0,,,,,blob,0.0,0
411,6.8565,,,,,,,,0.0,,,,,blob,0.0,0
412,6.8732,,,,,,,,0.0,,,,,blob,0.0,0
413,6.8899,,,,,,,,0.0,,,,,blob,0.0,0
414,6.9066,,,,,,,,0.0,,,,,blob,0.0,0
415,6.9232,,,,,,,,0.0,,,,,blob,0.0,0
416,6.9399,1059.51,660.08,370.54,663.41,5.98,0.539,245,0.518,,,,,blob,0.518,2
417,6.9566,,,,,,,,0.0,,,,,blob,0.0,1
418,6.9733,,,,,,,,0.0,,,,,blob,0.0,0
419,6.99,,,,,,,,0.0,,,,,blob,0.0,0
420,7.0067,,,,,,,,0.0,,,,,blob,0.0,0
421,7.0233,1076.94,635.05,1765.66,630.83,4.87,0.584,212,0.485,,,,,blob,0.485,2
422,7.04,,,,,,,,0.0,,,,,blob,0.0,1
423,7.0567,1086.13,620.53,383.06,597.77,8.47,0.673,249,0.658,,,,,blob,0.658,1
424,7.0734,,,,,,,,0.0,,,,,blob,0.0,0
425,7.0901,,,,,,,,0.0,,,,,blob,0.0,0
426,7.1068,,,,,,,,0.0,,,,,blob,0.0,0
427,7.1234,1319.47,632.4,1605.48,627.44,4.65,0.518,183,0.372,,,,,blob,0.372,1
428,7.1401,1550.3,651.68,1623.8,668.74,5.16,0.553,174,0.377,,,,,blob,0.377,1
429,7.1568,1645.38,657.91,1592.75,662.97,5.7,0.542,197,0.419,,,,,blob,0.419,2
430,7.1735,1694.05,657.43,1736.96,637.59,7.32,0.509,214,0.427,,,,,blob,0.427,2
431,7.1902,1699.77,638.19,1760.42,693.55,10.36,0.461,198,0.358,,,,,blob,0.358,1
432,7.2068,,,,,,,,0.0,,,,,blob,0.0,0
433,7.2235,1653.84,552.99,1603.86,606.06,4.41,0.726,173,0.493,,,,,blob,0.493,3
434,7.2402,,,,,,,,0.0,,,,,blob,0.0,0
435,7.2569,1617.44,432.43,1621.84,351.03,7.16,0.49,208,0.399,,,,,blob,0.399,1
436,7.2736,,,,,,,,0.0,,,,,blob,0.0,0
437,7.2903,,,,,,,,0.0,,,,,blob,0.0,0
438,7.3069,1593.98,367.19,1605.87,351.34,6.06,0.457,201,0.36,,,,,blob,0.36,2
439,7.3236,,,,,,,,0.0,,,,,blob,0.0,0
440,7.3403,,,,,,,,0.0,,,,,blob,0.0,0
441,7.357,,,,,,,,0.0,,,,,blob,0.0,0
442,7.3737,,,,,,,,0.0,,,,,blob,0.0,0
443,7.3904,,,,,,,,0.0,,,,,blob,0.0,0
444,7.407,,,,,,,,0.0,,,,,blob,0.0,0
445,7.4237,,,,,,,,0.0,,,,,blob,0.0,0
446,7.4404,1568.31,356.36,1554.62,358.08,7.68,0.458,207,0.372,,,,,blob,0.372,1
447,7.4571,1549.89,359.12,1547.73,358.65,7.25,0.502,207,0.407,,,,,blob,0.407,1
448,7.4738,1540.3,361.82,1539.91,361.3,7.28,0.628,205,0.505,,,,,blob,0.505,1
449,7.4904,1533.32,364.96,1533.33,365.23,8.21,0.55,205,0.442,,,,,blob,0.442,1
450,7.5071,1526.05,368.03,1526.86,368.27,8.01,0.71,203,0.566,,,,,blob,0.566,1
451,7.5238,1517.84,370.82,1518.22,370.77,6.85,0.474,205,0.381,,,,,blob,0.381,2
452,7.5405,1508.66,374.24,1508.65,373.17,6.68,0.469,203,0.373,,,,,blob,0.373,1
453,7.5572,1499.95,393.34,1500.28,377.67,6.46,0.49,196,0.377,,,,,blob,0.377,1
454,7.5739,,,,,,,,0.0,,,,,blob,0.0,0
455,7.5905,1496.17,461.34,1485.28,388.36,5.66,0.473,193,0.358,,,,,blob,0.358,1
456,7.6072,,,,,,,,0.0,,,,,blob,0.0,0
457,7.6239,,,,,,,,0.0,,,,,blob,0.0,0
458,7.6406,,,,,,,,0.0,,,,,blob,0.0,0
459,7.6573,,,,,,,,0.0,,,,,blob,0.0,0
460,7.674,,,,,,,,0.0,,,,,blob,0.0,0
461,7.6906,,,,,,,,0.0,,,,,blob,0.0,0
462,7.7073,1481.32,560.5,1505.98,644.34,6.3,0.47,196,0.361,,,,,blob,0.361,1
463,7.724,1416.6,588.65,1501.73,643.68,7.33,0.578,182,0.412,,,,,blob,0.412,1
464,7.7407,,,,,,,,0.0,,,,,blob,0.0,0
465,7.7574,,,,,,,,0.0,,,,,blob,0.0,0
466,7.7741,,,,,,,,0.0,,,,,blob,0.0,0
467,7.7907,1339.21,537.65,1170.93,522.55,4.97,0.484,245,0.465,,,,,blob,0.465,1
468,7.8074,,,,,,,,0.0,,,,,blob,0.0,0
469,7.8241,,,,,,,,0.0,,,,,blob,0.0,0
470,7.8408,,,,,,,,0.0,,,,,blob,0.0,0
471,7.8575,,,,,,,,0.0,,,,,blob,0.0,0
472,7.8741,,,,,,,,0.0,,,,,blob,0.0,0
473,7.8908,1320.75,492.49,1419.28,428.89,6.58,0.489,190,0.364,,,,,blob,0.364,1
474,7.9075,1276.65,483.82,1328.74,554.84,5.03,0.507,190,0.378,,,,,blob,0.378,1
475,7.9242,,,,,,,,0.0,,,,,blob,0.0,0
476,7.9409,,,,,,,,0.0,,,,,blob,0.0,0
477,7.9576,1240.84,475.47,1047.45,397.04,4.48,0.647,230,0.584,,,,,blob,0.584,1
478,7.9742,,,,,,,,0.0,,,,,blob,0.0,0
479,7.9909,,,,,,,,0.0,,,,,blob,0.0,0
480,8.0076,,,,,,,,0.0,,,,,blob,0.0,0
481,8.0243,,,,,,,,0.0,,,,,blob,0.0,0
482,8.041,1319.24,466.33,1385.48,555.5,10.01,0.51,189,0.378,,,,,blob,0.378,1
483,8.0577,1414.08,427.83,1449.19,387.13,6.26,0.509,203,0.405,,,,,blob,0.405,1
484,8.0743,1450.46,403.31,1455.98,384.44,6.28,0.507,208,0.413,,,,,blob,0.413,1
485,8.091,1455.57,440.7,1461.67,381.59,7.56,0.49,204,0.392,,,,,blob,0.392,1
486,8.1077,1467.08,517.82,1430.08,560.37,4.7,0.45,200,0.353,,,,,blob,0.353,1
487,8.1244,,,,,,,,0.0,,,,,blob,0.0,0
488,8.1411,1493.6,534.63,1529.33,646.78,4.87,0.53,176,0.366,,,,,blob,0.366,1
489,8.1577,,,,,,,,0.0,,,,,blob,0.0,0
490,8.1744,1513.52,492.48,1496.77,369.39,7.46,0.46,209,0.377,,,,,blob,0.377,2
491,8.1911,,,,,,,,0.0,,,,,blob,0.0,1
492,8.2078,1531.69,505.72,1532.05,484.15,5.06,0.647,212,0.537,,,,,blob,0.537,3
493,8.2245,1543.89,517.63,1566.77,679.95,4.6,0.567,203,0.452,,,,,blob,0.452,1
494,8.2412,,,,,,,,0.0,,,,,blob,0.0,1
495,8.2578,1540.89,439.14,1530.7,354.13,7.41,0.625,203,0.498,,,,,blob,0.498,1
496,8.2745,1536.9,367.19,1534.16,349.25,6.19,0.781,192,0.588,,,,,blob,0.588,1
497,8.2912,1539.49,345.61,1539.15,345.84,6.3,0.738,188,0.544,,,,,blob,0.544,1
498,8.3079,1544.81,341.81,1545.02,341.27,6.41,0.71,188,0.523,,,,,blob,0.523,1
499,8.3246,1550.48,338.38,1549.84,338.48,6.52,0.628,185,0.455,,,,,blob,0.455,1
500,8.3413,1556.67,335.03,1556.71,335.21,6.43,0.725,185,0.526,,,,,blob,0.526,1
501,8.3579,1563.19,331.61,1563.12,331.4,5.67,0.614,185,0.446,,,,,blob,0.446,1
502,8.3746,1570.11,328.3,1569.77,328.24,5.59,0.777,186,0.567,,,,,blob,0.567,1
503,8.3913,1582.46,346.31,1576.68,325.25,5.56,0.726,187,0.533,,,,,blob,0.533,1
504,8.408,,,,,,,,0.0,,,,,blob,0.0,0
505,8.4247,1611.51,438.49,1587.86,321.68,5.22,0.466,192,0.351,,,,,blob,0.351,1
506,8.4414,,,,,,,,0.0,,,,,blob,0.0,0
507,8.458,,,,,,,,0.0,,,,,blob,0.0,0
508,8.4747,,,,,,,,0.0,,,,,blob,0.0,0
509,8.4914,1650.56,572.18,1677.15,708.19,5.63,0.542,203,0.431,,,,,blob,0.431,1
510,8.5081,1602.63,588.11,1689.83,710.57,5.86,0.647,192,0.487,,,,,blob,0.487,2
511,8.5248,,,,,,,,0.0,,,,,blob,0.0,0
512,8.5414,,,,,,,,0.0,,,,,blob,0.0,0
513,8.5581,1311.28,528.22,1632.91,316.65,5.06,0.495,178,0.345,,,,,blob,0.345,1
514,8.5748,,,,,,,,0.0,,,,,blob,0.0,0
515,8.5915,,,,,,,,0.0,,,,,blob,0.0,0
516,8.6082,840.15,563.2,503.31,628.19,5.77,0.577,242,0.548,,,,,blob,0.548,2
517,8.6249,553.28,631.63,493.44,646.35,9.36,0.713,244,0.683,,,,,blob,0.683,2
518,8.6415,480.05,668.44,480.29,667.98,8.98,0.746,245,0.717,,,,,blob,0.717,3
519,8.6582,467.12,690.62,466.8,690.26,9.32,0.711,245,0.683,,,,,blob,0.683,1
520,8.6749,454.24,713.16,454.46,713.3,10.32,0.694,243,0.661,,,,,blob,0.661,1
521,8.6916,442.11,732.28,440.83,737.41,10.76,0.53,247,0.513,,,,,blob,0.513,1
522,8.7083,430.38,737.44,430.4,751.32,10.79,0.732,242,0.695,,,,,blob,0.695,1
523,8.725,415.24,717.99,423.98,736.13,9.72,0.62,243,0.591,,,,,blob,0.591,1
524,8.7416,,,,,,,,0.0,,,,,blob,0.0,0
525,8.7583,,,,,,,,0.0,,,,,blob,0.0,0
526,8.775,,,,,,,,0.0,,,,,blob,0.0,0
527,8.7917,,,,,,,,0.0,,,,,blob,0.0,0
528,8.8084,384.47,687.65,387.93,665.02,6.98,0.566,245,0.544,,,,,blob,0.544,2
529,8.8251,406.22,678.59,379.61,652.55,6.09,0.604,246,0.583,,,,,blob,0.583,1
530,8.8417,,,,,,,,0.0,,,,,blob,0.0,0
531,8.8584,,,,,,,,0.0,,,,,blob,0.0,0
532,8.8751,,,,,,,,0.0,,,,,blob,0.0,0
533,8.8918,,,,,,,,0.0,,,,,blob,0.0,0
534,8.9085,,,,,,,,0.0,,,,,blob,0.0,0
535,8.9251,709.13,680.73,157.72,731.19,4.5,0.47,205,0.378,,,,,blob,0.378,1
536,8.9418,,,,,,,,0.0,,,,,blob,0.0,0
537,8.9585,,,,,,,,0.0,,,,,blob,0.0,0
538,8.9752,,,,,,,,0.0,,,,,blob,0.0,0
539,8.9919,,,,,,,,0.0,,,,,blob,0.0,0
540,9.0086,,,,,,,,0.0,,,,,blob,0.0,0
541,9.0252,,,,,,,,0.0,,,,,blob,0.0,0
542,9.0419,1229.31,657.89,1780.68,638.62,4.65,0.573,210,0.472,,,,,blob,0.472,1
543,9.0586,1265.32,619.83,1779.14,638.6,5.06,0.717,203,0.571,,,,,blob,0.571,1
544,9.0753,,,,,,,,0.0,,,,,blob,0.0,0
545,9.092,,,,,,,,0.0,,,,,blob,0.0,0
546,9.1087,792.14,577.71,343.29,563.52,6.69,0.504,245,0.484,,,,,blob,0.484,1
547,9.1253,,,,,,,,0.0,,,,,blob,0.0,0
548,9.142,549.96,552.6,398.77,538.02,4.87,0.694,245,0.667,,,,,blob,0.667,1
549,9.1587,,,,,,,,0.0,,,,,blob,0.0,0
550,9.1754,829.27,565.71,459.76,526.69,5.82,0.467,244,0.446,,,,,blob,0.446,1
551,9.1921,,,,,,,,0.0,,,,,blob,0.0,1
552,9.2087,1365.91,599.52,1768.39,641.54,6.15,0.632,203,0.503,,,,,blob,0.503,2
553,9.2254,1611.55,590.43,1766.15,640.56,6.32,0.494,207,0.401,,,,,blob,0.401,1
554,9.2421,,,,,,,,0.0,,,,,blob,0.0,0
555,9.2588,1478.75,529.49,1626.38,493.09,5.63,0.483,187,0.354,,,,,blob,0.354,1
556,9.2755,,,,,,,,0.0,,,,,blob,0.0,0
557,9.2922,,,,,,,,0.0,,,,,blob,0.0,0
558,9.3088,,,,,,,,0.0,,,,,blob,0.0,0
559,9.3255,,,,,,,,0.0,,,,,blob,0.0,0
560,9.3422,,,,,,,,0.0,,,,,blob,0.0,0
561,9.3589,,,,,,,,0.0,,,,,blob,0.0,0
562,9.3756,,,,,,,,0.0,,,,,blob,0.0,0
563,9.3923,,,,,,,,0.0,,,,,blob,0.0,0
564,9.4089,1312.78,471.6,851.69,490.99,7.37,0.469,242,0.446,,,,,blob,0.446,1
565,9.4256,,,,,,,,0.0,,,,,blob,0.0,0
566,9.4423,1393.75,451.59,1620.46,361.13,5.09,0.459,196,0.353,,,,,blob,0.353,1
567,9.459,,,,,,,,0.0,,,,,blob,0.0,1
568,9.4757,,,,,,,,0.0,,,,,blob,0.0,0
569,9.4924,,,,,,,,0.0,,,,,blob,0.0,0
570,9.509,,,,,,,,0.0,,,,,blob,0.0,0
571,9.5257,,,,,,,,0.0,,,,,blob,0.0,0
572,9.5424,,,,,,,,0.0,,,,,blob,0.0,0
573,9.5591,,,,,,,,0.0,,,,,blob,0.0,0
574,9.5758,,,,,,,,0.0,,,,,blob,0.0,0
575,9.5924,,,,,,,,0.0,,,,,blob,0.0,0
576,9.6091,1491.71,466.45,1481.97,558.21,4.55,0.572,204,0.457,,,,,blob,0.457,1
577,9.6258,,,,,,,,0.0,,,,,blob,0.0,0
578,9.6425,,,,,,,,0.0,,,,,blob,0.0,0
579,9.6592,,,,,,,,0.0,,,,,blob,0.0,0
580,9.6759,,,,,,,,0.0,,,,,blob,0.0,0
581,9.6925,1510.05,453.75,1519.97,424.14,5.22,0.534,219,0.458,,,,,blob,0.458,1
582,9.7092,,,,,,,,0.0,,,,,blob,0.0,0
583,9.7259,,,,,,,,0.0,,,,,blob,0.0,0
584,9.7426,,,,,,,,0.0,,,,,blob,0.0,0
585,9.7593,1480.14,434.54,1499.94,425.48,5.17,0.604,197,0.467,,,,,blob,0.467,1
586,9.776,1405.72,451.17,1497.43,423.65,5.25,0.532,195,0.407,,,,,blob,0.407,1
587,9.7926,,,,,,,,0.0,,,,,blob,0.0,0
588,9.8093,,,,,,,,0.0,,,,,blob,0.0,0
589,9.826,,,,,,,,0.0,,,,,blob,0.0,0
590,9.8427,,,,,,,,0.0,,,,,blob,0.0,0
591,9.8594,,,,,,,,0.0,,,,,blob,0.0,0
592,9.876,,,,,,,,0.0,,,,,blob,0.0,0
593,9.8927,,,,,,,,0.0,,,,,blob,0.0,0
594,9.9094,,,,,,,,0.0,,,,,blob,0.0,0
595,9.9261,,,,,,,,0.0,,,,,blob,0.0,0
596,9.9428,,,,,,,,0.0,,,,,blob,0.0,0
597,9.9595,1379.3,525.6,1076.1,473.28,6.91,0.481,237,0.447,,,,,blob,0.447,1
598,9.9761,,,,,,,,0.0,,,,,blob,0.0,0
599,9.9928,,,,,,,,0.0,,,,,blob,0.0,0
600,10.0095,,,,,,,,0.0,,,,,blob,0.0,0
601,10.0262,,,,,,,,0.0,,,,,blob,0.0,0
602,10.0429,1467.61,616.46,1668.73,697.64,4.79,0.548,189,0.406,,,,,blob,0.406,1
603,10.0596,1373.15,623.03,1672.46,698.24,4.69,0.571,193,0.432,,,,,blob,0.432,1
604,10.0762,,,,,,,,0.0,,,,,blob,0.0,2
605,10.0929,,,,,,,,0.0,,,,,blob,0.0,0
606,10.1096,,,,,,,,0.0,,,,,blob,0.0,0
607,10.1263,,,,,,,,0.0,,,,,blob,0.0,0
608,10.143,,,,,,,,0.0,,,,,blob,0.0,0
609,10.1597,,,,,,,,0.0,,,,,blob,0.0,0
610,10.1763,,,,,,,,0.0,,,,,blob,0.0,0
611,10.193,,,,,,,,0.0,,,,,blob,0.0,0
612,10.2097,,,,,,,,0.0,,,,,blob,0.0,0
613,10.2264,,,,,,,,0.0,,,,,blob,0.0,0
614,10.2431,1041.32,554.33,788.24,484.65,6.23,0.492,242,0.467,,,,,blob,0.467,2
615,10.2597,,,,,,,,0.0,,,,,blob,0.0,1
616,10.2764,807.08,512.37,755.26,502.83,5.94,0.491,243,0.468,,,,,blob,0.468,1
617,10.2931,738.83,512.32,737.33,511.82,5.74,0.453,250,0.445,,,,,blob,0.445,2
618,10.3098,770.86,513.01,721.68,523.74,5.35,0.513,240,0.482,,,,,blob,0.482,2
619,10.3265,897.74,482.74,703.82,535.01,5.26,0.667,245,0.641,,,,,blob,0.641,3
620,10.3432,,,,,,,,0.0,,,,,blob,0.0,1
621,10.3598,897.0,456.94,1600.49,350.58,4.58,0.618,200,0.485,,,,,blob,0.485,1
622,10.3765,,,,,,,,0.0,,,,,blob,0.0,0
623,10.3932,553.66,525.36,130.63,476.03,4.44,0.492,210,0.405,,,,,blob,0.405,2
624,10.4099,,,,,,,,0.0,,,,,blob,0.0,0
625,10.4266,,,,,,,,0.0,,,,,blob,0.0,0
626,10.4433,,,,,,,,0.0,,,,,blob,0.0,0
627,10.4599,408.2,641.41,174.67,740.63,5.57,0.636,188,0.469,,,,,blob,0.469,1
628,10.4766,,,,,,,,0.0,,,,,blob,0.0,0
629,10.4933,684.86,697.96,536.29,698.76,6.6,0.481,242,0.457,,,,,blob,0.457,2
630,10.51,,,,,,,,0.0,,,,,blob,0.0,0
631,10.5267,995.6,697.42,1611.47,683.18,4.58,0.596,190,0.444,,,,,blob,0.444,1
632,10.5433,,,,,,,,0.0,,,,,blob,0.0,0
633,10.56,1110.6,644.22,470.55,789.03,7.27,0.703,244,0.672,,,,,blob,0.672,1
634,10.5767,,,,,,,,0.0,,,,,blob,0.0,1
635,10.5934,1289.34,557.14,1677.39,342.82,4.98,0.657,180,0.464,,,,,blob,0.464,1
636,10.6101,,,,,,,,0.0,,,,,blob,0.0,1
637,10.6268,1164.45,512.23,1629.32,695.81,7.08,0.649,190,0.484,,,,,blob,0.484,2
638,10.6434,,,,,,,,0.0,,,,,blob,0.0,0
639,10.6601,,,,,,,,0.0,,,,,blob,0.0,0
640,10.6768,,,,,,,,0.0,,,,,blob,0.0,0
641,10.6935,,,,,,,,0.0,,,,,blob,0.0,0
642,10.7102,,,,,,,,0.0,,,,,blob,0.0,0
643,10.7269,,,,,,,,0.0,,,,,blob,0.0,0
644,10.7435,,,,,,,,0.0,,,,,blob,0.0,0
645,10.7602,,,,,,,,0.0,,,,,blob,0.0,0
646,10.7769,,,,,,,,0.0,,,,,blob,0.0,0
647,10.7936,654.94,445.0,245.76,353.92,6.96,0.485,205,0.39,,,,,blob,0.39,1
648,10.8103,,,,,,,,0.0,,,,,blob,0.0,0
649,10.827,,,,,,,,0.0,,,,,blob,0.0,0
650,10.8436,288.03,422.22,241.93,347.73,6.81,0.486,197,0.375,,,,,blob,0.375,1
651,10.8603,,,,,,,,0.0,,,,,blob,0.0,0
652,10.877,,,,,,,,0.0,,,,,blob,0.0,0
653,10.8937,,,,,,,,0.0,,,,,blob,0.0,0
654,10.9104,,,,,,,,0.0,,,,,blob,0.0,0
655,10.927,170.81,471.7,140.12,532.06,4.82,0.497,221,0.431,,,,,blob,0.431,1
656,10.9437,153.86,505.83,139.68,512.89,5.08,0.503,221,0.436,,,,,blob,0.436,1
657,10.9604,177.47,491.54,143.42,514.41,5.34,0.458,218,0.392,,,,,blob,0.392,1
658,10.9771,,,,,,,,0.0,,,,,blob,0.0,0
659,10.9938,,,,,,,,0.0,,,,,blob,0.0,0
660,11.0105,290.04,442.26,278.92,455.83,4.92,0.593,180,0.418,,,,,blob,0.418,2
661,11.0271,,,,,,,,0.0,,,,,blob,0.0,0
662,11.0438,646.9,390.81,181.05,346.4,4.57,0.496,173,0.337,,,,,blob,0.337,1
663,11.0605,,,,,,,,0.0,,,,,blob,0.0,0
664,11.0772,,,,,,,,0.0,,,,,blob,0.0,0
665,11.0939,,,,,,,,0.0,,,,,blob,0.0,0
666,11.1106,,,,,,,,0.0,,,,,blob,0.0,0
667,11.1272,,,,,,,,0.0,,,,,blob,0.0,0
668,11.1439,,,,,,,,0.0,,,,,blob,0.0,0
669,11.1606,,,,,,,,0.0,,,,,blob,0.0,0
670,11.1773,,,,,,,,0.0,,,,,blob,0.0,0
671,11.194,1228.07,370.0,1668.22,377.7,4.41,0.523,196,0.402,,,,,blob,0.402,1
672,11.2107,1583.5,367.72,1664.45,362.69,4.98,0.474,171,0.318,,,,,blob,0.318,1
673,11.2273,1664.48,385.78,1661.6,365.83,5.32,0.464,173,0.315,,,,,blob,0.315,1
674,11.244,,,,,,,,0.0,,,,,blob,0.0,0
675,11.2607,,,,,,,,0.0,,,,,blob,0.0,0
676,11.2774,1669.35,451.74,1658.13,389.92,4.92,0.629,194,0.478,,,,,blob,0.478,2
677,11.2941,,,,,,,,0.0,,,,,blob,0.0,0
678,11.3107,,,,,,,,0.0,,,,,blob,0.0,0
679,11.3274,,,,,,,,0.0,,,,,blob,0.0,0
680,11.3441,1664.44,547.0,1710.58,626.15,4.82,0.579,189,0.429,,,,,blob,0.429,1
681,11.3608,,,,,,,,0.0,,,,,blob,0.0,0
682,11.3775,,,,,,,,0.0,,,,,blob,0.0,0
683,11.3942,,,,,,,,0.0,,,,,blob,0.0,0
684,11.4108,1636.81,597.3,1607.11,600.9,5.5,0.512,201,0.404,,,,,blob,0.404,1
685,11.4275,1617.96,607.29,1611.57,605.79,6.33,0.689,203,0.548,,,,,blob,0.548,2
686,11.4442,1597.05,606.95,1617.49,610.67,5.67,0.526,207,0.427,,,,,blob,0.427,2
687,11.4609,1532.53,589.99,1623.31,613.06,5.01,0.695,208,0.567,,,,,blob,0.567,1
688,11.4776,,,,,,,,0.0,,,,,blob,0.0,0
689,11.4943,,,,,,,,0.0,,,,,blob,0.0,0
690,11.5109,1483.23,538.46,1253.16,563.39,4.95,0.478,242,0.454,,,,,blob,0.454,1
691,11.5276,,,,,,,,0.0,,,,,blob,0.0,0
692,11.5443,,,,,,,,0.0,,,,,blob,0.0,0
693,11.561,,,,,,,,0.0,,,,,blob,0.0,0
694,11.5777,,,,,,,,0.0,,,,,blob,0.0,0
695,11.5943,,,,,,,,0.0,,,,,blob,0.0,0
696,11.611,,,,,,,,0.0,,,,,blob,0.0,0
697,11.6277,1478.25,477.08,1653.99,430.32,5.03,0.464,205,0.373,,,,,blob,0.373,1
698,11.6444,,,,,,,,0.0,,,,,blob,0.0,1
699,11.6611,1291.83,469.72,1655.97,432.4,5.11,0.517,207,0.42,,,,,blob,0.42,1
700,11.6778,,,,,,,,0.0,,,,,blob,0.0,0
701,11.6944,1098.69,530.21,246.87,500.07,6.15,0.501,205,0.403,,,,,blob,0.403,1
702,11.7111,,,,,,,,0.0,,,,,blob,0.0,0
703,11.7278,,,,,,,,0.0,,,,,blob,0.0,0
704,11.7445,,,,,,,,0.0,,,,,blob,0.0,0
705,11.7612,,,,,,,,0.0,,,,,blob,0.0,0
706,11.7779,1310.5,589.79,1700.02,692.28,5.82,0.473,205,0.38,,,,,blob,0.38,1
707,11.7945,,,,,,,,0.0,,,,,blob,0.0,0
708,11.8112,,,,,,,,0.0,,,,,blob,0.0,0
709,11.8279,,,,,,,,0.0,,,,,blob,0.0,0
710,11.8446,,,,,,,,0.0,,,,,blob,0.0,0
711,11.8613,,,,,,,,0.0,,,,,blob,0.0,0
712,11.878,,,,,,,,0.0,,,,,blob,0.0,0
713,11.8946,,,,,,,,0.0,,,,,blob,0.0,0
714,11.9113,,,,,,,,0.0,,,,,blob,0.0,0
715,11.928,1513.58,565.36,1645.05,564.84,4.46,0.593,201,0.468,,,,,blob,0.468,1
716,11.9447,,,,,,,,0.0,,,,,blob,0.0,0
717,11.9614,,,,,,,,0.0,,,,,blob,0.0,0
718,11.978,,,,,,,,0.0,,,,,blob,0.0,0
719,11.9947,,,,,,,,0.0,,,,,blob,0.0,0
720,12.0114,,,,,,,,0.0,,,,,blob,0.0,0
721,12.0281,,,,,,,,0.0,,,,,blob,0.0,0
722,12.0448,,,,,,,,0.0,,,,,blob,0.0,0
723,12.0615,,,,,,,,0.0,,,,,blob,0.0,0
724,12.0781,,,,,,,,0.0,,,,,blob,0.0,0
725,12.0948,,,,,,,,0.0,,,,,blob,0.0,0
726,12.1115,1509.09,486.18,1354.28,503.76,5.41,0.496,244,0.474,,,,,blob,0.474,1
727,12.1282,,,,,,,,0.0,,,,,blob,0.0,1
728,12.1449,,,,,,,,0.0,,,,,blob,0.0,0
729,12.1616,,,,,,,,0.0,,,,,blob,0.0,0
730,12.1782,,,,,,,,0.0,,,,,blob,0.0,0
731,12.1949,1412.34,424.47,1687.21,341.84,5.48,0.465,200,0.365,,,,,blob,0.365,1
732,12.2116,,,,,,,,0.0,,,,,blob,0.0,0
733,12.2283,,,,,,,,0.0,,,,,blob,0.0,0
734,12.245,,,,,,,,0.0,,,,,blob,0.0,0
735,12.2616,,,,,,,,0.0,,,,,blob,0.0,0
736,12.2783,,,,,,,,0.0,,,,,blob,0.0,0
737,12.295,,,,,,,,0.0,,,,,blob,0.0,0
738,12.3117,,,,,,,,0.0,,,,,blob,0.0,0
739,12.3284,,,,,,,,0.0,,,,,blob,0.0,0
740,12.3451,,,,,,,,0.0,,,,,blob,0.0,0
741,12.3617,1169.54,419.39,1054.41,444.56,6.92,0.478,238,0.447,,,,,blob,0.447,1
742,12.3784,,,,,,,,0.0,,,,,blob,0.0,0
743,12.3951,822.52,416.78,1012.93,449.2,7.87,0.508,238,0.474,,,,,blob,0.474,1
744,12.4118,,,,,,,,0.0,,,,,blob,0.0,0
745,12.4285,459.36,390.42,217.29,363.03,5.09,0.759,189,0.563,,,,,blob,0.563,2
746,12.4452,,,,,,,,0.0,,,,,blob,0.0,1
747,12.4618,,,,,,,,0.0,,,,,blob,0.0,0
748,12.4785,,,,,,,,0.0,,,,,blob,0.0,0
749,12.4952,,,,,,,,0.0,,,,,blob,0.0,0
750,12.5119,266.37,373.13,224.01,368.56,5.01,0.546,185,0.396,,,,,blob,0.396,1
751,12.5286,,,,,,,,0.0,,,,,blob,0.0,0
752,12.5453,,,,,,,,0.0,,,,,blob,0.0,0
753,12.5619,226.77,372.34,226.86,373.22,5.4,0.616,192,0.464,,,,,blob,0.464,1
754,12.5786,,,,,,,,0.0,,,,,blob,0.0,0
755,12.5953,230.21,375.36,229.8,375.69,5.5,0.569,187,0.417,,,,,blob,0.417,1
756,12.612,256.15,393.26,234.4,377.07,4.72,0.495,186,0.361,,,,,blob,0.361,1
757,12.6287,,,,,,,,0.0,,,,,blob,0.0,0
758,12.6453,,,,,,,,0.0,,,,,blob,0.0,0
759,12.662,345.13,464.86,235.67,381.65,4.82,0.471,179,0.33,,,,,blob,0.33,1
760,12.6787,,,,,,,,0.0,,,,,blob,0.0,1
761,12.6954,445.09,581.09,656.1,663.65,6.26,0.623,245,0.599,,,,,blob,0.599,1
762,12.7121,,,,,,,,0.0,,,,,blob,0.0,0
763,12.7288,,,,,,,,0.0,,,,,blob,0.0,0
764,12.7454,,,,,,,,0.0,,,,,blob,0.0,0
765,12.7621,,,,,,,,0.0,,,,,blob,0.0,0
766,12.7788,,,,,,,,0.0,,,,,blob,0.0,0
767,12.7955,,,,,,,,0.0,,,,,blob,0.0,0
768,12.8122,,,,,,,,0.0,,,,,blob,0.0,0
769,12.8289,,,,,,,,0.0,,,,,blob,0.0,0
770,12.8455,,,,,,,,0.0,,,,,blob,0.0,0
771,12.8622,,,,,,,,0.0,,,,,blob,0.0,0
772,12.8789,,,,,,,,0.0,,,,,blob,0.0,0
773,12.8956,,,,,,,,0.0,,,,,blob,0.0,0
774,12.9123,,,,,,,,0.0,,,,,blob,0.0,0
775,12.9289,,,,,,,,0.0,,,,,blob,0.0,0
776,12.9456,,,,,,,,0.0,,,,,blob,0.0,0
777,12.9623,,,,,,,,0.0,,,,,blob,0.0,0
778,12.979,,,,,,,,0.0,,,,,blob,0.0,0
779,12.9957,,,,,,,,0.0,,,,,blob,0.0,0
780,13.0124,,,,,,,,0.0,,,,,blob,0.0,0
781,13.029,,,,,,,,0.0,,,,,blob,0.0,0
782,13.0457,430.75,651.39,371.8,671.47,6.24,0.681,247,0.659,,,,,blob,0.659,1
783,13.0624,377.89,665.36,363.62,663.79,5.94,0.798,244,0.764,,,,,blob,0.764,1
784,13.0791,356.66,662.56,352.4,662.33,7.1,0.616,245,0.592,,,,,blob,0.592,1
785,13.0958,362.55,655.68,346.71,664.88,6.23,0.486,228,0.435,,,,,blob,0.435,2
786,13.1125,454.91,625.8,386.45,639.48,6.82,0.549,244,0.525,,,,,blob,0.525,1
787,13.1291,791.96,559.84,416.9,622.45,5.63,0.509,244,0.487,,,,,blob,0.487,1
788,13.1458,,,,,,,,0.0,,,,,blob,0.0,0
789,13.1625,,,,,,,,0.0,,,,,blob,0.0,0
790,13.1792,1316.37,508.37,1718.61,328.11,6.26,0.611,189,0.453,,,,,blob,0.453,1
791,13.1959,,,,,,,,0.0,,,,,blob,0.0,0
792,13.2126,1628.9,531.51,1672.93,673.77,4.7,0.527,214,0.442,,,,,blob,0.442,1
793,13.2292,1715.59,556.23,1707.28,456.73,5.05,0.497,214,0.417,,,,,blob,0.417,1
794,13.2459,,,,,,,,0.0,,,,,blob,0.0,0
795,13.2626,1657.09,579.76,1762.23,636.03,5.11,0.484,219,0.416,,,,,blob,0.416,1
796,13.2793,,,,,,,,0.0,,,,,blob,0.0,1
797,13.296,1367.04,548.1,1756.08,635.06,4.51,0.52,222,0.453,,,,,blob,0.453,1
798,13.3126,,,,,,,,0.0,,,,,blob,0.0,0
799,13.3293,,,,,,,,0.0,,,,,blob,0.0,0
800,13.346,,,,,,,,0.0,,,,,blob,0.0,0
801,13.3627,,,,,,,,0.0,,,,,blob,0.0,0
802,13.3794,,,,,,,,0.0,,,,,blob,0.0,0
803,13.3961,,,,,,,,0.0,,,,,blob,0.0,0
804,13.4127,1056.15,458.82,195.74,373.51,5.26,0.636,182,0.454,,,,,blob,0.454,1
805,13.4294,,,,,,,,0.0,,,,,blob,0.0,0
806,13.4461,,,,,,,,0.0,,,,,blob,0.0,0
807,13.4628,1136.13,429.46,1630.46,385.25,5.34,0.559,205,0.449,,,,,blob,0.449,2
808,13.4795,,,,,,,,0.0,,,,,blob,0.0,0
809,13.4962,,,,,,,,0.0,,,,,blob,0.0,0
810,13.5128,1310.97,490.65,996.88,451.76,7.92,0.615,237,0.571,,,,,blob,0.571,2
811,13.5295,,,,,,,,0.0,,,,,blob,0.0,0
812,13.5462,,,,,,,,0.0,,,,,blob,0.0,0
813,13.5629,1470.95,549.45,1702.12,701.42,4.82,0.556,196,0.427,,,,,blob,0.427,1
814,13.5796,,,,,,,,0.0,,,,,blob,0.0,0
815,13.5962,,,,,,,,0.0,,,,,blob,0.0,0
816,13.6129,,,,,,,,0.0,,,,,blob,0.0,0
817,13.6296,,,,,,,,0.0,,,,,blob,0.0,0
818,13.6463,,,,,,,,0.0,,,,,blob,0.0,0
819,13.663,1494.73,545.44,1562.21,422.9,6.08,0.523,194,0.398,,,,,blob,0.398,1
820,13.6797,,,,,,,,0.0,,,,,blob,0.0,0
821,13.6963,,,,,,,,0.0,,,,,blob,0.0,0
822,13.713,,,,,,,,0.0,,,,,blob,0.0,0
823,13.7297,,,,,,,,0.0,,,,,blob,0.0,0
824,13.7464,,,,,,,,0.0,,,,,blob,0.0,0
825,13.7631,,,,,,,,0.0,,,,,blob,0.0,0
826,13.7798,1417.31,559.33,1319.02,595.76,4.46,0.502,240,0.472,,,,,blob,0.472,1
827,13.7964,,,,,,,,0.0,,,,,blob,0.0,0
828,13.8131,1375.56,559.67,1352.07,620.07,5.37,0.463,240,0.436,,,,,blob,0.436,1
829,13.8298,,,,,,,,0.0,,,,,blob,0.0,0
830,13.8465,,,,,,,,0.0,,,,,blob,0.0,0
831,13.8632,,,,,,,,0.0,,,,,blob,0.0,0
832,13.8799,,,,,,,,0.0,,,,,blob,0.0,0
833,13.8965,,,,,,,,0.0,,,,,blob,0.0,0
834,13.9132,,,,,,,,0.0,,,,,blob,0.0,0
835,13.9299,,,,,,,,0.0,,,,,blob,0.0,0
836,13.9466,,,,,,,,0.0,,,,,blob,0.0,0
837,13.9633,,,,,,,,0.0,,,,,blob,0.0,0
838,13.9799,,,,,,,,0.0,,,,,blob,0.0,0
839,13.9966,,,,,,,,0.0,,,,,blob,0.0,0
840,14.0133,1316.91,502.36,1501.78,487.26,5.78,0.476,197,0.368,,,,,blob,0.368,1
841,14.03,,,,,,,,0.0,,,,,blob,0.0,0
842,14.0467,1192.46,433.59,1050.15,412.87,5.89,0.643,244,0.616,,,,,blob,0.616,2
843,14.0634,,,,,,,,0.0,,,,,blob,0.0,0
844,14.08,,,,,,,,0.0,,,,,blob,0.0,0
845,14.0967,1219.62,386.58,986.74,394.12,6.17,0.573,242,0.543,,,,,blob,0.543,2
846,14.1134,,,,,,,,0.0,,,,,blob,0.0,0
847,14.1301,,,,,,,,0.0,,,,,blob,0.0,0
848,14.1468,,,,,,,,0.0,,,,,blob,0.0,0
849,14.1635,,,,,,,,0.0,,,,,blob,0.0,0
850,14.1801,,,,,,,,0.0,,,,,blob,0.0,0
851,14.1968,,,,,,,,0.0,,,,,blob,0.0,0
852,14.2135,,,,,,,,0.0,,,,,blob,0.0,0
853,14.2302,,,,,,,,0.0,,,,,blob,0.0,0
854,14.2469,,,,,,,,0.0,,,,,blob,0.0,0
855,14.2636,,,,,,,,0.0,,,,,blob,0.0,0
856,14.2802,,,,,,,,0.0,,,,,blob,0.0,0
857,14.2969,,,,,,,,0.0,,,,,blob,0.0,0
858,14.3136,1435.5,354.63,1620.01,336.66,4.48,0.48,188,0.354,,,,,blob,0.354,1
859,14.3303,1589.11,339.14,1623.27,336.02,5.06,0.62,183,0.445,,,,,blob,0.445,1
860,14.347,1626.92,335.38,1627.12,335.51,4.84,0.544,188,0.401,,,,,blob,0.401,1
861,14.3636,1627.07,343.58,1630.23,334.61,4.87,0.483,181,0.343,,,,,blob,0.343,1
862,14.3803,1544.21,382.41,1633.88,333.67,4.65,0.539,185,0.391,,,,,blob,0.391,1
863,14.397,,,,,,,,0.0,,,,,blob,0.0,0
864,14.4137,,,,,,,,0.0,,,,,blob,0.0,0
865,14.4304,,,,,,,,0.0,,,,,blob,0.0,0
866,14.4471,,,,,,,,0.0,,,,,blob,0.0,0
867,14.4637,,,,,,,,0.0,,,,,blob,0.0,0
868,14.4804,,,,,,,,0.0,,,,,blob,0.0,0
869,14.4971,1230.05,444.64,1576.75,498.04,4.87,0.551,186,0.402,,,,,blob,0.402,1
870,14.5138,,,,,,,,0.0,,,,,blob,0.0,0
871,14.5305,,,,,,,,0.0,,,,,blob,0.0,0
872,14.5472,,,,,,,,0.0,,,,,blob,0.0,0
873,14.5638,,,,,,,,0.0,,,,,blob,0.0,0
874,14.5805,821.2,476.92,267.44,485.4,4.93,0.477,186,0.348,,,,,blob,0.348,1
875,14.5972,,,,,,,,0.0,,,,,blob,0.0,0
876,14.6139,,,,,,,,0.0,,,,,blob,0.0,0
877,14.6306,,,,,,,,0.0,,,,,blob,0.0,0
878,14.6472,,,,,,,,0.0,,,,,blob,0.0,0
879,14.6639,,,,,,,,0.0,,,,,blob,0.0,0
880,14.6806,,,,,,,,0.0,,,,,blob,0.0,0
881,14.6973,,,,,,,,0.0,,,,,blob,0.0,0
882,14.714,,,,,,,,0.0,,,,,blob,0.0,0
883,14.7307,,,,,,,,0.0,,,,,blob,0.0,0
884,14.7473,,,,,,,,0.0,,,,,blob,0.0,0
885,14.764,,,,,,,,0.0,,,,,blob,0.0,0
886,14.7807,778.14,480.01,772.31,474.71,4.42,0.482,238,0.45,,,,,blob,0.45,1
887,14.7974,,,,,,,,0.0,,,,,blob,0.0,0
888,14.8141,,,,,,,,0.0,,,,,blob,0.0,0
889,14.8308,,,,,,,,0.0,,,,,blob,0.0,0
890,14.8474,,,,,,,,0.0,,,,,blob,0.0,0
891,14.8641,1052.46,491.01,933.29,472.78,9.11,0.564,236,0.522,,,,,blob,0.522,2
892,14.8808,,,,,,,,0.0,,,,,blob,0.0,0
893,14.8975,,,,,,,,0.0,,,,,blob,0.0,0
894,14.9142,,,,,,,,0.0,,,,,blob,0.0,0
895,14.9309,,,,,,,,0.0,,,,,blob,0.0,0
896,14.9475,,,,,,,,0.0,,,,,blob,0.0,0
897,14.9642,,,,,,,,0.0,,,,,blob,0.0,0
898,14.9809,,,,,,,,0.0,,,,,blob,0.0,0
899,14.9976,,,,,,,,0.0,,,,,blob,0.0,0
900,15.0143,,,,,,,,0.0,,,,,blob,0.0,0
901,15.0309,1345.25,527.27,1616.09,509.4,5.03,0.471,196,0.362,,,,,blob,0.362,1
902,15.0476,,,,,,,,0.0,,,,,blob,0.0,0
903,15.0643,,,,,,,,0.0,,,,,blob,0.0,0
904,15.081,,,,,,,,0.0,,,,,blob,0.0,0
905,15.0977,,,,,,,,0.0,,,,,blob,0.0,0
906,15.1144,,,,,,,,0.0,,,,,blob,0.0,0
907,15.131,,,,,,,,0.0,,,,,blob,0.0,0
908,15.1477,,,,,,,,0.0,,,,,blob,0.0,0
909,15.1644,1429.17,558.64,1447.55,622.03,6.83,0.497,237,0.462,,,,,blob,0.462,1
910,15.1811,,,,,,,,0.0,,,,,blob,0.0,0
911,15.1978,,,,,,,,0.0,,,,,blob,0.0,0
912,15.2145,,,,,,,,0.0,,,,,blob,0.0,0
913,15.2311,,,,,,,,0.0,,,,,blob,0.0,0
914,15.2478,1390.84,542.77,1304.79,531.33,6.08,0.474,240,0.446,,,,,blob,0.446,1
915,15.2645,1305.0,494.85,1508.87,519.22,4.95,0.471,200,0.37,,,,,blob,0.37,1
916,15.2812,,,,,,,,0.0,,,,,blob,0.0,1
917,15.2979,,,,,,,,0.0,,,,,blob,0.0,0
918,15.3145,,,,,,,,0.0,,,,,blob,0.0,0
919,15.3312,,,,,,,,0.0,,,,,blob,0.0,0
920,15.3479,,,,,,,,0.0,,,,,blob,0.0,0
921,15.3646,,,,,,,,0.0,,,,,blob,0.0,0
922,15.3813,,,,,,,,0.0,,,,,blob,0.0,0
923,15.398,,,,,,,,0.0,,,,,blob,0.0,0
924,15.4146,,,,,,,,0.0,,,,,blob,0.0,0
925,15.4313,1167.95,437.4,1018.26,411.02,6.06,0.497,242,0.472,,,,,blob,0.472,1
926,15.448,,,,,,,,0.0,,,,,blob,0.0,0
927,15.4647,1196.54,397.9,942.06,399.74,10.52,0.487,249,0.475,,,,,blob,0.475,1
928,15.4814,,,,,,,,0.0,,,,,blob,0.0,0
929,15.4981,,,,,,,,0.0,,,,,blob,0.0,0
930,15.5147,1431.88,406.52,1621.62,340.5,4.53,0.757,187,0.555,,,,,blob,0.555,1
931,15.5314,,,,,,,,0.0,,,,,blob,0.0,0
932,15.5481,,,,,,,,0.0,,,,,blob,0.0,0
933,15.5648,,,,,,,,0.0,,,,,blob,0.0,0
934,15.5815,,,,,,,,0.0,,,,,blob,0.0,0
935,15.5982,,,,,,,,0.0,,,,,blob,0.0,0
936,15.6148,,,,,,,,0.0,,,,,blob,0.0,0
937,15.6315,,,,,,,,0.0,,,,,blob,0.0,0
938,15.6482,,,,,,,,0.0,,,,,blob,0.0,0
939,15.6649,1597.92,482.35,1658.56,461.5,4.37,0.457,210,0.376,,,,,blob,0.376,1
940,15.6816,1555.38,551.33,1622.81,673.87,4.89,0.452,188,0.333,,,,,blob,0.333,1
941,15.6982,,,,,,,,0.0,,,,,blob,0.0,0
942,15.7149,,,,,,,,0.0,,,,,blob,0.0,0
943,15.7316,,,,,,,,0.0,,,,,blob,0.0,0
944,15.7483,1233.26,537.71,1587.97,496.4,5.28,0.493,219,0.424,,,,,blob,0.424,2
945,15.765,,,,,,,,0.0,,,,,blob,0.0,0
946,15.7817,,,,,,,,0.0,,,,,blob,0.0,0
947,15.7983,721.9,495.97,382.46,505.46,7.96,0.479,244,0.458,,,,,blob,0.458,2
948,15.815,,,,,,,,0.0,,,,,blob,0.0,0
949,15.8317,431.29,460.86,254.19,453.41,4.9,0.471,221,0.408,,,,,blob,0.408,1
950,15.8484,,,,,,,,0.0,,,,,blob,0.0,0
951,15.8651,,,,,,,,0.0,,,,,blob,0.0,0
952,15.8818,,,,,,,,0.0,,,,,blob,0.0,0
953,15.8984,,,,,,,,0.0,,,,,blob,0.0,0
954,15.9151,,,,,,,,0.0,,,,,blob,0.0,0
955,15.9318,,,,,,,,0.0,,,,,blob,0.0,0
956,15.9485,390.82,429.93,543.79,436.78,15.18,0.467,245,0.449,,,,,blob,0.449,1
957,15.9652,,,,,,,,0.0,,,,,blob,0.0,1
958,15.9818,,,,,,,,0.0,,,,,blob,0.0,0
959,15.9985,,,,,,,,0.0,,,,,blob,0.0,0
960,16.0152,427.25,409.74,297.94,388.36,6.91,0.548,181,0.389,,,,,blob,0.389,1
961,16.0319,704.54,427.56,297.49,384.77,7.06,0.561,171,0.376,,,,,blob,0.376,1
962,16.0486,,,,,,,,0.0,,,,,blob,0.0,0
963,16.0653,,,,,,,,0.0,,,,,blob,0.0,0
964,16.0819,,,,,,,,0.0,,,,,blob,0.0,0
965,16.0986,,,,,,,,0.0,,,,,blob,0.0,0
966,16.1153,,,,,,,,0.0,,,,,blob,0.0,0
967,16.132,,,,,,,,0.0,,,,,blob,0.0,0
968,16.1487,,,,,,,,0.0,,,,,blob,0.0,0
969,16.1654,,,,,,,,0.0,,,,,blob,0.0,0
970,16.182,,,,,,,,0.0,,,,,blob,0.0,0
971,16.1987,,,,,,,,0.0,,,,,blob,0.0,0
972,16.2154,1222.55,477.29,1614.97,514.73,4.37,0.496,198,0.385,,,,,blob,0.385,1
973,16.2321,,,,,,,,0.0,,,,,blob,0.0,0
974,16.2488,1475.27,504.59,1615.03,519.57,5.78,0.453,176,0.313,,,,,blob,0.313,1
975,16.2655,,,,,,,,0.0,,,,,blob,0.0,0
976,16.2821,,,,,,,,0.0,,,,,blob,0.0,0
977,16.2988,1220.0,490.24,1634.38,514.75,5.14,0.48,200,0.376,,,,,blob,0.376,1
978,16.3155,,,,,,,,0.0,,,,,blob,0.0,1
979,16.3322,730.64,466.07,281.15,422.72,5.09,0.655,211,0.542,,,,,blob,0.542,2
980,16.3489,,,,,,,,0.0,,,,,blob,0.0,0
981,16.3655,,,,,,,,0.0,,,,,blob,0.0,0
982,16.3822,,,,,,,,0.0,,,,,blob,0.0,0
983,16.3989,,,,,,,,0.0,,,,,blob,0.0,0
984,16.4156,,,,,,,,0.0,,,,,blob,0.0,0
985,16.4323,685.66,482.68,200.3,455.8,7.55,0.531,194,0.404,,,,,blob,0.404,1
986,16.449,,,,,,,,0.0,,,,,blob,0.0,1
987,16.4656,,,,,,,,0.0,,,,,blob,0.0,0
988,16.4823,,,,,,,,0.0,,,,,blob,0.0,0
989,16.499,,,,,,,,0.0,,,,,blob,0.0,0
990,16.5157,1044.79,525.68,1494.12,560.72,4.79,0.498,242,0.473,,,,,blob,0.473,1
991,16.5324,1102.86,537.47,1512.95,568.23,8.45,0.452,237,0.42,,,,,blob,0.42,1
992,16.5491,,,,,,,,0.0,,,,,blob,0.0,1
993,16.5657,865.01,506.64,174.92,492.16,5.54,0.525,197,0.406,,,,,blob,0.406,1
994,16.5824,,,,,,,,0.0,,,,,blob,0.0,0
995,16.5991,,,,,,,,0.0,,,,,blob,0.0,0
996,16.6158,,,,,,,,0.0,,,,,blob,0.0,0
997,16.6325,717.2,454.77,1380.52,490.73,5.51,0.479,244,0.459,,,,,blob,0.459,1
998,16.6492,,,,,,,,0.0,,,,,blob,0.0,1
999,16.6658,,,,,,,,0.0,,,,,blob,0.0,0
1000,16.6825,,,,,,,,0.0,,,,,blob,0.0,0
1001,16.6992,,,,,,,,0.0,,,,,blob,0.0,0
1002,16.7159,,,,,,,,0.0,,,,,blob,0.0,0
1003,16.7326,,,,,,,,0.0,,,,,blob,0.0,0
1004,16.7492,,,,,,,,0.0,,,,,blob,0.0,0
1005,16.7659,,,,,,,,0.0,,,,,blob,0.0,0
1006,16.7826,,,,,,,,0.0,,,,,blob,0.0,0
1007,16.7993,,,,,,,,0.0,,,,,blob,0.0,0
1008,16.816,,,,,,,,0.0,,,,,blob,0.0,0
1009,16.8327,432.41,395.87,120.82,354.88,7.58,0.512,180,0.362,,,,,blob,0.362,1
1010,16.8493,240.61,368.16,123.3,355.79,6.86,0.485,187,0.355,,,,,blob,0.355,1
1011,16.866,,,,,,,,0.0,,,,,blob,0.0,0
1012,16.8827,384.66,384.87,128.49,356.9,7.17,0.459,187,0.336,,,,,blob,0.336,1
1013,16.8994,,,,,,,,0.0,,,,,blob,0.0,0
1014,16.9161,,,,,,,,0.0,,,,,blob,0.0,0
1015,16.9328,706.67,436.94,1006.79,447.0,8.51,0.588,230,0.531,,,,,blob,0.531,1
1016,16.9494,,,,,,,,0.0,,,,,blob,0.0,0
1017,16.9661,,,,,,,,0.0,,,,,blob,0.0,0
1018,16.9828,,,,,,,,0.0,,,,,blob,0.0,0
1019,16.9995,828.24,512.15,924.45,473.47,8.81,0.664,240,0.625,,,,,blob,0.625,3
1020,17.0162,,,,,,,,0.0,,,,,blob,0.0,1
1021,17.0328,,,,,,,,0.0,,,,,blob,0.0,0
1022,17.0495,,,,,,,,0.0,,,,,blob,0.0,0
1023,17.0662,,,,,,,,0.0,,,,,blob,0.0,0
1024,17.0829,,,,,,,,0.0,,,,,blob,0.0,0
1025,17.0996,,,,,,,,0.0,,,,,blob,0.0,0
1026,17.1163,,,,,,,,0.0,,,,,blob,0.0,0
1027,17.1329,,,,,,,,0.0,,,,,blob,0.0,0
1028,17.1496,,,,,,,,0.0,,,,,blob,0.0,0
1029,17.1663,,,,,,,,0.0,,,,,blob,0.0,0
1030,17.183,,,,,,,,0.0,,,,,blob,0.0,0
1031,17.1997,809.14,600.62,687.57,638.7,5.73,0.608,243,0.579,,,,,blob,0.579,1
1032,17.2164,,,,,,,,0.0,,,,,blob,0.0,0
1033,17.233,991.77,661.51,647.27,678.08,6.26,0.488,239,0.457,,,,,blob,0.457,1
1034,17.2497,,,,,,,,0.0,,,,,blob,0.0,1
1035,17.2664,,,,,,,,0.0,,,,,blob,0.0,0
1036,17.2831,,,,,,,,0.0,,,,,blob,0.0,0
1037,17.2998,,,,,,,,0.0,,,,,blob,0.0,0
1038,17.3165,,,,,,,,0.0,,,,,blob,0.0,0
1039,17.3331,,,,,,,,0.0,,,,,blob,0.0,0
1040,17.3498,,,,,,,,0.0,,,,,blob,0.0,0
1041,17.3665,,,,,,,,0.0,,,,,blob,0.0,0
1042,17.3832,,,,,,,,0.0,,,,,blob,0.0,0
1043,17.3999,,,,,,,,0.0,,,,,blob,0.0,0
1044,17.4165,1325.58,681.94,1718.5,695.53,5.89,0.482,187,0.353,,,,,blob,0.353,1
1045,17.4332,1253.75,676.98,1711.03,676.81,4.48,0.5,212,0.416,,,,,blob,0.416,1
1046,17.4499,,,,,,,,0.0,,,,,blob,0.0,0
1047,17.4666,,,,,,,,0.0,,,,,blob,0.0,0
1048,17.4833,,,,,,,,0.0,,,,,blob,0.0,0
1049,17.5,,,,,,,,0.0,,,,,blob,0.0,0
1050,17.5166,,,,,,,,0.0,,,,,blob,0.0,0
1051,17.5333,764.57,664.08,372.82,665.01,5.47,0.704,246,0.679,,,,,blob,0.679,2
1052,17.55,,,,,,,,0.0,,,,,blob,0.0,0
1053,17.5667,423.9,651.83,346.5,647.61,5.29,0.599,242,0.568,,,,,blob,0.568,1
1054,17.5834,410.69,645.61,337.28,642.54,6.04,0.659,242,0.625,,,,,blob,0.625,1
1055,17.6001,727.8,647.92,325.77,640.6,7.08,0.597,245,0.574,,,,,blob,0.574,1
1056,17.6167,,,,,,,,0.0,,,,,blob,0.0,1
1057,17.6334,1259.83,655.92,1659.26,662.33,8.22,0.616,194,0.469,,,,,blob,0.469,1
1058,17.6501,1576.51,661.89,1655.41,661.87,7.48,0.527,195,0.403,,,,,blob,0.403,1
1059,17.6668,,,,,,,,0.0,,,,,blob,0.0,0
1060,17.6835,,,,,,,,0.0,,,,,blob,0.0,0
1061,17.7001,1632.18,668.01,1644.25,663.99,7.83,0.484,193,0.367,,,,,blob,0.367,1
1062,17.7168,,,,,,,,0.0,,,,,blob,0.0,0
1063,17.7335,,,,,,,,0.0,,,,,blob,0.0,0
1064,17.7502,,,,,,,,0.0,,,,,blob,0.0,0
1065,17.7669,,,,,,,,0.0,,,,,blob,0.0,0
1066,17.7836,,,,,,,,0.0,,,,,blob,0.0,0
1067,17.8002,,,,,,,,0.0,,,,,blob,0.0,0
1068,17.8169,,,,,,,,0.0,,,,,blob,0.0,0
1069,17.8336,,,,,,,,0.0,,,,,blob,0.0,0
1070,17.8503,,,,,,,,0.0,,,,,blob,0.0,0
1071,17.867,,,,,,,,0.0,,,,,blob,0.0,0
1072,17.8837,,,,,,,,0.0,,,,,blob,0.0,0
1073,17.9003,,,,,,,,0.0,,,,,blob,0.0,0
1074,17.917,,,,,,,,0.0,,,,,blob,0.0,0
1075,17.9337,,,,,,,,0.0,,,,,blob,0.0,0
1076,17.9504,,,,,,,,0.0,,,,,blob,0.0,0
1077,17.9671,,,,,,,,0.0,,,,,blob,0.0,0
1078,17.9838,,,,,,,,0.0,,,,,blob,0.0,0
1079,18.0004,,,,,,,,0.0,,,,,blob,0.0,0
1080,18.0171,,,,,,,,0.0,,,,,blob,0.0,0
1081,18.0338,1628.45,681.89,1569.84,671.9,5.82,0.494,190,0.368,,,,,blob,0.368,1
1082,18.0505,1651.01,680.3,1691.23,713.54,6.91,0.66,204,0.528,,,,,blob,0.528,2
1083,18.0672,,,,,,,,0.0,,,,,blob,0.0,0
1084,18.0838,1648.75,599.11,1682.44,714.07,6.33,0.679,209,0.557,,,,,blob,0.557,1
1085,18.1005,,,,,,,,0.0,,,,,blob,0.0,2
1086,18.1172,,,,,,,,0.0,,,,,blob,0.0,0
1087,18.1339,1612.64,449.73,1583.47,337.27,5.23,0.523,179,0.367,,,,,blob,0.367,1
1088,18.1506,1586.32,357.16,1580.95,337.57,5.67,0.628,195,0.48,,,,,blob,0.48,1
1089,18.1673,1573.14,341.51,1578.79,334.91,5.03,0.461,188,0.34,,,,,blob,0.34,1
1090,18.1839,1540.88,364.92,1576.35,333.91,4.69,0.505,189,0.374,,,,,blob,0.374,1
1091,18.2006,,,,,,,,0.0,,,,,blob,0.0,0
1092,18.2173,1409.02,393.5,1471.73,446.29,11.71,0.492,189,0.365,,,,,blob,0.365,1
1093,18.234,,,,,,,,0.0,,,,,blob,0.0,0
1094,18.2507,1093.39,394.23,1378.64,391.19,9.3,0.499,243,0.475,,,,,blob,0.475,1
1095,18.2674,,,,,,,,0.0,,,,,blob,0.0,0
1096,18.284,,,,,,,,0.0,,,,,blob,0.0,0
1097,18.3007,,,,,,,,0.0,,,,,blob,0.0,0
1098,18.3174,,,,,,,,0.0,,,,,blob,0.0,0
1099,18.3341,,,,,,,,0.0,,,,,blob,0.0,0
1100,18.3508,,,,,,,,0.0,,,,,blob,0.0,0
1101,18.3674,,,,,,,,0.0,,,,,blob,0.0,0
1102,18.3841,,,,,,,,0.0,,,,,blob,0.0,0
1103,18.4008,,,,,,,,0.0,,,,,blob,0.0,0
1104,18.4175,,,,,,,,0.0,,,,,blob,0.0,0
1105,18.4342,,,,,,,,0.0,,,,,blob,0.0,0
1106,18.4509,,,,,,,,0.0,,,,,blob,0.0,0
1107,18.4675,,,,,,,,0.0,,,,,blob,0.0,0
1108,18.4842,,,,,,,,0.0,,,,,blob,0.0,0
1109,18.5009,,,,,,,,0.0,,,,,blob,0.0,0
1110,18.5176,,,,,,,,0.0,,,,,blob,0.0,0
1111,18.5343,,,,,,,,0.0,,,,,blob,0.0,0
1112,18.551,,,,,,,,0.0,,,,,blob,0.0,0
1113,18.5676,,,,,,,,0.0,,,,,blob,0.0,0
1114,18.5843,,,,,,,,0.0,,,,,blob,0.0,0
1115,18.601,811.89,412.8,162.16,339.39,5.14,0.597,205,0.48,,,,,blob,0.48,1
1116,18.6177,,,,,,,,0.0,,,,,blob,0.0,0
1117,18.6344,999.23,491.0,980.67,489.39,6.64,0.523,242,0.496,,,,,blob,0.496,2
1118,18.6511,,,,,,,,0.0,,,,,blob,0.0,2
1119,18.6677,1382.57,546.27,1656.47,675.37,4.39,0.455,176,0.314,,,,,blob,0.314,1
1120,18.6844,1523.83,515.88,1562.99,455.93,4.75,0.483,181,0.343,,,,,blob,0.343,1
1121,18.7011,1394.17,490.07,1571.73,459.08,5.48,0.49,188,0.361,,,,,blob,0.361,2
1122,18.7178,,,,,,,,0.0,,,,,blob,0.0,0
1123,18.7345,,,,,,,,0.0,,,,,blob,0.0,0
1124,18.7511,1149.03,506.96,968.52,525.04,4.82,0.579,250,0.568,,,,,blob,0.568,1
1125,18.7678,1003.75,527.04,970.86,530.0,5.77,0.619,245,0.595,,,,,blob,0.595,1
1126,18.7845,972.87,536.34,973.01,535.78,6.99,0.493,244,0.472,,,,,blob,0.472,1
1127,18.8012,975.07,543.39,974.51,542.86,6.84,0.529,247,0.512,,,,,blob,0.512,1
1128,18.8179,977.53,551.77,977.88,550.88,7.18,0.691,245,0.664,,,,,blob,0.664,1
1129,18.8346,979.76,561.44,980.0,561.19,5.06,0.463,244,0.443,,,,,blob,0.443,2
1130,18.8512,981.4,571.74,981.86,572.01,5.5,0.457,242,0.434,,,,,blob,0.434,1
1131,18.8679,982.65,582.21,982.3,581.78,5.32,0.583,243,0.556,,,,,blob,0.556,2
1132,18.8846,984.21,593.2,983.72,592.84,5.2,0.611,242,0.58,,,,,blob,0.58,2
1133,18.9013,986.27,605.1,986.58,604.47,5.03,0.755,243,0.719,,,,,blob,0.719,2
1134,18.918,1028.8,620.13,988.04,617.81,5.23,0.595,240,0.56,,,,,blob,0.56,1
1135,18.9347,1211.68,642.72,991.39,631.13,4.67,0.764,243,0.728,,,,,blob,0.728,2
1136,18.9513,,,,,,,,0.0,,,,,blob,0.0,1
1137,18.968,1471.41,670.18,1731.92,685.4,5.41,0.626,192,0.471,,,,,blob,0.471,1
1138,18.9847,1473.96,691.25,1735.23,687.0,5.56,0.66,195,0.505,,,,,blob,0.505,1
1139,19.0014,,,,,,,,0.0,,,,,blob,0.0,0
1140,19.0181,1218.83,709.56,998.85,709.7,6.28,0.628,239,0.589,,,,,blob,0.589,1
1141,19.0347,1040.2,726.62,999.24,726.32,6.33,0.598,239,0.56,,,,,blob,0.56,1
1142,19.0514,,,,,,,,0.0,,,,,blob,0.0,0
1143,19.0681,1040.17,728.7,1000.95,758.74,5.35,0.647,243,0.617,,,,,blob,0.617,1
1144,19.0848,,,,,,,,0.0,,,,,blob,0.0,0
1145,19.1015,,,,,,,,0.0,,,,,blob,0.0,0
1146,19.1182,,,,,,,,0.0,,,,,blob,0.0,0
1147,19.1348,,,,,,,,0.0,,,,,blob,0.0,0
1148,19.1515,,,,,,,,0.0,,,,,blob,0.0,0
1149,19.1682,1210.54,702.56,1009.03,700.31,4.55,0.561,236,0.52,,,,,blob,0.52,2
1150,19.1849,,,,,,,,0.0,,,,,blob,0.0,0
1151,19.2016,,,,,,,,0.0,,,,,blob,0.0,0
1152,19.2183,1485.04,664.17,1694.28,663.6,7.43,0.636,187,0.467,,,,,blob,0.467,1
1153,19.2349,,,,,,,,0.0,,,,,blob,0.0,0
1154,19.2516,,,,,,,,0.0,,,,,blob,0.0,0
1155,19.2683,,,,,,,,0.0,,,,,blob,0.0,0
1156,19.285,1645.13,633.48,1682.2,618.3,5.43,0.743,222,0.647,,,,,blob,0.647,2
1157,19.3017,1672.83,619.68,1672.75,617.33,6.0,0.713,221,0.618,,,,,blob,0.618,1
1158,19.3184,1629.49,619.32,1663.19,616.13,6.0,0.724,219,0.622,,,,,blob,0.622,1
1159,19.335,1469.88,632.64,1653.23,615.17,5.16,0.628,219,0.539,,,,,blob,0.539,1
1160,19.3517,,,,,,,,0.0,,,,,blob,0.0,0
1161,19.3684,,,,,,,,0.0,,,,,blob,0.0,0
1162,19.3851,,,,,,,,0.0,,,,,blob,0.0,0
1163,19.4018,,,,,,,,0.0,,,,,blob,0.0,0
1164,19.4184,,,,,,,,0.0,,,,,blob,0.0,0
1165,19.4351,1215.33,656.71,1027.41,671.47,4.48,0.635,245,0.61,,,,,blob,0.61,2
1166,19.4518,1062.58,674.48,1028.91,677.06,4.69,0.695,244,0.665,,,,,blob,0.665,2
1167,19.4685,1029.01,683.25,1028.91,683.22,4.93,0.713,244,0.682,,,,,blob,0.682,1
1168,19.4852,1029.65,689.78,1029.21,689.06,5.35,0.647,244,0.619,,,,,blob,0.619,1
1169,19.5019,1030.53,697.15,1030.93,696.94,5.7,0.658,244,0.629,,,,,blob,0.629,1
1170,19.5185,1031.31,705.29,1031.21,705.05,5.5,0.561,244,0.537,,,,,blob,0.537,1
1171,19.5352,1032.09,714.31,1032.02,713.47,6.33,0.466,244,0.446,,,,,blob,0.446,1
1172,19.5519,1062.43,716.57,1032.69,724.12,6.21,0.542,244,0.519,,,,,blob,0.519,2
1173,19.5686,1194.41,677.55,1034.99,735.36,6.77,0.504,244,0.482,,,,,blob,0.482,1
1174,19.5853,,,,,,,,0.0,,,,,blob,0.0,0
1175,19.602,1332.66,564.37,1572.75,601.9,5.0,0.712,205,0.573,,,,,blob,0.573,3
1176,19.6186,1190.83,443.23,1563.87,344.88,5.28,0.501,207,0.406,,,,,blob,0.406,2
1177,19.6353,,,,,,,,0.0,,,,,blob,0.0,0
1178,19.652,981.18,438.12,156.41,344.61,4.64,0.499,179,0.351,,,,,blob,0.351,1
1179,19.6687,,,,,,,,0.0,,,,,blob,0.0,0
1180,19.6854,,,,,,,,0.0,,,,,blob,0.0,0
1181,19.7021,1184.44,534.88,1514.54,608.77,4.37,0.496,205,0.399,,,,,blob,0.399,2
1182,19.7187,,,,,,,,0.0,,,,,blob,0.0,0
1183,19.7354,,,,,,,,0.0,,,,,blob,0.0,0
1184,19.7521,1456.35,611.1,1482.03,618.43,4.48,0.635,203,0.505,,,,,blob,0.505,1
1185,19.7688,1545.48,636.57,1639.43,657.1,4.64,0.516,187,0.379,,,,,blob,0.379,1
1186,19.7855,,,,,,,,0.0,,,,,blob,0.0,1
1187,19.8021,1487.45,641.71,1485.27,627.72,6.6,0.487,185,0.353,,,,,blob,0.353,1
1188,19.8188,,,,,,,,0.0,,,,,blob,0.0,0
1189,19.8355,,,,,,,,0.0,,,,,blob,0.0,0
1190,19.8522,,,,,,,,0.0,,,,,blob,0.0,0
1191,19.8689,1345.94,664.15,1436.51,633.62,10.67,0.46,211,0.38,,,,,blob,0.38,1
1192,19.8856,,,,,,,,0.0,,,,,blob,0.0,0
1193,19.9022,1172.83,706.33,1056.2,735.62,4.65,0.598,244,0.572,,,,,blob,0.572,3
1194,19.9189,1078.12,734.75,1057.25,739.68,4.42,0.611,244,0.585,,,,,blob,0.585,2
1195,19.9356,1058.67,744.97,1058.44,745.0,4.89,0.66,242,0.626,,,,,blob,0.626,1
1196,19.9523,1060.12,750.44,1060.35,749.65,4.62,0.657,242,0.623,,,,,blob,0.623,1
1197,19.969,1061.37,756.75,1061.62,756.78,5.31,0.482,239,0.452,,,,,blob,0.452,1
1198,19.9857,1062.33,763.89,1062.15,763.06,5.81,0.555,245,0.534,,,,,blob,0.534,1
1199,20.0023,1063.13,771.97,1063.5,771.85,5.92,0.709,237,0.659,,,,,blob,0.659,1
1200,20.019,1076.59,763.23,1063.5,780.5,5.94,0.744,247,0.72,,,,,blob,0.72,2
1201,20.0357,1134.33,693.71,1064.73,789.79,6.1,0.666,246,0.643,,,,,blob,0.643,1
1202,20.0524,,,,,,,,0.0,,,,,blob,0.0,0
1203,20.0691,1228.13,572.42,1299.57,478.06,6.41,0.512,203,0.407,,,,,blob,0.407,1
1204,20.0857,1282.9,500.11,1296.31,483.11,5.51,0.707,203,0.562,,,,,blob,0.562,2
1205,20.1024,1291.91,487.18,1291.59,487.6,5.41,0.568,201,0.448,,,,,blob,0.448,1
1206,20.1191,1287.89,490.9,1288.27,490.96,5.0,0.745,202,0.59,,,,,blob,0.59,1
1207,20.1358,1294.86,502.31,1283.16,494.57,5.98,0.456,192,0.343,,,,,blob,0.343,1
1208,20.1525,1329.3,533.61,1281.27,496.55,5.43,0.487,202,0.386,,,,,blob,0.386,1
1209,20.1692,1358.0,565.03,1475.0,650.97,5.63,0.506,181,0.359,,,,,blob,0.359,1
1210,20.1858,1323.46,567.1,1279.04,499.03,4.87,0.659,210,0.542,,,,,blob,0.542,2
1211,20.2025,,,,,,,,0.0,,,,,blob,0.0,0
1212,20.2192,,,,,,,,0.0,,,,,blob,0.0,0
1213,20.2359,1275.57,585.27,1266.0,603.1,6.24,0.584,223,0.51,,,,,blob,0.51,2
1214,20.2526,1240.4,613.34,1272.29,603.46,5.31,0.711,223,0.622,,,,,blob,0.622,3
1215,20.2693,1221.91,605.46,1145.94,692.82,7.78,0.706,240,0.665,,,,,blob,0.665,1
1216,20.2859,,,,,,,,0.0,,,,,blob,0.0,1
1217,20.3026,1252.41,554.89,1274.8,490.34,7.01,0.567,200,0.445,,,,,blob,0.445,1
1218,20.3193,1313.87,555.63,1276.29,487.21,6.98,0.488,196,0.375,,,,,blob,0.375,2
1219,20.336,,,,,,,,0.0,,,,,blob,0.0,1
1220,20.3527,,,,,,,,0.0,,,,,blob,0.0,0
1221,20.3694,1367.39,613.67,1437.29,668.47,4.93,0.477,190,0.356,,,,,blob,0.356,1
1222,20.386,1361.88,614.07,1381.46,710.86,7.38,0.563,196,0.432,,,,,blob,0.432,1
1223,20.4027,,,,,,,,0.0,,,,,blob,0.0,0
1224,20.4194,1325.76,547.0,1288.69,463.22,6.53,0.538,190,0.401,,,,,blob,0.401,1
1225,20.4361,1318.79,538.91,1292.83,458.08,7.04,0.462,188,0.341,,,,,blob,0.341,1
1226,20.4528,,,,,,,,0.0,,,,,blob,0.0,0
1227,20.4694,1327.23,583.94,1386.01,708.66,5.0,0.658,198,0.511,,,,,blob,0.511,1
1228,20.4861,,,,,,,,0.0,,,,,blob,0.0,1
1229,20.5028,1310.57,575.05,1281.59,542.67,11.26,0.694,232,0.631,,,,,blob,0.631,1
1230,20.5195,1297.21,535.95,1290.22,532.12,10.78,0.673,229,0.604,,,,,blob,0.604,3
1231,20.5362,1306.42,493.21,1295.57,524.96,10.66,0.511,231,0.462,,,,,blob,0.462,1
1232,20.5529,1335.03,451.95,1337.34,410.7,5.85,0.539,203,0.429,,,,,blob,0.429,1
1233,20.5695,1385.42,453.55,1345.37,404.64,6.76,0.581,200,0.456,,,,,blob,0.456,1
1234,20.5862,,,,,,,,0.0,,,,,blob,0.0,2
1235,20.6029,,,,,,,,0.0,,,,,blob,0.0,0
1236,20.6196,1449.45,494.19,1493.26,561.39,4.46,0.502,225,0.443,,,,,blob,0.443,2
1237,20.6363,,,,,,,,0.0,,,,,blob,0.0,0
1238,20.653,,,,,,,,0.0,,,,,blob,0.0,0
1239,20.6696,1472.91,531.5,1503.34,452.31,5.64,0.475,202,0.376,,,,,blob,0.376,1
1240,20.6863,1445.25,554.08,1462.75,670.16,4.62,0.466,197,0.36,,,,,blob,0.36,1
1241,20.703,1430.13,516.28,1330.02,488.15,5.6,0.628,226,0.557,,,,,blob,0.557,2
1242,20.7197,1475.27,463.67,1524.03,440.66,5.12,0.534,205,0.43,,,,,blob,0.43,1
1243,20.7364,1519.34,440.22,1529.57,437.41,4.98,0.458,200,0.359,,,,,blob,0.359,4
1244,20.753,1535.11,435.47,1535.2,435.2,4.89,0.621,202,0.492,,,,,blob,0.492,3
1245,20.7697,1536.23,428.21,1540.91,433.51,4.93,0.557,198,0.432,,,,,blob,0.432,3
1246,20.7864,1518.47,411.84,1544.39,432.44,5.53,0.517,188,0.381,,,,,blob,0.381,2
1247,20.8031,1473.52,414.01,1476.36,329.55,5.28,0.576,209,0.472,,,,,blob,0.472,1
1248,20.8198,,,,,,,,0.0,,,,,blob,0.0,1
1249,20.8365,,,,,,,,0.0,,,,,blob,0.0,0
1250,20.8531,,,,,,,,0.0,,,,,blob,0.0,0
1251,20.8698,1427.54,462.86,1398.32,507.87,5.06,0.61,249,0.595,,,,,blob,0.595,3
1252,20.8865,1408.26,505.39,1404.5,515.32,4.95,0.626,246,0.604,,,,,blob,0.604,1
1253,20.9032,1412.2,527.33,1411.04,523.0,5.61,0.584,247,0.566,,,,,blob,0.566,2
1254,20.9199,,,,,,,,0.0,,,,,blob,0.0,0
1255,20.9366,1445.43,567.74,1400.07,517.88,5.66,0.473,249,0.461,,,,,blob,0.461,1
1256,20.9532,,,,,,,,0.0,,,,,blob,0.0,0
1257,20.9699,1511.72,632.64,1523.5,674.96,5.47,0.593,193,0.449,,,,,blob,0.449,1
1258,20.9866,1556.01,657.47,1625.83,708.63,5.35,0.456,203,0.363,,,,,blob,0.363,2
1259,21.0033,1469.19,614.56,1514.27,603.29,4.75,0.465,192,0.35,,,,,blob,0.35,2
1260,21.02,1107.7,527.03,1528.9,583.39,9.45,0.567,180,0.4,,,,,blob,0.4,3
1261,21.0367,,,,,,,,0.0,,,,,blob,0.0,0
1262,21.0533,536.08,424.71,112.24,355.56,4.44,0.702,194,0.534,,,,,blob,0.534,2
1263,21.07,,,,,,,,0.0,,,,,blob,0.0,0
1264,21.0867,270.16,371.53,116.51,355.65,6.91,0.621,188,0.458,,,,,blob,0.458,2
1265,21.1034,,,,,,,,0.0,,,,,blob,0.0,0
1266,21.1201,543.72,369.39,120.52,355.37,6.35,0.521,180,0.368,,,,,blob,0.368,1
1267,21.1367,,,,,,,,0.0,,,,,blob,0.0,0
1268,21.1534,1052.34,372.14,1525.2,421.02,5.53,0.575,202,0.456,,,,,blob,0.456,1
1269,21.1701,,,,,,,,0.0,,,,,blob,0.0,1
1270,21.1868,,,,,,,,0.0,,,,,blob,0.0,0
1271,21.2035,,,,,,,,0.0,,,,,blob,0.0,0
1272,21.2202,1070.76,354.56,1618.27,316.93,5.29,0.461,200,0.362,,,,,blob,0.362,1
1273,21.2368,,,,,,,,0.0,,,,,blob,0.0,0
1274,21.2535,,,,,,,,0.0,,,,,blob,0.0,0
1275,21.2702,573.38,347.17,133.99,350.05,4.46,0.502,205,0.404,,,,,blob,0.404,1
1276,21.2869,306.44,371.02,136.99,354.15,5.08,0.461,193,0.349,,,,,blob,0.349,1
1277,21.3036,,,,,,,,0.0,,,,,blob,0.0,1
1278,21.3203,622.06,456.96,141.2,356.35,5.56,0.454,197,0.351,,,,,blob,0.351,1
1279,21.3369,,,,,,,,0.0,,,,,blob,0.0,1
1280,21.3536,,,,,,,,0.0,,,,,blob,0.0,0
1281,21.3703,,,,,,,,0.0,,,,,blob,0.0,0
1282,21.387,,,,,,,,0.0,,,,,blob,0.0,0
1283,21.4037,,,,,,,,0.0,,,,,blob,0.0,0
1284,21.4203,,,,,,,,0.0,,,,,blob,0.0,0
1285,21.437,1269.37,580.89,1760.12,709.54,6.46,0.52,190,0.387,,,,,blob,0.387,1
1286,21.4537,,,,,,,,0.0,,,,,blob,0.0,0
1287,21.4704,,,,,,,,0.0,,,,,blob,0.0,0
1288,21.4871,1569.86,640.28,1736.81,636.04,4.65,0.509,203,0.405,,,,,blob,0.405,1
1289,21.5038,1351.12,652.49,1736.71,616.12,4.55,0.572,218,0.489,,,,,blob,0.489,1
1290,21.5204,,,,,,,,0.0,,,,,blob,0.0,0
1291,21.5371,,,,,,,,0.0,,,,,blob,0.0,0
1292,21.5538,,,,,,,,0.0,,,,,blob,0.0,0
1293,21.5705,1003.83,647.81,164.53,753.37,4.41,0.476,205,0.382,,,,,blob,0.382,1
1294,21.5872,,,,,,,,0.0,,,,,blob,0.0,0
1295,21.6039,942.72,622.45,1682.37,485.71,7.37,0.452,216,0.383,,,,,blob,0.383,1
1296,21.6205,,,,,,,,0.0,,,,,blob,0.0,1
1297,21.6372,926.67,626.18,146.94,748.06,10.86,0.579,205,0.465,,,,,blob,0.465,1
1298,21.6539,,,,,,,,0.0,,,,,blob,0.0,1
1299,21.6706,,,,,,,,0.0,,,,,blob,0.0,0
1300,21.6873,,,,,,,,0.0,,,,,blob,0.0,0
1301,21.704,,,,,,,,0.0,,,,,blob,0.0,0
1302,21.7206,,,,,,,,0.0,,,,,blob,0.0,0
1303,21.7373,,,,,,,,0.0,,,,,blob,0.0,0
1304,21.754,,,,,,,,0.0,,,,,blob,0.0,0
1305,21.7707,942.42,642.37,1737.55,489.44,6.12,0.521,208,0.425,,,,,blob,0.425,1
1306,21.7874,,,,,,,,0.0,,,,,blob,0.0,0
1307,21.804,661.01,660.49,429.4,840.86,7.77,0.596,240,0.561,,,,,blob,0.561,1
1308,21.8207,,,,,,,,0.0,,,,,blob,0.0,1
1309,21.8374,,,,,,,,0.0,,,,,blob,0.0,0
1310,21.8541,,,,,,,,0.0,,,,,blob,0.0,0
1311,21.8708,,,,,,,,0.0,,,,,blob,0.0,0
1312,21.8875,,,,,,,,0.0,,,,,blob,0.0,0
1313,21.9041,,,,,,,,0.0,,,,,blob,0.0,0
1314,21.9208,,,,,,,,0.0,,,,,blob,0.0,0
1315,21.9375,409.24,597.74,191.45,565.86,5.03,0.569,194,0.433,,,,,blob,0.433,1
1316,21.9542,559.2,526.42,166.23,430.81,6.45,0.481,212,0.4,,,,,blob,0.4,1
1317,21.9709,,,,,,,,0.0,,,,,blob,0.0,0
1318,21.9876,,,,,,,,0.0,,,,,blob,0.0,0
1319,22.0042,,,,,,,,0.0,,,,,blob,0.0,0
1320,22.0209,783.96,500.31,1688.96,600.15,5.22,0.489,188,0.361,,,,,blob,0.361,1
1321,22.0376,,,,,,,,0.0,,,,,blob,0.0,1
1322,22.0543,545.94,456.84,177.63,411.27,5.26,0.707,200,0.555,,,,,blob,0.555,1
1323,22.071,261.36,416.01,175.19,407.51,4.8,0.607,196,0.467,,,,,blob,0.467,1
1324,22.0876,184.04,406.89,185.96,398.33,5.66,0.452,178,0.315,,,,,blob,0.315,3
1325,22.1043,215.31,432.1,183.59,395.09,5.05,0.524,192,0.395,,,,,blob,0.395,2
1326,22.121,382.54,475.26,217.98,515.85,4.84,0.553,210,0.455,,,,,blob,0.455,1
1327,22.1377,,,,,,,,0.0,,,,,blob,0.0,0
1328,22.1544,,,,,,,,0.0,,,,,blob,0.0,0
1329,22.1711,,,,,,,,0.0,,,,,blob,0.0,0
1330,22.1877,807.25,492.68,609.41,506.12,7.11,0.461,240,0.434,,,,,blob,0.434,1
1331,22.2044,,,,,,,,0.0,,,,,blob,0.0,1
1332,22.2211,,,,,,,,0.0,,,,,blob,0.0,0
1333,22.2378,,,,,,,,0.0,,,,,blob,0.0,0
1334,22.2545,1292.12,482.31,1669.87,473.29,4.41,0.561,205,0.451,,,,,blob,0.451,1
1335,22.2712,1398.91,467.46,1667.68,474.0,4.41,0.505,205,0.406,,,,,blob,0.406,1
1336,22.2878,,,,,,,,0.0,,,,,blob,0.0,0
1337,22.3045,,,,,,,,0.0,,,,,blob,0.0,0
1338,22.3212,,,,,,,,0.0,,,,,blob,0.0,0
1339,22.3379,,,,,,,,0.0,,,,,blob,0.0,0
1340,22.3546,,,,,,,,0.0,,,,,blob,0.0,0
1341,22.3713,,,,,,,,0.0,,,,,blob,0.0,0
1342,22.3879,1178.81,455.82,951.57,445.98,7.9,0.575,238,0.537,,,,,blob,0.537,2
1343,22.4046,,,,,,,,0.0,,,,,blob,0.0,0
1344,22.4213,982.94,451.12,992.86,450.63,7.82,0.495,245,0.476,,,,,blob,0.476,2
1345,22.438,773.61,451.07,1009.33,452.81,5.22,0.453,244,0.433,,,,,blob,0.433,1
1346,22.4547,,,,,,,,0.0,,,,,blob,0.0,0
1347,22.4713,468.76,453.55,247.17,447.3,4.37,0.746,198,0.579,,,,,blob,0.579,1
1348,22.488,277.97,461.69,230.56,462.23,7.4,0.459,212,0.382,,,,,blob,0.382,1
1349,22.5047,237.07,475.6,226.94,467.09,9.53,0.469,223,0.41,,,,,blob,0.41,2
1350,22.5214,,,,,,,,0.0,,,,,blob,0.0,0
1351,22.5381,323.34,499.87,263.72,506.81,6.24,0.514,186,0.375,,,,,blob,0.375,1
1352,22.5548,696.78,551.88,211.54,486.87,7.88,0.506,186,0.369,,,,,blob,0.369,1
1353,22.5714,,,,,,,,0.0,,,,,blob,0.0,0
1354,22.5881,1322.72,632.24,1789.76,691.41,6.47,0.477,186,0.348,,,,,blob,0.348,1
1355,22.6048,1707.88,682.7,1794.46,693.76,5.79,0.616,176,0.425,,,,,blob,0.425,1
1356,22.6215,1707.53,689.61,1796.56,696.18,6.26,0.645,180,0.455,,,,,blob,0.455,2
1357,22.6382,1306.65,660.59,1800.03,697.4,5.71,0.532,172,0.359,,,,,blob,0.359,2
1358,22.6549,,,,,,,,0.0,,,,,blob,0.0,0
1359,22.6715,708.57,609.91,163.29,585.83,4.5,0.528,174,0.36,,,,,blob,0.36,1
1360,22.6882,,,,,,,,0.0,,,,,blob,0.0,0
1361,22.7049,,,,,,,,0.0,,,,,blob,0.0,0
1362,22.7216,,,,,,,,0.0,,,,,blob,0.0,0
1363,22.7383,,,,,,,,0.0,,,,,blob,0.0,0
1364,22.755,628.87,592.71,101.78,531.02,4.75,0.541,216,0.458,,,,,blob,0.458,1
1365,22.7716,,,,,,,,0.0,,,,,blob,0.0,0
1366,22.7883,,,,,,,,0.0,,,,,blob,0.0,0
1367,22.805,1117.37,625.01,1477.55,663.06,4.44,0.48,243,0.458,,,,,blob,0.458,1
1368,22.8217,,,,,,,,0.0,,,,,blob,0.0,0
1369,22.8384,,,,,,,,0.0,,,,,blob,0.0,0
1370,22.855,,,,,,,,0.0,,,,,blob,0.0,0
1371,22.8717,,,,,,,,0.0,,,,,blob,0.0,0
1372,22.8884,,,,,,,,0.0,,,,,blob,0.0,0
1373,22.9051,,,,,,,,0.0,,,,,blob,0.0,0
1374,22.9218,,,,,,,,0.0,,,,,blob,0.0,0
1375,22.9385,,,,,,,,0.0,,,,,blob,0.0,0
1376,22.9551,,,,,,,,0.0,,,,,blob,0.0,0
1377,22.9718,,,,,,,,0.0,,,,,blob,0.0,0
1378,22.9885,,,,,,,,0.0,,,,,blob,0.0,0
1379,23.0052,,,,,,,,0.0,,,,,blob,0.0,0
1380,23.0219,1513.84,649.89,1635.47,659.33,8.33,0.717,239,0.672,,,,,blob,0.672,1
1381,23.0386,1624.47,648.5,1639.74,650.54,9.6,0.786,232,0.715,,,,,blob,0.715,2
1382,23.0552,1627.87,635.44,1625.5,636.98,10.6,0.666,232,0.606,,,,,blob,0.606,1
1383,23.0719,1628.62,617.84,1604.68,621.95,10.06,0.618,236,0.572,,,,,blob,0.572,1
1384,23.0886,1617.99,597.37,1688.53,592.93,6.66,0.627,180,0.443,,,,,blob,0.443,1
1385,23.1053,,,,,,,,0.0,,,,,blob,0.0,1
1386,23.122,1492.42,578.59,1539.81,580.68,5.26,0.557,246,0.538,,,,,blob,0.538,1
1387,23.1386,,,,,,,,0.0,,,,,blob,0.0,0
1388,23.1553,1110.44,554.99,1499.31,555.17,5.48,0.453,245,0.435,,,,,blob,0.435,1
1389,23.172,,,,,,,,0.0,,,,,blob,0.0,1
1390,23.1887,,,,,,,,0.0,,,,,blob,0.0,0
1391,23.2054,550.06,505.07,120.28,560.54,4.51,0.64,204,0.512,,,,,blob,0.512,2
1392,23.2221,,,,,,,,0.0,,,,,blob,0.0,1
1393,23.2387,,,,,,,,0.0,,,,,blob,0.0,0
1394,23.2554,,,,,,,,0.0,,,,,blob,0.0,0
1395,23.2721,232.79,430.39,172.3,375.71,7.9,0.455,198,0.353,,,,,blob,0.353,1
1396,23.2888,172.25,385.27,174.73,374.88,6.36,0.51,196,0.392,,,,,blob,0.392,1
1397,23.3055,179.52,384.14,177.76,375.12,6.01,0.544,197,0.42,,,,,blob,0.42,1
1398,23.3222,235.29,421.34,180.94,375.12,5.53,0.471,198,0.365,,,,,blob,0.365,1
1399,23.3388,,,,,,,,0.0,,,,,blob,0.0,0
1400,23.3555,,,,,,,,0.0,,,,,blob,0.0,0
1401,23.3722,,,,,,,,0.0,,,,,blob,0.0,0
1402,23.3889,,,,,,,,0.0,,,,,blob,0.0,0
1403,23.4056,496.03,483.98,214.92,541.07,4.6,0.455,178,0.317,,,,,blob,0.317,1
1404,23.4223,,,,,,,,0.0,,,,,blob,0.0,0
1405,23.4389,,,,,,,,0.0,,,,,blob,0.0,0
1406,23.4556,,,,,,,,0.0,,,,,blob,0.0,0
1407,23.4723,,,,,,,,0.0,,,,,blob,0.0,0
1408,23.489,,,,,,,,0.0,,,,,blob,0.0,0
1409,23.5057,,,,,,,,0.0,,,,,blob,0.0,0
1410,23.5223,983.42,539.31,1046.52,479.92,7.51,0.589,244,0.564,,,,,blob,0.564,2
1411,23.539,,,,,,,,0.0,,,,,blob,0.0,0
1412,23.5557,1332.03,573.97,1836.38,677.07,4.48,0.579,198,0.45,,,,,blob,0.45,1
1413,23.5724,,,,,,,,0.0,,,,,blob,0.0,0
1414,23.5891,,,,,,,,0.0,,,,,blob,0.0,0
1415,23.6058,1411.43,564.48,941.17,517.12,6.18,0.694,243,0.661,,,,,blob,0.661,1
1416,23.6224,,,,,,,,0.0,,,,,blob,0.0,0
1417,23.6391,,,,,,,,0.0,,,,,blob,0.0,0
1418,23.6558,,,,,,,,0.0,,,,,blob,0.0,0
1419,23.6725,,,,,,,,0.0,,,,,blob,0.0,0
1420,23.6892,1576.92,578.47,1753.82,521.27,4.39,0.613,194,0.466,,,,,blob,0.466,2
1421,23.7059,,,,,,,,0.0,,,,,blob,0.0,0
1422,23.7225,,,,,,,,0.0,,,,,blob,0.0,0
1423,23.7392,,,,,,,,0.0,,,,,blob,0.0,0
1424,23.7559,,,,,,,,0.0,,,,,blob,0.0,0
1425,23.7726,,,,,,,,0.0,,,,,blob,0.0,0
1426,23.7893,,,,,,,,0.0,,,,,blob,0.0,0
1427,23.8059,,,,,,,,0.0,,,,,blob,0.0,0
1428,23.8226,1747.42,636.68,1812.05,688.03,5.46,0.492,189,0.365,,,,,blob,0.365,2
1429,23.8393,1798.28,673.27,1805.73,686.38,5.61,0.47,183,0.337,,,,,blob,0.337,2
1430,23.856,1722.47,679.65,1786.17,671.32,5.4,0.542,197,0.419,,,,,blob,0.419,1
1431,23.8727,1404.4,689.2,1780.17,671.07,5.22,0.67,196,0.515,,,,,blob,0.515,1
1432,23.8894,,,,,,,,0.0,,,,,blob,0.0,0
1433,23.906,,,,,,,,0.0,,,,,blob,0.0,0
1434,23.9227,,,,,,,,0.0,,,,,blob,0.0,0
1435,23.9394,,,,,,,,0.0,,,,,blob,0.0,0
1436,23.9561,,,,,,,,0.0,,,,,blob,0.0,0
1437,23.9728,874.11,699.76,530.51,741.07,5.73,0.453,237,0.421,,,,,blob,0.421,1
1438,23.9895,,,,,,,,0.0,,,,,blob,0.0,0
1439,24.0061,,,,,,,,0.0,,,,,blob,0.0,0
1440,24.0228,,,,,,,,0.0,,,,,blob,0.0,0
1441,24.0395,,,,,,,,0.0,,,,,blob,0.0,0
1442,24.0562,,,,,,,,0.0,,,,,blob,0.0,0
1443,24.0729,,,,,,,,0.0,,,,,blob,0.0,0
1444,24.0896,,,,,,,,0.0,,,,,blob,0.0,0
1445,24.1062,525.22,688.31,432.08,673.57,4.62,0.579,244,0.554,,,,,blob,0.554,2
1446,24.1229,423.07,672.74,421.27,668.91,5.67,0.564,244,0.539,,,,,blob,0.539,1
1447,24.1396,,,,,,,,0.0,,,,,blob,0.0,0
1448,24.1563,403.53,665.9,400.56,664.92,5.79,0.474,245,0.456,,,,,blob,0.456,1
1449,24.173,390.69,663.4,389.5,664.01,5.06,0.687,245,0.66,,,,,blob,0.66,1
1450,24.1896,452.63,662.49,380.32,660.44,6.84,0.583,251,0.574,,,,,blob,0.574,1
1451,24.2063,769.46,664.25,371.2,659.79,7.62,0.636,250,0.624,,,,,blob,0.624,2
1452,24.223,,,,,,,,0.0,,,,,blob,0.0,2
1453,24.2397,1305.59,662.8,1686.83,680.53,5.85,0.675,190,0.503,,,,,blob,0.503,1
1454,24.2564,,,,,,,,0.0,,,,,blob,0.0,1
1455,24.2731,,,,,,,,0.0,,,,,blob,0.0,0
1456,24.2897,,,,,,,,0.0,,,,,blob,0.0,0
1457,24.3064,,,,,,,,0.0,,,,,blob,0.0,0
1458,24.3231,,,,,,,,0.0,,,,,blob,0.0,0
1459,24.3398,,,,,,,,0.0,,,,,blob,0.0,0
1460,24.3565,,,,,,,,0.0,,,,,blob,0.0,0
1461,24.3732,1638.8,635.84,1724.86,641.62,5.01,0.713,217,0.607,,,,,blob,0.607,1
1462,24.3898,1708.28,553.64,1722.4,642.63,5.68,0.683,212,0.568,,,,,blob,0.568,1
1463,24.4065,,,,,,,,0.0,,,,,blob,0.0,1
1464,24.4232,1691.12,429.71,1680.53,338.38,4.44,0.668,194,0.508,,,,,blob,0.508,1
1465,24.4399,1676.07,356.62,1675.43,339.67,4.72,0.719,193,0.544,,,,,blob,0.544,1
1466,24.4566,,,,,,,,0.0,,,,,blob,0.0,0
1467,24.4732,1667.22,341.77,1665.67,341.88,5.38,0.705,190,0.525,,,,,blob,0.525,2
1468,24.4899,1661.23,343.52,1661.09,343.68,4.55,0.598,193,0.452,,,,,blob,0.452,2
1469,24.5066,1656.09,345.14,1656.05,345.16,5.08,0.643,188,0.474,,,,,blob,0.474,2
1470,24.5233,1651.03,347.06,1651.38,346.23,4.44,0.702,189,0.52,,,,,blob,0.52,4
1471,24.54,1645.9,349.62,1645.47,349.85,5.67,0.544,187,0.399,,,,,blob,0.399,2
1472,24.5567,1641.3,352.2,1640.79,352.51,6.12,0.457,185,0.331,,,,,blob,0.331,2
1473,24.5733,1637.54,354.11,1637.26,354.7,6.56,0.52,187,0.381,,,,,blob,0.381,1
1474,24.59,1634.28,355.23,1634.44,355.19,5.61,0.47,186,0.343,,,,,blob,0.343,4
1475,24.6067,1631.07,355.89,1631.01,356.26,5.28,0.647,192,0.487,,,,,blob,0.487,1
1476,24.6234,1627.84,356.29,1627.9,355.97,5.0,0.571,192,0.43,,,,,blob,0.43,2
1477,24.6401,1624.56,356.46,1624.49,357.11,5.01,0.695,189,0.515,,,,,blob,0.515,1
1478,24.6568,1620.97,356.1,1621.66,356.22,5.08,0.7,196,0.538,,,,,blob,0.538,1
1479,24.6734,,,,,,,,0.0,,,,,blob,0.0,0
1480,24.6901,1606.73,363.7,1616.65,355.14,4.8,0.721,197,0.557,,,,,blob,0.557,1
1481,24.7068,1558.81,400.48,1612.52,355.2,5.43,0.458,181,0.325,,,,,blob,0.325,2
1482,24.7235,,,,,,,,0.0,,,,,blob,0.0,0
1483,24.7402,,,,,,,,0.0,,,,,blob,0.0,0
1484,24.7569,,,,,,,,0.0,,,,,blob,0.0,0
1485,24.7735,1494.8,472.11,1422.87,505.22,7.18,0.533,247,0.516,,,,,blob,0.516,1
1486,24.7902,1418.96,546.15,1449.08,513.03,5.78,0.462,244,0.442,,,,,blob,0.442,1
1487,24.8069,,,,,,,,0.0,,,,,blob,0.0,0
1488,24.8236,1214.92,585.92,1581.74,685.0,11.73,0.472,185,0.342,,,,,blob,0.342,1
1489,24.8403,,,,,,,,0.0,,,,,blob,0.0,0
1490,24.8569,,,,,,,,0.0,,,,,blob,0.0,0
1491,24.8736,,,,,,,,0.0,,,,,blob,0.0,0
1492,24.8903,,,,,,,,0.0,,,,,blob,0.0,0
1493,24.907,,,,,,,,0.0,,,,,blob,0.0,0
1494,24.9237,,,,,,,,0.0,,,,,blob,0.0,0
1495,24.9404,,,,,,,,0.0,,,,,blob,0.0,0
1496,24.957,,,,,,,,0.0,,,,,blob,0.0,0
1497,24.9737,,,,,,,,0.0,,,,,blob,0.0,0
1498,24.9904,,,,,,,,0.0,,,,,blob,0.0,0
1499,25.0071,,,,,,,,0.0,,,,,blob,0.0,0
1500,25.0238,,,,,,,,0.0,,,,,blob,0.0,0
1501,25.0405,,,,,,,,0.0,,,,,blob,0.0,0
1502,25.0571,1032.54,550.52,255.75,542.99,5.16,0.608,204,0.486,,,,,blob,0.486,1
1503,25.0738,,,,,,,,0.0,,,,,blob,0.0,0
1504,25.0905,1247.56,494.56,1545.71,453.65,4.46,0.582,186,0.425,,,,,blob,0.425,1
1505,25.1072,,,,,,,,0.0,,,,,blob,0.0,0
1506,25.1239,,,,,,,,0.0,,,,,blob,0.0,0
1507,25.1406,,,,,,,,0.0,,,,,blob,0.0,0
1508,25.1572,,,,,,,,0.0,,,,,blob,0.0,0
1509,25.1739,,,,,,,,0.0,,,,,blob,0.0,0
1510,25.1906,,,,,,,,0.0,,,,,blob,0.0,0
1511,25.2073,,,,,,,,0.0,,,,,blob,0.0,0
1512,25.224,1510.77,474.77,1594.55,475.01,4.95,0.727,193,0.55,,,,,blob,0.55,1
1513,25.2406,1592.95,479.13,1600.2,476.99,4.84,0.698,198,0.542,,,,,blob,0.542,1
1514,25.2573,1594.6,486.79,1589.26,489.39,6.24,0.47,186,0.343,,,,,blob,0.343,2
1515,25.274,1598.09,491.84,1595.91,492.91,5.88,0.52,182,0.371,,,,,blob,0.371,1
1516,25.2907,1608.77,501.45,1603.08,495.89,4.65,0.625,188,0.461,,,,,blob,0.461,1
1517,25.3074,,,,,,,,0.0,,,,,blob,0.0,0
1518,25.3241,1624.07,535.54,1629.21,491.69,5.19,0.451,208,0.368,,,,,blob,0.368,1
1519,25.3407,,,,,,,,0.0,,,,,blob,0.0,0
1520,25.3574,,,,,,,,0.0,,,,,blob,0.0,0
1521,25.3741,1639.51,595.15,1636.33,636.53,4.48,0.693,192,0.522,,,,,blob,0.522,1
1522,25.3908,,,,,,,,0.0,,,,,blob,0.0,0
1523,25.4075,,,,,,,,0.0,,,,,blob,0.0,0
1524,25.4242,1587.88,637.25,1653.35,627.23,4.55,0.538,193,0.407,,,,,blob,0.407,1
1525,25.4408,,,,,,,,0.0,,,,,blob,0.0,0
1526,25.4575,,,,,,,,0.0,,,,,blob,0.0,0
1527,25.4742,,,,,,,,0.0,,,,,blob,0.0,0
1528,25.4909,,,,,,,,0.0,,,,,blob,0.0,0
1529,25.5076,1364.65,643.43,1683.63,708.61,4.5,0.551,189,0.409,,,,,blob,0.409,1
1530,25.5242,,,,,,,,0.0,,,,,blob,0.0,0
1531,25.5409,1133.28,618.84,416.5,540.24,4.82,0.529,244,0.506,,,,,blob,0.506,1
1532,25.5576,,,,,,,,0.0,,,,,blob,0.0,0
1533,25.5743,,,,,,,,0.0,,,,,blob,0.0,0
1534,25.591,,,,,,,,0.0,,,,,blob,0.0,0
1535,25.6077,,,,,,,,0.0,,,,,blob,0.0,0
1536,25.6243,,,,,,,,0.0,,,,,blob,0.0,0
1537,25.641,,,,,,,,0.0,,,,,blob,0.0,0
1538,25.6577,,,,,,,,0.0,,,,,blob,0.0,0
1539,25.6744,,,,,,,,0.0,,,,,blob,0.0,0
1540,25.6911,,,,,,,,0.0,,,,,blob,0.0,0
1541,25.7078,,,,,,,,0.0,,,,,blob,0.0,0
1542,25.7244,,,,,,,,0.0,,,,,blob,0.0,0
1543,25.7411,1157.0,575.79,1691.49,703.85,4.48,0.521,224,0.458,,,,,blob,0.458,1
1544,25.7578,,,,,,,,0.0,,,,,blob,0.0,0
1545,25.7745,,,,,,,,0.0,,,,,blob,0.0,0
1546,25.7912,,,,,,,,0.0,,,,,blob,0.0,0
1547,25.8079,,,,,,,,0.0,,,,,blob,0.0,0
1548,25.8245,1107.58,487.7,941.29,407.96,12.22,0.472,246,0.455,,,,,blob,0.455,2
1549,25.8412,1052.39,433.86,966.42,408.22,11.35,0.452,243,0.431,,,,,blob,0.431,1
1550,25.8579,,,,,,,,0.0,,,,,blob,0.0,0
1551,25.8746,1108.36,452.15,1043.16,411.85,4.62,0.798,233,0.729,,,,,blob,0.729,1
1552,25.8913,,,,,,,,0.0,,,,,blob,0.0,0
1553,25.9079,,,,,,,,0.0,,,,,blob,0.0,0
1554,25.9246,,,,,,,,0.0,,,,,blob,0.0,0
1555,25.9413,,,,,,,,0.0,,,,,blob,0.0,0
1556,25.958,,,,,,,,0.0,,,,,blob,0.0,0
1557,25.9747,,,,,,,,0.0,,,,,blob,0.0,0
1558,25.9914,,,,,,,,0.0,,,,,blob,0.0,0
1559,26.008,,,,,,,,0.0,,,,,blob,0.0,0
1560,26.0247,,,,,,,,0.0,,,,,blob,0.0,0
1561,26.0414,,,,,,,,0.0,,,,,blob,0.0,0
1562,26.0581,1019.57,492.69,1587.74,567.96,4.37,0.617,179,0.433,,,,,blob,0.433,1
1563,26.0748,,,,,,,,0.0,,,,,blob,0.0,0
1564,26.0915,681.19,497.52,244.96,471.91,5.41,0.521,174,0.355,,,,,blob,0.355,1
1565,26.1081,679.07,503.14,240.3,476.4,6.04,0.645,172,0.435,,,,,blob,0.435,1
1566,26.1248,,,,,,,,0.0,,,,,blob,0.0,0
1567,26.1415,1100.84,532.1,1455.6,551.32,4.9,0.559,240,0.526,,,,,blob,0.526,1
1568,26.1582,1411.2,556.99,1477.92,559.97,9.01,0.697,246,0.673,,,,,blob,0.673,1
1569,26.1749,1486.91,564.84,1502.01,575.05,9.99,0.803,247,0.778,,,,,blob,0.778,1
1570,26.1915,1414.77,558.81,1483.12,560.02,6.75,0.584,244,0.559,,,,,blob,0.559,1
1571,26.2082,1144.03,539.79,1463.96,546.43,7.53,0.502,242,0.476,,,,,blob,0.476,2
1572,26.2249,,,,,,,,0.0,,,,,blob,0.0,0
1573,26.2416,,,,,,,,0.0,,,,,blob,0.0,0
1574,26.2583,,,,,,,,0.0,,,,,blob,0.0,0
1575,26.275,,,,,,,,0.0,,,,,blob,0.0,0
1576,26.2916,,,,,,,,0.0,,,,,blob,0.0,0
1577,26.3083,,,,,,,,0.0,,,,,blob,0.0,0
1578,26.325,,,,,,,,0.0,,,,,blob,0.0,0
1579,26.3417,,,,,,,,0.0,,,,,blob,0.0,0
1580,26.3584,,,,,,,,0.0,,,,,blob,0.0,0
1581,26.3751,,,,,,,,0.0,,,,,blob,0.0,0
1582,26.3917,,,,,,,,0.0,,,,,blob,0.0,0
1583,26.4084,780.65,495.31,235.07,531.47,4.37,0.588,196,0.452,,,,,blob,0.452,1
1584,26.4251,,,,,,,,0.0,,,,,blob,0.0,0
1585,26.4418,,,,,,,,0.0,,,,,blob,0.0,0
1586,26.4585,,,,,,,,0.0,,,,,blob,0.0,0
1587,26.4752,,,,,,,,0.0,,,,,blob,0.0,0
1588,26.4918,,,,,,,,0.0,,,,,blob,0.0,0
1589,26.5085,,,,,,,,0.0,,,,,blob,0.0,0
1590,26.5252,,,,,,,,0.0,,,,,blob,0.0,0
1591,26.5419,,,,,,,,0.0,,,,,blob,0.0,0
1592,26.5586,,,,,,,,0.0,,,,,blob,0.0,0
1593,26.5752,664.08,442.26,976.03,402.11,8.25,0.452,242,0.429,,,,,blob,0.429,1
1594,26.5919,,,,,,,,0.0,,,,,blob,0.0,0
1595,26.6086,,,,,,,,0.0,,,,,blob,0.0,0
1596,26.6253,,,,,,,,0.0,,,,,blob,0.0,0
1597,26.642,,,,,,,,0.0,,,,,blob,0.0,0
1598,26.6587,824.6,459.76,171.5,352.06,4.37,0.528,202,0.418,,,,,blob,0.418,2
1599,26.6753,,,,,,,,0.0,,,,,blob,0.0,0
1600,26.692,,,,,,,,0.0,,,,,blob,0.0,0
1601,26.7087,,,,,,,,0.0,,,,,blob,0.0,0
1602,26.7254,,,,,,,,0.0,,,,,blob,0.0,0
1603,26.7421,,,,,,,,0.0,,,,,blob,0.0,0
1604,26.7588,,,,,,,,0.0,,,,,blob,0.0,0
1605,26.7754,1278.29,555.8,1689.49,639.25,4.74,0.556,216,0.471,,,,,blob,0.471,1
1606,26.7921,1544.05,618.23,1685.18,637.82,5.2,0.578,218,0.495,,,,,blob,0.495,2
1607,26.8088,1362.62,614.34,1678.91,638.47,6.31,0.712,222,0.62,,,,,blob,0.62,2
1608,26.8255,,,,,,,,0.0,,,,,blob,0.0,1
1609,26.8422,908.57,574.49,617.64,554.79,6.0,0.456,243,0.435,,,,,blob,0.435,2
1610,26.8588,554.93,514.01,591.88,572.82,4.48,0.483,240,0.455,,,,,blob,0.455,2
1611,26.8755,,,,,,,,0.0,,,,,blob,0.0,0
1612,26.8922,,,,,,,,0.0,,,,,blob,0.0,0
1613,26.9089,353.17,437.43,248.52,377.45,5.97,0.532,211,0.44,,,,,blob,0.44,1
1614,26.9256,269.62,396.29,250.06,384.25,7.72,0.469,203,0.374,,,,,blob,0.374,1
1615,26.9423,,,,,,,,0.0,,,,,blob,0.0,0
1616,26.9589,328.24,389.41,254.23,394.8,7.58,0.465,211,0.385,,,,,blob,0.385,1
1617,26.9756,590.19,399.81,255.42,399.79,6.9,0.533,210,0.439,,,,,blob,0.439,1
1618,26.9923,,,,,,,,0.0,,,,,blob,0.0,0
1619,27.009,,,,,,,,0.0,,,,,blob,0.0,0
1620,27.0257,,,,,,,,0.0,,,,,blob,0.0,0
1621,27.0424,,,,,,,,0.0,,,,,blob,0.0,0
1622,27.059,,,,,,,,0.0,,,,,blob,0.0,0
1623,27.0757,,,,,,,,0.0,,,,,blob,0.0,0
1624,27.0924,,,,,,,,0.0,,,,,blob,0.0,0
1625,27.1091,,,,,,,,0.0,,,,,blob,0.0,0
1626,27.1258,,,,,,,,0.0,,,,,blob,0.0,0
1627,27.1425,804.97,458.93,1631.58,338.12,5.53,0.593,196,0.456,,,,,blob,0.456,2
1628,27.1591,,,,,,,,0.0,,,,,blob,0.0,1
1629,27.1758,579.59,543.42,242.37,714.48,7.66,0.626,222,0.545,,,,,blob,0.545,2
1630,27.1925,,,,,,,,0.0,,,,,blob,0.0,0
1631,27.2092,,,,,,,,0.0,,,,,blob,0.0,0
1632,27.2259,314.34,526.86,232.11,535.52,4.53,0.612,174,0.418,,,,,blob,0.418,1
1633,27.2425,316.32,456.83,238.13,378.61,7.0,0.481,216,0.407,,,,,blob,0.407,1
1634,27.2592,,,,,,,,0.0,,,,,blob,0.0,0
1635,27.2759,,,,,,,,0.0,,,,,blob,0.0,0
1636,27.2926,,,,,,,,0.0,,,,,blob,0.0,0
1637,27.3093,,,,,,,,0.0,,,,,blob,0.0,0
1638,27.326,,,,,,,,0.0,,,,,blob,0.0,0
1639,27.3426,,,,,,,,0.0,,,,,blob,0.0,0
1640,27.3593,,,,,,,,0.0,,,,,blob,0.0,0
1641,27.376,,,,,,,,0.0,,,,,blob,0.0,0
1642,27.3927,,,,,,,,0.0,,,,,blob,0.0,0
1643,27.4094,644.37,415.16,268.78,475.24,5.89,0.451,186,0.329,,,,,blob,0.329,1
1644,27.4261,,,,,,,,0.0,,,,,blob,0.0,1
1645,27.4427,,,,,,,,0.0,,,,,blob,0.0,0
1646,27.4594,,,,,,,,0.0,,,,,blob,0.0,0
1647,27.4761,1138.01,387.62,1558.44,341.89,5.43,0.569,188,0.419,,,,,blob,0.419,1
1648,27.4928,1306.53,409.64,1556.02,343.13,6.52,0.55,201,0.434,,,,,blob,0.434,1
1649,27.5095,,,,,,,,0.0,,,,,blob,0.0,0
1650,27.5261,1133.7,485.05,953.59,541.15,6.22,0.63,239,0.591,,,,,blob,0.591,1
1651,27.5428,986.65,540.03,953.6,549.65,5.71,0.599,242,0.568,,,,,blob,0.568,3
1652,27.5595,954.23,560.16,954.26,560.25,5.17,0.758,238,0.708,,,,,blob,0.708,1
1653,27.5762,954.59,570.38,954.82,570.21,4.85,0.731,238,0.683,,,,,blob,0.683,2
1654,27.5929,954.56,581.02,954.89,580.56,4.79,0.662,238,0.618,,,,,blob,0.618,2
1655,27.6096,985.63,577.9,953.93,592.07,4.85,0.651,236,0.602,,,,,blob,0.602,2
1656,27.6262,1093.9,545.34,954.11,604.07,4.41,0.505,233,0.461,,,,,blob,0.461,1
1657,27.6429,,,,,,,,0.0,,,,,blob,0.0,0
1658,27.6596,1181.5,541.69,1529.7,351.63,5.63,0.462,200,0.362,,,,,blob,0.362,1
1659,27.6763,,,,,,,,0.0,,,,,blob,0.0,0
1660,27.693,,,,,,,,0.0,,,,,blob,0.0,0
1661,27.7097,,,,,,,,0.0,,,,,blob,0.0,0
1662,27.7263,,,,,,,,0.0,,,,,blob,0.0,0
1663,27.743,,,,,,,,0.0,,,,,blob,0.0,0
1664,27.7597,,,,,,,,0.0,,,,,blob,0.0,0
1665,27.7764,1083.91,639.42,939.96,734.79,4.44,0.596,235,0.55,,,,,blob,0.55,1
1666,27.7931,969.22,728.6,937.72,750.78,5.38,0.629,233,0.575,,,,,blob,0.575,1
1667,27.8098,897.06,746.47,934.7,760.75,8.05,0.64,240,0.602,,,,,blob,0.602,1
1668,27.8264,728.97,695.26,927.42,769.9,10.22,0.521,242,0.495,,,,,blob,0.495,1
1669,27.8431,,,,,,,,0.0,,,,,blob,0.0,1
1670,27.8598,450.22,613.29,257.79,528.38,7.02,0.713,189,0.528,,,,,blob,0.528,1
1671,27.8765,,,,,,,,0.0,,,,,blob,0.0,0
1672,27.8932,,,,,,,,0.0,,,,,blob,0.0,0
1673,27.9098,,,,,,,,0.0,,,,,blob,0.0,0
1674,27.9265,,,,,,,,0.0,,,,,blob,0.0,0
1675,27.9432,,,,,,,,0.0,,,,,blob,0.0,0
1676,27.9599,264.11,602.83,243.54,542.68,4.44,0.668,193,0.506,,,,,blob,0.506,1
1677,27.9766,,,,,,,,0.0,,,,,blob,0.0,0
1678,27.9933,,,,,,,,0.0,,,,,blob,0.0,0
1679,28.0099,197.9,668.33,175.18,707.72,5.43,0.548,211,0.454,,,,,blob,0.454,1
1680,28.0266,,,,,,,,0.0,,,,,blob,0.0,1
1681,28.0433,183.18,723.45,179.69,743.83,5.14,0.784,197,0.605,,,,,blob,0.605,1
1682,28.06,185.06,719.89,183.02,741.96,4.37,0.605,194,0.46,,,,,blob,0.46,1
1683,28.0767,199.14,629.63,185.25,741.17,4.6,0.727,201,0.573,,,,,blob,0.573,1
1684,28.0934,,,,,,,,0.0,,,,,blob,0.0,0
1685,28.11,,,,,,,,0.0,,,,,blob,0.0,0
1686,28.1267,,,,,,,,0.0,,,,,blob,0.0,0
1687,28.1434,294.42,493.27,233.22,366.26,5.11,0.537,182,0.383,,,,,blob,0.383,1
1688,28.1601,638.51,466.93,240.68,368.22,4.84,0.601,192,0.452,,,,,blob,0.452,1
1689,28.1768,,,,,,,,0.0,,,,,blob,0.0,0
1690,28.1935,,,,,,,,0.0,,,,,blob,0.0,0
1691,28.2101,,,,,,,,0.0,,,,,blob,0.0,0
1692,28.2268,1186.56,553.03,1588.12,632.47,5.06,0.572,231,0.518,,,,,blob,0.518,2
1693,28.2435,1447.99,613.73,1591.83,631.25,5.26,0.626,230,0.564,,,,,blob,0.564,1
1694,28.2602,1208.51,613.3,1595.55,630.47,4.62,0.722,226,0.64,,,,,blob,0.64,2
1695,28.2769,,,,,,,,0.0,,,,,blob,0.0,0
1696,28.2935,692.07,592.83,303.17,570.72,4.89,0.519,192,0.391,,,,,blob,0.391,1
1697,28.3102,387.43,581.24,308.66,577.58,5.78,0.468,187,0.343,,,,,blob,0.343,2
1698,28.3269,,,,,,,,0.0,,,,,blob,0.0,0
1699,28.3436,,,,,,,,0.0,,,,,blob,0.0,0
1700,28.3603,,,,,,,,0.0,,,,,blob,0.0,0
1701,28.377,335.75,562.08,335.12,617.38,4.8,0.688,187,0.505,,,,,blob,0.505,2
1702,28.3936,,,,,,,,0.0,,,,,blob,0.0,1
1703,28.4103,417.37,525.52,373.4,444.31,4.65,0.598,209,0.49,,,,,blob,0.49,1
1704,28.427,727.84,478.55,325.61,603.24,5.03,0.489,179,0.343,,,,,blob,0.343,3
1705,28.4437,,,,,,,,0.0,,,,,blob,0.0,1
1706,28.4604,1168.51,401.1,1630.79,313.52,4.42,0.611,183,0.439,,,,,blob,0.439,2
1707,28.4771,1154.33,397.71,1634.46,311.38,4.37,0.617,176,0.426,,,,,blob,0.426,2
1708,28.4937,,,,,,,,0.0,,,,,blob,0.0,1
1709,28.5104,,,,,,,,0.0,,,,,blob,0.0,0
1710,28.5271,705.45,516.84,237.1,501.26,4.84,0.566,209,0.464,,,,,blob,0.464,1
1711,28.5438,,,,,,,,0.0,,,,,blob,0.0,1
1712,28.5605,430.69,659.72,410.68,743.23,9.58,0.492,249,0.48,,,,,blob,0.48,1
1713,28.5771,389.09,723.93,398.31,741.55,9.93,0.47,246,0.453,,,,,blob,0.453,1
1714,28.5938,381.99,713.81,387.54,734.34,7.7,0.487,242,0.462,,,,,blob,0.462,1
1715,28.6105,,,,,,,,0.0,,,,,blob,0.0,1
1716,28.6272,,,,,,,,0.0,,,,,blob,0.0,0
1717,28.6439,,,,,,,,0.0,,,,,blob,0.0,0
1718,28.6606,,,,,,,,0.0,,,,,blob,0.0,0
1719,28.6772,340.85,657.52,383.07,683.3,10.54,0.713,242,0.677,,,,,blob,0.677,1
1720,28.6939,288.75,593.64,234.36,545.12,5.17,0.511,201,0.403,,,,,blob,0.403,1
1721,28.7106,291.73,568.08,239.34,542.55,5.05,0.469,208,0.383,,,,,blob,0.383,2
1722,28.7273,346.19,546.66,390.53,638.61,5.31,0.482,242,0.457,,,,,blob,0.457,1
1723,28.744,371.51,496.97,401.91,428.28,4.5,0.542,201,0.427,,,,,blob,0.427,1
1724,28.7607,,,,,,,,0.0,,,,,blob,0.0,1
1725,28.7773,342.69,493.38,359.48,417.83,5.06,0.563,190,0.42,,,,,blob,0.42,2
1726,28.794,,,,,,,,0.0,,,,,blob,0.0,0
1727,28.8107,,,,,,,,0.0,,,,,blob,0.0,0
1728,28.8274,,,,,,,,0.0,,,,,blob,0.0,0
1729,28.8441,381.63,522.13,247.66,678.89,5.77,0.561,201,0.442,,,,,blob,0.442,1
1730,28.8608,,,,,,,,0.0,,,,,blob,0.0,0
1731,28.8774,,,,,,,,0.0,,,,,blob,0.0,0
1732,28.8941,,,,,,,,0.0,,,,,blob,0.0,0
1733,28.9108,,,,,,,,0.0,,,,,blob,0.0,0
1734,28.9275,,,,,,,,0.0,,,,,blob,0.0,0
1735,28.9442,,,,,,,,0.0,,,,,blob,0.0,0
1736,28.9608,,,,,,,,0.0,,,,,blob,0.0,0
1737,28.9775,,,,,,,,0.0,,,,,blob,0.0,0
1738,28.9942,640.06,507.37,331.27,366.75,4.75,0.491,178,0.343,,,,,blob,0.343,1
1739,29.0109,,,,,,,,0.0,,,,,blob,0.0,0
1740,29.0276,,,,,,,,0.0,,,,,blob,0.0,0
1741,29.0443,871.48,495.92,1676.18,621.44,6.46,0.673,194,0.512,,,,,blob,0.512,1
1742,29.0609,,,,,,,,0.0,,,,,blob,0.0,0
1743,29.0776,690.79,491.73,317.37,356.0,4.62,0.616,181,0.437,,,,,blob,0.437,1
1744,29.0943,,,,,,,,0.0,,,,,blob,0.0,0
1745,29.111,558.98,536.24,453.66,591.48,6.56,0.576,244,0.551,,,,,blob,0.551,1
1746,29.1277,833.34,584.08,456.09,591.24,6.08,0.51,228,0.456,,,,,blob,0.456,1
1747,29.1444,,,,,,,,0.0,,,,,blob,0.0,0
1748,29.161,,,,,,,,0.0,,,,,blob,0.0,0
1749,29.1777,,,,,,,,0.0,,,,,blob,0.0,0
1750,29.1944,,,,,,,,0.0,,,,,blob,0.0,0
1751,29.2111,1344.42,610.14,1763.93,604.07,4.98,0.474,202,0.376,,,,,blob,0.376,1
1752,29.2278,,,,,,,,0.0,,,,,blob,0.0,0
1753,29.2444,,,,,,,,0.0,,,,,blob,0.0,0
1754,29.2611,,,,,,,,0.0,,,,,blob,0.0,0
1755,29.2778,1626.39,619.57,1667.83,636.59,4.9,0.568,218,0.486,,,,,blob,0.486,1
1756,29.2945,1600.37,593.02,1667.11,639.8,4.87,0.475,217,0.404,,,,,blob,0.404,1
1757,29.3112,,,,,,,,0.0,,,,,blob,0.0,0
1758,29.3279,,,,,,,,0.0,,,,,blob,0.0,0
1759,29.3445,,,,,,,,0.0,,,,,blob,0.0,0
1760,29.3612,1249.41,521.36,1691.67,500.87,4.77,0.5,183,0.359,,,,,blob,0.359,1
1761,29.3779,,,,,,,,0.0,,,,,blob,0.0,0
1762,29.3946,,,,,,,,0.0,,,,,blob,0.0,0
1763,29.4113,,,,,,,,0.0,,,,,blob,0.0,0
1764,29.428,670.29,446.64,232.11,453.96,4.87,0.509,224,0.447,,,,,blob,0.447,1
1765,29.4446,315.57,406.78,250.38,328.71,7.51,0.455,186,0.332,,,,,blob,0.332,1
1766,29.4613,232.75,398.2,215.67,484.88,4.6,0.512,223,0.448,,,,,blob,0.448,2
1767,29.478,237.63,373.24,242.87,328.09,7.66,0.462,186,0.337,,,,,blob,0.337,2
1768,29.4947,,,,,,,,0.0,,,,,blob,0.0,1
1769,29.5114,326.43,376.22,235.27,327.59,7.83,0.46,183,0.33,,,,,blob,0.33,1
1770,29.5281,,,,,,,,0.0,,,,,blob,0.0,1
1771,29.5447,676.27,436.23,295.09,455.64,4.62,0.589,190,0.439,,,,,blob,0.439,1
1772,29.5614,,,,,,,,0.0,,,,,blob,0.0,0
1773,29.5781,,,,,,,,0.0,,,,,blob,0.0,0
1774,29.5948,,,,,,,,0.0,,,,,blob,0.0,0
1775,29.6115,1226.63,513.67,1625.8,486.74,5.2,0.474,189,0.352,,,,,blob,0.352,1
1776,29.6281,,,,,,,,0.0,,,,,blob,0.0,0
1777,29.6448,,,,,,,,0.0,,,,,blob,0.0,0
1778,29.6615,1545.6,549.69,1647.13,661.45,4.7,0.486,200,0.381,,,,,blob,0.381,1
1779,29.6782,,,,,,,,0.0,,,,,blob,0.0,0
1780,29.6949,1604.36,489.09,1558.81,496.44,5.53,0.584,178,0.408,,,,,blob,0.408,1
1781,29.7116,,,,,,,,0.0,,,,,blob,0.0,0
1782,29.7282,1610.88,394.77,1627.29,338.75,5.26,0.592,193,0.448,,,,,blob,0.448,1
1783,29.7449,1621.27,347.05,1625.11,338.5,5.23,0.49,194,0.373,,,,,blob,0.373,2
1784,29.7616,1612.01,346.41,1623.01,338.52,5.29,0.648,188,0.478,,,,,blob,0.478,1
1785,29.7783,1571.7,375.11,1620.54,336.2,4.58,0.537,194,0.408,,,,,blob,0.408,1
1786,29.795,,,,,,,,0.0,,,,,blob,0.0,1
1787,29.8117,1539.23,416.55,1418.51,493.49,6.13,0.649,244,0.621,,,,,blob,0.621,1
1788,29.8283,1573.05,458.55,1614.05,332.64,4.55,0.572,174,0.39,,,,,blob,0.39,1
1789,29.845,,,,,,,,0.0,,,,,blob,0.0,0
1790,29.8617,,,,,,,,0.0,,,,,blob,0.0,0
1791,29.8784,,,,,,,,0.0,,,,,blob,0.0,0
1792,29.8951,,,,,,,,0.0,,,,,blob,0.0,0
1793,29.9117,,,,,,,,0.0,,,,,blob,0.0,0
1794,29.9284,,,,,,,,0.0,,,,,blob,0.0,0
1795,29.9451,,,,,,,,0.0,,,,,blob,0.0,0
1796,29.9618,,,,,,,,0.0,,,,,blob,0.0,0
1797,29.9785,,,,,,,,0.0,,,,,blob,0.0,0
1798,29.9952,,,,,,,,0.0,,,,,blob,0.0,0
1799,30.0118,,,,,,,,0.0,,,,,blob,0.0,0
1800,30.0285,,,,,,,,0.0,,,,,blob,0.0,0
1801,30.0452,,,,,,,,0.0,,,,,blob,0.0,0
1802,30.0619,,,,,,,,0.0,,,,,blob,0.0,0
1803,30.0786,,,,,,,,0.0,,,,,blob,0.0,0
1804,30.0953,,,,,,,,0.0,,,,,blob,0.0,0
1805,30.1119,,,,,,,,0.0,,,,,blob,0.0,0
1806,30.1286,,,,,,,,0.0,,,,,blob,0.0,0
1807,30.1453,,,,,,,,0.0,,,,,blob,0.0,0
1808,30.162,,,,,,,,0.0,,,,,blob,0.0,0
1809,30.1787,1594.4,506.76,1647.76,662.28,4.6,0.476,187,0.349,,,,,blob,0.349,1
1810,30.1954,1545.1,490.15,1580.42,441.63,4.65,0.478,195,0.365,,,,,blob,0.365,1
1811,30.212,,,,,,,,0.0,,,,,blob,0.0,0
1812,30.2287,1503.21,456.63,1350.51,443.1,4.9,0.559,180,0.394,,,,,blob,0.394,1
1813,30.2454,,,,,,,,0.0,,,,,blob,0.0,1
1814,30.2621,,,,,,,,0.0,,,,,blob,0.0,0
1815,30.2788,,,,,,,,0.0,,,,,blob,0.0,0
1816,30.2954,,,,,,,,0.0,,,,,blob,0.0,0
1817,30.3121,1544.99,451.43,1627.08,445.65,4.65,0.573,226,0.508,,,,,blob,0.508,1
1818,30.3288,1513.87,456.52,1585.87,467.3,4.8,0.618,205,0.497,,,,,blob,0.497,1
1819,30.3455,1203.73,441.05,1591.35,470.19,5.01,0.498,201,0.393,,,,,blob,0.393,1
1820,30.3622,,,,,,,,0.0,,,,,blob,0.0,1
1821,30.3789,680.93,408.61,290.53,377.72,8.32,0.588,192,0.443,,,,,blob,0.443,1
1822,30.3955,,,,,,,,0.0,,,,,blob,0.0,0
1823,30.4122,368.05,392.88,296.24,387.31,6.83,0.586,196,0.451,,,,,blob,0.451,1
1824,30.4289,,,,,,,,0.0,,,,,blob,0.0,0
1825,30.4456,302.85,395.89,304.48,397.73,7.48,0.472,192,0.356,,,,,blob,0.356,1
1826,30.4623,307.43,402.45,307.66,402.89,7.01,0.497,192,0.374,,,,,blob,0.374,4
1827,30.479,310.84,407.52,311.13,407.62,8.02,0.507,192,0.382,,,,,blob,0.382,1
1828,30.4956,325.31,419.47,313.54,412.25,7.32,0.503,193,0.381,,,,,blob,0.381,1
1829,30.5123,382.35,456.0,317.27,416.08,6.68,0.503,192,0.379,,,,,blob,0.379,2
1830,30.529,,,,,,,,0.0,,,,,blob,0.0,0
1831,30.5457,463.71,506.92,529.57,557.75,5.63,0.849,243,0.809,,,,,blob,0.809,1
1832,30.5624,,,,,,,,0.0,,,,,blob,0.0,0
1833,30.5791,,,,,,,,0.0,,,,,blob,0.0,0
1834,30.5957,,,,,,,,0.0,,,,,blob,0.0,0
1835,30.6124,460.4,518.28,583.12,539.45,4.37,0.468,245,0.45,,,,,blob,0.45,2
1836,30.6291,,,,,,,,0.0,,,,,blob,0.0,0
1837,30.6458,,,,,,,,0.0,,,,,blob,0.0,0
1838,30.6625,443.55,497.62,248.4,487.27,4.37,0.496,228,0.444,,,,,blob,0.444,1
1839,30.6791,,,,,,,,0.0,,,,,blob,0.0,0
1840,30.6958,,,,,,,,0.0,,,,,blob,0.0,0
1841,30.7125,649.77,500.44,336.79,426.05,5.0,0.483,183,0.346,,,,,blob,0.346,1
1842,30.7292,,,,,,,,0.0,,,,,blob,0.0,0
1843,30.7459,,,,,,,,0.0,,,,,blob,0.0,0
1844,30.7626,860.9,514.28,1652.4,647.19,5.22,0.608,182,0.434,,,,,blob,0.434,2
1845,30.7792,,,,,,,,0.0,,,,,blob,0.0,0
1846,30.7959,,,,,,,,0.0,,,,,blob,0.0,0
1847,30.8126,656.14,469.93,334.36,412.48,4.39,0.466,185,0.338,,,,,blob,0.338,1
1848,30.8293,405.66,423.22,333.63,410.93,6.09,0.51,174,0.348,,,,,blob,0.348,1
1849,30.846,333.58,408.13,333.67,408.23,6.17,0.53,178,0.37,,,,,blob,0.37,3
1850,30.8627,333.33,405.51,333.29,405.36,5.47,0.721,180,0.509,,,,,blob,0.509,1
1851,30.8793,332.97,402.96,333.15,402.89,4.58,0.524,182,0.374,,,,,blob,0.374,1
1852,30.896,333.71,406.34,332.63,400.72,4.46,0.493,182,0.352,,,,,blob,0.352,1
1853,30.9127,337.7,424.33,330.98,397.5,5.08,0.573,179,0.402,,,,,blob,0.402,2
1854,30.9294,340.73,438.96,356.8,503.97,4.8,0.536,173,0.364,,,,,blob,0.364,1
1855,30.9461,334.98,418.93,329.08,392.96,5.08,0.606,179,0.426,,,,,blob,0.426,1
1856,30.9627,,,,,,,,0.0,,,,,blob,0.0,0
1857,30.9794,328.19,395.18,325.95,388.79,4.39,0.486,176,0.335,,,,,blob,0.335,1
1858,30.9961,383.32,392.03,325.27,386.12,4.58,0.697,182,0.498,,,,,blob,0.498,1
1859,31.0128,642.15,414.98,325.16,384.19,4.48,0.521,187,0.382,,,,,blob,0.382,1
1860,31.0295,,,,,,,,0.0,,,,,blob,0.0,0
1861,31.0462,,,,,,,,0.0,,,,,blob,0.0,0
1862,31.0628,,,,,,,,0.0,,,,,blob,0.0,0
1863,31.0795,,,,,,,,0.0,,,,,blob,0.0,0
1864,31.0962,,,,,,,,0.0,,,,,blob,0.0,0
1865,31.1129,1069.13,454.33,1384.35,484.41,5.66,0.532,244,0.509,,,,,blob,0.509,1
1866,31.1296,1334.43,473.23,1394.47,486.77,5.73,0.675,226,0.598,,,,,blob,0.598,1
1867,31.1463,1430.43,462.89,1360.05,469.28,6.26,0.46,245,0.442,,,,,blob,0.442,1
1868,31.1629,,,,,,,,0.0,,,,,blob,0.0,0
1869,31.1796,,,,,,,,0.0,,,,,blob,0.0,0
1870,31.1963,,,,,,,,0.0,,,,,blob,0.0,0
1871,31.213,,,,,,,,0.0,,,,,blob,0.0,0
1872,31.2297,,,,,,,,0.0,,,,,blob,0.0,0
1873,31.2464,,,,,,,,0.0,,,,,blob,0.0,0
1874,31.263,,,,,,,,0.0,,,,,blob,0.0,0
1875,31.2797,,,,,,,,0.0,,,,,blob,0.0,0
1876,31.2964,,,,,,,,0.0,,,,,blob,0.0,0
1877,31.3131,,,,,,,,0.0,,,,,blob,0.0,0
1878,31.3298,,,,,,,,0.0,,,,,blob,0.0,0
1879,31.3464,,,,,,,,0.0,,,,,blob,0.0,0
1880,31.3631,,,,,,,,0.0,,,,,blob,0.0,0
1881,31.3798,,,,,,,,0.0,,,,,blob,0.0,0
1882,31.3965,,,,,,,,0.0,,,,,blob,0.0,0
1883,31.4132,,,,,,,,0.0,,,,,blob,0.0,0
1884,31.4299,,,,,,,,0.0,,,,,blob,0.0,0
1885,31.4465,,,,,,,,0.0,,,,,blob,0.0,0
1886,31.4632,,,,,,,,0.0,,,,,blob,0.0,0
1887,31.4799,,,,,,,,0.0,,,,,blob,0.0,0
1888,31.4966,1506.08,444.42,1561.51,429.76,4.5,0.649,217,0.552,,,,,blob,0.552,1
1889,31.5133,,,,,,,,0.0,,,,,blob,0.0,0
1890,31.53,1488.1,435.08,1570.29,435.68,4.98,0.485,212,0.403,,,,,blob,0.403,1
1891,31.5466,1257.88,442.22,1574.77,438.22,4.44,0.484,209,0.396,,,,,blob,0.396,1
1892,31.5633,,,,,,,,0.0,,,,,blob,0.0,0
1893,31.58,,,,,,,,0.0,,,,,blob,0.0,0
1894,31.5967,,,,,,,,0.0,,,,,blob,0.0,0
1895,31.6134,,,,,,,,0.0,,,,,blob,0.0,0
1896,31.63,,,,,,,,0.0,,,,,blob,0.0,0
1897,31.6467,1002.19,486.38,291.36,406.17,4.7,0.468,201,0.369,,,,,blob,0.369,1
1898,31.6634,,,,,,,,0.0,,,,,blob,0.0,1
1899,31.6801,1036.07,541.67,1544.25,675.08,4.57,0.584,185,0.423,,,,,blob,0.423,1
1900,31.6968,,,,,,,,0.0,,,,,blob,0.0,0
1901,31.7135,1156.85,515.99,690.95,499.96,5.29,0.555,242,0.527,,,,,blob,0.527,1
1902,31.7301,,,,,,,,0.0,,,,,blob,0.0,0
1903,31.7468,,,,,,,,0.0,,,,,blob,0.0,0
1904,31.7635,1392.72,434.53,1626.76,453.47,4.39,0.601,190,0.448,,,,,blob,0.448,1
1905,31.7802,,,,,,,,0.0,,,,,blob,0.0,0
1906,31.7969,,,,,,,,0.0,,,,,blob,0.0,0
1907,31.8136,,,,,,,,0.0,,,,,blob,0.0,0
1908,31.8302,1574.3,356.75,1622.65,311.45,7.42,0.69,172,0.465,,,,,blob,0.465,1
1909,31.8469,1627.19,320.27,1626.55,312.35,7.2,0.658,172,0.444,,,,,blob,0.444,2
1910,31.8636,1630.99,313.52,1631.06,313.76,7.39,0.707,179,0.496,,,,,blob,0.496,3
1911,31.8803,1635.23,314.46,1635.35,314.3,7.57,0.677,171,0.454,,,,,blob,0.454,3
1912,31.897,1639.46,315.34,1639.23,315.53,7.17,0.62,176,0.428,,,,,blob,0.428,1
1913,31.9137,1643.81,316.02,1643.82,316.17,7.21,0.674,176,0.465,,,,,blob,0.465,1
1914,31.9303,1648.1,316.4,1648.43,316.51,6.75,0.489,180,0.345,,,,,blob,0.345,2
1915,31.947,1652.26,316.39,1651.94,316.72,6.58,0.497,178,0.347,,,,,blob,0.347,1
1916,31.9637,1656.44,316.04,1656.49,315.97,6.48,0.488,172,0.329,,,,,blob,0.329,1
1917,31.9804,1660.26,315.6,1661.3,315.45,6.32,0.474,178,0.331,,,,,blob,0.331,2
1918,31.9971,1615.08,325.51,1662.49,315.7,4.79,0.662,171,0.444,,,,,blob,0.444,1
1919,32.0137,1406.52,369.88,1667.72,313.54,6.27,0.494,174,0.337,,,,,blob,0.337,1
1920,32.0304,,,,,,,,0.0,,,,,blob,0.0,0
1921,32.0471,1085.69,437.11,780.31,506.32,5.34,0.542,244,0.519,,,,,blob,0.519,1
1922,32.0638,,,,,,,,0.0,,,,,blob,0.0,0
1923,32.0805,,,,,,,,0.0,,,,,blob,0.0,0
1924,32.0972,,,,,,,,0.0,,,,,blob,0.0,0
1925,32.1138,992.83,471.98,881.02,472.0,6.49,0.462,240,0.435,,,,,blob,0.435,2
1926,32.1305,,,,,,,,0.0,,,,,blob,0.0,0
1927,32.1472,,,,,,,,0.0,,,,,blob,0.0,0
1928,32.1639,,,,,,,,0.0,,,,,blob,0.0,0
1929,32.1806,,,,,,,,0.0,,,,,blob,0.0,0
1930,32.1973,,,,,,,,0.0,,,,,blob,0.0,0
1931,32.2139,,,,,,,,0.0,,,,,blob,0.0,0
1932,32.2306,,,,,,,,0.0,,,,,blob,0.0,0
1933,32.2473,,,,,,,,0.0,,,,,blob,0.0,0
1934,32.264,1178.2,493.61,1074.23,444.55,6.18,0.476,235,0.439,,,,,blob,0.439,1
1935,32.2807,,,,,,,,0.0,,,,,blob,0.0,0
1936,32.2973,1317.79,515.75,1731.66,599.26,4.41,0.691,194,0.525,,,,,blob,0.525,2
1937,32.314,,,,,,,,0.0,,,,,blob,0.0,1
1938,32.3307,,,,,,,,0.0,,,,,blob,0.0,0
1939,32.3474,1062.17,502.36,1195.76,466.78,6.01,0.673,224,0.591,,,,,blob,0.591,1
1940,32.3641,,,,,,,,0.0,,,,,blob,0.0,0
1941,32.3808,,,,,,,,0.0,,,,,blob,0.0,0
1942,32.3974,,,,,,,,0.0,,,,,blob,0.0,0
1943,32.4141,,,,,,,,0.0,,,,,blob,0.0,0
1944,32.4308,,,,,,,,0.0,,,,,blob,0.0,0
1945,32.4475,618.65,486.91,334.94,481.09,4.6,0.481,202,0.381,,,,,blob,0.381,1
1946,32.4642,,,,,,,,0.0,,,,,blob,0.0,0
1947,32.4809,,,,,,,,0.0,,,,,blob,0.0,0
1948,32.4975,449.4,504.91,321.83,484.05,4.57,0.466,198,0.362,,,,,blob,0.362,1
1949,32.5142,722.02,574.32,345.77,520.56,5.06,0.467,190,0.348,,,,,blob,0.348,1
1950,32.5309,,,,,,,,0.0,,,,,blob,0.0,0
1951,32.5476,,,,,,,,0.0,,,,,blob,0.0,0
1952,32.5643,,,,,,,,0.0,,,,,blob,0.0,0
1953,32.581,,,,,,,,0.0,,,,,blob,0.0,0
1954,32.5976,,,,,,,,0.0,,,,,blob,0.0,0
1955,32.6143,,,,,,,,0.0,,,,,blob,0.0,0
1956,32.631,1173.56,662.53,1623.14,733.76,9.9,0.541,243,0.516,,,,,blob,0.516,2
1957,32.6477,1242.3,674.47,1644.28,754.8,10.03,0.452,244,0.432,,,,,blob,0.432,2
1958,32.6644,,,,,,,,0.0,,,,,blob,0.0,1
1959,32.681,1036.04,604.46,303.64,537.36,5.75,0.545,196,0.419,,,,,blob,0.419,1
1960,32.6977,,,,,,,,0.0,,,,,blob,0.0,2
1961,32.7144,,,,,,,,0.0,,,,,blob,0.0,0
1962,32.7311,,,,,,,,0.0,,,,,blob,0.0,0
1963,32.7478,,,,,,,,0.0,,,,,blob,0.0,0
1964,32.7645,,,,,,,,0.0,,,,,blob,0.0,0
1965,32.7811,,,,,,,,0.0,,,,,blob,0.0,0
1966,32.7978,998.25,527.21,1668.58,583.57,7.3,0.519,229,0.466,,,,,blob,0.466,1
1967,32.8145,,,,,,,,0.0,,,,,blob,0.0,0
1968,32.8312,1040.98,474.97,299.85,390.81,4.75,0.491,196,0.377,,,,,blob,0.377,1
1969,32.8479,,,,,,,,0.0,,,,,blob,0.0,0
1970,32.8646,,,,,,,,0.0,,,,,blob,0.0,0
1971,32.8812,,,,,,,,0.0,,,,,blob,0.0,0
1972,32.8979,,,,,,,,0.0,,,,,blob,0.0,0
1973,32.9146,1339.17,495.06,1642.19,449.05,6.24,0.462,195,0.354,,,,,blob,0.354,1
1974,32.9313,,,,,,,,0.0,,,,,blob,0.0,0
1975,32.948,1610.35,540.02,1747.44,663.92,5.2,0.517,198,0.401,,,,,blob,0.401,1
1976,32.9646,1704.32,535.94,1598.91,456.89,4.6,0.512,208,0.418,,,,,blob,0.418,1
1977,32.9813,,,,,,,,0.0,,,,,blob,0.0,0
1978,32.998,1679.37,535.04,1816.51,554.06,5.11,0.558,212,0.464,,,,,blob,0.464,1
1979,33.0147,,,,,,,,0.0,,,,,blob,0.0,0
1980,33.0314,1422.99,538.04,1849.32,552.24,6.12,0.47,214,0.395,,,,,blob,0.395,1
1981,33.0481,,,,,,,,0.0,,,,,blob,0.0,0
1982,33.0647,,,,,,,,0.0,,,,,blob,0.0,0
1983,33.0814,1177.58,513.03,196.89,538.81,4.55,0.668,187,0.49,,,,,blob,0.49,1
1984,33.0981,,,,,,,,0.0,,,,,blob,0.0,0
1985,33.1148,,,,,,,,0.0,,,,,blob,0.0,0
1986,33.1315,,,,,,,,0.0,,,,,blob,0.0,0
1987,33.1482,,,,,,,,0.0,,,,,blob,0.0,0
1988,33.1648,,,,,,,,0.0,,,,,blob,0.0,0
1989,33.1815,1442.06,483.28,1828.29,438.98,4.69,0.477,171,0.32,,,,,blob,0.32,1
1990,33.1982,,,,,,,,0.0,,,,,blob,0.0,0
1991,33.2149,,,,,,,,0.0,,,,,blob,0.0,0
1992,33.2316,1766.4,510.68,1858.13,437.63,4.62,0.474,188,0.35,,,,,blob,0.35,1
1993,33.2483,,,,,,,,0.0,,,,,blob,0.0,0
1994,33.2649,1859.66,571.72,1896.76,697.34,4.44,0.545,205,0.438,,,,,blob,0.438,1
1995,33.2816,,,,,,,,0.0,,,,,blob,0.0,0
1996,33.2983,,,,,,,,0.0,,,,,blob,0.0,0
1997,33.315,,,,,,,,0.0,,,,,blob,0.0,0
1998,33.3317,,,,,,,,0.0,,,,,blob,0.0,0
1999,33.3483,,,,,,,,0.0,,,,,blob,0.0,0
2000,33.365,,,,,,,,0.0,,,,,blob,0.0,0
2001,33.3817,,,,,,,,0.0,,,,,blob,0.0,0
2002,33.3984,1850.34,586.34,1796.54,507.05,5.37,0.714,194,0.543,,,,,blob,0.543,1
2003,33.4151,,,,,,,,0.0,,,,,blob,0.0,0
2004,33.4318,,,,,,,,0.0,,,,,blob,0.0,0
2005,33.4484,,,,,,,,0.0,,,,,blob,0.0,0
2006,33.4651,,,,,,,,0.0,,,,,blob,0.0,0
2007,33.4818,,,,,,,,0.0,,,,,blob,0.0,0
2008,33.4985,,,,,,,,0.0,,,,,blob,0.0,0
2009,33.5152,1840.64,566.65,1906.65,666.99,6.81,0.475,182,0.339,,,,,blob,0.339,1
2010,33.5319,1807.1,505.96,1779.75,461.93,5.38,0.508,205,0.408,,,,,blob,0.408,1
2011,33.5485,,,,,,,,0.0,,,,,blob,0.0,0
2012,33.5652,,,,,,,,0.0,,,,,blob,0.0,0
2013,33.5819,1782.25,453.63,1767.28,430.99,6.42,0.541,204,0.432,,,,,blob,0.432,1
2014,33.5986,,,,,,,,0.0,,,,,blob,0.0,0
2015,33.6153,,,,,,,,0.0,,,,,blob,0.0,0
2016,33.632,1795.74,431.07,1751.97,444.44,4.79,0.543,197,0.419,,,,,blob,0.419,1
2017,33.6486,,,,,,,,0.0,,,,,blob,0.0,0
2018,33.6653,1814.11,417.65,1915.37,411.6,6.02,0.527,187,0.386,,,,,blob,0.386,1
2019,33.682,,,,,,,,0.0,,,,,blob,0.0,0
2020,33.6987,,,,,,,,0.0,,,,,blob,0.0,0
2021,33.7154,1790.44,418.47,1726.54,389.02,4.42,0.463,198,0.359,,,,,blob,0.359,1
2022,33.732,1772.48,441.64,1783.73,457.24,10.78,0.609,238,0.569,,,,,blob,0.569,1
2023,33.7487,1767.19,464.33,1771.24,467.07,11.79,0.571,239,0.535,,,,,blob,0.535,1
2024,33.7654,1758.0,477.97,1757.89,478.27,11.67,0.628,242,0.596,,,,,blob,0.596,2
2025,33.7821,1744.51,487.89,1745.5,488.65,11.06,0.509,240,0.479,,,,,blob,0.479,1
2026,33.7988,1737.89,504.26,1729.75,497.41,10.58,0.566,243,0.54,,,,,blob,0.54,1
2027,33.8155,1754.9,546.74,1716.68,503.56,9.24,0.532,244,0.509,,,,,blob,0.509,1
2028,33.8321,1700.26,611.78,1839.03,653.91,5.75,0.472,195,0.361,,,,,blob,0.361,2
2029,33.8488,1322.14,654.27,1782.42,664.63,7.54,0.749,211,0.62,,,,,blob,0.62,2
2030,33.8655,,,,,,,,0.0,,,,,blob,0.0,1
2031,33.8822,,,,,,,,0.0,,,,,blob,0.0,0
2032,33.8989,758.3,658.04,203.5,662.95,4.89,0.519,189,0.384,,,,,blob,0.384,2
2033,33.9156,714.61,605.53,223.36,691.18,4.89,0.595,193,0.45,,,,,blob,0.45,1
2034,33.9322,,,,,,,,0.0,,,,,blob,0.0,1
2035,33.9489,,,,,,,,0.0,,,,,blob,0.0,0
2036,33.9656,1212.53,493.78,1584.65,447.79,5.54,0.501,221,0.434,,,,,blob,0.434,1
2037,33.9823,,,,,,,,0.0,,,,,blob,0.0,2
2038,33.999,1621.85,414.83,1668.14,363.12,5.64,0.531,196,0.408,,,,,blob,0.408,2
2039,34.0156,1774.07,424.39,1863.24,365.4,6.68,0.518,202,0.41,,,,,blob,0.41,1
2040,34.0323,1712.77,458.19,1763.27,594.4,6.62,0.463,182,0.331,,,,,blob,0.331,1
2041,34.049,,,,,,,,0.0,,,,,blob,0.0,1
2042,34.0657,1330.77,440.25,1827.75,349.44,7.13,0.46,193,0.348,,,,,blob,0.348,1
2043,34.0824,,,,,,,,0.0,,,,,blob,0.0,0
2044,34.0991,701.14,443.56,194.64,450.01,8.18,0.572,222,0.498,,,,,blob,0.498,1
2045,34.1157,,,,,,,,0.0,,,,,blob,0.0,0
2046,34.1324,405.14,494.44,279.45,451.5,6.21,0.51,190,0.38,,,,,blob,0.38,1
2047,34.1491,667.98,550.29,222.4,631.37,5.9,0.471,182,0.336,,,,,blob,0.336,1
2048,34.1658,,,,,,,,0.0,,,,,blob,0.0,0
2049,34.1825,1241.06,554.82,1673.59,542.12,5.23,0.743,214,0.623,,,,,blob,0.623,1
2050,34.1992,1587.46,534.41,1668.18,530.86,6.41,0.724,210,0.596,,,,,blob,0.596,3
2051,34.2158,,,,,,,,0.0,,,,,blob,0.0,0
2052,34.2325,1570.21,491.64,1657.71,516.33,7.47,0.56,203,0.446,,,,,blob,0.446,1
2053,34.2492,1162.15,360.41,1655.26,510.16,6.84,0.546,197,0.422,,,,,blob,0.422,1
2054,34.2659,,,,,,,,0.0,,,,,blob,0.0,0
